번호,게시판,제목,작성자,날짜,조회수
1,자유게시판,히포크라테스의 친구들 카페를 시작합니다.,드림True,2020.01.08.,386
3,벤지미다졸정보나누기,알벤다졸구충제임상효과 고려대논문자료,드림True,2020.01.08.,493
4,벤지미다졸정보나누기,알벤다졸 연세대국책과제논문 난소암 연구논문,드림True,2020.01.08.,112
5,피르비늄 정보,피르비늄 암세포사멸의 오토파지 표적치료제.,드림True,2020.01.08.,328
6,기타항목추가1,살구씨 제품류 안전실태조사,드림True,2020.01.08.,71
8,면역 항암제,키트루다,드림True,2020.01.08.,227
9,피르비늄 정보,구충제가 '간암 치료 신약'으로 등극 / YTN 사이언스,드림True,2020.01.08.,162
10,유투브방송 링크나눔,조티펜스영상 Joe Tippens Cures Terminal Cancer with Pet Medicine.,드림True,2020.01.08.,44
11,면역 항암제,"리툭시맙,트룩시마 (단클론항체,유전자재조합)",드림True,2020.01.08.,83
12,표준 항암제,"'카소덱스', 사정장애·부고환염 첫 이상반응",드림True,2020.01.08.,48
13,비타민 C,고박사 벤다졸류 흡수 시 나타나는 증상및 흡수 메카니즘 정보,아스트랄,2020.01.08.,210
14,스텝신청게시판,누구나 중요게시판에 정보를 올리고 싶은분들은 신청하세요(이곳 신청게시판),드림True,2020.01.08.,111
15,유투브방송 링크나눔,FDA 승인된 항암제 조건?,드림True,2020.01.08.,40
16,유투브방송 링크나눔,버진스키 - 암은 큰 산업이다,드림True,2020.01.08.,53
17,유투브방송 링크나눔,암이 없는 세상,드림True,2020.01.08.,62
18,유투브방송 링크나눔,비타민c 항암의 비밀,드림True,2020.01.08.,110
19,유투브방송 링크나눔,비타민 C 이왕재교수,드림True,2020.01.08.,130
20,정보 공유,4 약물 COC 프로토콜 ™ ( Care Oncology Clinic ) :,드림True,2020.01.08.,617
21,정보 공유,COC 프로토콜을 시작하는 과정은 무엇입니까?,드림True,2020.01.08.,152
22,정보 공유,673) 이버 멕틴 (Ivermectin)의 항암 작용 (1) : 기생충 치료제가 암세포를 사멸,드림True,2020.01.08.,206
24,정보 공유,Drug Repositioning (신약재창출)이란?,드림True,2020.01.08.,54
25,정보 공유,약사법개정안,드림True,2020.01.08.,111
26,정보 공유,"신약개발을 위한 또 하나의 전략, Drug Repositioning",드림True,2020.01.08.,129
27,정보 공유,주요국의 신약재창출(,드림True,2020.01.08.,57
28,정보 공유,강직성척수염. 복용후기.,정인82,2020.01.09.,125
29,정보 공유,구충제대란 향후 예측.,정인82,2020.01.09.,600
30,가입 인사,안녕하세요~~,분홍앵초,2020.01.09.,584
31,질문과 대답(QnA),질문 있습니다.,분홍앵초,2020.01.09.,515
32,가입 인사,가입인사,시현맘,2020.01.09.,36
33,가입 인사,가입인사드려요~~,오뚜기,2020.01.09.,28
35,유투브방송 링크나눔,충수 (맹장 ) 없애지 마세요.,분홍앵초,2020.01.09.,407
36,자유게시판,"갑자기 찾아 온 "" 그 """,분홍앵초,2020.01.09.,443
37,가입 인사,안녕하세요..,뚱배,2020.01.09.,23
38,가입 인사,불러주셔서 감사합니다,유주순행,2020.01.09.,31
39,가입 인사,안녕하세요,mkj9223,2020.01.09.,19
40,가입 인사,가입합니다~~,하람별시맘,2020.01.09.,15
41,가입 인사,가입인사,wkql12,2020.01.09.,16
42,가입 인사,모두의 건강을 위하여~,믿음으로,2020.01.09.,64
43,가입 인사,가입 인사드립니다.,lulu,2020.01.09.,13
44,가입 인사,반갑습니다,프로랄프로랄,2020.01.09.,15
45,가입 인사,가입인사 올립니다,해내음,2020.01.09.,27
46,가입 인사,안녕하세요.,추세로,2020.01.09.,29
47,가입 인사,가입 인사 드립니다. ^^,소망,2020.01.09.,19
48,가입 인사,안녕하세요,요술지니,2020.01.09.,12
49,가입 인사,가입 인사 드려요^^,아정이,2020.01.09.,11
50,가입 인사,가입,hms34281,2020.01.09.,16
51,가입 인사,가입인사드립니다~~^^,오팔,2020.01.09.,14
52,가입 인사,안녕하세요~^♡^,denver7512,2020.01.09.,72
55,가입 인사,반갑습니다~~^^,ok바라기,2020.01.09.,11
56,가입 인사,반갑습니다,샤인 리,2020.01.09.,15
57,가입 인사,안녕 하세요?,John Stone,2020.01.09.,9
58,가입 인사,인사!,신현권,2020.01.09.,11
59,가입 인사,가입인사올립니다.,하늘소00,2020.01.09.,31
60,가입 인사,반갑습니다,amitabul,2020.01.09.,10
61,가입 인사,안녕하세요. ^♡^,Ruby,2020.01.09.,9
62,가입 인사,안녕하세요 !!!!,fkffkdb,2020.01.09.,8
63,가입 인사,안녕하세요~~,이기자,2020.01.09.,8
64,가입 인사,펭하~~,깜동,2020.01.09.,12
65,가입 인사,안녕하세요!,빵규랑,2020.01.09.,7
66,가입 인사,가입 인사 드립니다,hurjye1081,2020.01.09.,11
67,가입 인사,여기서 뵈니 기분이 남다릅니다.,우주아부지,2020.01.09.,95
68,유투브방송 링크나눔,"[김의신 박사 강연][full버전] ""암에 걸리지 않고 행복하게 사는 법""",드림True,2020.01.09.,65
69,가입 인사,안녕하세요~~,미드미,2020.01.09.,12
70,가입 인사,인사 드립니다.,mjsc041jw,2020.01.09.,10
71,가입 인사,안녕하세요,WOW1234,2020.01.09.,9
72,가입 인사,안녕하세요!!,별별윤윤,2020.01.09.,12
73,가입 인사,가입했습니다,양보와질서,2020.01.09.,12
74,가입 인사,어부가 되란 말씀 깊히 와 닿습니다~,edelweiss43,2020.01.09.,35
75,가입 인사,안녕하세요^^,전주견우,2020.01.09.,16
77,가입 인사,가입인사,koswa3000,2020.01.09.,13
78,가입 인사,가입했습니다!,곰돌이마미,2020.01.09.,11
79,가입 인사,가입했습니다!!,곰돌이마미,2020.01.09.,14
80,가입 인사,안녕하세요,건강하자,2020.01.09.,11
82,가입 인사,가입인사올립니다.,kimcross,2020.01.09.,46
83,가입 인사,안녕하세요  ㅎㅎ 희수엄마입니다,헤라,2020.01.09.,818
84,가입 인사,인사드립니다😄,보보스,2020.01.09.,27
86,가입 인사,가입했습니다,프로토TV,2020.01.09.,43
87,가입 인사,가입인사드려요,장아영,2020.01.09.,15
88,가입 인사,안녕하세요,새별바라기,2020.01.09.,22
89,동영상링크(중요자료),파리장군님의 제가 가장 많이 사랑했던 동영상입니다. 엄청 뿌렸습니다.,분홍앵초,2020.01.09.,476
90,기타 자가임상 후기,알벤다졸 3주후기,프로토TV,2020.01.09.,440
92,동영상링크(중요자료),.프랑스 그르노블 의대 교수가 말하는 기생충과 구충제,분홍앵초,2020.01.09.,193
93,가입 인사,안녕하세요,파란주사위,2020.01.09.,27
95,가입 인사,와! 좋은 카페가 생겼네요.,투파투파,2020.01.09.,74
96,가입 인사,가입인사 드립니다. 잘부탁드려요~,림스,2020.01.09.,15
97,가입 인사,가입 인사 합니다,원리지,2020.01.09.,13
99,가입 인사,상=화,chyunb9351,2020.01.09.,14
100,가입 인사,가입인사,chyunb9351,2020.01.09.,8
101,가입 인사,가입했어요,마타,2020.01.10.,13
102,가입 인사,반갑습니다 가입했어요,박씨부인,2020.01.10.,12
103,가입 인사,만나서 반갑습니다,bom0705bom,2020.01.10.,13
104,가입 인사,가입,namhun11q,2020.01.10.,11
105,가입 인사,가입했어요,초롱224,2020.01.10.,9
106,가입 인사,감사합니다~,ttug3ab,2020.01.10.,9
107,가입 인사,인사올립니다 ^^ 가입했어요~,sil9011,2020.01.10.,12
108,가입 인사,반갑습니다.,옹달샘1,2020.01.10.,15
109,가입 인사,파리장군의 소개로 가입했습니다.,서창아우라,2020.01.10.,35
111,가입 인사,안녕하세요~~,지리산하이디,2020.01.10.,34
112,가입 인사,안녕하세요 반갑습니다,Jim,2020.01.10.,10
113,가입 인사,안녕하세요,까리하네,2020.01.10.,9
114,기타 자가임상 후기,적극적  방해가  시작된네요,냥이 50대 주부임니,2020.01.10.,250
115,가입 인사,안녕하세요 ^^ 여기서도 반갑습니다,반투명 안경테,2020.01.10.,24
116,자유게시판,천연 항암 치료제 Berberine,서창아우라,2020.01.10.,140
117,가입 인사,반갑습니다,릴리,2020.01.10.,14
118,가입 인사,안녕하세요,ace6734,2020.01.10.,15
119,가입 인사,안녕하세요,베토벤,2020.01.10.,12
120,가입 인사,가입인사,팔코,2020.01.10.,15
121,자유게시판,왜 우리는 가만히 있을까요?,나무,2020.01.10.,112
122,자유게시판,"이영돈PD, 국립암센터 임상실험 취소건에 대해",사미꼬,2020.01.10.,121
123,가입 인사,안녕하세요?,HAPPY,2020.01.10.,14
124,가입 인사,반가워요,noor23,2020.01.10.,73
125,가입 인사,안녕하세요,알렉스울프 경기,2020.01.10.,20
126,가입 인사,가입인사,십이대원,2020.01.10.,23
127,가입 인사,알려주세요,namhun11q,2020.01.10.,168
128,가입 인사,림프종과다발골수종진단받은 환우입니다,미르솔림,2020.01.10.,75
129,가입 인사,가입인사,남천동블루스,2020.01.10.,31
130,가입 인사,롤러코스터 인생 참 즐기며 타는 전지현 인사합니다^^,전지현,2020.01.10.,109
131,동영상링크(중요자료),1부 독일  의학 박사 알퐁스 웨버,분홍앵초,2020.01.10.,56
132,자유게시판,국립암센터 어이없네요~~,헤라,2020.01.10.,733
133,동영상링크(중요자료),2부 독일 의학박사 알퐁스웨버님의 기생충 이야기,분홍앵초,2020.01.10.,57
134,동영상링크(중요자료),코끼리  다리병  (림프사상충) ????,분홍앵초,2020.01.10.,97
135,동영상링크(중요자료),초대 받지 않은 손님~!,분홍앵초,2020.01.10.,143
136,정보 공유,"발기유발제(비아그라등),독감백신 그리고 전이암 90% 예방",jupitor068,2020.01.10.,154
137,가입 인사,안녕하세요 알면 무서울게 없게되지요,김영빈수원성,2020.01.10.,44
138,유투브방송 링크나눔,신풍생각님의 오늘 따끈따끈한 동영상입니다.,분홍앵초,2020.01.10.,165
139,가입 인사,가입 인사 드립니다.,소선곡,2020.01.10.,21
140,피르비늄 정보,"""암치료에서 피르비늄의 새로운 역할""이라는 논문 한글과 영문 두개 올립니다.",축복합니다,2020.01.10.,195
141,피르비늄 정보,피르비늄이 뇌종양 세포를 표적으로 한다는 논문입니다. 한글번역 영문 두개 올립니다.,축복합니다,2020.01.10.,139
142,동영상링크(중요자료),홀다 클락 박사님 1부 입니다.,분홍앵초,2020.01.10.,79
143,동영상링크(중요자료),홀다클락 박사님 2부입니다.,분홍앵초,2020.01.10.,70
144,동영상링크(중요자료),노벨생리학 의학상  논문 보기 입니다.,분홍앵초,2020.01.10.,39
145,피르비늄 정보,"피르비늄이 유방암을 표적으로 한다는 논문입니다. 한글 번역, 영문 두 개 올립니다.",축복합니다,2020.01.10.,184
146,동영상링크(중요자료),4개국 공동논문 (메벤다졸),분홍앵초,2020.01.10.,93
147,동영상링크(중요자료),"국제 암 전문지에 등재논문 (유방암편, 플루벤다졸 복용사례)",분홍앵초,2020.01.10.,77
148,피르비늄 정보,피르비늄이 심근경색에 효과적일 수 있다는 논문입니다. 한글 영문 두 부 첨부합니다.,축복합니다,2020.01.10.,146
149,동영상링크(중요자료),만성 간염 그 치료 가능성은 ~~?,분홍앵초,2020.01.10.,71
150,가입 인사,안녕하세요 제가 암은아니지만,새별바라기,2020.01.10.,787
152,니클로사미드,광범위 암을 잡을수있는 구충제. 니클로사마이드,정인82,2020.01.10.,"1,389"
153,질문과 대답(QnA),훌다쿨락박사님 영상에서 곰팡이균 부분이요,새별바라기,2020.01.10.,283
154,가입 인사,안녕하세요!,오늘맑음,2020.01.10.,13
155,가입 인사,가입인사 드립니다.,구미,2020.01.10.,19
156,가입 인사,가입인사,lachisis44,2020.01.10.,15
157,유방암,유방암의 COC 프로토콜,드림True,2020.01.10.,955
158,혈액암,COC 프로토콜 ™ 및 혈액 암,드림True,2020.01.10.,371
159,결장 직장암,결장 직장암의 COC 프로토콜 ™,드림True,2020.01.10.,391
160,초기암,초기 단계 암에서의 COC 프로토콜 ™,드림True,2020.01.10.,306
161,자유게시판,CT scan 시 주입하는 조영제에 대하여,immortal,2020.01.10.,138
162,신경 교종세포암,신경 교종의 COC 프로토콜 ™,드림True,2020.01.10.,485
163,폐암,폐암의 COC 프로토콜 ™,드림True,2020.01.10.,689
164,난소암,난소 암의 COC 프로토콜 ™,드림True,2020.01.10.,495
165,전립선암,전립선 암의 COC 프로토콜,드림True,2020.01.10.,459
166,자유게시판,개가수 김철민(개그맨+ 가수)라는 뜻이래요.,오늘맑음,2020.01.10.,112
167,육종암,육종의 COC 프로토콜 ™,드림True,2020.01.10.,579
168,스텝신청게시판,이곳에 새로운 메뉴 요청하셔도 됩니다.,드림True,2020.01.10.,149
169,가입 인사,가입인사 드립니다,오소영 힘내자,2020.01.10.,32
171,결장 직장암,아스피린은 결장 직장암 재발 및 종양 성장을 억제하는 것으로 보입니다,드림True,2020.01.10.,264
172,가입 인사,안녕하세요. 아내가 췌장암 4기 간전이입니다.,안형사,2020.01.10.,108
173,가입 인사,가입합니다~,머루주,2020.01.10.,41
174,가입 인사,가입인사 드립니다,썬앤,2020.01.10.,22
175,가입 인사,가입인사요^^,파핀스,2020.01.10.,82
176,가입 인사,가입 인사드립니다,violet6260an,2020.01.10.,28
177,가입 인사,가입인사드립니다,배건우,2020.01.10.,23
178,가입 인사,유튜브만 보다가 가입합니다.,귀뚫린종,2020.01.10.,37
179,가입 인사,가입인사,psa7059,2020.01.10.,21
180,가입 인사,가입인사 드립니다~,도윤,2020.01.10.,13
181,가입 인사,가입했어요. 반갑습니다!,금토마토,2020.01.10.,37
183,가입 인사,가입인사,soopy,2020.01.10.,18
184,동영상링크(중요자료),간질 (뇌전증) 의 원인은   무엇일까?,분홍앵초,2020.01.10.,175
186,가입 인사,안녕하세요,khcho8363,2020.01.10.,22
187,가입 인사,가입인사 드려요,수국이 있는 풍경,2020.01.10.,111
189,자유게시판,기생충 구제법 몇 가지 (펌),분홍앵초,2020.01.10.,256
190,가입 인사,초대해 주셔서 감사합니다~^^,꾸꺼,2020.01.10.,31
192,가입 인사,가입인사 드립니다~^^,ko1331ym,2020.01.10.,20
193,가입 인사,가입완료,비비고,2020.01.10.,24
194,유투브방송 링크나눔,드디어 국내에서도 구충제로 인한 완전관해가 탄생하셨네요. 축하드림니다. !!!,immortal,2020.01.11.,210
196,가입 인사,가입,noh4905,2020.01.11.,25
198,가입 인사,보내주셔서 감사드립니다,풀소리,2020.01.11.,41
199,가입 인사,가입인사,harrypotty3,2020.01.11.,104
200,가입 인사,가입인사드립니다,이쁜여우,2020.01.11.,22
201,가입 인사,안녕하세요.가입 인사 드립니다.,doungk0114,2020.01.11.,39
202,가입 인사,인사드립니다.,지니 아부지,2020.01.11.,25
204,자유게시판,제약회사는 어떻게 거대한 공룡이 되었는가? 독서리뷰,수국이 있는 풍경,2020.01.11.,186
205,유투브방송 링크나눔,암과 여과성균(미세 바이러스-기생충),수국이 있는 풍경,2020.01.11.,125
206,가입 인사,가입 인사,솔비,2020.01.11.,228
207,가입 인사,안녕하세요,jeongjm72,2020.01.11.,21
208,가입 인사,가입인사,어라,2020.01.11.,22
209,가입 인사,가입인사드립니다,칠지,2020.01.11.,22
210,가입 인사,가입인사드립니다,대전ll국희선정목사랑,2020.01.11.,18
211,정보 공유,톡소플라즈마 감염증(뇌질환)이 의심되시면 클릭!!,헵번눈썹,2020.01.11.,214
212,가입 인사,가입인사드립니다,알천형,2020.01.11.,64
213,가입 인사,가입인사3개월  후기,편안하게,2020.01.11.,210
214,가입 인사,반갑습니다.,토기,2020.01.11.,23
215,가입 인사,가입인사드립니다~^^,차분침착맨,2020.01.11.,58
216,가입 인사,가입인사,요기니,2020.01.11.,21
217,가입 인사,가입인사드립니다,분홍앵초,2020.01.11.,93
218,가입 인사,반갑습니다.,깡도령,2020.01.11.,43
219,가입 인사,안녕하세요?,빙그레이,2020.01.11.,110
221,가입 인사,가입인사,은하수,2020.01.11.,27
222,동영상링크(중요자료),이태리 (공동  연구논문 : 차세대 항암 치료는 구충제),분홍앵초,2020.01.11.,95
223,동영상링크(중요자료),골육종의 원인과 치료는?,분홍앵초,2020.01.11.,109
224,동영상링크(중요자료),크론병의 진실  제1부,분홍앵초,2020.01.11.,69
225,동영상링크(중요자료),크론병의 진실 제2부,분홍앵초,2020.01.11.,50
227,질문과 대답(QnA),구충제복용법 어떻게 드시나요,새별바라기,2020.01.11.,353
228,가입 인사,안녕하세요.,고무나무,2020.01.11.,47
229,가입 인사,안녕하세요.,내사랑호자,2020.01.12.,55
230,가입 인사,안녕하세요~,시안,2020.01.12.,34
231,벤지미다졸 질문 게시판,펜벤다졸의  ingredients를 알고 싶습니다.,immortal,2020.01.12.,233
232,유투브방송 링크나눔,벤다졸은 내성이 있는가?,솔비,2020.01.12.,370
233,유투브방송 링크나눔,요즈음 우리의 울분을 대신해 주시네요 !!!,immortal,2020.01.12.,148
236,가입 인사,반갑습니다.,sung jin,2020.01.12.,39
237,"벤지미다졸체험기, 희망나누기","알벤다졸, 파라켑엘정 후기 입니다.",분홍앵초,2020.01.12.,966
238,자연치유.민간요법,"살아있다는 것이 중요하다 (독서리뷰) 비타민17,레이어트릴 성분",수국이 있는 풍경,2020.01.12.,239
239,자유게시판,옥스펜다졸,오늘맑음,2020.01.12.,223
240,질문과 대답(QnA),비르비늄(몰레박) 주문 관련 질문있습니다,알천형,2020.01.12.,183
241,가입 인사,가입했어요,sherena303,2020.01.12.,32
242,가입 인사,반갑습니다. 동지여러분,쏠떼로,2020.01.13.,50
243,간암,피르비늄간암치료후기 한국의 조 티펜스? 를 만나다,드림True,2020.01.13.,507
247,벤지미다졸 질문 게시판,알벤다졸 ingredients 중 아스파탐때문에  파부가려움증이 생기신 분들도 있다 하시네요.,immortal,2020.01.13.,290
248,벤지미다졸 질문 게시판,밴드에 계신 멤버(장미경)님은 알벤 ingredients중 타르색소 황색 5호가 가려움증의 원인이 아닌가 하시구요.                          .,immortal,2020.01.13.,178
249,가입 인사,안녕하세요~,건강이최고,2020.01.13.,75
250,동영상링크(중요자료),크론병의 진실 제 3부,분홍앵초,2020.01.13.,91
251,질문과 대답(QnA),구충제와는 관련없는 질문이 될수도 있지만 여쭤봅니다..,건강이최고,2020.01.13.,230
252,질문과 대답(QnA),니클로사마이드 직구 결제했습니다.,화창한오후,2020.01.13.,969
253,벤지미다졸 유튜브 동영상 자료실,"How curing cancer in dogs is helping humans, too",immortal,2020.01.13.,77
254,기타 자가임상 후기,원인 모르는 얼굴 붉은반점 치료,화창한오후,2020.01.13.,675
255,간암,구충제가 '간암 치료 신약'으로 등극 / YTN 사이언스,드림True,2020.01.13.,461
256,니타조사나이드,Nitazoxanide 에 대해 조사중입니다.  구입한 물건이 배달되면 유투브방송 예정입니다.,드림True,2020.01.13.,609
257,자유게시판,새해 두 번째 완전관해 소식 전해요.,오늘맑음,2020.01.13.,203
258,가입 인사,가입인사  /류마티스 관절염,주인공1,2020.01.13.,118
259,암 관해사례 정보,완전관해소식(간암2~3기),흑돼지엄마,2020.01.13.,851
260,니클로사미드,"Niclisamine 니클로사마이드 1000mg 구입사이트, 구충시 복용법",드림True,2020.01.13.,"1,529"
268,질문과 대답(QnA),암환자 구충제 복용법이 궁금합니다.,내사랑호자,2020.01.13.,505
269,질문과 대답(QnA),희귀암에 대해서 궁금한게 있습니다,별둘,2020.01.13.,110
270,가입 인사,안녕하세요?,늘푸른행복나무,2020.01.14.,117
271,자유게시판,mbc이국종 교수님 관련 뉴스입니다.,오늘맑음,2020.01.14.,140
272,기타 자가임상 후기,알벤다졸 복용후 방귀나오는 증상...,프로토TV,2020.01.14.,542
276,니타조사나이드,니타조사나이드는 처방전이 필요하군요. 주문이 홀딩되어 확인해보니 처방전이..,드림True,2020.01.14.,547
281,유투브방송 링크나눔,50년이상된 아토피_알벤다졸 치료기,화창한오후,2020.01.14.,604
283,가입 인사,가입인사드립니다,제주,2020.01.14.,54
284,가입 인사,안녕하세요,꽃다지,2020.01.15.,48
286,벤지미다졸 유튜브 동영상 자료실,신풍생각님의 오늘 따끈따끈한 동영상입니다. 세계 최고의 명작입니다.,분홍앵초,2020.01.15.,339
287,자유게시판,신풍생각님께~~~~,분홍앵초,2020.01.15.,215
288,정보 공유,구충제의 종류와 작용,배바다,2020.01.15.,183
289,니타조사나이드,[공유] 구충제 NTZ nitazoxanide 구하시는 분들 보세요,정인82,2020.01.15.,652
290,가입 인사,가입인사 드립니다,넒음마음,2020.01.15.,42
291,니타조사나이드,항바이러스성 구충항암제. 니타조사나이드. 미국NIH논문자료,정인82,2020.01.15.,484
292,자유게시판,오늘 약국에서,새별바라기,2020.01.15.,247
293,가입 인사,월출산 인사드립니다,월출산,2020.01.15.,68
294,가입 인사,안녕하세요~,튜니티,2020.01.16.,33
295,자유게시판,11월5일부터 후기,헤라,2020.01.16.,"1,429"
296,가입 인사,새해 복많이 받으세요,chan,2020.01.16.,29
297,기타 자가임상 후기,무좀이요,새별바라기,2020.01.16.,926
298,가입 인사,인사드립니다,궁을,2020.01.16.,131
299,가입 인사,환우 여러분 새해 건강하십시요,청안,2020.01.16.,54
300,가입 인사,안녕하세요 반갑습니다,뜨거운 햇살처럼,2020.01.16.,31
301,자유게시판,들기름대신 올리브유가 좋겠네요.,정인82,2020.01.16.,169
302,유투브방송 링크나눔,실컷 멱고도 암을 굶겨 죽일 수 있는 방법,immortal,2020.01.16.,169
303,유투브방송 링크나눔,살 빼고 허한심장을 보하는 약이  강력한 항암제였다.,immortal,2020.01.16.,140
304,가입 인사,가입인사입니다,여수등대지기,2020.01.16.,119
305,췌장암,췌장암. 알벤다졸 임상. 밴드에서 퍼옴. 대애박,정인82,2020.01.16.,"2,006"
308,자유게시판,nitazosanide,여수등대지기,2020.01.16.,224
309,기타 자가임상 후기,허리통증,sodi,2020.01.16.,161
310,자유게시판,리오단 클리닉,여수등대지기,2020.01.16.,148
311,구매정보게시판(물건배송확인후),구매정보 게시판은 실재 구입후 물건이 배송 확인된 곳(사이트)등록합니다.,드림True,2020.01.16.,334
312,구매정보게시판(물건배송확인후),피르비늄 구매 아마존 독일 사이트,드림True,2020.01.16.,512
313,구매정보게시판(물건배송확인후),"니타조사나이트, 이버맥틴 등을 아주 저렴하게 구입할 수 있군요.",드림True,2020.01.16.,"1,504"
314,자유게시판,대답 메일이 왔습니다,여수등대지기,2020.01.16.,442
315,가입 인사,등업신청바랍니다.,긍정으로,2020.01.16.,62
317,정보 공유,암박멸에 대한 다양한 연구가 진행되고 있네요.- 최신 자료,immortal,2020.01.17.,152
318,가입 인사,안녕하세요,항염증,2020.01.17.,112
319,가입 인사,안녕하세요 ^^ 반갑습니다 ^^,그랑블루,2020.01.17.,71
320,가입 인사,인사 드립니다.,트리,2020.01.17.,47
321,자유게시판,대자보가 ..붙었네요,새별바라기,2020.01.17.,351
322,자유게시판,비타민c,여수등대지기,2020.01.17.,173
324,가입 인사,안녕하세요 ~~,오공,2020.01.17.,42
327,벤지미다졸정보나누기,메벤다졸 임상,정인82,2020.01.17.,261
328,벤지미다졸정보나누기,알벤다졸 임상,정인82,2020.01.17.,268
331,벤지미다졸정보나누기,트리클라벤다졸  임상,정인82,2020.01.17.,655
332,강직성 척추염(척수염),강직성 척추염 극복하기,투게더투,2020.01.17.,887
333,정보 공유,[김현철 칼럼] 양심이 올바른 진짜 암 전문의들의 수난사 (5),harrypotty3,2020.01.17.,179
334,질문과 대답(QnA),항생제와 펜벤다졸,키아누행,2020.01.17.,223
335,정보 공유,꼭 읽어야될 책입니다,harrypotty3,2020.01.17.,228
336,자유게시판,알벤다졸 매진,구미,2020.01.17.,242
337,정보 공유,제인프로토콜,harrypotty3,2020.01.17.,192
338,정보 공유,림프절암은지방산대사다,harrypotty3,2020.01.17.,254
339,자유게시판,알벤다졸 구하기와 가격,배바다,2020.01.17.,703
340,정보 공유,"고지베리, 치명적인 기생충 치료 효과",성윤엄마,2020.01.17.,414
341,기타 자가임상 후기,TV조선 탐사보도 세븐 방송중.,화창한오후,2020.01.17.,307
342,유투브방송 링크나눔,탐사보도 세븐  92회,immortal,2020.01.18.,158
343,기타 자가임상 후기,"간암 2,3기 76세 여성 완치 댓글",화창한오후,2020.01.18.,322
345,정보 공유,항암치료 받으면 암환자가 빠르게  사망하는 이유 ?,immortal,2020.01.18.,791
346,니클로사미드,니클로사마이드 미국NIH 논문자료,정인82,2020.01.18.,582
347,정보 공유,항암제는 증암제이다.,immortal,2020.01.18.,269
348,자유게시판,다양한사례들이 모인 병실,헤라,2020.01.18.,457
349,자유게시판,한번 봐 주세요..(펌),분홍앵초,2020.01.18.,218
350,기타 자가임상 후기,방귀 냄새가 없어졌네요.,배바다,2020.01.18.,353
351,정보 공유,항암제가 효과가 있다는 말은  악마적 속임수이다.,immortal,2020.01.18.,234
353,벤지미다졸 유튜브 동영상 자료실,완치사례 정리 유튜브 동영상,남천동블루스,2020.01.18.,246
354,자유게시판,안녕하세요...,병아리아찌,2020.01.18.,80
355,정보 공유,과학적으로 불완전한 대학병원의 항암치료,드림True,2020.01.18.,326
357,가입 인사,안녕하세요,부리시리,2020.01.18.,34
358,니타조사나이드,니타조사나이드 임상정보입니다.,축복합니다,2020.01.18.,746
360,니클로사미드,니클로사마이드 임상정보입니다.,축복합니다,2020.01.18.,565
361,프라지콴텔,프리지콴텔 임상정보입니다.,축복합니다,2020.01.18.,918
362,기타 구충제,알벤다졸 임상정보입니다.,축복합니다,2020.01.18.,555
363,기타 구충제,메벤다졸 임상정보입니다.,축복합니다,2020.01.18.,548
365,정보 공유,암이나 대사질환 치료시 중요한 포인트. 미네랄,정인82,2020.01.19.,250
366,정보 공유,구충제.항암제 복용시 담즙분비제.이담제의 중요성,정인82,2020.01.19.,475
367,자유게시판,저를 봐요. 그러지 마세요. (펌),분홍앵초,2020.01.19.,265
368,정보 공유,미네랄을 뺐어가는 카페인이 함유된 약과 식품,정인82,2020.01.19.,205
369,자유게시판,"TV프로 문제적 남자.(tvN)  ,미스터 트롯 (TV조선)",분홍앵초,2020.01.19.,109
370,가입 인사,안녕하세요~반가와요,베리,2020.01.19.,68
371,자유게시판,편도결석이 생기시는분 계신가요?,천안아산,2020.01.19.,129
372,질문과 대답(QnA),비타민메가도스법 효과있을까요?,내사랑호자,2020.01.19.,421
373,비타민 C,"비타민C( 아스코르브산,ascorbic acid) 의 항암에 대한 논문들..",드림True,2020.01.20.,588
374,정보 공유,구충제.항암제 복용시 담즙분비제.이담제의 중요성,psa7059,2020.01.20.,69
375,가입 인사,모두 건강하세요.,복정병,2020.01.20.,64
376,자유게시판,NDSL이 많이 바쁘셨던거같네요.,미다스캉,2020.01.20.,326
377,비타민 C,비타민 씨에 대해서,여수등대지기,2020.01.20.,453
378,자유게시판,질병의 원인,여수등대지기,2020.01.20.,190
379,유방암,삼중음성 유방암에 대한 CBD 오일의 항암효과,드림True,2020.01.20.,395
380,자유게시판,고려은단 비타민 c,여수등대지기,2020.01.20.,321
384,기타 자가임상 후기,귓속 외이도 습진 호전,배바다,2020.01.20.,566
385,가입 인사,파리장군님 팬입니다.반갑습니다,인천 꽃길만,2020.01.20.,158
386,자유게시판,의료 카르텔,여수등대지기,2020.01.20.,147
388,기타 자가임상 후기,"""암없는 세상""에서 소개한 B17 아미그달린의 복용 혹은 주사 임상 후기 댓글 요청합니다.",드림True,2020.01.20.,174
389,가입 인사,반갑습니다. 가입인사 드려요^^,안아픈삶,2020.01.21.,39
390,가입 인사,반갑습니다,얼러리여,2020.01.21.,21
392,니클로사미드,니클로사마이드의 항혈액암. 항백혈병 작용,정인82,2020.01.21.,366
394,자유게시판,혹시 정향 구입해 보신분~~~!,분홍앵초,2020.01.21.,245
395,가입 인사,가입 인사 드립니다  ~,써니 1131,2020.01.21.,38
396,자유게시판,비타민씨가 부족한 느낌입니다.,천안아산,2020.01.21.,143
397,자유게시판,난소암 항암부작용 빈혈.,스모리,2020.01.21.,122
398,가입 인사,가입 인사 드립니다~,라로,2020.01.21.,46
400,자유게시판,불법(?)임상실험(?),여수등대지기,2020.01.21.,299
401,가입 인사,인사드립니다 반갑습니다^^,자연초,2020.01.21.,34
404,자유게시판,[공유] 대사를 타깃으로 한 암 치료(3): 미토콘드리아를 늘리면 암세포 사멸한다?,스망ㄹ,2020.01.22.,113
406,가입 인사,가입인사드려요~,기본기,2020.01.22.,48
407,가입 인사,반갑습니다,숲으로,2020.01.22.,42
408,기타 구충제,메트폴민을 구충제와 꼭같이 먹어야하는 이유,정인82,2020.01.22.,"1,314"
410,기타 자가임상 후기,임상도 아니고 그냥 써 봅니다.,화창한오후,2020.01.22.,384
411,니클로사미드,니클로사마이드 복용량.,정인82,2020.01.22.,"2,064"
412,자유게시판,중국 우한폐렴 확산중...,여수등대지기,2020.01.22.,280
413,가입 인사,반갑습니다,닝순이,2020.01.22.,47
418,자유게시판,댕댕이 숨쉬기 호전,배바다,2020.01.22.,207
420,기타 자가임상 후기,개똥이 굵어졌어요,배바다,2020.01.23.,124
421,자유게시판,비타민 디 2,여수등대지기,2020.01.23.,148
423,기타 자가임상 후기,개 혓바닥이 짧아졌어요.,배바다,2020.01.23.,186
424,니타조사나이드,위키피디아 내용입니다,여수등대지기,2020.01.23.,372
425,유투브방송 링크나눔,구충제에서 간암의 치료 효과를 찾아 내었습니다 (펌),분홍앵초,2020.01.23.,267
428,가입 인사,가입인사드립니다,불사조,2020.01.23.,30
429,정보 공유,안녕하세요,단디해,2020.01.23.,33
430,가입 인사,담도암 말기 복수와 염증,sherena303,2020.01.23.,174
431,가입 인사,가입 했읍니다,고딩이,2020.01.23.,51
432,가입 인사,파리장군님 까페,dajungja,2020.01.23.,240
433,가입 인사,가입인사합니다,고구마구마,2020.01.23.,26
434,가입 인사,가입했습니다(흉선암),추세추종1,2020.01.23.,60
435,가입 인사,안녕하세요,혜통,2020.01.23.,99
436,자유게시판,약 챙기기 힘드시죠?,혜통,2020.01.23.,373
437,가입 인사,가입인사드립니다,처음처럼요,2020.01.23.,45
438,가입 인사,가입인사드립니다,cjftod9956,2020.01.24.,53
440,동영상링크(중요자료),"신풍생각님의 동영상입니다. 피르비늄, 이버멕틴 복용법이 있습니다,",분홍앵초,2020.01.24.,303
441,동영상링크(중요자료),"COC프로토콜, 독성항암제 사용하면 안되는 이유 신풍생각 채널에서 확인하세요",분홍앵초,2020.01.24.,120
442,동영상링크(중요자료),"알벤다졸,암에대한 생각,신풍 생각",분홍앵초,2020.01.24.,156
443,동영상링크(중요자료),조직검사 함부로 하지마라_암치료제는 없다. 신풍생각,분홍앵초,2020.01.24.,184
444,동영상링크(중요자료),소량 방사선 피폭으로도 암이 발생한다. 신풍생각,분홍앵초,2020.01.24.,120
445,동영상링크(중요자료),"알벤다졸 복용 프로토콜, 신풍생각",분홍앵초,2020.01.24.,183
446,동영상링크(중요자료),암 치료의 길과 방향 _ 신풍 생각,분홍앵초,2020.01.24.,95
447,동영상링크(중요자료),알벤다졸검색정보2019년11월20일_복용법1부 신풍생각,분홍앵초,2020.01.24.,206
448,자유게시판,銀座東京クリニック ブログ,분홍앵초,2020.01.24.,146
449,자유게시판,텔레그램에 관하여,분홍앵초,2020.01.24.,162
450,자유게시판,알벤다졸 요약,프로토TV,2020.01.24.,278
451,가입 인사,인사드립니다,오늘도,2020.01.24.,39
453,가입 인사,안녕 하세요?,세월,2020.01.24.,53
454,자연치유정보 나눔,MMS요법. clo2이산화염소요법.  대박입니다!,정인82,2020.01.24.,976
455,가입 인사,안녕하세요,건강과평안,2020.01.24.,99
456,유투브방송 링크나눔,혈액 암 완치하는 신약으로 기적이 일어났다,분홍앵초,2020.01.24.,363
458,가입 인사,잘부탁드립니다,성성9로,2020.01.24.,127
459,기타 자가임상 후기,저는 의약사들을 이해합니다,배바다,2020.01.24.,297
460,자유게시판,우한 CCTV에 찍힌 영상 입니다. 생각보다 더 더 심각하네요.,오늘맑음,2020.01.24.,257
461,혈액암,Kymriah 항암제 정보,드림True,2020.01.24.,233
462,가입 인사,안녕하십니까,지금은일하는중,2020.01.24.,211
464,자유게시판,새해복 많이받으세요.,프로토TV,2020.01.25.,63
465,자유게시판,빡시다TV  간다님 간암 4기 펜벤다졸 복용중,오늘맑음,2020.01.25.,236
466,가입 인사,반갑습니다..카페를 옮겼습니다. 유료화 되는 사이트에 더이상 미련이 없어서...,폭풍입질74,2020.01.25.,307
467,유투브방송 링크나눔,중국  현의료진 영상,별이엄마에요,2020.01.25.,193
468,니타조사나이드,nitazoxanide,여수등대지기,2020.01.25.,626
469,자유게시판,구충제를 암치료제로 쓰는 영국,프로토TV,2020.01.25.,245
470,자유게시판,중국이 G2....????,여수등대지기,2020.01.25.,158
471,가입 인사,소세포암 4기 당뇨 있는데,성성9로,2020.01.25.,208
473,유투브방송 링크나눔,항암을 하지 말아야 할 또하나의 이유,immortal,2020.01.26.,230
474,기타 자가임상 후기,일반인 과민성대장증후군 치료 화장실 체크 일지,배바다,2020.01.26.,312
475,자유게시판,대구 알벤다졸 구해봅니다.,프로토TV,2020.01.26.,235
476,벤지미다졸정보나누기,구충제 펜벤다졸.메벤다졸. 암치료의 극대화를 위해,정인82,2020.01.26.,476
477,벤지미다졸정보나누기,구충제와 mms조합은 필수,정인82,2020.01.26.,509
478,벤지미다졸정보나누기,기생충청소시 필수영양제,정인82,2020.01.26.,546
481,폐암,폐암 1 긴자 동경 크리닉 (펌),분홍앵초,2020.01.26.,375
482,폐암,한방치료  긴자동경 클리닉  1(펌),분홍앵초,2020.01.26.,128
483,폐암,한방치료  긴자동경 클리닉 2 (펌),분홍앵초,2020.01.26.,145
484,가입 인사,반갑습니다.,말콥,2020.01.26.,198
485,자유게시판,니타조사나이드 기전,모여라,2020.01.26.,997
487,가입 인사,가입인사,힘이되자,2020.01.27.,38
488,자유게시판,우한폐렴관련 소문들,여수등대지기,2020.01.27.,166
491,자연치유정보 나눔,베이킹소다의 항암.항진균효과,정인82,2020.01.27.,486
492,폐암,한방치료  긴자동경 클리닉  1 -1(펌),분홍앵초,2020.01.27.,104
493,폐암,긴자동경 크리닉 한방 암치료 1-2 (펌),분홍앵초,2020.01.27.,90
494,폐암,멜라토닌  치료 입니다.  긴자 동경 크리닉 (펌),분홍앵초,2020.01.27.,239
495,폐암,테스 네이트 치료 법 입니다. 긴자동경 클리닉 1 (펌),분홍앵초,2020.01.27.,68
496,폐암,테스 네이트 치표법 긴자동격 크리닉 1-2 (펌),분홍앵초,2020.01.27.,104
497,폐암,노스카삔 치료법 긴자  동경크리닉 (펌),분홍앵초,2020.01.27.,202
498,가입 인사,인사 드립니다,담비,2020.01.27.,139
499,자연치유정보 나눔,약물해독. 간해독의 끝판왕?제품,정인82,2020.01.27.,486
500,자연치유정보 나눔,우한폐렴 예방및 치료약,정인82,2020.01.27.,466
501,자연치유정보 나눔,베이킹소다 먹어서 전신모낭충퇴치효과.  발라서 오래된 피부염증개선.,정인82,2020.01.27.,548
502,자유게시판,16년 중국 유학한 유튜버 이야기 보세요. (힐링툴 펌),분홍앵초,2020.01.27.,198
503,유투브방송 링크나눔,"이영돈 PD, COC 인터뷰 1~3편",솔비,2020.01.27.,189
504,자유게시판,코로나 바이러스에 의한 중증 호흡기 감염,여수등대지기,2020.01.27.,176
505,정보 공유,진짜 검사에서 흡충이 있는 것으로 나오다.,드림True,2020.01.27.,677
506,니타조사나이드,밴드에서 퍼옴 니타조사나이드의 안전성을 보여주는 자료이며,드림True,2020.01.27.,538
507,"벤지미다졸체험기, 희망나누기",우한폐렴  벤지미다졸로 예방및치료가능성,정인82,2020.01.28.,235
508,자연치유.민간요법,베이킹소다의  미국NIH항암 논문자료,정인82,2020.01.28.,260
509,질문과 대답(QnA),탈모가 심해요.,불사조,2020.01.28.,220
510,니클로사미드,니클로사마이드_호주산 구매했습니다.,화창한오후,2020.01.28.,"1,599"
511,가입 인사,반갑습니다,경율아빠,2020.01.28.,53
512,림프암,악성  림프암및 다발성  암에 관하여 긴자동경 크리닉 (펌),분홍앵초,2020.01.28.,496
513,림프암,탈리도 사마이드 1  긴자동경 클리닉 (펌),분홍앵초,2020.01.28.,333
514,질문과 대답(QnA),펜밴 부작용 문의드려요,갸웃갸웃,2020.01.28.,272
515,자연치유.민간요법,구연산의 항암.항기생충.효과,정인82,2020.01.28.,474
516,벤지미다졸정보나누기,우한폐렴 대책2,정인82,2020.01.28.,312
518,질문과 대답(QnA),알벤3일복용,짜잔,2020.01.28.,180
519,벤지미다졸 질문 게시판,다리 무릎 통증이요~~,파란하늘9,2020.01.29.,160
520,자연치유.민간요법,제 1 부 MMS(Miracle Mineral Supplement)소개-21 세기 기적의 미네랄 (Jim Humble 저) 요약 번역,드림True,2020.01.29.,266
521,자연치유.민간요법,제 2 부 의료 산업의 현실-MS(Miracle Mineral Supplement)소개,드림True,2020.01.29.,86
522,자연치유.민간요법,제 3 부 MMS 음용법,드림True,2020.01.29.,356
523,자연치유.민간요법,제 4부 짐 험블씨의 MMS2 아프리카에서의 임상실험기,드림True,2020.01.29.,124
524,자연치유.민간요법,제 5부 MMS의 이해(짐 험블 박사)|MMS란?,드림True,2020.01.29.,313
525,자연치유.민간요법,제6부 암을 포함한 심각한 질병에 MMS를 사용할 경우,드림True,2020.01.29.,321
526,자연치유.민간요법,제 7부   MMS활용 및 사례,드림True,2020.01.29.,474
527,자연치유.민간요법,MMS활용 사례,드림True,2020.01.29.,994
528,자연치유.민간요법,14.서양의 사례,드림True,2020.01.29.,632
529,자연치유.민간요법,20.MMS 사용후 전립선 질환들이 호전된 사례들,드림True,2020.01.29.,429
530,자연치유.민간요법,제 8부 질병에 따른 MMS 프로토콜,드림True,2020.01.29.,316
531,자연치유.민간요법,제9부 MMS제조방법,드림True,2020.01.29.,571
532,자연치유.민간요법,제 10부 암 및 건강-베이킹소다요법이나 MMS요법은 왜 세상에 잘 알려지지 않는 것일까?.,드림True,2020.01.29.,905
533,벤지미다졸 질문 게시판,펜벤다졸,분홍앵초,2020.01.29.,425
534,비타민 C,비타민씨 항암효과 미국NIH자료,정인82,2020.01.29.,323
535,질문과 대답(QnA),혹시 베이킹소다 복용법 알수있을까요?,갸웃갸웃,2020.01.29.,447
536,니클로사미드,우한폐렴 대책3,정인82,2020.01.29.,458
537,자연치유.민간요법,최강의 간해독제이자 담즙배출촉진제. 인진호탕,정인82,2020.01.29.,266
538,자유게시판,우한폐렴이 사스보다 위험한 사실,정인82,2020.01.29.,366
542,기타 자가임상 후기,희수뇌간종양복용법.뽀삐복용법,헤라,2020.01.30.,519
544,기타 자가임상 후기,뽀삐..펜벤다졸 한달10일 후기~옛애인상봉~,헤라,2020.01.30.,284
545,기타 자가임상 후기,뇌간종양 한달후기,헤라,2020.01.30.,686
546,기타 자가임상 후기,뇌간종양 피검사결과,헤라,2020.01.30.,313
547,기타 자가임상 후기,강아지 유방혹.펜벨다졸 복용기,헤라,2020.01.30.,263
551,기타 자가임상 후기,희수11월5일후기,헤라,2020.01.30.,391
554,자유게시판,자료이사중,헤라,2020.01.30.,180
556,기타 자가임상 후기,누구냐?넌~혐오주의,헤라,2020.01.30.,391
557,기타 자가임상 후기,구충제  병실,헤라,2020.01.30.,272
560,자유게시판,우한 신종 코로나 바이러스,여수등대지기,2020.01.30.,111
561,자유게시판,한국인 60~70% 기생충 감염,화창한오후,2020.01.30.,204
563,자유게시판,"베이킹소다 활용법 A to Z, 가정에서 응급실까지",분홍앵초,2020.01.30.,230
564,자유게시판,구충제효과를 극대화시키려면 ...,정인82,2020.01.30.,353
565,자유게시판,우한 코로나 바이러스 대처법,수국이 있는 풍경,2020.01.30.,92
566,자유게시판,메르스에 대한 니타조사나이드,여수등대지기,2020.01.30.,120
567,자유게시판,종아리 건강이  전신에 미치는 영향 (힐링툴 펌),분홍앵초,2020.01.30.,151
568,가입 인사,안녕하세요,도라지,2020.01.30.,45
569,가입 인사,안녕하세요^^,루루,2020.01.30.,97
570,질문과 대답(QnA),이버멕틴 배출 기간,루루,2020.01.30.,435
571,자유게시판,virus,여수등대지기,2020.01.30.,103
572,니타조사나이드,Nitazoxanide 판매처 설명문,드림True,2020.01.30.,"1,532"
573,이버맥틴,이버맥틴 매일 혹은 하루 건너  12mg(20mg)복용시12일 완전 배출기 고려  누적 량(수정함),드림True,2020.01.31.,"1,148"
574,기타 자가임상 후기,간내담도암 4기 암극복 과정,폭풍입질74,2020.01.31.,"1,079"
575,유투브방송 링크나눔,유튜브 방송 BEST 자료 (처음 오신분들 필히 보세요),폭풍입질74,2020.01.31.,393
578,자유게시판,뽀삐후기,헤라,2020.01.31.,283
579,니타조사나이드,니타조사나이드와 에볼라 바이러스,여수등대지기,2020.01.31.,258
580,자유게시판,알벤다졸 이거 복용법요,새별바라기,2020.01.31.,265
581,자유게시판,파리장군님의 탈퇴에 관하여 저의 생각입니다.,분홍앵초,2020.01.31.,705
582,자유게시판,국제적 비상사태 선포,여수등대지기,2020.01.31.,158
583,자유게시판,파리장군님 없으시면 여기 카페 밴드 돌아가나요?,프로토TV,2020.01.31.,323
584,자유게시판,집단생활하는 개미에게서 우리가 배웁시다.,드림True,2020.01.31.,517
585,정보 공유,암환우가 알아야할 피검사 항목과 내용입니다. (피검사 내용이 궁금하시면 보세요),폭풍입질74,2020.01.31.,969
586,니클로사미드,이베이 니클로사마이드,여수등대지기,2020.01.31.,755
587,니타조사나이드,Nitazoxanide : 동급 최강의 스펙트럼 항 바이러스제,드림True,2020.01.31.,"1,113"
588,자유게시판,많은 사람들이 죽어가나 봅니다..ㅠ,여수등대지기,2020.01.31.,310
589,니타조사나이드,[니타조사나이드]B 형 간염 바이러스 (HBV)에 의한 만성 감염 치료 임상(HBeAg B 형 간염 e 항원 음성으로 된 경우),드림True,2020.01.31.,436
590,유투브방송 링크나눔,"지혜와 성실님의 ""이버멕틴 넌 뭐나"" 입니다.",분홍앵초,2020.01.31.,288
591,"벤지미다졸체험기, 희망나누기",알벤다졸의 효과,프로토TV,2020.01.31.,727
592,이버맥틴,이버메틴 복용에 관한 일본 긴자동경클리닉의 회신입니다.,분홍앵초,2020.01.31.,"1,464"
593,정보 공유,병원 표준항암 치료를 하면 할수록 완치률이 떨어지는 이유,폭풍입질74,2020.01.31.,184
594,담비,메벤다졸_정리,담비,2020.01.31.,661
595,가입 인사,방가워요,구로동아재,2020.02.01.,43
596,자연치유정보 나눔,[공유] 베이킹 소다는자가 면역 질환에 대한 저렴하고 안전한 치료법 일 수 있습니다.,정인82,2020.02.01.,302
597,자유게시판,이버멕틴 복용량은 임상연구단계이니 조심들 하셔야합니다.,정인82,2020.02.01.,660
598,자유게시판,이버멕틴은 위험?,솔비,2020.02.01.,457
599,자유게시판,신풍생각님께 부탁 드립니다. 긴자동경 크리닉 들어 가는법 유튜브에 올리셨었는데요.,분홍앵초,2020.02.01.,211
600,자유게시판,우리모두 지금몸으로하는임상,헤라,2020.02.01.,709
601,자유게시판,일본 의사 한사람의 마케팅일수도 있습니다.  한국환자 유치시 엄청난 부를 거머질수있지요. 임상환자수와 임상시작년도도 확실치않은 모양이네요. 해서 드리는 말입니다.,정인82,2020.02.01.,413
602,질문과 대답(QnA),다시 호스피스,sherena303,2020.02.01.,200
604,자유게시판,오늘 무슨 식사를 하셨나요?,분홍앵초,2020.02.01.,278
605,자유게시판,다음에서 온 황당한 사건 ~!,분홍앵초,2020.02.01.,263
606,암에대한통합정보,대체항암제의 정보 보물창고 일본 긴자 클리닉 자료(이버맥틴등),드림True,2020.02.01.,291
607,정보 공유,침샘암,geam2433,2020.02.01.,278
608,구매정보게시판(물건배송확인후),"니타조사나이드, 이버맥틴구입 가격 정보",드림True,2020.02.01.,"2,498"
609,동영상링크(중요자료),설레이는 오늘. 신풍생각,분홍앵초,2020.02.01.,177
610,동영상링크(중요자료),대체항암제 #3 베이킹소다 과연 항암과 면역증강에 도움이 되는가? 신풍생각,분홍앵초,2020.02.01.,256
611,동영상링크(중요자료),암 치료의 길과 방향 _ 신풍 생각,분홍앵초,2020.02.01.,223
612,기타 자가임상 후기,뽀삐후기,헤라,2020.02.01.,336
613,기타 자가임상 후기,탈모,헤라,2020.02.01.,680
615,자유게시판,레뮤리안 플러그,여수등대지기,2020.02.01.,115
616,자유게시판,"미, 공중보건비상사태 선포…2주새 중국 다녀온 외국인 입국금지(종합2보)",여수등대지기,2020.02.01.,93
617,정보 공유,아픈 환우들 주변에 꼬이는 상황들 웃고픈 일들......,폭풍입질74,2020.02.01.,223
619,자유게시판,"우한폐렴, 에이즈와 결합된 변종???",사미꼬,2020.02.02.,151
620,가입 인사,반갑습니다~,비브레이브,2020.02.02.,44
621,가입 인사,안녕하세요,불효자,2020.02.02.,57
622,자유게시판,카페지기에게 부탁드립니다.,동구리,2020.02.02.,395
623,니타조사나이드,[니타조사나이드]기존 사용 '기생충약' 대장암·전립선암 치료한다,드림True,2020.02.02.,493
625,자유게시판,키페지기에게~` 이런 개딱지  글로 시작하는 제목을 보고 놀랐습니다.,분홍앵초,2020.02.02.,298
626,벤지미다졸정보나누기,뭣이중헌디~,dajungja,2020.02.02.,167
627,자유게시판,카페명을 암(만성병) 극복의 길을 찾는 사람들로 바꾸었습니다.,드림True,2020.02.02.,"2,644"
628,기타 자가임상 후기,뽀삐이버멕틴복용법,헤라,2020.02.02.,191
629,기타 자가임상 후기,뽀삐이버멕틴복용법,헤라,2020.02.02.,178
630,기타 자가임상 후기,이버멕틴,헤라,2020.02.02.,318
631,기타 자가임상 후기,뽀삐 이버멕틴후기,헤라,2020.02.02.,231
632,기타 자가임상 후기,딸 이버멕틴,헤라,2020.02.02.,574
633,기타 자가임상 후기,좋아요 .,헤라,2020.02.02.,186
636,기타 자가임상 후기,이게 뭘까요? ㅡ흉수에서 나옴,추세추종1,2020.02.02.,383
638,자유게시판,한관종,미뚱이,2020.02.02.,136
639,자유게시판,뭐든 물어보세요~,헤라,2020.02.02.,216
640,자유게시판,건강한맘으로,헤라,2020.02.02.,103
641,자유게시판,나를돌아보는시간,헤라,2020.02.02.,110
642,가입 인사,안녕하세요.~,짠맛,2020.02.02.,94
643,자유게시판,카페주인..바로당신,헤라,2020.02.02.,354
644,가입 인사,안녕하세요,덕분입니다,2020.02.02.,128
645,담비,마이니치신문-항암제 구역질 완화시키는 신치료법,담비,2020.02.02.,126
646,자유게시판,삼겹살,헤라,2020.02.02.,213
647,유투브방송 링크나눔,크론병 ~,헤라,2020.02.02.,214
648,자유게시판,혹시 정향 드셔본분 계시나요?,분홍앵초,2020.02.02.,287
651,자유게시판,1월 21일 이후 후베이성 거친 모든 외국인 입국금지(종합2보),여수등대지기,2020.02.02.,71
652,자유게시판,규칙,헤라,2020.02.02.,253
653,신풍 생각,<항암 증진을 위한 복합 치료시 주의사항>-앞으로 신풍생각의 전제입니다.,드림True,2020.02.02.,628
654,신풍 생각,다음 두가지는 악마의 속삭임 일 수도 있습니다.,드림True,2020.02.02.,704
655,자유게시판,카페스탭,헤라,2020.02.02.,181
656,자연치유.민간요법,췌장암에는 베이킹소다. 베르베린.,정인82,2020.02.02.,804
660,자유게시판,이글을 혜라님글에 댓글을 다신분이 계신데요.나이가라 반갑습니다. 님의 글을 한번 봐 주시기 바랍니다.,분홍앵초,2020.02.03.,289
661,이버맥틴,나이가라 반갑습니다(run0619) 분 댓글 참고하셔요.   감사합니다,드림True,2020.02.03.,551
662,가입 인사,반가워요,인연되어좋아라,2020.02.03.,62
663,자유게시판,자가임상,헤라,2020.02.03.,"3,532"
664,질문과 대답(QnA),mms 이 재료가 맞는지요?,인연되어좋아라,2020.02.03.,302
666,기타 자가임상 후기,뽀삐 이버멕틴후기,헤라,2020.02.03.,559
667,자유게시판,우한폐렴 치료약으로 에이즈약. 엄청비싸겠네. ㅜㅜ,정인82,2020.02.03.,226
668,신풍 생각,우리 카페는 암환우 우선카페입니다.,드림True,2020.02.03.,"1,240"
670,프라지콴텔,"[플루벤다졸을 이용한 간흡충 치료사례] 프라지콴텔을 사용할 수 없어서, 플루벤다졸으로 대안으로 사용한 케이스",드림True,2020.02.03.,823
673,신풍 생각,인생에 도움이 되는 각 분야별 10가지씩 충고,드림True,2020.02.03.,180
674,자유게시판,공사중,헤라,2020.02.03.,199
675,기타 자가임상 후기,알벤과 디스토시스 복용 후기,배바다,2020.02.03.,"1,287"
676,자유게시판,당신의 삶을 이기는 기술,자유롭게살자,2020.02.03.,47
677,자유게시판,비타민C가 코로나 바이러스(우한 폐렴)로부터 우리를 보호한다,정인82,2020.02.03.,130
679,가입 인사,안녕하세요,진영꿍,2020.02.03.,55
680,자유게시판,"미워하면 자기만 손해, 너그럽게 용서하라~! (펌 힐링툴)",분홍앵초,2020.02.03.,89
681,이버맥틴,다른 항암기전을 가진 또 다른 구충제들(니타족사나이드와 이버멕틴),드림True,2020.02.03.,378
682,유방암,[유방암 완전정복] 유방암의 종류와 발생 부위별 분류,드림True,2020.02.03.,556
683,암에대한통합정보,대학병원 암 치료의 한계와 대안전략 - 류영석 원장,드림True,2020.02.03.,82
684,암에대한통합정보,한국인의 주요암_폐암,드림True,2020.02.03.,134
685,암에대한통합정보,암의 예방과 성장을 억제하는 전략,드림True,2020.02.03.,96
686,암에대한통합정보,"[김의신 박사 강연][full버전] ""암에 걸리지 않고 행복하게 사는 법""",드림True,2020.02.03.,65
687,가입 인사,가입인사 드립니다,궁을,2020.02.03.,124
688,정보 공유,최근 김철민씨 근황 (미기쇼 근황토크),폭풍입질74,2020.02.03.,212
689,정보 공유,메벤다졸,나이가라 반갑습니다,2020.02.03.,640
690,정보 공유,오늘밤 김철민씨 구충제 이야기 채널A에서 방송하네요,폭풍입질74,2020.02.03.,180
691,유투브방송 링크나눔,크론병1부  ~파리장군님,헤라,2020.02.03.,83
692,유투브방송 링크나눔,파리장군님 크론병2부,헤라,2020.02.03.,52
693,유투브방송 링크나눔,크론병3부,헤라,2020.02.03.,61
694,유투브방송 링크나눔,파리장군 크론병마지막회,헤라,2020.02.03.,134
695,가입 인사,안녕하세요,암을죽이자,2020.02.03.,165
697,기생충정보,내시경 중 만난 기생충,드림True,2020.02.04.,524
698,정보 공유,펜벤다졸을 먹는 행위는 농약을 먹는 행위로 비교하는 심경원,폭풍입질74,2020.02.04.,240
699,담비,메벤다졸-급성골수성백혈병,담비,2020.02.04.,212
700,정보 공유,LD 50,나이가라 반갑습니다,2020.02.04.,228
701,자유게시판,스스로 만족하는 삶을 살아보세요,자유롭게살자,2020.02.04.,51
702,궁을,건강법과 농사법은 동질이다(1),궁을,2020.02.04.,222
703,정보 공유,심경원교수의 농약 막말이 다시 영상으로 나오네요 댓글한번 달아주세요들.,폭풍입질74,2020.02.04.,165
704,정보 공유,신종 코르나의 영향으로 마스크 사재기를 보면서...,폭풍입질74,2020.02.04.,83
705,이버맥틴자가임상후기,이버멕틴,헤라,2020.02.04.,"1,206"
706,기타 자가임상 후기,안부인사,헤라,2020.02.04.,129
707,기생충정보,[칼슘박사 숀리TV E356] 당신들의 거짓말이 정말 역겹다!!! 왜? 그럼 보시죠.,드림True,2020.02.04.,330
708,자유게시판,암환자에게 꿀은 어떤가요?,프로토TV,2020.02.04.,182
709,질문과 대답(QnA),이거 괜찮은건가요?,무극사랑ㅡ인천,2020.02.04.,143
710,기타 자가임상 후기,피부에서 나온 기생충?,화창한오후,2020.02.04.,435
711,가입 인사,파리장군 100년지난논문,헤라,2020.02.04.,192
712,자유게시판,닥터심,헤라,2020.02.04.,181
713,자유게시판,닥터심,헤라,2020.02.04.,169
714,자유게시판,이버멕틴과 프라지관텔,헤라,2020.02.04.,437
715,정보 공유,[희소식] CBD오일이 올해 3월 마약류에서 제외,폭풍입질74,2020.02.04.,289
716,기생충정보,구충제효과 극대화를위한 기생충 사체청소와 배출법,정인82,2020.02.04.,"1,160"
717,자유게시판,나이보다 젊게 사는 법 5가지,자유롭게살자,2020.02.04.,79
718,자유게시판,우리 카페가 유사 카페보다 정보력이 더 많아졌어요.(그리고 히포크라테스 선서의 참의미),폭풍입질74,2020.02.04.,148
720,정보 공유,"도와주세요~~, 니클로사마이드",나이가라 반갑습니다,2020.02.04.,788
721,자유게시판,"헤라님과의 단독미팅, 그리고 느낌",궁을,2020.02.04.,360
722,가입 인사,안녕하세요,까칠한별이,2020.02.04.,38
723,가입 인사,가입인사,사랑하는진이맘,2020.02.04.,36
724,가입 인사,안녕하세요,조금만,2020.02.04.,42
725,유투브방송 링크나눔,서민 기생충박사 이사람은 뭐하는 사람일까?,폭풍입질74,2020.02.04.,261
726,궁을,건강법과 농사법은 동질이다(2),궁을,2020.02.04.,111
727,"벤지미다졸체험기, 희망나누기",자궁내막암 한달하고도 1주일지났어요,파란하늘9,2020.02.04.,274
728,가입 인사,가입인사,parkjw106289,2020.02.04.,101
729,유투브방송 링크나눔,김자영원장,헤라,2020.02.04.,290
730,유투브방송 링크나눔,닥터심,헤라,2020.02.04.,139
732,이버맥틴,이버멕틴과 아르테미시닌,고고싱고,2020.02.04.,477
733,유투브방송 링크나눔,기생충이 암을 퍼뜨린다.,파란하늘9,2020.02.05.,117
734,유투브방송 링크나눔,숀리박사님 구충제6개월까지하루1알2알은  안전하다,헤라,2020.02.05.,253
735,암 관해사례 정보,이지현작가님 펜벤다졸 단독복용후 완치,헤라,2020.02.05.,"1,236"
736,유투브방송 링크나눔,현역의사에~국립암센타 펜벤다졸 임상근거없다에 논평,헤라,2020.02.05.,147
737,유투브방송 링크나눔,이버멕틴논문읽어주시네요,헤라,2020.02.05.,261
738,유투브방송 링크나눔,돈없으면..암환자는죽어야하나?,헤라,2020.02.05.,181
739,유투브방송 링크나눔,알벤다졸 코에뿌리면,헤라,2020.02.05.,281
740,신경 교종세포암,이버멕틴,헤라,2020.02.05.,615
741,정보 공유,미국 ebay에서 니클로사마이드 구매시 주의.,나이가라 반갑습니다,2020.02.05.,592
742,이버맥틴자가임상후기,이버멕틴을 주목하는 이유,궁을,2020.02.05.,"1,020"
743,자유게시판,(간접광고) 김자영원장님 미토의원,폭풍입질74,2020.02.05.,217
744,신경 교종세포암,희수 이버멕틴후기,헤라,2020.02.05.,"1,103"
745,정보 공유,니타족사나이드와 니클로사마이드,dajungja,2020.02.05.,341
746,가입 인사,반갑습니다.,미소천사,2020.02.05.,66
747,벤지미다졸정보나누기,국내 알벤다졸의 종류,폭풍입질74,2020.02.05.,338
748,기타 자가임상 후기,혓바닥 백태가 줄었어요,배바다,2020.02.05.,439
749,자유게시판,마음속 행복 스위치를 켜보세요,자유롭게살자,2020.02.05.,43
750,자유게시판,웃음으로 암을 0.1mm씩 줄일수 있어요...재미난영상으로 웃고 살자구요,폭풍입질74,2020.02.05.,102
751,자유게시판,사람구충제,parkjw106289,2020.02.05.,241
752,신풍 생각,"복용의 실행여부는 전적으로 본인의 판단과 책임하에 하셔야 하며 카페나 자가임상 ,복용정보를 알려주는 사람에게 책임이 없음을 공지합니다.",드림True,2020.02.05.,"5,636"
753,벤지미다졸정보나누기,항암을 위한 구충제 복용 프로토콜,드림True,2020.02.05.,"1,435"
754,자유게시판,궁을님 사모님카톡..혼자보기 넘아까워공유해요,헤라,2020.02.05.,463
755,표준 항암제,위암 젤로다-카페시타인 정보,드림True,2020.02.05.,189
757,가입 인사,가입인사,ttmm0621,2020.02.05.,209
758,만성간염,간염B형C형 치료를 위한 니타조사나이드 복용 임상 자료,드림True,2020.02.05.,875
760,자유게시판,천연구충제와의 병용율을 높여야 합니다,정인82,2020.02.05.,562
762,유투브방송 링크나눔,항암제로 대체가능한 영양제와 의약품들,고고싱고,2020.02.05.,147
763,이버맥틴,기생충영상 다시보기 _이버맥틴 자료 공유,신풍,2020.02.06.,340
764,피르비늄 정보,기생충영상 다시보기 _피르비늄 자료 공유,신풍,2020.02.06.,475
765,니클로사미드,기생충영상 다시보기 _니클로사마이드 자료 공유,신풍,2020.02.06.,567
766,니타조사나이드,기생충영상 다시보기 _니타조사나이드 자료 공유,신풍,2020.02.06.,527
767,신풍 생각,그동안의 신풍 생각들....,신풍생각,2020.02.06.,670
768,유투브방송 링크나눔,폐암 엄마  호전,헤라,2020.02.06.,381
769,자유게시판,카테고리에있는분들 초대했습니다,헤라,2020.02.06.,122
770,궁을,건강법과 농사법은 동질이다(3),궁을,2020.02.06.,105
771,가입 인사,가입인사🙂,샛별,2020.02.06.,92
772,가입 인사,안녕하세요 저는 유튜버 안아파요 입니다,안아파요TV,2020.02.06.,275
773,가입 인사,안녕하세요.,빛나는여명,2020.02.06.,48
774,궁을,생명의 신비에 대해,궁을,2020.02.06.,275
775,가입 인사,안녕하세요,noh4905,2020.02.06.,47
776,자유게시판,내가 복용하는 펜벤다졸 복용법,샛별,2020.02.06.,254
777,자유게시판,앱을 깔아주세요 네이버까페깔아주세요,헤라,2020.02.06.,149
778,질문과 대답(QnA),알리나구입하고싶어요,jmk2938,2020.02.06.,109
779,질문과 대답(QnA),Fucoidan에 대해서 아시는분 계세요?,혜통,2020.02.06.,227
780,자유게시판,네이버카페를 핸드폰에 앱을 만드는법,폭풍입질74,2020.02.06.,174
781,이버맥틴자가임상후기,이버맥틴 자가임상  중간 후기 올립니다.(4일연속 복용) 하루 쉬고 한번더 복용 예정,신풍생각,2020.02.06.,982
782,가입 인사,가입되어서 감사합니다.,건강한 몸과 정신,2020.02.06.,122
783,자유게시판,"""당신은 말기암 입니다. 3개월 남았습니다. """,화창한오후,2020.02.06.,326
784,이버맥틴,기생충 치료를 위한 이버맥틴 복용량,신풍생각,2020.02.06.,"1,007"
785,이버맥틴,"궁을님의 ""이 말씀도 꼭 드리고 싶네요."" 댓글이 너무 좋아 공유합니다.",신풍생각,2020.02.06.,671
786,구매정보게시판(물건배송확인후),니타조사나이드,여수등대지기,2020.02.06.,770
787,자유게시판,이런 기사가 있어서....,여수등대지기,2020.02.06.,165
788,질문과 대답(QnA),수란트라크림 (.aka Ivermectin),고고싱고,2020.02.06.,214
790,가입 인사,안녕하세요 ^^ 유튜브로 어머니 펜벤다졸 복용 후기 올리는 핸섬킴 입니다~,핸섬킴,2020.02.06.,265
791,자유게시판,유일한 평전을 보는데 구충제 일화가 나오네요?,화창한오후,2020.02.06.,207
792,"벤지미다졸체험기, 희망나누기",사진 혐오 조심(자궁내막암),파란하늘9,2020.02.06.,598
793,자유게시판,남편출장,미뚱이,2020.02.06.,128
794,정보 공유,직구 못하시는분 참고바랍니다,harrypotty3,2020.02.06.,508
795,자유게시판,젤콤(플루벤다졸)액,미뚱이,2020.02.06.,341
796,궁을,"""몬산토 제초제 탓에 암"" 인정…미, 3천억원 배상 판결",궁을,2020.02.06.,77
797,자유게시판,기존 항암제 부작용(독극물인지?? ),암을죽이자,2020.02.06.,201
798,가입 인사,안녕하세요 악성뇌종양 환자 박지훈입니다.,JIHOON PARK,2020.02.06.,345
799,만성간염,C형간염치료약이 간손상시키는 약물.,신풍생각,2020.02.07.,234
800,자유게시판,혹시 암 통증 없에는 방법 아시는분?,프로토TV,2020.02.07.,185
801,정보 공유,이버멕틴을 이렇게도 복용하네요,고고싱고,2020.02.07.,373
802,기타 자가임상 후기,무좀에 알벤다졸 치료 효과 있어요.,신풍생각,2020.02.07.,754
803,기생충정보,성서의 내용이 기생충 감염에 주의하라 라고 보니까 이해가 됩니다.,신풍생각,2020.02.07.,428
804,가입 인사,가입인가 드립니다,무한정,2020.02.07.,42
805,자유게시판,아침인사.,헤라,2020.02.07.,88
806,자유게시판,안녕들 하세요~유튜버 핸섬킴 입니다 ^^,핸섬킴,2020.02.07.,250
807,질문과 대답(QnA),림프사상충을 없애려면 무슨 약을 먹어야하나요?,민희,2020.02.07.,213
808,자유게시판,요즘 CBD 오일관련 많은 질문이 오는데요~,핸섬킴,2020.02.07.,362
809,자유게시판,군집성 두통(cluster headache),여수등대지기,2020.02.07.,119
810,가입 인사,가입 인사 드립니다,온마스,2020.02.07.,63
811,자유게시판,구충제.먹으면서 나온 이상한넘,헤라,2020.02.07.,713
812,자유게시판,칼레트라(kaletra),여수등대지기,2020.02.07.,95
813,자유게시판,비타민C 메가도스 복용합시다.,프로토TV,2020.02.07.,164
814,자유게시판,닥터 심 께서 CBD oil 에 대해 자세히 설명하고 계시니  큰 도움이 되실거예요.,immortal,2020.02.07.,131
815,가입 인사,가입하고 인사드립니다.,myroomgo,2020.02.07.,65
817,질문과 대답(QnA),니타조사나이드 맞나요?,myroomgo,2020.02.07.,304
818,자유게시판,고고싱고님~~~,분홍앵초,2020.02.07.,150
819,가입 인사,가입인사드립니다.,짱스,2020.02.07.,43
820,구매정보게시판(물건배송확인후),니타조사나이드 해외직구,신풍생각,2020.02.07.,"1,334"
823,정보 공유,이버멕틴 탄생과 동경긴자클리닉 항암복용법,나이가라 반갑습니다,2020.02.07.,562
824,자유게시판,미국 CDC 발표,여수등대지기,2020.02.07.,124
825,질문과 대답(QnA),엄마 드시던 펜벤과 보조제,sherena303,2020.02.07.,174
826,질문과 대답(QnA),흡층  같은데,이인선 영민아빠,2020.02.07.,359
827,유투브방송 링크나눔,박지훈님과  아이에 즐거운동영상,헤라,2020.02.07.,106
828,자유게시판,긴자도쿄크리닉의 자료들을 번역해서 올리는 블로그 소개합니다,궁을,2020.02.07.,221
829,이버맥틴,이버멕틴 복용법 요약,궁을,2020.02.07.,987
830,기타 자가임상 후기,냄새가 넘 나네요,배바다,2020.02.07.,267
831,자유게시판,꼼꼼하신 어느분께서 올리신글입니다.(펌),분홍앵초,2020.02.07.,307
832,니타조사나이드,구입한 니타조사나이드 2종류,신풍생각,2020.02.08.,"1,159"
833,이버맥틴,구입한 이버맥틴 12밀리그램,신풍생각,2020.02.08.,669
834,신풍 생각,감사를 일상화 합시다.,신풍생각,2020.02.08.,200
835,니타조사나이드,니타조사나이드 잘 정리된글,궁을,2020.02.08.,"1,363"
836,췌장암,[공유] 왜 췌장암에 항암제나 방사선이나 면역요법이 효과가 없는 것인가?,궁을,2020.02.08.,363
837,췌장암,[공유] 췌장암 대체요법(1): 메트포르민과 비타민D3의 시너지 효과,궁을,2020.02.08.,366
838,자유게시판,정월대보름,헤라,2020.02.08.,59
839,이버맥틴자가임상후기,이버멕틴 복용후기,헤라,2020.02.08.,"1,282"
840,가입 인사,가입인사드립니다.,가시오가피,2020.02.08.,48
841,질문과 대답(QnA),인도 건강 식품 추천 바랍니다,혜통,2020.02.08.,146
844,가입 인사,안녕하세요~,Viva68,2020.02.08.,33
845,가입 인사,유투브에서 구독중에 좀더 알고싶어서 가입했습니다~,대박남,2020.02.08.,52
846,자유게시판,이버멕틴 등등..논문에서 발췌한 내용을 바탕으로 작성한 글 같아요,스모리,2020.02.08.,271
847,정보 공유,은단에 포함된 정향,솔비,2020.02.08.,633
848,자유게시판,날마다 일어나는 기적들,자유롭게살자,2020.02.08.,163
849,정보 공유,대사치료 약물의 복용방법과 상호작용,솔비,2020.02.08.,235
850,유투브방송 링크나눔,이지현 작가님 암사라짐,헤라,2020.02.08.,419
851,가입 인사,검사결과,청안,2020.02.08.,246
852,유투브방송 링크나눔,수인님 흉선암,헤라,2020.02.08.,244
853,자유게시판,유튜브 홍보부탁,헤라,2020.02.08.,204
854,위암,헬리코박터 파이로리 균과 위암과의 관계.,신풍생각,2020.02.08.,530
855,자유게시판,니타조사나이드 nizonide500,장무기,2020.02.08.,367
856,가입 인사,초대 감사합니다 반갑습니다&#129303;,당당한수인,2020.02.08.,207
857,크론병,크론병은 니타조사나이드 500mg  매일 2회 복용하면 치료 가능성이 있을 수 있다.,신풍생각,2020.02.08.,963
858,자유게시판,당뇨,사랑하는진이맘,2020.02.08.,168
859,이버맥틴,스모리님이 올린 이버맥틴자료  번역,신풍생각,2020.02.08.,553
860,가입 인사,가입감사합니다~^^ 난치병 만성질환환우 에요,풀꽃나무흙,2020.02.08.,362
863,구매정보게시판(물건배송확인후),우리카페는 공식적으로 판매하거나 공동구매는 없습니다. 회원끼리 나눔을 합니다.,신풍생각,2020.02.08.,612
864,구매정보게시판(물건배송확인후),모여라님이 정보주신 인디아 마트..  물건 배송 받으면 여기에 댓글로 등록해 주시죠..,신풍생각,2020.02.08.,"1,792"
865,유투브방송 링크나눔,준비 되지 않은 이별,이인선 영민아빠,2020.02.08.,485
866,자유게시판,안부,헤라,2020.02.09.,95
867,유투브방송 링크나눔,신풍생각님 ~~많이 들어주세요,헤라,2020.02.09.,161
868,자유게시판,[공유] 암 극복 가능 희소식,헤라,2020.02.09.,298
869,유투브방송 링크나눔,손영주유머  ㅋ ㅋ,헤라,2020.02.09.,50
871,가입 인사,지혜와성실입니다.,지혜와성실,2020.02.09.,578
872,질문과 대답(QnA),수술전  구충제는 언제까지 먹을까요?,하늘날자23,2020.02.09.,219
873,자유게시판,너를 만났다.,나이가라 반갑습니다,2020.02.09.,270
874,자유게시판,지나간 것은 모두 추억이 됩니다,자유롭게살자,2020.02.09.,62
875,유투브방송 링크나눔,헨셈킴님에  꼬물이 강쥐,헤라,2020.02.09.,103
876,자유게시판,tv안아파요,헤라,2020.02.09.,239
877,유투브방송 링크나눔,손영주  유머,헤라,2020.02.09.,73
878,자유게시판,"확진 150만명, 사망 5만명 2억5천만이 같혀 살고 있다",분홍앵초,2020.02.09.,222
879,이버맥틴자가임상후기,뽀삐 후기 펜벤다졸. 이버멕틴,헤라,2020.02.09.,720
880,가입 인사,가입인사드립니다.,정림박,2020.02.09.,94
881,가입 인사,안녕하세요? 가입 인사드립니다.,영양주는돼토엄마,2020.02.09.,61
882,가입 인사,안녕하세요^^,에코맘,2020.02.09.,73
883,가입 인사,가입인사,사파리,2020.02.09.,107
884,니클로사미드,Niclosamide (니클로사미드)정제는 통째로 삼켜서는 안되며 삼키기 전에 잘 씹어야합니다.,신풍생각,2020.02.09.,"1,392"
885,기타 자가임상 후기,벤지미다졸과 이버멕틴의 조화 그리고 두서없는 후기,고고싱고,2020.02.09.,636
887,니클로사미드,니클로사미드가 파킨슨병 치료제로써의 가능성....,신풍생각,2020.02.09.,466
888,니클로사미드,NICLOSAMIDE (ZENDA-1000)는 어떻게 복용해야합니까?,신풍생각,2020.02.09.,"1,820"
889,질문과 대답(QnA),혹시 알벤다졸 복용중 설사  있는분 있나요?,물이름,2020.02.10.,317
890,자유게시판,Ivermectin 세계를 구한 일본의 약,모여라,2020.02.10.,488
891,자유게시판,구충제로 사회에 기생하는 기생충들도 구충되길 바래봅니다,궁을,2020.02.10.,185
893,자유게시판,안부,헤라,2020.02.10.,87
894,동영상링크(중요자료),우한 폐렴치료제  그리고 B형 간염치료제는 간손상 약물인가 (신풍생각),분홍앵초,2020.02.10.,121
895,이버맥틴자가임상후기,이버멕틴  복용 6일째 입니다.,분홍앵초,2020.02.10.,"1,170"
896,가입 인사,가입인사,곰탱,2020.02.10.,37
897,질문과 대답(QnA),사과 알러지는 왜 생길까요?,민희,2020.02.10.,128
898,만성질환자가임상나누기,"만성 아토피, 이버멕틴 경험담(진행중)",건강한 몸과 정신,2020.02.10.,939
900,기생충정보,보름달 기생충 프로토콜,신풍생각,2020.02.10.,314
901,벤지미다졸정보나누기,알벤다졸 가격 50% 올랐네요,신풍생각,2020.02.10.,754
902,기타 자가임상 후기,알벤다졸 임상을끝내며...,프로토TV,2020.02.10.,447
903,유투브방송 링크나눔,박지훈님 뇌종양 결과,헤라,2020.02.10.,566
904,가입 인사,가입합니다,정상인,2020.02.10.,74
905,유투브방송 링크나눔,헨셈킴의 꼬물이들,헤라,2020.02.10.,168
906,자유게시판,mri찍는날 2주남았네요..,암을죽이자,2020.02.10.,330
907,자유게시판,비타민e와 커큐민 용법 좀 알려주세요,조기위암,2020.02.10.,175
909,자유게시판,구입처 질문용,고고싱고,2020.02.10.,283
910,정보 공유,이버멕틴 국립암센터 연구자료,고고싱고,2020.02.11.,229
911,이버맥틴,이버맥틴 항암효능과 안전성 유투브 방송자료,신풍생각,2020.02.11.,590
912,가입 인사,가입 인사 드립니다,땅살이,2020.02.11.,40
913,정보 공유,당뇨병와 구충제,언제나 즐겁게,2020.02.11.,266
914,가입 인사,가입인사 올립니다.,noor23,2020.02.11.,96
915,전립선암,[공유] 전립선 암 수치가 정상으로  왔어요,궁을,2020.02.11.,"1,046"
916,자유게시판,구충제요법~준비물,헤라,2020.02.11.,710
917,자유게시판,좋은날  되세요♡,헤라,2020.02.11.,43
918,자유게시판,카페 오픈하고 33일 만에 회원분들이  1천분이 모이셨습니다.,분홍앵초,2020.02.11.,163
919,가입 인사,오늘가입했어요,suk3424,2020.02.11.,28
920,가입 인사,가입인사,핸섬보이,2020.02.11.,36
921,유투브방송 링크나눔,수인님  흉선암.피검사결과,헤라,2020.02.11.,153
922,만성질환자가임상나누기,"이버멕틴 복용후, 관찰 기록(1일차)",건강한 몸과 정신,2020.02.11.,578
923,동영상링크(중요자료),이버멕틴의  항암효과와 안전성  (신풍생각),분홍앵초,2020.02.11.,523
924,가입 인사,안녕하세요 오늘가입했습니다.,보금자리눈빛사냥,2020.02.11.,41
925,가입 인사,가입인사,1329720,2020.02.11.,35
926,기타 자가임상 후기,알벤 가글 후기,들꽃이,2020.02.11.,528
927,가입 인사,첫 인사 드립니다,rhdlsehf,2020.02.11.,38
928,가입 인사,가입인사 드립니다 ^.~,뿡뿡이,2020.02.11.,37
929,가입 인사,반갑습니다,sunsmilee,2020.02.11.,56
930,정보 공유,[공유] 조울증과 분선충 그리고 이버멕틴,헤라,2020.02.11.,307
931,가입 인사,안녕하세요,혁이네,2020.02.11.,67
932,가입 인사,가입인사드립니다.,리나리나,2020.02.11.,34
933,정보 공유,발암 기생충,천사,2020.02.11.,610
934,질문과 대답(QnA),간만에 글 남깁니다.,갸웃갸웃,2020.02.11.,309
935,가입 인사,등업신청합니다,금선호,2020.02.11.,56
936,신풍 생각,뒤늦게 구충제를 알고 오신 분들에게...,신풍생각,2020.02.11.,"1,893"
937,자유게시판,더 좋은 삶이 아닌 최고의 삶을 살자,자유롭게살자,2020.02.11.,73
938,가입 인사,가입인사드려요~^^,마음에 머묾이 없다,2020.02.11.,55
939,유방암,삼중음성 유방암에서 방사선 치료시 메벤다졸을 복용하면 방사선치료에 의해 생기는 재발을 억제 한다는 논문,신풍생각,2020.02.11.,338
940,벤지미다졸논문정보,알벤다졸 강력한 항암제 국내논문,신풍생각,2020.02.11.,568
941,벤지미다졸정보나누기,"펜벤다졸 조티펜스씨 영상, 작년 10월 소개한 영상들.. 꼭 한번은 보세요.",신풍생각,2020.02.11.,646
942,암에대한통합정보,이버맥틴을 복용 안할 이유를 좀 찾아 주세요?,신풍생각,2020.02.11.,780
943,가입 인사,안녕하세요.,서래말,2020.02.12.,113
944,자유게시판,핸섬킴 입니다 ^^ 감기에 관하여..,핸섬킴,2020.02.12.,151
945,가입 인사,안녕하세요..신풍님 따라왔습니다..,그냥막,2020.02.12.,124
946,유투브방송 링크나눔,신풍생각님 암치유과정1부,헤라,2020.02.12.,232
947,가입 인사,이버맥틴 성분이 무엇인가요?,그냥막,2020.02.12.,297
948,자유게시판,이루리님~~~ 안단테임님~~ 글을 늦게 봤어요.,분홍앵초,2020.02.12.,164
949,가입 인사,안녕하세요?,wndgml56,2020.02.12.,41
950,자유게시판,안부,헤라,2020.02.12.,70
951,가입 인사,안녕하세요 반갑습니다!! 등업부탁해요,세상속으로,2020.02.12.,32
952,가입 인사,안녕하세요,가이아,2020.02.12.,66
954,이버맥틴자가임상후기,희수아빠..임상후기,헤라,2020.02.12.,846
955,이버맥틴,피부에 바르는 이버멕틴(내용수정),궁을,2020.02.12.,"1,076"
957,기타 자가임상 후기,[공유] 췌장암 완치가능한가요,헤라,2020.02.12.,268
958,자유게시판,삼중음성 유방암 coc 응용,미소천사,2020.02.12.,150
959,만성질환자가임상나누기,"이버멕틴 22mg, 격일 복용 후기",건강한 몸과 정신,2020.02.12.,567
960,가입 인사,안녕하세요 지각생 인사드립니다,함께해요,2020.02.12.,38
961,궁을,구충제요법이 많은 사회변화도 몰고 올겁니다,궁을,2020.02.12.,459
962,자유게시판,구충제 복용법...,프로토TV,2020.02.12.,131
963,암에대한통합정보,[유방암전문 채널] #28 암자연치료의 과학적원리,신풍생각,2020.02.12.,94
964,가입 인사,너무너무 반갑습니다,이쁜허브,2020.02.12.,55
965,유투브방송 링크나눔,이버멕틴 인체가이드,헤라,2020.02.12.,296
966,유투브방송 링크나눔,이버멕틴  아토피 해외사례,헤라,2020.02.12.,362
967,자유게시판,암극복 하기위한 책,프로토TV,2020.02.12.,133
968,자유게시판,2월12일 코로나 소식입니다.,분홍앵초,2020.02.12.,113
969,신풍 생각,임상에서 항암기전과 실제(3상)치료의 괴리(차이점),신풍생각,2020.02.12.,301
971,기타 자가임상 후기,알벤다졸의 효과와 임상...,프로토TV,2020.02.12.,"1,663"
972,정보 공유,Selamectin -- Ivermectin 형제지간,투게더투,2020.02.12.,266
973,가입 인사,유방암에 대하여 질문드립니다,청안,2020.02.12.,152
975,가입 인사,가입인사 드립니다^^,폭풍속으로,2020.02.12.,43
976,자유게시판,오늘 아버지랑 병원 갔다 왔어요,갸웃갸웃,2020.02.12.,302
977,대장암,"아스피린, 대장암 잡는다? ""암세포 자살 유도""",신풍생각,2020.02.12.,285
978,가입 인사,가입인사드립니다,혜담,2020.02.12.,101
980,질문과 대답(QnA),디스토시드복용법 아시나요?,물이름,2020.02.12.,321
981,자유게시판,불평의 음악을 이제 꺼두십시오,자유롭게살자,2020.02.12.,58
982,암환우 자가임상 추천해 주세요,펜벤다졸 고용량후 휴약기간 조언,soyuja,2020.02.12.,281
983,담도암,기생충이 어떻게 암을 유발할까? “민물고기 날로 먹으면..,신풍생각,2020.02.12.,265
984,니타조사나이드,구충제로 항암 효과도 얻는다? 니타조사나이드(대장암과 전립선암) 이버맥틴(난소암),신풍생각,2020.02.12.,594
985,이버맥틴,구충제로 항암 효과도 얻는다? 니타조사나이드(대장암과 전립선암) 이버맥틴(난소암),신풍생각,2020.02.12.,277
986,난소암,구충제로 항암 효과도 얻는다? 이버맥틴(난소암),신풍생각,2020.02.12.,424
987,대장암,구충제로 항암 효과도 얻는다? 니타조사나이드(대장암과 전립선암) 이버맥틴(난소암),신풍생각,2020.02.12.,328
988,전립선암,구충제로 항암 효과도 얻는다? 니타조사나이드(대장암과 전립선암) 이버맥틴(난소암),신풍생각,2020.02.12.,549
989,궁을,면역력회복 방안(1),궁을,2020.02.12.,271
990,질문과 대답(QnA),이버맥틴  봐주세요,안단테임,2020.02.12.,321
991,기생충정보,"기생충 잡아야 병도 잡는다.-기생충병은 ‘퇴출’된 게 아니라 아직도 ‘현재진행형’이다.간흡충은 담도암, 주혈흡충은 방광암의 원인",신풍생각,2020.02.12.,568
992,자유게시판,1100명 돌파 감사합니다,헤라,2020.02.12.,219
993,가입 인사,안녕하세요 가입인사 드립니다.,아띠,2020.02.12.,54
994,질문과 대답(QnA),이버맥틴 어떤걸 사야할까요??,미라클525,2020.02.12.,388
996,자유게시판,7 과 3,인연되어좋아라,2020.02.13.,130
997,담비,니클로사마이드_정리,담비,2020.02.13.,831
998,가입 인사,가입인사드립니다.,옹달샘1,2020.02.13.,76
999,질문과 대답(QnA),구충제와 비타민c,잘하고 있어,2020.02.13.,179
1000,자유게시판,인사,헤라,2020.02.13.,66
1001,가입 인사,유투브보고 왔어요,김민주양,2020.02.13.,135
1002,자유게시판,암치료제 구충제,프로토TV,2020.02.13.,171
1003,질문과 대답(QnA),어떻게 먹어야할지 정리가 안되서,김민주양,2020.02.13.,479
1004,자유게시판,우한시 자치위원회 책임자의 고백,여수등대지기,2020.02.13.,129
1005,자유게시판,오일알아봐주세요,geam2433,2020.02.13.,235
1006,가입 인사,가입인사 드립니다.,풀떼기,2020.02.13.,53
1007,기타 자가임상 후기,알벤다졸&amp;구충+곰팡이균 임상 단상(1차),가이아,2020.02.13.,559
1008,질문과 대답(QnA),피르비늄 복용 방법좀 알려주셔요~,다듬이,2020.02.13.,324
1009,자유게시판,이버멕틴 이 사이트 어떤 것 같으세요?,루루,2020.02.13.,558
1010,기생충정보,기생충약 복용순서-- 함부로 처음부터 이버맥틴 복용하지 마세요.. 경험입니다.,신풍생각,2020.02.13.,"2,657"
1011,가입 인사,가입인사드려요,범수기,2020.02.13.,53
1012,자유게시판,림프사상충 입니다,분홍앵초,2020.02.13.,589
1013,가입 인사,가입인사드립니다~~,sindal,2020.02.13.,116
1014,자유게시판,망할것들,린내,2020.02.13.,341
1016,가입 인사,봄날같은 오늘 행복한 마무리하세요!!♡♡,까칠한천사,2020.02.13.,98
1017,가입 인사,가입인사 드립니다.,별규,2020.02.13.,58
1018,질문과 대답(QnA),cbd오일 봐주세요,안단테임,2020.02.13.,302
1019,이버맥틴,"이버멕틴 복용 중이신 분들, 확인 좀 부탁드립니다",궁을,2020.02.13.,"1,411"
1020,자유게시판,2권의 책,인연되어좋아라,2020.02.13.,73
1021,자유게시판,헨섬킴  어머님 감기나으셨네요,헤라,2020.02.13.,113
1023,자유게시판,오늘부터 휴지기들어갑니다.(5on2off),암을죽이자,2020.02.13.,335
1025,질문과 대답(QnA),장모님이 머리 기생충처럼 가렵고 느껴진다고 하는데요 ~~,치우천왕,2020.02.13.,360
1027,가입 인사,혹시 이 약 아십니까?  구충제를 복용하면 구충의 사체가 혈관에 쌓인답니다  알로홀은 구충의 사체를 배출  간과 담관 담낭을 정화시켜주는약물로써 체내독소배출을 하는청소부라고해서 복용중입니다,혜담,2020.02.13.,"1,112"
1028,가입 인사,가입인사드립니다,더행복하기,2020.02.13.,64
1029,가입 인사,반갑습니다.,베스트초이,2020.02.13.,77
1030,가입 인사,가입인사드려요,찌니,2020.02.14.,65
1031,유투브방송 링크나눔,빡시다티비.간다님  검사결과,헤라,2020.02.14.,238
1032,자유게시판,사람의 향기가 나는 시간,자유롭게살자,2020.02.14.,47
1033,만성질환자가임상나누기,"이버멕틴 22mg, 격일 복용기(3회차)",건강한 몸과 정신,2020.02.14.,430
1034,자유게시판,인사,헤라,2020.02.14.,80
1038,자유게시판,독시사이클린 복용시 주의사항,ttmm0621,2020.02.14.,622
1040,가입 인사,가입인사 드립니다,다하자,2020.02.14.,71
1041,이버맥틴자가임상후기,이버멕틴 복용후 3일쨰 -- 이것이 뭔가유 ???,투게더투,2020.02.14.,"1,203"
1042,질문과 대답(QnA),이버멕틴의 구충'력'에 대한 질문,건강한 몸과 정신,2020.02.14.,420
1044,질문과 대답(QnA),베트남산 매벤다졸과 이버맥틴 추천부탁,안단테임,2020.02.14.,374
1045,자유게시판,인디아마트 구매성공 했습니다..,kimcross,2020.02.14.,870
1046,자유게시판,사람용 메벤다졸~항암 임상,헤라,2020.02.14.,253
1047,자유게시판,[공유] 도쿄 긴자클리닉 이버맥틴복용법,헤라,2020.02.14.,369
1048,유투브방송 링크나눔,신풍 사모님2부가 열렸네요,헤라,2020.02.14.,296
1049,이버맥틴자가임상후기,이버맥틴 자가임상 후기 올려주세요..,신풍생각,2020.02.14.,345
1051,이버맥틴자가임상후기,이버맥틴 12mg 2월9일부터 매일 복용 14일 현재 6일차임 계속 복용중으로 변화있으면 올리겠습니다.,신풍생각,2020.02.15.,719
1052,이버맥틴,헤라님 받은 메일에 중요한 자료가 있군요.  복용에 대한 중요한 사실을 요약..,신풍생각,2020.02.15.,983
1053,자유게시판,인내는 당신을 발전시킨다,자유롭게살자,2020.02.15.,54
1054,이버맥틴,"상피증과 이버멕틴, 복용프로토콜 고찰",궁을,2020.02.15.,587
1055,가입 인사,조언부탁드립니다,혜담,2020.02.15.,247
1056,가입 인사,가입인사드립니다.,Happy Smile,2020.02.15.,51
1057,유투브방송 링크나눔,이지현작가님.간과 갑상성암 사라짐,헤라,2020.02.15.,402
1059,가입 인사,반갑습니다. 조언부탁드립니다,토마토,2020.02.15.,105
1060,가입 인사,가입인사 드립니다,산신령1,2020.02.15.,61
1061,기타 자가임상 후기,이버멕틴 복용법,헤라,2020.02.15.,"1,241"
1062,자유게시판,인사,헤라,2020.02.15.,90
1063,자유게시판,메벤다졸 보내주셔서 고맙습니다,썬앤,2020.02.15.,284
1066,자유게시판,각질과 무좀. 그것은 암발병 전조증상?,화창한오후,2020.02.15.,697
1068,자유게시판,말라리아 치료제,여수등대지기,2020.02.15.,270
1069,자유게시판,베트남에 있는 한국인(이버멕틴 주문 가능),여수등대지기,2020.02.15.,439
1072,이버맥틴,이버멕틴이 눈에 들어가면 실명?,궁을,2020.02.15.,709
1073,가입 인사,안녕하세요,erestu,2020.02.15.,270
1074,질문과 대답(QnA),간담도암/복막전이 4기 구충제,찌니,2020.02.15.,305
1075,자유게시판,몇 일전에.......,인연되어좋아라,2020.02.15.,404
1076,가입 인사,잘 부탁드립니다,hewasol,2020.02.15.,138
1079,가입 인사,반갑습니다,해류뭄해리,2020.02.16.,33
1081,가입 인사,가입인사,donganan,2020.02.16.,37
1082,가입 인사,안녕하세요,딱따,2020.02.16.,30
1083,가입 인사,피르미늄에대해알고싶어서요,럭키공주,2020.02.16.,213
1084,자유게시판,인사,헤라,2020.02.16.,65
1085,유투브방송 링크나눔,9번째 완치 선언,솔비,2020.02.16.,694
1086,자유게시판,신풍생각님..이버멕틴후기,헤라,2020.02.16.,451
1087,가입 인사,안녕하세요,정상길,2020.02.16.,62
1088,가입 인사,땅입니다.,땅,2020.02.16.,175
1089,유투브방송 링크나눔,애나님 ..첨 펜벤다졸  만날때,헤라,2020.02.16.,217
1090,가입 인사,가입인사 드립니다.,주주맘샘,2020.02.16.,76
1091,자유게시판,"명현반응, 고열 몇도 까지 괜찮은가?",궁을,2020.02.16.,213
1092,유투브방송 링크나눔,흉선암4기 암극복기,헤라,2020.02.16.,245
1093,가입 인사,가입 부탁드립니다 ㅎ,거칠이1478,2020.02.16.,41
1094,가입 인사,환영합니당~~^^♡♡,luckycho0615,2020.02.16.,52
1095,가입 인사,가입인사,산야들,2020.02.16.,51
1096,가입 인사,가입인사 드립니다.,전성종,2020.02.16.,19
1097,가입 인사,안녕하세요,즐거운편지,2020.02.16.,29
1098,가입 인사,가입인사드립니다,소꼽친구,2020.02.16.,43
1099,자유게시판,효과가 있는건지 아리송하네요,모락산호랑이,2020.02.16.,288
1100,기타 자가임상 후기,알벤다졸 탈모치료 두달 느낀점.,화창한오후,2020.02.16.,544
1101,질문과 대답(QnA),간수치 펜벤다졸,방방붕방,2020.02.16.,348
1102,가입 인사,가입인사(oga),oga,2020.02.16.,96
1103,가입 인사,가입인사 드립니다,난채,2020.02.16.,36
1104,가입 인사,가입인사드립니다,돌고래,2020.02.16.,79
1105,가입 인사,안녕하세요,천사 맘,2020.02.16.,49
1106,유투브방송 링크나눔,[하늘농원 건강정보] 가장 강력한 항바이러스 물질 (햇빛의 중요성-안드레아스 모리츠),신풍생각,2020.02.16.,172
1107,방사선 항암,여기보면 방사선치료가 새로운 암을 촉발한다는 것을 다 알고 있었습니다..,신풍생각,2020.02.16.,486
1108,가입 인사,유익한 정보 얻기위해 가입 합니다.,파루시아,2020.02.16.,57
1109,가입 인사,가입인사 드립니다,비트,2020.02.16.,33
1110,가입 인사,가입인사 드립니다,가마봉,2020.02.16.,37
1111,가입 인사,감사인사,smchoi3510,2020.02.16.,59
1112,이버맥틴,모여라님 자료 _담관암의 원인 유전자의 특정와 치료법 개발,신풍생각,2020.02.16.,183
1113,자유게시판,혹시 복수차는것도 좋아지신분 계신가요?,비움과채움,2020.02.16.,226
1114,이버맥틴,Diethylcarbamazine (DEC),미다스캉,2020.02.16.,430
1115,유투브방송 링크나눔,수인님  건강밥상,헤라,2020.02.16.,138
1116,담도암,담관암의 원인 유전자의 특정와 치료법 개발,신풍생각,2020.02.16.,509
1117,가입 인사,안녕하세요~흉선암4기환자입니다,ganet050400,2020.02.16.,264
1120,신풍 생각,항암을 위한 구충제 복용에 대한 신풍생각,신풍생각,2020.02.17.,"2,082"
1121,질문과 대답(QnA),제인책,방방붕방,2020.02.17.,136
1122,가입 인사,가입인사 드립니다.,팜필,2020.02.17.,159
1123,자유게시판,"요즘, 한 집 걸러 '알츠하이머 ,판킨슨병 환자' 그 이유는?",인연되어좋아라,2020.02.17.,218
1124,암에대한통합정보,암의 특징- COC 가 많은 부분을 업데이트 했군요..,신풍생각,2020.02.17.,291
1125,간암,[니타조사나이드]B 형 간염 바이러스 (HBV)에 의한 만성 감염 치료 임상(HBeAg B 형 간염 e 항원 음성으로 된 경우),신풍생각,2020.02.17.,646
1126,가입 인사,안녕하세요!,지라산푸른솔,2020.02.17.,42
1127,질문과 대답(QnA),이버맥틴,수원W홍홍,2020.02.17.,323
1128,가입 인사,안녕 하세요,가자가자,2020.02.17.,50
1129,자유게시판,인사,헤라,2020.02.17.,75
1130,가입 인사,안녕하세요 ~,진선,2020.02.17.,47
1131,기타 자가임상 후기,니타조사나이드 자가임상중 후기입니다,김민주양,2020.02.17.,691
1132,자유게시판,이버멕틴 인도사이트,너는내것,2020.02.17.,"1,175"
1133,가입 인사,안녕하세요.,잘싸먹자,2020.02.17.,343
1134,가입 인사,"벤다졸 복용법, 구입 문의 합니다",sunsmilee,2020.02.17.,306
1137,질문과 대답(QnA),림프사상충 검사받러 왔다니까,기기구구,2020.02.17.,297
1138,가입 인사,가입인사,갈미봉,2020.02.17.,38
1139,자유게시판,폐암 말기에서 2기로 호전돤 구독자분에 스토리,핸섬킴,2020.02.17.,291
1140,자유게시판,방사선 치료로 맨붕상태...,프로토TV,2020.02.17.,266
1141,자유게시판,항염증치료제이면서 마취제없을때 마취제로사용한 식물을 아십니까?,잘싸먹자,2020.02.17.,410
1143,기타 자가임상 후기,구충제! 천천히 늘려야~!,화창한오후,2020.02.17.,620
1144,자유게시판,"29번 환자,30번 환자",여수등대지기,2020.02.17.,279
1145,자유게시판,면역에 중요성 폐암말기에서 2기로,핸섬킴,2020.02.17.,328
1146,자유게시판,이버멕틴을 다들 어디서 사시는지 ᆢ,팜필,2020.02.17.,704
1147,이버맥틴자가임상후기,이버멕틴 1일차,루다,2020.02.17.,383
1149,가입 인사,"이버멕틴, 메벤 나눔해 주실분 있으시나요~~",sunsmilee,2020.02.17.,205
1151,암환우 자가임상 추천해 주세요,옴니쿠어산 복용은 괜찮을까요?,soyuja,2020.02.18.,172
1152,기생충사진공유,디스토시드 복용후 가슴( 명치) 통증 해소 사례,말콥,2020.02.18.,"1,115"
1153,기타 자가임상 후기,탈모 조심,noor23,2020.02.18.,484
1154,궁을,"자연의 섭리, 암유발",궁을,2020.02.18.,126
1155,기타 자가임상 후기,"고용량 12주차 후기-췌장암,간전이,복막전이,림프전이",잘싸먹자,2020.02.18.,895
1156,자유게시판,인사,헤라,2020.02.18.,51
1157,만성질환자가임상나누기,"이버멕틴 22mg, 격일 복용기(5회차)",건강한 몸과 정신,2020.02.18.,408
1158,가입 인사,삼중음성 유방암 환자 입니다,아띠,2020.02.18.,206
1159,가입 인사,안녕하세요~ 인사드립니다.,모든것은지나간다,2020.02.18.,58
1160,자유게시판,"암, 구충제에 거는 우리의 희망 1",팜필,2020.02.18.,202
1161,자유게시판,담도암4기 어머니 치료일기,폭풍입질74,2020.02.18.,483
1162,가입 인사,구충제 구하러 약국 갔더니 에너젠 제품 소개,sunsmilee,2020.02.18.,299
1163,유투브방송 링크나눔,[뉴스타트 박학근tv] 돈 없는 암환자가 더 오래 살 수 있다(4기암극복기#47),신풍생각,2020.02.18.,401
1164,자유게시판,"췌장암,간전이,복막전이,림프전이 환우의 식사및 영양섭취, 구충제프로토콜",잘싸먹자,2020.02.18.,476
1165,질문과 대답(QnA),이버멕틴과 사상충,기기구구,2020.02.18.,334
1166,유투브방송 링크나눔,[장항준내과TV]제29강: 미국의사의 코로나바이러스에 대한 의견-아직 안심할때가 아니다,신풍생각,2020.02.18.,296
1168,가입 인사,신입 가입인사 올립니다.,에이스포커,2020.02.18.,44
1169,가입 인사,가입인사 드립니다.,Didrmstn,2020.02.18.,67
1170,질문과 대답(QnA),디스토시드 먹어야할까요?,꾸라꾸라,2020.02.18.,548
1171,가입 인사,가입인사드립니다.,조은생각,2020.02.18.,48
1172,가입 인사,메벤직구 사이트 부탁드립니다~,sunsmilee,2020.02.18.,335
1175,자유게시판,자신을 다른 사람과 비교하지 마세요,자유롭게살자,2020.02.18.,128
1176,가입 인사,니타조사나이드 복용 조언부탁드립니다,혜담,2020.02.18.,511
1177,자유게시판,이런 4가지 없는....,정상인,2020.02.18.,451
1178,자유게시판,암치료 프로토콜,프로토TV,2020.02.18.,150
1179,이버맥틴자가임상후기,이버멕틴2일차(통증감소),루다,2020.02.18.,627
1181,자유게시판,감사합니다(분홍앵초님),갸웃갸웃,2020.02.18.,316
1182,기타 자가임상 후기,이버멕틴 복용  후기,헤라,2020.02.18.,"2,628"
1184,자유게시판,[공유] KAYU BAJAKAH (바자카 나무) 를 아시나요 ?,마음에 머묾이 없다,2020.02.18.,89
1185,질문과 대답(QnA),악성 림프종에 관해서 문의 드립니다.,쿠크다스,2020.02.18.,172
1186,유투브방송 링크나눔,다시보니 이버멕틴도 이젠보이고 펜벤다졸도보이네요.,dajungja,2020.02.19.,241
1188,니타조사나이드,장하다 구충제 우한폐렴까지 치료하나 자료첨부,신풍생각,2020.02.19.,433
1189,가입 인사,안녕하세요,아름다운사람들,2020.02.19.,53
1190,자유게시판,인사,헤라,2020.02.19.,71
1191,유투브방송 링크나눔,닥터심님에 ..이버멕틴과 프라질관텔,헤라,2020.02.19.,407
1192,질문과 대답(QnA),디스토시드 효과,기기구구,2020.02.19.,341
1193,궁을,면역계가 일 하는 과정에 발열은 필수,궁을,2020.02.19.,326
1194,자유게시판,어제 유투브 실시간방송으로 여러분들과 소통을 했습니다☺📣,샛별,2020.02.19.,201
1195,자유게시판,면역력  높이기위한 쥬스,잘싸먹자,2020.02.19.,360
1196,질문과 대답(QnA),항암후 심장두근거림,sdrf,2020.02.19.,292
1197,자유게시판,니타조사나이드 공동구매 하시는분 게세요 ?,복면대왕k,2020.02.19.,504
1198,자유게시판,백두산 화산 폭발에 관한 동영상입니다.,분홍앵초,2020.02.19.,171
1199,이버맥틴자가임상후기,혹시 머크사 3미리짜리 이벅멕틴은 어디서 구입할수 있을까요?(수정),루다,2020.02.19.,497
1200,질문과 대답(QnA),디스토시드 부작용,기기구구,2020.02.19.,409
1203,가입 인사,안녕하세요 인사드립니다.,금산,2020.02.19.,80
1205,벤지미다졸논문정보,항암 목적 알벤다졸 복용법 논문 An article introducing the dosage for cancer cure,신풍생각,2020.02.19.,426
1208,유투브방송 링크나눔,메벤다졸..펜벤다졸..알벤다졸,헤라,2020.02.19.,459
1209,자유게시판,당신의 삶을 이기는 기술,자유롭게살자,2020.02.19.,66
1210,가입 인사,가입 인사 드립니다,줄리아,2020.02.19.,42
1211,가입 인사,가입인사 드립니다,자향,2020.02.19.,43
1212,가입 인사,가입인사드립니다,하리소,2020.02.19.,59
1213,자유게시판,울 카페 나눔에 대한 저의 생각입니다.,분홍앵초,2020.02.19.,574
1216,가입 인사,잘부탁드립니다-,greenage,2020.02.19.,53
1217,자유게시판,CBD오일구해요~,shera730,2020.02.19.,175
1218,가입 인사,가입했어요,3겹,2020.02.20.,41
1220,질문과 대답(QnA),"알벤다졸,매벤다졸",안단테임,2020.02.20.,269
1221,벤지미다졸논문정보,알벤다졸의 각종 암별 치료효과 증명 논문들 Papers proving albendazole as a cancer cure,신풍생각,2020.02.20.,481
1223,암에대한통합정보,비타민 C 메가도스 비타민박사 하병근을 아세요?,폭풍입질74,2020.02.20.,228
1224,궁을,면역력=장건강,궁을,2020.02.20.,131
1225,가입 인사,가입인사 드립니다,곰돌,2020.02.20.,25
1226,유투브방송 링크나눔,"구충제 요법, 깔끔하게 정리해주네요.",궁을,2020.02.20.,321
1227,가입 인사,가입먼저합니다,희망성,2020.02.20.,41
1228,자유게시판,"유투브 동영상, 게시판에 올리는 법(수정)",궁을,2020.02.20.,131
1229,자유게시판,인사,헤라,2020.02.20.,69
1232,유투브방송 링크나눔,걱정되는코로나ㅠ,헤라,2020.02.20.,232
1233,질문과 대답(QnA),알벤다졸 질문 좀 드리겠습니다,3겹,2020.02.20.,226
1234,자유게시판,방금확인한내용입니다.-약국알벤다졸 팝니다.,잘싸먹자,2020.02.20.,403
1235,기타 자가임상 후기,"행복한 고민 , 이버맥틴 12일차 이상무, 이제 뭐를 추가 할까",신풍생각,2020.02.20.,763
1237,유투브방송 링크나눔,펜벤다졸20주복용,헤라,2020.02.20.,388
1238,유투브방송 링크나눔,김철민님 뇌mri결과,헤라,2020.02.20.,384
1239,질문과 대답(QnA),디스토시드 먹고난 후 흡충알은?,기기구구,2020.02.20.,467
1240,가입 인사,안녕하세요~~,eagle3430,2020.02.20.,86
1241,가입 인사,알밴복용후 체중감소,단디해,2020.02.20.,299
1242,자유게시판,펜벤복용후 설사  대처방법,미스치,2020.02.20.,207
1244,유투브방송 링크나눔,헨셈킴님 구독자이벤트,헤라,2020.02.20.,94
1245,자유게시판,구충제 복용후 말기암 완치,프로토TV,2020.02.20.,284
1248,자유게시판,아무리 힘들어도 내일은 옵니다,자유롭게살자,2020.02.20.,73
1250,가입 인사,가입했습니다.,ycb115,2020.02.20.,35
1251,질문과 대답(QnA),알벤다졸이 망막질환(중심성장액맥락망막병증)에도 효과가 있을까요?,ycb115,2020.02.20.,310
1252,유투브방송 링크나눔,암환우가 생강을 꼭 먹어야 하는 이유,궁을,2020.02.20.,285
1253,가입 인사,반갑습니다,domyung,2020.02.20.,38
1254,간암,알 벤다 졸에 의한 간세포 암종 세포 성장의 시험 관내 및 생체 내 억제,신풍생각,2020.02.20.,410
1255,폐암,알벤다졸은 비 소세포 폐암 세포에서 HIF-1α- 의존적 당분해 및 혈관내피성장인자(VEGF) 발현을 억제한다,신풍생각,2020.02.20.,448
1256,유방암,3중음성유방암에 대한 알벤다졸의 조기 항 종양 효과,신풍생각,2020.02.20.,470
1257,난소암,난소암 세포에서 향상된 세포독성.,신풍생각,2020.02.20.,331
1258,질문과 대답(QnA),암과우유. 그리고 암과 과일(사과),소꼽친구,2020.02.20.,271
1259,위암,구충제 약물 알벤다졸은 유사 분열 단계에서 인간 위암 세포를 체포하여 세포 자멸사를 유도합니다.,신풍생각,2020.02.20.,591
1260,대장암,"장 암 세포주에서 벤즈 이미 다졸 마취제 알 벤다 졸, 리코 벤다 졸 및 플루 벤다 졸의 항 증식 효과.",신풍생각,2020.02.20.,178
1261,대장암,인간 결장 직장암 세포주 HT-29에 대한 알 벤다 졸의 항 종양 활성 : 시험 관내 및 복막 암종의 이종 이식 모델에서.,신풍생각,2020.02.20.,178
1262,혈액암,알벤다졸의 비 유사분열효과는 SIRT3 / ROS / p38 MAPK / TTP 축 매개 TNF-α 상향 조절을 통해 인간 백혈병 세포의 세포자멸을 유발한다.,신풍생각,2020.02.20.,153
1263,신경 교종세포암,연구자들이 연구 한 뇌종양의 새로운 치료법으로 항 기생충 제 사용,신풍생각,2020.02.20.,393
1264,피부암,용도변경 알벤다졸 : HPV 음성 두경부 편평 상피 세포 암에 대해 우선적으로 활동하는 화학 요법 제로서의 새로운 가능성.,신풍생각,2020.02.21.,272
1265,벤지미다졸정보나누기,펜벤다졸 대장암 말기 올해초 완치 영국 사례.스콧이 복용한 보충제,신풍생각,2020.02.21.,354
1266,자유게시판,메벤다졸(푸가카) 베트남 구매 왔네요,가이아,2020.02.21.,614
1267,유방암,플루벤다졸은 STAT3 억제를 통해 삼중 음성 유방암에서 전이 방지 효과를 나타냅니다.,신풍생각,2020.02.21.,453
1268,질문과 대답(QnA),크론병 환우입니다 니타조사나이드 복용관련 문의드립니다.,Didrmstn,2020.02.21.,181
1269,구강암,"구충제 니클로사마이드 니클로사마이드에서 핵 β-catenin / c-Myc 축의 조절을 통해 암 줄기, 세포 외 기질 재모델링 및 전이를 억제합니다",신풍생각,2020.02.21.,420
1270,니클로사미드,니클로사미드 : 항 기생충 제를 넘어서,신풍생각,2020.02.21.,"1,821"
1271,피부암,"2.1. 부 신피질 암종, 니클로사미드",신풍생각,2020.02.21.,126
1272,유방암,"2.2. 니클 로사 미드 및 유방암 ,니클로사미드",신풍생각,2020.02.21.,651
1273,대장암,2.3. 니클 로사 미드 및 결장암,신풍생각,2020.02.21.,285
1274,신경 교종세포암,"2.4. 니클 로사 미드 및 신경 교종,2.5. 니클 로사 미드 및 두 경부암",신풍생각,2020.02.21.,217
1275,혈액암,2.6. 니클로사미드 및 백혈병,신풍생각,2020.02.21.,313
1276,폐암,2.7. 니클 로사 미드 및 폐암,신풍생각,2020.02.21.,620
1277,육종암,2.8. 니클로사미드 와 골육종,신풍생각,2020.02.21.,355
1278,난소암,2.9. 니클 로사 미드 및 난소 암,신풍생각,2020.02.21.,295
1279,전립선암,2.10. 니클 로사 미드 및 전립선 암,신풍생각,2020.02.21.,463
1280,신장암,2.11. 니클로사미드 및 신장 세포 암종,신풍생각,2020.02.21.,391
1281,기타 질병,"니클 로사 미드 및 박테리아, 만성질병, 당뇨,루프스,탄저균,결핵,바이러스,대사증후군,지방간,동맥수축,자궁내막증,관절염,전신경화증",신풍생각,2020.02.21.,725
1283,암 호전사례 정보,폐암 1차 임상후기,나이가라 반갑습니다,2020.02.21.,"2,207"
1284,자유게시판,이버멕틴 빌려주실분((구했습니다)),너는내것,2020.02.21.,267
1285,정보 공유,무섭네요,아름아빠,2020.02.21.,210
1286,자유게시판,인사,헤라,2020.02.21.,48
1287,자유게시판,신풍님 저에게 이메일좀 주세요^^,핸섬킴,2020.02.21.,172
1289,자유게시판,[공유] 대전시민 2명 코로나19 1차 '양성'…오후 4시 이후 최종 판정,헤라,2020.02.21.,85
1290,가입 인사,가입인사 다시드립니다..^^,semule2,2020.02.21.,36
1291,가입 인사,안녕하세요?,하주어랑,2020.02.21.,45
1292,자유게시판,밥먹고난후 펜벤다졸 복용했어요~ 의사쌤이 조금 놀라셨어요!!,샛별,2020.02.21.,544
1293,유투브방송 링크나눔,SBS뉴스 구충제 항암치료 왜 반대하나?,폭풍입질74,2020.02.21.,251
1295,신풍 생각,이제 생물학전에도 대비해야 하는가.,신풍생각,2020.02.21.,425
1296,가입 인사,안녕하세요~~,edelweiss43,2020.02.21.,72
1297,유투브방송 링크나눔,이영돈PD의 추가 질문,솔비,2020.02.21.,276
1298,자유게시판,[공유] 코로나와 일반 감기의 차이점,헤라,2020.02.21.,140
1299,유투브방송 링크나눔,코로나19  우한폐렴치료약,헤라,2020.02.21.,239
1300,신풍 생각,유투브 강제 삭제당함.. 우한폐렴에 니타조사나이드 치료효과를 중국에서 실험한 자료방송을..,신풍생각,2020.02.21.,808
1301,기타 자가임상 후기,피부약  이버멕틴들어있는것 ..,헤라,2020.02.21.,579
1302,자유게시판,CBD 오일 재판매 한다고 하네요,핸섬킴,2020.02.21.,440
1304,가입 인사,개구충제 하트제로도사도 되나요??,풀꽃나무흙,2020.02.21.,153
1305,가입 인사,가입인사,내안의빛,2020.02.21.,47
1306,질문과 대답(QnA),(질문)니타조사나이드 있으면요,가이아,2020.02.21.,370
1308,가입 인사,반갑습니다,수이니,2020.02.21.,43
1309,자유게시판,구중제에 대한 약물요법  ...,모여라,2020.02.21.,222
1310,질문과 대답(QnA),아스피린 프로텍트정 100mg,기기구구,2020.02.21.,342
1312,자유게시판,첫 입원이네요.,프로토TV,2020.02.21.,221
1313,이버맥틴,이버멕틴 + 메벤다졸의 시너지 효과언급의 출처,궁을,2020.02.21.,"1,194"
1315,질문과 대답(QnA),직구가 처음이라..도와주세요ㅠ,무다다,2020.02.21.,445
1316,자유게시판,세상을 바라보는 당신의 마음,자유롭게살자,2020.02.21.,100
1317,질문과 대답(QnA),코로나에 니타조사나이드가 들으면,가이아,2020.02.21.,664
1318,자유게시판,책읽다가 올립니다,수국이 있는 풍경,2020.02.21.,315
1320,담비,유방암과 니클로사마이드,담비,2020.02.22.,476
1322,자유게시판,이 싸이트 믿을만할까요?,미드미,2020.02.22.,286
1323,유투브방송 링크나눔,수인님  몸풀어지는요가~,헤라,2020.02.22.,89
1324,자유게시판,우한 바이러스에 관한 동영상 입니다.,분홍앵초,2020.02.22.,199
1325,질문과 대답(QnA),이버매틴복용시 같이  먹으면안되는 약,미소랑,2020.02.22.,521
1326,유방암,[담비]	 유방암과 니클로사마이드,신풍생각,2020.02.22.,"1,185"
1328,자유게시판,안부,헤라,2020.02.22.,111
1331,피르비늄 정보,피르비늄 복용설명서(기생충 복용 설명서),신풍생각,2020.02.22.,"1,128"
1332,질문과 대답(QnA),티아민의 중요성,기기구구,2020.02.22.,150
1333,자유게시판,유뷰버 핸섬킴 입니다 구충제를 농약에 비교하는 가정의학과교수 ㅜㅜ,핸섬킴,2020.02.22.,245
1335,표준 항암제,"타목시펜(tamoxifen, 상표명: Nolvadex 등)은 여성의 유방암을 예방하고 여성과 남성의 유방암을 치료하기 위해 사용되는 약물",신풍생각,2020.02.22.,199
1336,표준 항암제,시스플라틴(cisplatin)은 암 치료에 널리 사용되는 항암제 가운데 하나,신풍생각,2020.02.22.,367
1337,유투브방송 링크나눔,지혜와성실님  암의원인 미세기생충,헤라,2020.02.22.,282
1338,표준 항암제,빈크리스틴,신풍생각,2020.02.22.,366
1339,가입 인사,안녕하세요~~,예들아,2020.02.22.,73
1340,자유게시판,&#65279;구충제로 효과본 분들의 복용 프로토콜 비교,궁을,2020.02.22.,992
1342,유투브방송 링크나눔,크론병,헤라,2020.02.22.,162
1344,질문과 대답(QnA),이버맥틴,수원W홍홍,2020.02.22.,458
1345,가입 인사,가입했어요,2준,2020.02.22.,68
1346,자유게시판,TV조선 기레기 쓰레기 신문 광고 댓글도 못 달게했네요 강퇴 부탁드립니다,풀꽃,2020.02.22.,206
1347,질문과 대답(QnA),니타족사나이드 복용 경험 있으신분 답변좀 부탁해요.,바이칼호수,2020.02.22.,488
1349,자유게시판,메디컬 타임즈 기사,냥가,2020.02.23.,183
1350,니타조사나이드,Nitazoxanide는 낮은 마이크로 몰 농도 (EC 50 = 2.12 μM) 에서 2019-nCoV 를 억제 합니다. 2019-n,신풍생각,2020.02.23.,429
1351,니클로사미드,니클로사미드 항바이러스 임상실험 현황,신풍생각,2020.02.23.,601
1352,니타조사나이드,니타조사나이드 항바이러스 임상 현황,신풍생각,2020.02.23.,751
1353,이버맥틴,이버맥틴 항바이러스 임상현황,신풍생각,2020.02.23.,553
1354,COC프로토콜기타,"메트포르민,독시사이클린 항바이러스 임상실험 현황",신풍생각,2020.02.23.,594
1355,담비,교모세포종-이버멕틴,담비,2020.02.23.,455
1357,가입 인사,안녕하세요.,한발짝더,2020.02.23.,56
1358,가입 인사,반갑습니다.^^,무궁화,2020.02.23.,66
1359,가입 인사,안녕하세요~,해피쌤,2020.02.23.,60
1360,가입 인사,안녕 하세요,경산에살어리,2020.02.23.,98
1361,자유게시판,안부,헤라,2020.02.23.,110
1362,유투브방송 링크나눔,파리장군  오랜만에 올리셨네요,헤라,2020.02.23.,385
1364,자유게시판,니타조나사이드가 우한폐렴에 효과가 있다는 이야기가 있던데,김정민,2020.02.23.,696
1365,만성질환자가임상나누기,이버멕틴과 몸의 긍정적 변화,건강한 몸과 정신,2020.02.23.,657
1366,유투브방송 링크나눔,신풍생각님 구충제 항바이러스임상현황,헤라,2020.02.23.,301
1367,기타 자가임상 후기,이버멕틴후기,헤라,2020.02.23.,947
1368,가입 인사,인사드립니다,K보리수,2020.02.23.,40
1369,자유게시판,내가 먼저 행복해야 합니다,자유롭게살자,2020.02.23.,80
1370,정보 공유,비타민C고용량과 신종코로나,아름아빠,2020.02.23.,286
1371,가입 인사,안녕하세요,태비왕자,2020.02.23.,38
1372,가입 인사,가입인사,hgi1004,2020.02.23.,48
1373,가입 인사,가입인사드립니다,과천,2020.02.23.,81
1374,자유게시판,주말 잘들 보내고 계신지요,갸웃갸웃,2020.02.23.,178
1375,가입 인사,안녕하세요,신월 박여사,2020.02.23.,46
1376,가입 인사,안녕하세요,매킨6200,2020.02.23.,34
1377,가입 인사,안녕하세요~,isaccnogari,2020.02.23.,32
1380,가입 인사,가입인사,limbosss,2020.02.23.,31
1381,가입 인사,방갑습니다,개그BJ준,2020.02.23.,39
1383,가입 인사,가입인사,제니,2020.02.23.,49
1384,정보 공유,구입에 관하여..,myroomgo,2020.02.23.,"1,133"
1385,가입 인사,반갑습니다,겸손,2020.02.23.,35
1386,가입 인사,반갑습니다~~^^,white snake,2020.02.23.,38
1387,질문과 대답(QnA),니타조사나이드에 대한 기생충 복용법?,기기구구,2020.02.23.,461
1388,질문과 대답(QnA),전립선암 말기 환자 복용방법 문의드려요.,오년만 더,2020.02.23.,225
1390,가입 인사,안녕하세요,하늘이는,2020.02.23.,35
1391,가입 인사,가입인사,생물연구,2020.02.23.,37
1392,신경 교종세포암,구충제 약물인 니타조사나이드는 말기에 자가포식을 억제하고 교모세포종에서 ING1에 의해 유도된 세포주기 정지를 촉진합니다,신풍생각,2020.02.23.,590
1393,가입 인사,안녕하세요,정하늘,2020.02.23.,31
1394,니타조사나이드,잠재적 항암제로서의 니타조사나이드의 기능적 관점.,신풍생각,2020.02.23.,712
1395,결장 직장암,"기존의 기생충 약물 니타조사나이드 은 전립선 암, 대장 암과 싸울 수 있습니다",신풍생각,2020.02.23.,510
1396,가입 인사,안녕하세요,오늘또,2020.02.23.,34
1397,가입 인사,가입 인사드려요~~,아르미천겸,2020.02.23.,41
1398,암에대한통합정보,"항암제로 구충제의 개편 -- 메벤다졸 , 니클로사미드 및 피르비늄 의 항암 활성",신풍생각,2020.02.23.,355
1400,담비,갑상선암과 메벤다졸의 효과_2020년논문,담비,2020.02.24.,431
1401,가입 인사,가입인사 드립니다.,미서랑,2020.02.24.,63
1402,가입 인사,반갑습니다,빛,2020.02.24.,32
1403,가입 인사,가입했어요,해피하셈,2020.02.24.,34
1404,가입 인사,가입인사 드립니다.,당근쥬스,2020.02.24.,34
1405,가입 인사,안녕하세요~,디오,2020.02.24.,48
1406,가입 인사,안녕하세요~^^,밥죤스짱,2020.02.24.,34
1407,가입 인사,가입 인사 드립니다.,둥이,2020.02.24.,40
1408,질문과 대답(QnA),니타조사나이드 구입처?,밥죤스짱,2020.02.24.,645
1409,가입 인사,니타조사나이드 장기 복용 가능할까요?,둥이,2020.02.24.,731
1410,가입 인사,가입했어요,마하즈냐,2020.02.24.,39
1411,자유게시판,감사합니다  인사드립니다,고고씽,2020.02.24.,70
1415,질문과 대답(QnA),"[정보확인부탁&도움절실] 아스파탐 없는 알벤다졸 약품목록(확인부탁드려요)&췌장암, 간전이, 4기, 만79세 알벤다졸 복용법 궁금합니다.",하늘에내린다,2020.02.24.,766
1416,신풍 생각,<병원이나 약국에서 처방을 받을 수 있는 약에 대한 복약방법 문의 금지>,신풍생각,2020.02.24.,493
1417,가입 인사,반갑습니다.,건빵4탕,2020.02.24.,37
1418,자유게시판,안부,헤라,2020.02.24.,154
1419,질문과 대답(QnA),구충제 복용시..항산화제,흔들꽃,2020.02.24.,384
1420,가입 인사,반갑습니다,대전어쩌다마주친,2020.02.24.,47
1422,자유게시판,첫 항암제 입니다.,프로토TV,2020.02.24.,232
1423,니타조사나이드,바이러스관련 니타조사나이드 복용--오프라벨 복용..,신풍생각,2020.02.24.,"1,262"
1424,가입 인사,가입했어요,디마1,2020.02.24.,45
1425,가입 인사,가입했습니다,한암회,2020.02.24.,37
1427,가입 인사,인사 드립니다.,victas1479,2020.02.24.,46
1428,강직성 척추염(척수염),3개월 알벤다졸 복용 결과,투게더투,2020.02.24.,"2,358"
1429,자유게시판,마음은 그 사람의 중심입니다,자유롭게살자,2020.02.24.,95
1430,자유게시판,한쪽 코에 충농증 증상있어서 알벤다졸 복용 그 후....,티거삼삼,2020.02.24.,287
1432,가입 인사,인사드립니다,생수의강물,2020.02.24.,45
1433,가입 인사,인사드립니다. 꾸벅,허리23,2020.02.24.,57
1435,가입 인사,안녕하세요,미스정,2020.02.24.,56
1436,정보 공유,먹는 무좀약 항암 효과에 대해서,소꼽친구,2020.02.24.,422
1438,질문과 대답(QnA),나타조사나이드 구입처,겸손,2020.02.24.,607
1439,가입 인사,안녕하세요,생각의함정,2020.02.24.,30
1440,암에대한통합정보,암 치료를 위한 이트라코나졸의 용도 변경-- 먹는무좀약의 용도변경,신풍생각,2020.02.25.,751
1441,질문과 대답(QnA),니타조사나이드 여기에서 구매하신 분 있으신가요?,쿠키벨리1,2020.02.25.,723
1442,가입 인사,소중한 정보 감사합니다^^,그러게,2020.02.25.,61
1443,가입 인사,늦었지만...,만만디,2020.02.25.,124
1444,가입 인사,안녕하세요,주영맘,2020.02.25.,61
1445,기타 자가임상 후기,"펜벤, 알벤 11주동안의 부작용(염증반응, 탈모)후 다시 펜벤 시작하다",noor23,2020.02.25.,606
1446,자유게시판,안부,헤라,2020.02.25.,161
1447,가입 인사,안녕하세요^^,바다,2020.02.25.,353
1448,이버맥틴,이버멕틴_논문종합_2020년논문,담비,2020.02.25.,678
1450,니타조사나이드,신종코로나관련 네이처 발표자료(니타조사나이드),신풍생각,2020.02.25.,"1,001"
1451,자유게시판,[공유] WHO 중국에서 뭘 본거야 … ＂전세계가 중국에 빚져＂ 엉뚱한 찬양,내가만드는세상,2020.02.25.,215
1453,만성질환자가임상나누기,이버멕틴과 무좀(1),건강한 몸과 정신,2020.02.25.,726
1454,가입 인사,반갑습니다!,Jkhan,2020.02.25.,40
1456,가입 인사,안녕하세요,amy,2020.02.25.,44
1459,기생충사진공유,구충용 이버멕틴 복용 후 간디스토마? 배출 사례,말콥,2020.02.25.,"1,601"
1460,가입 인사,안녕하세요,허리케인,2020.02.25.,42
1461,질문과 대답(QnA),여기서 구충제라는 것은,허리케인,2020.02.25.,248
1462,가입 인사,안녕하세요!,아real,2020.02.25.,35
1463,자유게시판,인생에서 정말 소중한 것,자유롭게살자,2020.02.25.,137
1465,가입 인사,안녕하세요~ 반갑습니다.,아공이,2020.02.25.,56
1466,가입 인사,안녕하세요?,연두,2020.02.25.,39
1467,가입 인사,안녕하세요,용산동,2020.02.25.,53
1468,질문과 대답(QnA),니타조사나이드,건강하게살자,2020.02.25.,485
1471,가입 인사,가입인사,록희,2020.02.26.,26
1472,가입 인사,가입인사합니다,wang4263,2020.02.26.,34
1473,질문과 대답(QnA),안녕하세요 저좀도와주세요~,이루리,2020.02.26.,777
1475,가입 인사,가입인사,kyueok93,2020.02.26.,27
1476,가입 인사,가입했습니다,칸나,2020.02.26.,42
1477,가입 인사,가입인사드립니다,구구,2020.02.26.,43
1478,가입 인사,안녕하세요,rivers0811,2020.02.26.,41
1479,가입 인사,인사올립니다,라벤다,2020.02.26.,76
1480,자유게시판,안부,헤라,2020.02.26.,101
1481,가입 인사,반갑습니다,tweeze,2020.02.26.,40
1483,자유게시판,이버멕틴좀사고싶은데요,사랑하는사람들,2020.02.26.,313
1484,유투브방송 링크나눔,암의 원인은 미세기생충2부,헤라,2020.02.26.,276
1485,가입 인사,카페 이름대로 되기를 소망하면서 가입하였습니다.,의암호,2020.02.26.,97
1486,가입 인사,안녕하세요  반갑습니다 ㅎ,바이올렛,2020.02.26.,40
1487,담비,전립선암_메벤다졸_2020년 논문,담비,2020.02.26.,378
1488,자유게시판,니클로사마이드,나이가라 반갑습니다,2020.02.26.,961
1489,유투브방송 링크나눔,펜벤다졸과 다른 약들에성분,헤라,2020.02.26.,244
1490,질문과 대답(QnA),항암과 수술앞둔 여동생,sherena303,2020.02.26.,206
1491,유투브방송 링크나눔,헨섬킴 재롱떨기 ㅎ,헤라,2020.02.26.,166
1492,가입 인사,안녕하세요. 가입했어요.,올치,2020.02.26.,30
1493,기타 자가임상 후기,발톱 무좀 변화,배바다,2020.02.26.,588
1494,정보 공유,CBD오일에 대한 획기적인 소식,궁을,2020.02.26.,461
1495,가입 인사,가입했습니다,흐으름,2020.02.26.,40
1497,질문과 대답(QnA),알벤다졸 먹었는데 술 먹어도 될까요?,3겹,2020.02.26.,330
1498,질문과 대답(QnA),전립선암 척추뼈 전이,vgak907,2020.02.26.,262
1499,자유게시판,행복을 얻는 기술,자유롭게살자,2020.02.26.,71
1500,가입 인사,가입인사드립니다.,둘로스65,2020.02.26.,168
1501,가입 인사,가입인사 드립니다.,과즙통통,2020.02.27.,86
1502,가입 인사,가입 인사 드립니다..,헤라스,2020.02.27.,52
1503,질문과 대답(QnA),프라지콴텔 중국제 써보신분 있으세요?,noor23,2020.02.27.,206
1505,질문과 대답(QnA),펜벤 과 메벤의 차이점은....,나사조,2020.02.27.,328
1506,정보 공유,"[공유] 카나비노이드,THC, CBD,  카나비노이드 수용체,  엔도 카나비노이드",궁을,2020.02.27.,153
1507,정보 공유,약학정보원 홈페이지,솔비,2020.02.27.,188
1508,자유게시판,안부,헤라,2020.02.27.,115
1509,가입 인사,가입인사드립니다,덤보,2020.02.27.,42
1510,유투브방송 링크나눔,애나님 말씀에 동의합니다,헤라,2020.02.27.,414
1511,질문과 대답(QnA),트리아 자비린?,경산에살어리,2020.02.27.,209
1512,가입 인사,안녕하세요,로즈자스민,2020.02.27.,53
1513,담비,자궁내막증_니클로사마이드_염증,담비,2020.02.27.,644
1515,유투브방송 링크나눔,지혜와성실님 현재상태,헤라,2020.02.27.,451
1516,자유게시판,[오후생각] 당신 몸속 기생충 있다고 저는 확신합니다.,화창한오후,2020.02.27.,321
1518,자유게시판,지금이 제철인 당근쥬스  새로운세포생성  1인자..,잘싸먹자,2020.02.27.,325
1519,가입 인사,가입인사드려요~,건강하자요,2020.02.27.,36
1520,가입 인사,독시 싸이클린 복용하고싶은데 구입할수있는곳이나 가격 알고싶어요,인천 꽃길만,2020.02.27.,407
1521,정보 공유,간에 좋은 밀크씨슬,성뷔,2020.02.27.,294
1522,질문과 대답(QnA),사상충 관련 자료,기기구구,2020.02.27.,297
1523,기타 자가임상 후기,나의 가슴사이에 썩은냄새없애자.- 알벤다졸,잘싸먹자,2020.02.27.,"1,019"
1524,정보 공유,난소암발병 새 원인 찾았다,고고싱고,2020.02.27.,440
1526,가입 인사,항암 하는게 좋을까요?,cjftod9956,2020.02.28.,309
1528,가입 인사,가입인사. 드립니다. 꾸벅,서거리,2020.02.28.,61
1530,유투브방송 링크나눔,신풍생각님 의 표준치료  이야기,헤라,2020.02.28.,271
1531,정보 공유,문의합니다,구구,2020.02.28.,117
1532,가입 인사,림프종,chzh8641,2020.02.28.,185
1533,질문과 대답(QnA),문의드립니다.,불로장수,2020.02.28.,80
1534,니타조사나이드,어린이장내기생충감염_니타조사나이드,담비,2020.02.28.,890
1535,가입 인사,잘부탁드립니다.,조은데이,2020.02.28.,98
1536,가입 인사,가입인사,서울지이크,2020.02.28.,32
1537,자유게시판,안부,헤라,2020.02.28.,135
1538,가입 인사,안녕하세요~^^,덕이랑,2020.02.28.,60
1539,가입 인사,안녕하세요~,윈드메니아,2020.02.28.,123
1540,유투브방송 링크나눔,이지현작가님  집밥혁명,헤라,2020.02.28.,226
1542,가입 인사,반갑습니다^^  유투버보고 왔습니다,정법강의짱,2020.02.28.,76
1544,자유게시판,입이 써요~,윈드메니아,2020.02.28.,118
1545,가입 인사,안녕하세요.,바빌론 부자,2020.02.28.,47
1547,질문과 대답(QnA),인디아마트 통관 문의 드립니다.,바빌론부자,2020.02.28.,980
1548,가입 인사,안녕하세요~,얼음배,2020.02.28.,48
1549,만성질환자가임상나누기,"만성 아토피, 22mg 이버멕틴 2차 테스팅 (완료)",건강한 몸과 정신,2020.02.28.,736
1550,가입 인사,안녕하세요?,늘벗소리,2020.02.28.,83
1551,기타 자가임상 후기,내몸에 기생충을 몰아냈더니 이놈이 할리웃에 가 오스카를 휩쓸었네요^^,늘벗소리,2020.02.28.,292
1552,가입 인사,안녕하세요 가입인사드립니다,최고문,2020.02.28.,62
1553,자유게시판,다 그런 재미로 살아간다,자유롭게살자,2020.02.28.,134
1554,가입 인사,어깨통증에 효과 있는 구충제가 있을까요,이쁜허브,2020.02.28.,502
1555,질문과 대답(QnA),신풍님께 여쭙니다~,암 안녕,2020.02.28.,315
1556,자유게시판,알벤 메벤 펜벤 ..다 드시고 계신데 ..,김웅이83,2020.02.28.,610
1557,유투브방송 링크나눔,헨섬킴  가짜뉴스~~다친다,헤라,2020.02.28.,426
1560,질문과 대답(QnA),기능의학병원,방방붕방,2020.02.28.,291
1561,자유게시판,펜벤을 구할수있을까요?,미즈온,2020.02.28.,395
1563,유투브방송 링크나눔,이버멕틴 인류를구하다,헤라,2020.02.29.,389
1564,자유게시판,안부,헤라,2020.02.29.,125
1565,담비,삼중음성유방암_베르베린의 효과,담비,2020.02.29.,404
1567,정보 공유,두통약 먹으려다 검색해본 정보,고고싱고,2020.02.29.,296
1568,가입 인사,가입인사 드립니다.,아연수,2020.02.29.,53
1569,자유게시판,ALP수치 급상승,야베스,2020.02.29.,583
1572,질문과 대답(QnA),알벤다졸 질문합니다,3겹,2020.02.29.,287
1573,질문과 대답(QnA),알벤다졸 소독제,겸손,2020.02.29.,307
1574,자유게시판,해답은 당신 가슴 속에 있다,자유롭게살자,2020.02.29.,123
1577,가입 인사,안녕하세요.,조하요,2020.02.29.,69
1578,자유게시판,딸 mri못하러가요~,헤라,2020.02.29.,443
1579,질문과 대답(QnA),알벤다졸 코세척 하시는 분!!,이천댁런런어뭉,2020.02.29.,514
1580,자유게시판,항암구충제,harrypotty3,2020.02.29.,438
1584,질문과 대답(QnA),피르비늄 복용 질문요,알천형,2020.03.01.,413
1585,자유게시판,안부,헤라,2020.03.01.,96
1586,담비,난소암_니클로사마이드_2019년,담비,2020.03.01.,422
1587,가입 인사,가입인사드려요,천상의보이스,2020.03.01.,51
1588,정보 공유,벤다졸 구충제와 비타민c,바다,2020.03.01.,450
1589,가입 인사,가입인사 드립니다,미누7777,2020.03.01.,73
1590,가입 인사,안녕하세요..가입인사드릴게요,미야뿡,2020.03.01.,122
1592,가입 인사,가입인사 드립니다.,자유로운여행자,2020.03.01.,53
1593,자유게시판,봄이 오니 들밭에 냉이 캐러 많이 다니시는데...,궁을,2020.03.01.,282
1595,질문과 대답(QnA),니코로사마이드,기기구구,2020.03.01.,318
1596,자유게시판,코로나 예방법,루루,2020.03.01.,183
1597,자유게시판,좀 섭섭하네요.(디스토시드),루루,2020.03.01.,643
1600,유투브방송 링크나눔,신풍생각님에..신천지와코로나19,헤라,2020.03.01.,307
1601,궁을,1950년대와 1990년대 작물의 영양소 차이,궁을,2020.03.01.,185
1602,자유게시판,항문암 통증 줄인방법...,프로토TV,2020.03.01.,285
1603,가입 인사,가입인사드립니다,마르치아나,2020.03.01.,42
1604,가입 인사,가입인사 드립니다.,Jehovah Nissi,2020.03.01.,53
1605,가입 인사,가입인사,dnjsgusdhr57,2020.03.01.,37
1606,질문과 대답(QnA),이버맥틴 부작용에 관한 질문 드립니다~,Jehovah Nissi,2020.03.02.,"1,173"
1607,자유게시판,모든 희망은 절실함과 실천으로 이루어진다,자유롭게살자,2020.03.02.,109
1608,가입 인사,가입. 인사 드립니다~,둔팅이,2020.03.02.,82
1609,궁을,암과 파이토케미컬,궁을,2020.03.02.,182
1610,자유게시판,안부,헤라,2020.03.02.,123
1611,질문과 대답(QnA),니클로마사이드,수원W홍홍,2020.03.02.,465
1612,가입 인사,가입인사 드립니다,이고득락,2020.03.02.,40
1613,가입 인사,가입인사 드립니다.,햄버거,2020.03.02.,76
1615,자유게시판,췌장암 ..당뇨 ..,미야뿡,2020.03.02.,675
1616,가입 인사,인사드립니다,다함께 감사로,2020.03.02.,51
1617,자유게시판,대단한 인기카페를 소개 해 드립니다.,분홍앵초,2020.03.02.,647
1618,자유게시판,즐거움도 행복도 가장 가까운 곳에 있다,자유롭게살자,2020.03.02.,55
1619,유투브방송 링크나눔,암의원인은 미세기생충3부,헤라,2020.03.02.,216
1620,자유게시판,신부전 부작용 후 구충제 요법,보호자 창원언니,2020.03.02.,168
1621,자유게시판,속쌍합니다. 코로나 때문에요.,분홍앵초,2020.03.02.,238
1622,가입 인사,반갑습니다.,HMCH,2020.03.02.,51
1623,자유게시판,다시봐도 좋은소식,프로토TV,2020.03.02.,229
1624,담비,교모세포종_베르베린_커큐민,담비,2020.03.02.,345
1625,질문과 대답(QnA),프로폴리스/비타민C 효과,기기구구,2020.03.02.,317
1626,궁을,비료도 퇴비도 없이 작물이 어떻게 자라나요?,궁을,2020.03.02.,238
1628,가입 인사,가입인사,구름나무,2020.03.02.,58
1631,가입 인사,반갑습니다,kkkk7,2020.03.03.,41
1632,가입 인사,가입인사드립니다.,명쾌,2020.03.03.,40
1633,질문과 대답(QnA),인도산 이버맥틴,수원W홍홍,2020.03.03.,456
1634,자유게시판,안부,헤라,2020.03.03.,129
1635,기타 자가임상 후기,딸 이버멕틴 다시또 시작 다른분폐암후기두있어요~,헤라,2020.03.03.,"1,192"
1636,가입 인사,안녕하세요^^,루나제이,2020.03.03.,104
1638,질문과 대답(QnA),구충제 복용,미소랑,2020.03.03.,299
1640,구매정보게시판(물건배송확인후),우리 카페에 사기꾼들이 활동을 하나봅니다.  해결됨..,신풍생각,2020.03.03.,960
1641,기타 자가임상 후기,니타조사나이드 노란색,헤라,2020.03.03.,774
1642,가입 인사,안녕하세요 반가워요,아빠힘내요,2020.03.03.,417
1643,암에대한통합정보,항 박테리아(사이클로피록스)제도 항암기전을 가지고 있군요.,신풍생각,2020.03.03.,158
1644,가입 인사,함께 힘내요,hanik10,2020.03.03.,102
1645,유투브방송 링크나눔,알약모독..이버멕틴..관한글,헤라,2020.03.03.,394
1646,가입 인사,안녕하세요~,Ryan23,2020.03.03.,89
1647,자유게시판,벤다졸류와 흑호두 삼총사 같이 복용해도되나요,새별바라기,2020.03.03.,356
1649,자유게시판,니클로사미드 구매방법?,새별바라기,2020.03.03.,398
1650,가입 인사,가입인사,가을이 좋아,2020.03.04.,46
1651,자유게시판,조언 부탁드립니다.,가을이 좋아,2020.03.04.,275
1652,가입 인사,피르비늄,서거리,2020.03.04.,290
1653,가입 인사,폐암세포80%죽였다,ganet050400,2020.03.04.,364
1654,자유게시판,헬리콕박터,parkjw106289,2020.03.04.,262
1655,자유게시판,닉네임에 대해~,궁을,2020.03.04.,137
1656,"벤지미다졸체험기, 희망나누기",완료))CBD오일 팝니다.,파란하늘9,2020.03.04.,361
1657,자유게시판,안부,헤라,2020.03.04.,137
1658,가입 인사,가입인사 드립니다..,skywave,2020.03.04.,47
1659,자유게시판,배트남 직구에 관하여~~,분홍앵초,2020.03.04.,471
1660,기타 자가임상 후기,이버멕틴 후기,헤라,2020.03.04.,646
1661,가입 인사,디스토시드복용,cjftod9956,2020.03.04.,325
1662,담비,베르베린_항암효과_2019,담비,2020.03.04.,381
1664,자유게시판,2100명 오셨습니다~~~♡,헤라,2020.03.04.,223
1665,가입 인사,가입인사 드립니다.,22dolphin,2020.03.04.,59
1666,기타 자가임상 후기,입술물집 개인변화_헤르페스 바이러스에 대해서,화창한오후,2020.03.04.,252
1669,유투브방송 링크나눔,20주차..근황보고,헤라,2020.03.04.,302
1670,가입 인사,안녕하세요? 신장암 환자 가족입니다.,감사,2020.03.04.,135
1671,자유게시판,가려움증,미야뿡,2020.03.04.,192
1672,질문과 대답(QnA),구충제 복용시간,미소랑,2020.03.04.,159
1673,가입 인사,가입 인사 드립니다,햇살가득,2020.03.04.,60
1674,질문과 대답(QnA),기생충 사체 독소 배출-러시아 알로홀 드셔보신 분 계신가요?,감사,2020.03.04.,424
1675,가입 인사,가입인사 드립니다,freefroms,2020.03.04.,73
1677,벤지미다졸 질문 게시판,이버맥틴 구매,dhcksgur13,2020.03.04.,606
1681,가입 인사,반갑습니다.,here3426,2020.03.04.,74
1682,자유게시판,이버멕틴 복용법,야베스,2020.03.04.,808
1683,자유게시판,세상 사는 세가지 지혜,자유롭게살자,2020.03.04.,94
1684,질문과 대답(QnA),어머니가 유방암2기이신데 혈당이,기기구구,2020.03.04.,190
1685,자유게시판,긴급 제안합니다,풀꽃,2020.03.04.,394
1686,자유게시판,지인 혈액암,썬앤,2020.03.04.,310
1687,자유게시판,신풍생각님 이하 유튜버님들께 감사인사 드리는법~!,분홍앵초,2020.03.04.,326
1688,질문과 대답(QnA),이버멕틴도 기름과 먹어야 하나요??,산하,2020.03.04.,534
1692,유투브방송 링크나눔,예전에는 기생충홍보가 굿이네요^^,헤라,2020.03.04.,186
1693,자유게시판,니타조사나이드 구입..,산하,2020.03.04.,476
1694,자유게시판,제가 올린 니타조사나이드 나눔글을 삭제하신 이유가 뭔지 알고 싶습니다,freefroms,2020.03.05.,496
1695,만성간염,B형 간염 기존 자료를 간단히 정리,모여라,2020.03.05.,654
1696,자유게시판,서울나들이,천상의보이스,2020.03.05.,114
1697,자유게시판,약관련의견 기타의견..카페에 바라는점,헤라,2020.03.05.,387
1698,자유게시판,좋은 마음 응원하는마음,서거리,2020.03.05.,81
1699,자유게시판,안부,헤라,2020.03.05.,115
1700,이버맥틴자가임상후기,이버멕틴 10일간 연속복용,궁을,2020.03.05.,"1,976"
1701,자유게시판,행복을 부르는 주문,자유롭게살자,2020.03.05.,84
1702,기타 자가임상 후기,이버맥틴  한알 먹고 후기 (재복용 안할생각임),샛별같이,2020.03.05.,664
1703,자유게시판,이제 약을 구하기 어려울수도 있습니다. (참고하세요 ~),치우천왕,2020.03.05.,563
1705,정보 공유,혈액검사 받았늣데.한번 봐주세요?,소꼽친구,2020.03.05.,175
1706,가입 인사,타목시펜 부작용에 대하여,긍정의 힘,2020.03.05.,173
1707,자유게시판,전립선 암에 효과 보신분,우암,2020.03.05.,180
1708,자유게시판,약 구하기 점점 힘들어 지네요.,가을이 좋아,2020.03.05.,613
1710,자유게시판,의사 271명중 270명은 항암제 거부,토마린,2020.03.05.,531
1711,자유게시판,"될수 있으면 제철,  자연산으로 많이 드세요",궁을,2020.03.05.,311
1713,자유게시판,이제 믿을껀 구충제뿐인가봐요.,모락산호랑이,2020.03.05.,386
1714,가입 인사,안녕하세요.,냥이엄마,2020.03.05.,87
1715,질문과 대답(QnA),크론병 환자입니다.,냥이엄마,2020.03.05.,489
1718,자유게시판,아버지 항암1차 후기,갸웃갸웃,2020.03.05.,276
1719,질문과 대답(QnA),저희어머님이 내분비세포암(소세포암)4기이신데요..,행운의여신쩡,2020.03.05.,193
1720,자유게시판,안녕하세요 유튜버 핸섬킴입니다^^,핸섬킴,2020.03.05.,484
1723,이버맥틴자가임상후기,(일반인)이버멕틴 1회 복용후 미세한 몸 변화는?,뾰뾰뾰쭁쭁쭁,2020.03.06.,659
1724,가입 인사,안녕하세요,삼남매홧팅,2020.03.06.,91
1725,질문과 대답(QnA),메벤다졸 100mg 먹는법,별총총,2020.03.06.,449
1726,자유게시판,안부,헤라,2020.03.06.,135
1728,자유게시판,"코로나 창궐 이때에 열감기몸살-췌장암,간전이,복막전이,림프전이의심",잘싸먹자,2020.03.06.,993
1729,질문과 대답(QnA),혹시 이게 뭔지 아시는분 계실까요?,햄버거,2020.03.06.,328
1730,자유게시판,이러구 불때고 있어요..ㅋ,잘싸먹자,2020.03.06.,391
1731,가입 인사,니타조사나이드 복용방법과 기간은 ?,그래도봄은온다,2020.03.06.,539
1732,가입 인사,플루벤다졸 현탁액 드시는분요?,그래도봄은온다,2020.03.06.,225
1733,질문과 대답(QnA),펜벤 이버엑틴 조합 어떻가요?,모락산호랑이,2020.03.06.,407
1734,담비,난소암-이버멕틴-2020년,담비,2020.03.06.,554
1735,유투브방송 링크나눔,암의원인은 미세기생충,헤라,2020.03.06.,254
1736,가입 인사,가입인사합니다.,지혀인,2020.03.06.,64
1737,유투브방송 링크나눔,닥터심 에이즈 완치케이스,헤라,2020.03.06.,228
1738,자유게시판,수술전인데 구충제는 언제 먹으면 될까요?,이상한 나라의 앨리스,2020.03.06.,282
1739,자유게시판,좋은 소식전합니다,고딩이,2020.03.06.,512
1740,만성질환자가임상나누기,각각의 복용법 좀 알려 주세요!!,donachung,2020.03.06.,510
1741,자유게시판,감사합니다 ㅠㅠ,미야뿡,2020.03.06.,380
1742,자유게시판,"비타민c, 독시사이클린, 구충제 칵테일 해봤습니다.",밀키엠케이,2020.03.06.,773
1743,유투브방송 링크나눔,피부와눈을기어다는 기생충,헤라,2020.03.06.,540
1745,암에대한통합정보,사카린의 항암효과,신풍생각,2020.03.07.,282
1746,자유게시판,구충제 와 오일복용,서거리,2020.03.07.,268
1747,이버맥틴,이버멕틴으로 아토피를 치료한 놀라운 사례,궁을,2020.03.07.,"1,140"
1748,비타민 C,가장 완벽한 구충제,궁을,2020.03.07.,"1,070"
1749,자유게시판,안부,헤라,2020.03.07.,90
1750,자유게시판,도와주세요! 두드러기가 심합니다!,감사,2020.03.07.,262
1751,기타 자가임상 후기,이버멕틴후기,헤라,2020.03.07.,"1,046"
1752,담비,삼중음성유방암_알벤다졸_2019,담비,2020.03.07.,414
1753,자유게시판,냉이  굿  궁을님 감사합니다,헤라,2020.03.07.,165
1754,자유게시판,알벤2주차끝나고 가려움 문의요?,사랑하는사람들,2020.03.07.,260
1755,유투브방송 링크나눔,샤카린의 항암효과,헤라,2020.03.07.,263
1756,자유게시판,암치료 구충제복용하는법,헤라,2020.03.07.,"1,201"
1758,자유게시판,암치료 구충제복용하는법,꽃길애경71,2020.03.07.,156
1759,가입 인사,인사드립니다.,로마휴일,2020.03.07.,77
1760,자유게시판,약국 털어왔어요 ㅎㅎ,아빠힘내요,2020.03.07.,619
1761,자유게시판,당신은 누군가에게 위로가 되어주는 사람입니다,자유롭게살자,2020.03.07.,89
1762,가입 인사,안녕하세요.. 유튭 신풍님 글 보고 여기까지 오게 되었습니다.,행복꾸러미,2020.03.07.,114
1763,질문과 대답(QnA),어머니 폐암4기 판정한달조금 넘었어요,미니미니,2020.03.07.,369
1764,자유게시판,이버맥틴,미야뿡,2020.03.07.,433
1765,가입 인사,닉 네임 바꾸고 신고를 못 했네요.ㅎ,우리,2020.03.07.,145
1767,가입 인사,안녕하세요.,밀털,2020.03.07.,50
1768,궁을,면역력회복 방안(2),궁을,2020.03.07.,343
1769,유투브방송 링크나눔,항암제와 구충제 똑똑하게 활용하기,헤라,2020.03.07.,365
1770,가입 인사,반갑습니다,아네아,2020.03.07.,67
1771,질문과 대답(QnA),영어잘하시는분들 도움 요청합니다.,기기구구,2020.03.07.,356
1773,질문과 대답(QnA),비타민주사/복수/복용계획 질문,가암자,2020.03.08.,257
1775,기타 자가임상 후기,암센터의이버멕틴,헤라,2020.03.08.,454
1778,자유게시판,이거 국립암센타..이버멕틴특허,헤라,2020.03.08.,526
1779,자유게시판,헌이불 좀 기부해 주세요~(마감. 그만 주세요 ^^ 나눔주시는 분들께 감사드립니다),궁을,2020.03.08.,331
1780,자유게시판,안부,헤라,2020.03.08.,125
1781,담비,췌장암_알벤다졸_2020,담비,2020.03.08.,712
1782,자유게시판,1차항암으로,갸웃갸웃,2020.03.08.,213
1783,기타 자가임상 후기,확인 부탁합니다,임한성 입니다,2020.03.08.,511
1784,자유게시판,사기꾼신고방,헤라,2020.03.08.,938
1785,질문과 대답(QnA),메벤다졸 구입에 도움을 구합니다~,Jehovah Nissi,2020.03.08.,552
1786,정보 공유,[공유] 지인한테 카톡으로 받은 글입니다. ~,치우천왕,2020.03.08.,616
1787,자유게시판,코로나 예방 및 치료에 효과적인 비타민C,루루,2020.03.08.,180
1790,자유게시판,인생은 내일도 계속된다,자유롭게살자,2020.03.08.,62
1791,자유게시판,누군가가 이버멕틴 구매해보라고 하여,잘싸먹자,2020.03.08.,716
1793,자유게시판,왜 글을삭제되었을까요?,헤라,2020.03.08.,439
1794,자유게시판,하사랑 이라는분 누구신데..글을 삭제했나요?,헤라,2020.03.08.,538
1795,자유게시판,삭제글 복구했습니다.,신풍생각,2020.03.08.,422
1796,질문과 대답(QnA),구토증상..ㅠㅠ,미니미니,2020.03.08.,225
1797,암에대한통합정보,펜벤다졸 복용시 반드시 비타민E와 같이 복용이 필요한 이유의 근거 논문,신풍생각,2020.03.08.,488
1800,자유게시판,니타조사나이드 이버맥틴 둘중 어떤거 먼저 복용 하면 될가요???,아르미천겸,2020.03.09.,419
1801,자유게시판,안부,헤라,2020.03.09.,115
1802,자유게시판,카페스텝 관련글,헤라,2020.03.09.,253
1803,자유게시판,프리바이오틱스 복용 간단후기,궁을,2020.03.09.,364
1804,자유게시판,비타민c로 코로나19를 치료할수 있는 임상을 할수 있게 청원 부탁합니다.,스모리,2020.03.09.,124
1805,자유게시판,이버맥틴 연속 2일차,미야뿡,2020.03.09.,875
1806,자유게시판,움직이고. 운동의 필요성,서거리,2020.03.09.,160
1807,가입 인사,안녕하세요,anrndghk,2020.03.09.,40
1808,가입 인사,안녕하세요~,봄차룬,2020.03.09.,46
1810,질문과 대답(QnA),알벤다졸 복용,반지하누렁이,2020.03.09.,470
1811,자유게시판,하루하루가 소중하네요,햄버거,2020.03.09.,164
1812,질문과 대답(QnA),난소육종암 복용계획 봐주세용!!,가암자,2020.03.09.,262
1813,이버맥틴자가임상후기,"이버멕틴 1일차 후기-알벤 2알, 메벤 2알  : 췌장암,간전이, 림프전이",잘싸먹자,2020.03.09.,589
1814,자유게시판,구충제 나눠서 구매하실분 계신가요 (마감),새별바라기,2020.03.09.,459
1815,자유게시판,사과드립니다_DAMBI,담비,2020.03.09.,487
1817,정보 공유,죄송합니다.,myroomgo,2020.03.09.,328
1819,자유게시판,오늘 점심은,분홍앵초,2020.03.09.,317
1820,유투브방송 링크나눔,신풍생각님에 이버멕틴 자가임상,헤라,2020.03.09.,589
1821,구매정보게시판(물건배송확인후),인도 직구에 대해서,여수등대지기,2020.03.09.,661
1822,자유게시판,보조제 남용(?)해도 괜찬을지,작은할배,2020.03.09.,297
1823,자유게시판,이버맥틴  나눔해주실분 있나요?,바다,2020.03.09.,440
1824,자유게시판,프리바이오틱스 세분 발송했습니다,궁을,2020.03.09.,271
1825,질문과 대답(QnA),펜벤500 증량후?,모락산호랑이,2020.03.09.,335
1826,가입 인사,기생충으로인한 아토피,삼남매홧팅,2020.03.09.,"1,190"
1828,자유게시판,셀레나제 주사,보호자 창원언니,2020.03.09.,206
1829,기타 자가임상 후기,"될수 있으면 제철, 자연산으로 많이 드세요",배바다,2020.03.09.,95
1830,암에대한통합정보,암세포 죽이는 가장 쉬운 법. NK세포 활성화 방법. nk세포 음식. 암 안걸리는법,궁을,2020.03.10.,363
1831,자유게시판,안부,헤라,2020.03.10.,115
1832,자유게시판,메벤다졸 하루 2000 mg 괜찮을까요?,감사,2020.03.10.,338
1833,담비,비소세포폐암_베르베린_2019년,담비,2020.03.10.,392
1834,자유게시판,닥터심. 사람구충제 항암작용있다,헤라,2020.03.10.,286
1835,유투브방송 링크나눔,구충제 항암치료,헤라,2020.03.10.,355
1836,이버맥틴자가임상후기,"이버멕틴2일차 후기-췌장암,간전이,복막전이,림프전이",잘싸먹자,2020.03.10.,467
1837,기타 자가임상 후기,자가임상결과..신풍님과..울회원님들과공유,헤라,2020.03.10.,814
1838,가입 인사,안녕하세요,박꼼양,2020.03.10.,57
1839,자유게시판,아버지께서 소세포암진단을받았습니다.,박꼼양,2020.03.10.,152
1840,기타 자가임상 후기,니타->니클->디스토시드 후 뭘 먹어야할지; (수정 밀크씨슬 매일 1알 복용),가이아,2020.03.10.,468
1841,가입 인사,안녕하세요. 가입인사 드립니다.,비밀병기,2020.03.10.,57
1842,가입 인사,피검사  할 때는  복용중단을 해야 합니까?,우리,2020.03.10.,229
1843,가입 인사,안녕 하세요! 가입 인사 드립니다.,참소아,2020.03.10.,105
1844,자유게시판,마음은 가장 소중한 재산입니다,자유롭게살자,2020.03.10.,79
1845,기타 자가임상 후기,프라지콴텔 (디스토시드)후기,서울C재벌,2020.03.10.,945
1846,자유게시판,[오후생각] 사자에게 걸어가 목숨을 스스로 끊은 영양,화창한오후,2020.03.10.,213
1847,기타 자가임상 후기,"간해독(간청소,간정화) 자가임상 공유합니다.(지인 임상 대신 올립니다)",신풍생각,2020.03.10.,"2,038"
1849,가입 인사,가입인사 드립니다.,aace7912,2020.03.10.,55
1850,자유게시판,꾸러미 발송용 채소모종 정식을 시작했습니다,궁을,2020.03.10.,154
1851,자유게시판,궁을님의 일품 돼지감자!,새별바라기,2020.03.10.,234
1853,가입 인사,안녕하세요. 가입인사 드립니다.,몽실,2020.03.10.,64
1854,자유게시판,궁을님~귀한 돼지감자 ㅠㅠ,미야뿡,2020.03.10.,181
1855,정보 공유,같이 축하합시다..미리축하.. 정말 대단한 카페이군요..,신풍생각,2020.03.10.,659
1856,자유게시판,이버멕틴 매일 6mg,풍암 1113,2020.03.10.,355
1857,질문과 대답(QnA),Coc프로토콜,rladudtjs4772,2020.03.10.,488
1858,질문과 대답(QnA),"이버멕틴, 어떤걸로 먹어야 하나요?",북한강,2020.03.11.,428
1859,자유게시판,닉네임 변경이요~,건강60,2020.03.11.,134
1860,질문과 대답(QnA),알로홀 복용기간,로즈경,2020.03.11.,496
1861,자유게시판,하루빨리 완치되기를 바라며...,프로토TV,2020.03.11.,417
1862,자유게시판,펜밴다졸이 안맞나봅니다,geam2433,2020.03.11.,629
1863,자유게시판,당. 독. 소 제거법,서거리,2020.03.11.,168
1864,가입 인사,안부,헤라,2020.03.11.,93
1865,자유게시판,인도의 유명 제약회사,나이가라 반갑습니다,2020.03.11.,650
1866,자유게시판,"또하나의 치료방법, 나만의 가원 가꾸기",궁을,2020.03.11.,267
1868,이버맥틴자가임상후기,"이버멕틴 3일차 후기-췌장암,간전이,복막전이,림프전이",잘싸먹자,2020.03.11.,460
1869,가입 인사,닉네임변경합니다.,내짝꿍홧팅,2020.03.11.,91
1870,정보 공유,임산부는 절대 고양이 똥 치우면 안됨. 톡소프라즈마 곤디에 대해서,화창한오후,2020.03.11.,196
1871,정보 공유,국립암센터의 두얼굴,Ryan23,2020.03.11.,331
1872,기타 자가임상 후기,이버멕틴관하여,헤라,2020.03.11.,"1,290"
1873,가입 인사,엄청난.테러같은 기생충종류에 ㅠ ㅠ ㅠ,그래도봄은온다,2020.03.11.,369
1874,가입 인사,이제서야 인사드립니다..죄송해유,긍정적마인드 이애란,2020.03.11.,459
1876,자유게시판,모두 힘내세요💗,샛별,2020.03.11.,188
1877,구매정보게시판(물건배송확인후),인도 직구 배송 현황 3월11일현재..발송준비에서 꼼짝도 안함,신풍생각,2020.03.11.,899
1878,자유게시판,소아암환자에게 마스크 지원,hozho,2020.03.11.,145
1879,자유게시판,이버멕틴 복용 다음날 혈액검사,미야뿡,2020.03.11.,"1,302"
1880,자유게시판,암 유전자 검사,음전위,2020.03.11.,211
1881,자유게시판,구매 List 입니다 -- 인도에 구매 발주 했어요,투게더투,2020.03.11.,361
1884,가입 인사,안녕하세요 잘부탁드립니다,일뭉,2020.03.11.,89
1887,자유게시판,믿을 수 있고 가격도 착한 방사유정란(청계) 소개합니다,궁을,2020.03.11.,306
1889,정보 공유,마그밀 설명서 공유합니다 수산화마그네슘 이군요,신풍생각,2020.03.11.,303
1890,자유게시판,펜벤다졸맞겠죠?ㅜ,박꼼양,2020.03.11.,327
1891,자유게시판,알로홀 구매 원합니다.,허리23,2020.03.11.,321
1892,암에대한통합정보,편평상피세포암,신풍생각,2020.03.11.,349
1893,벤지미다졸논문정보,피부 편평 세포 암종 (SCC) 세포에 대한 Albendazole의 항 종양 효과,신풍생각,2020.03.11.,181
1894,벤지미다졸논문정보,알벤다졸은 비소세포폐암 세포에서 HIF-1α- 의존적 분해 및 VEGF 발현을 억제한다.,신풍생각,2020.03.11.,289
1895,기타 자가임상 후기,항암제와구충제,헤라,2020.03.11.,334
1896,질문과 대답(QnA),혹...이런 사진 올리면 안되나요?,가을이 좋아,2020.03.11.,774
1897,자유게시판,인도 EMS 택배는 가급적 이용하지 마세요.,정록,2020.03.12.,784
1898,질문과 대답(QnA),알벤다졸 논문 설명 및 항암 효과,기기구구,2020.03.12.,236
1899,자유게시판,다들 어디서 구입하세요?,이상한 나라의 앨리스,2020.03.12.,371
1900,담비,난소암_베르베린_2019년,담비,2020.03.12.,376
1901,자유게시판,안부,헤라,2020.03.12.,196
1902,이버맥틴자가임상후기,"이버멕틴 4일차 후기 -췌장암,간전이,복막전이,림프전이",잘싸먹자,2020.03.12.,546
1903,자유게시판,MRI 찍기전 구충제 휴약방법,야베스,2020.03.12.,411
1904,가입 인사,꾸벅,앙심니,2020.03.12.,81
1905,자유게시판,침샘암,대추농사,2020.03.12.,156
1906,가입 인사,항암구충 관련질문,럭키공주,2020.03.12.,606
1907,벤지미다졸 질문 게시판,교모세포종 수술후,아름다운차이,2020.03.12.,371
1908,가입 인사,반갑습니다.,따스함으로,2020.03.12.,47
1910,자유게시판,영어아이디..한글로부탁해요..,헤라,2020.03.12.,230
1911,가입 인사,반갑습니다.,스타월드,2020.03.12.,55
1912,정보 공유,금지된 암 치료법,신풍생각,2020.03.12.,450
1913,자유게시판,아픈 기억을 지우는 지혜,자유롭게살자,2020.03.12.,138
1914,정보 공유,만약 암치료제의 임상을 실패하게 하는 방법,신풍생각,2020.03.12.,635
1915,자유게시판,알벤복용법 문의드려요,사랑하는사람들,2020.03.12.,298
1916,기타 자가임상 후기,가입 인사 드립니다...,dlfgus127,2020.03.12.,483
1917,자유게시판,아디 한글 변경햇어요..,기적을 바라는 아빠,2020.03.12.,145
1919,암 관해사례 정보,이지현작가님 완전관해  유지확인,헤라,2020.03.12.,965
1921,자유게시판,자신에글도..지우지마세요,헤라,2020.03.13.,286
1922,질문과 대답(QnA),니타조사나이드 먹고,별총총,2020.03.13.,821
1923,자유게시판,안부,헤라,2020.03.13.,120
1924,담비,삼중음성유방암_플루벤다졸_2019년,담비,2020.03.13.,335
1925,이버맥틴자가임상후기,"이버멕틴 5일차 임상후기 -췌장암,간,복막,림프전이",잘싸먹자,2020.03.13.,"1,361"
1927,암 관해사례 정보,7분의 완전관해 환자들,푸른마당,2020.03.13.,"1,603"
1928,가입 인사,디스토시드ㅡ잘 처방안해 주나요?,그래도봄은온다,2020.03.13.,479
1930,자유게시판,약..나눔,헤라,2020.03.13.,515
1931,질문과 대답(QnA),"펜벤, 이버, 니클 복용...",써니,2020.03.13.,642
1933,이버맥틴자가임상후기,이버맥틴. 액상으로 복용하시는 분 계신가요?,써니,2020.03.13.,335
1935,이버맥틴자가임상후기,이버멕틴후기,헤라,2020.03.13.,"1,102"
1936,자유게시판,회원.판매하는곳,헤라,2020.03.13.,747
1937,질문과 대답(QnA),안녕하세요  이버멕틴 질문 입니다,맑은중랑,2020.03.13.,651
1939,질문과 대답(QnA),약 주문 후 싸이트 폐쇄,로즈자스민,2020.03.13.,857
1941,기타 자가임상 후기,알벤다졸 복용 후기,반지하누렁이,2020.03.13.,652
1942,가입 인사,반갑습니다..,파작,2020.03.13.,117
1944,정보 공유,만성장염,천상의보이스,2020.03.13.,229
1945,질문과 대답(QnA),흉수에서 이런게 나왔어요.,이천댁런런어뭉,2020.03.13.,859
1946,자유게시판,알벤다졸 후기 올립니다,hewasol,2020.03.13.,861
1947,질문과 대답(QnA),자가면역질환 방지,보호자 창원언니,2020.03.13.,202
1948,벤지미다졸 질문 게시판,내게 주어진 2달,평안,2020.03.14.,976
1949,자유게시판,연하장애.메벤 복용 ㅠㅠ,기적을 바라는 아빠,2020.03.14.,363
1951,자유게시판,명현현상과 부작용,궁을,2020.03.14.,515
1952,자유게시판,안부,헤라,2020.03.14.,153
1953,담비,담도암_이버멕틴_2019년,담비,2020.03.14.,816
1954,이버맥틴자가임상후기,"이버멕틴 6일차 후기-췌장암,간,복막,림프전이",잘싸먹자,2020.03.14.,563
1956,이버맥틴자가임상후기,탈모..희수아빠후기,헤라,2020.03.14.,754
1958,유투브방송 링크나눔,알벤다졸복용법,헤라,2020.03.14.,460
1959,자유게시판,혈압이 낮아서,내짝꿍홧팅,2020.03.14.,173
1960,자유게시판,초고용량으로 가고 있습니다.,암을죽이자,2020.03.14.,"1,187"
1961,자유게시판,이버멕틴,미스치,2020.03.14.,366
1962,자유게시판,우한 코러나의 기원 그리고  탄생의 비밀,분홍앵초,2020.03.14.,221
1963,질문과 대답(QnA),이버멕틴질문,희망과꿈,2020.03.14.,464
1964,가입 인사,안녕하세요 보배맘입니다,보배맘,2020.03.14.,835
1965,자유게시판,하얀 실 같은 기생충 스파르가눔,루루,2020.03.14.,835
1966,자유게시판,병원 마약성 진통제의 심각한부작용,잘싸먹자,2020.03.14.,968
1967,유투브방송 링크나눔,뇌에기생충이있으면...,헤라,2020.03.14.,525
1968,자유게시판,제네릭 의약품의 역할,나이가라 반갑습니다,2020.03.15.,206
1970,유투브방송 링크나눔,메벤다졸 항암임상 실패소식,궁을,2020.03.15.,512
1971,자유게시판,안부,헤라,2020.03.15.,121
1972,궁을,파이토케미컬에 주목해 주세요,궁을,2020.03.15.,160
1973,이버맥틴자가임상후기,"이버멕틴 7일차 임상후기-췌장암,간,복막,림프전이",잘싸먹자,2020.03.15.,757
1974,질문과 대답(QnA),담도암과 이버멕틴,Gulwon,2020.03.15.,643
1976,가입 인사,가입인사 드립니다.,Gulwon,2020.03.15.,71
1977,자유게시판,진통제부작용 극복을위한 운동중,잘싸먹자,2020.03.15.,342
1979,자유게시판,"이버멕틴3일차 솔직후기 (12mg씩 3일 연속복용, 메벤1000mg)",암을죽이자,2020.03.15.,611
1980,가입 인사,안녕하세여~,보령마늘,2020.03.15.,104
1981,가입 인사,보배 자가호흡 된데요,보배맘,2020.03.15.,567
1982,자유게시판,니타조사나이드와 니클로사마이드..?,뽀미마미,2020.03.15.,468
1983,자유게시판,인도에서 복제약 보낼때 처방전 구하는 사이트,다음통과,2020.03.15.,184
1985,니클로사미드,치료 후 진행되는 결장 직장암의 전이성 또는 동기 성 전이 환자에서 경구 적용 니클 로사 마이드의 안전성 및 효능을 조사하기 위한 II 상 시험 : NIKOLO 시험,신풍생각,2020.03.15.,396
1986,질문과 대답(QnA),이버멕틴 여유분 갖고 계신가요???,산하,2020.03.15.,466
1988,자유게시판,궁을님 보내주신걸 이제사 올려요.너무 감사합니다..,잘싸먹자,2020.03.15.,265
1989,기타 자가임상 후기,간 해독 자가임상.. 아주 쉽군요,신풍생각,2020.03.15.,999
1990,벤지미다졸논문정보,진행성 위장 암  .. 의 메벤다졸 임상 결과 Recruitment Status  : Terminated (Lack of effect) 종료 됨 (효과 부족),신풍생각,2020.03.15.,339
1991,자유게시판,갑자기 변을 9번을 봤데요...,내짝꿍홧팅,2020.03.15.,391
1992,질문과 대답(QnA),"소세포폐암에거 간, 임파 전이 / 구충제 복용의 건",미돌 김지선,2020.03.15.,173
1993,궁을,자연농이 뭐예요?(토리튜님께),궁을,2020.03.15.,168
1994,이버맥틴자가임상후기,이버멕틴 후기,헤라,2020.03.15.,762
1995,질문과 대답(QnA),안녕하세요 구매처 알고 싶습니다,그래플러 장인되기,2020.03.15.,297
1997,질문과 대답(QnA),구충목적의 알벤다졸 기간,3겹,2020.03.15.,302
1998,자유게시판,프로폴리스.. 정록님께서..무료나눔,헤라,2020.03.15.,224
1999,자유게시판,간 청소,서거리,2020.03.15.,309
2000,기타 자가임상 후기,헤라님 도움으로 이버맥틴 접하고 후기 1.,써니,2020.03.15.,810
2001,정보 공유,이왕재교수가 건강을 위해 새로운 사실들 최신의 정보를 알려주네요..,신풍생각,2020.03.15.,396
2002,자유게시판,혹시나해서 글 써봅니다~,나비처럼88,2020.03.15.,259
2004,이버맥틴자가임상후기,이버멕딘임상1일차,희망과꿈,2020.03.15.,344
2006,가입 인사,인사드립니다..,민꽁,2020.03.15.,144
2007,이버맥틴자가임상후기,정말 죄송한데 이버멕틴 나눔가능할까요,풍경채 편지,2020.03.16.,451
2008,질문과 대답(QnA),복용후 피검사는 어디서 하는걸까요??,보령마늘,2020.03.16.,170
2009,암 관해사례 정보,구충제 펜벤다졸// 복용 13주에서 완치판정나왔습니다,신풍생각,2020.03.16.,"1,963"
2011,자유게시판,안부,헤라,2020.03.16.,117
2012,가입 인사,안녕하세요,인천바다짠물,2020.03.16.,79
2013,자유게시판,일본과 영국의 이상한 코로나 대응,궁을,2020.03.16.,362
2014,가입 인사,안녕하세요,레버넌트,2020.03.16.,80
2015,자유게시판,아침 메벤,기적을 바라는 아빠,2020.03.16.,314
2016,이버맥틴자가임상후기,"이버멕틴 8회차 임상후기-췌장암,간,복막,림프전이",잘싸먹자,2020.03.16.,491
2017,질문과 대답(QnA),파나쿠어 식전에먹어요? 식후에 먹어요??,보령마늘,2020.03.16.,151
2018,기타 자가임상 후기,비타민e구입방법,풍경채 편지,2020.03.16.,191
2019,자유게시판,cbd 오일 문의,기적을 바라는 아빠,2020.03.16.,287
2020,자유게시판,구충제 복용시 열나는 현상??,미즈온,2020.03.16.,395
2021,궁을,땅에 프로바이오틱스 공급 중,궁을,2020.03.16.,167
2022,기타 자가임상 후기,궁을님의 선물 프리바이오틱스,혜담,2020.03.16.,110
2023,기타 자가임상 후기,궁을님의 선물 프리바이오틱스,혜담,2020.03.16.,209
2024,자유게시판,돼지감자 ^^,미야뿡,2020.03.16.,147
2025,가입 인사,잘부탁드립니다.,초복,2020.03.16.,61
2026,유투브방송 링크나눔,이버멕틴  항암효과,헤라,2020.03.16.,407
2028,질문과 대답(QnA),간식은 뭘 자주 드시나요?,헤븐리 힐링,2020.03.16.,191
2029,질문과 대답(QnA),알벤다졸 복용 3ON 4OFF & 2알 28일 복용,반지하누렁이,2020.03.16.,275
2030,자유게시판,니클로사마이드 공구 했으면 좋갰습니다.,늘자유롭자,2020.03.16.,363
2031,정보 공유,오토파지,롸이언,2020.03.16.,140
2032,자유게시판,대형무덤을 만드는 이란,분홍앵초,2020.03.16.,208
2033,질문과 대답(QnA),간장용제 아데라빈과 펜벤다졸 같이 복용,풍경채 편지,2020.03.16.,65
2034,자유게시판,해외인들의 한국 봉사자들의 칭찬 릴레이 입니다.,분홍앵초,2020.03.16.,97
2035,질문과 대답(QnA),알벤다졸  복용  두통,기적이야,2020.03.16.,287
2036,기타 자가임상 후기,더러운 똥 이야기입니다. _만성설사_니타조사나이드 후기,화창한오후,2020.03.16.,495
2037,이버맥틴자가임상후기,이베멕틴 복용시작,월출산,2020.03.16.,372
2038,자유게시판,다음주부터 마지막 히든카드 들어갑니다.,암을죽이자,2020.03.16.,535
2039,자유게시판,*궁을님이 보내주신 돼지감자 후기*,올바른생활,2020.03.16.,178
2040,가입 인사,가입인사드립니다,봉봉,2020.03.16.,80
2041,유투브방송 링크나눔,김철민.매일기적,헤라,2020.03.16.,397
2043,자유게시판,오늘 밥 잘먹고 그랬는데...ㅠ,기적을 바라는 아빠,2020.03.16.,398
2044,유투브방송 링크나눔,파리 장군 로얄 라이프 박사 광학 현미경을 만든 이유는?,풀꽃,2020.03.16.,187
2046,자유게시판,마스크 어떻게들 쓰시나요,나비처럼88,2020.03.16.,204
2047,가입 인사,안녕하세요,예슬맘,2020.03.16.,165
2049,가입 인사,가입했습니다,베로니카원,2020.03.17.,185
2050,질문과 대답(QnA),혈액 수치와 구충제,베로니카원,2020.03.17.,392
2052,자유게시판,모바일에서 우리카페 앱을 바탕화면에 추가하는 방법,신풍생각,2020.03.17.,196
2053,담비,방광암_티모퀴논_2020년,담비,2020.03.17.,152
2054,자유게시판,안부,헤라,2020.03.17.,104
2055,자유게시판,새싹탈출~잎새가되었어요~,헤라,2020.03.17.,154
2056,유투브방송 링크나눔,김철민씨.현재근황,헤라,2020.03.17.,531
2057,질문과 대답(QnA),알벤다졸 섭취,롸이언,2020.03.17.,242
2058,자유게시판,메벤 5일차,기적을 바라는 아빠,2020.03.17.,316
2059,질문과 대답(QnA),태국 알벤다졸 드셔보신 분 있으신가요?,반지하누렁이,2020.03.17.,299
2060,자유게시판,아내에게..,기적을 바라는 아빠,2020.03.17.,360
2061,자유게시판,백혈구 수치?,건강60,2020.03.17.,332
2064,기타 자가임상 후기,조카이야기... 실패.. 긍정적인 일.. 컴퓨터 먹통으로 못올린 1월 17일 작성글,신풍생각,2020.03.17.,520
2065,암 호전사례 정보,무엇이 암을 치료중으로 만들었을까요,신풍생각,2020.03.17.,892
2069,이버맥틴자가임상후기,이버멕틴 15mg 복용중인데 괜찮을까요~?,평안,2020.03.17.,725
2070,자유게시판,불연듯 드는 생각,기적을 바라는 아빠,2020.03.17.,271
2071,이버맥틴자가임상후기,Coc  이버맥틴3일차,희망과꿈,2020.03.17.,335
2072,유투브방송 링크나눔,헨섬킴님 폐암엄마,헤라,2020.03.17.,358
2074,이버맥틴자가임상후기,"이버멕틴 8회차 임상후기- 췌장암,간,복막,림프전이",잘싸먹자,2020.03.17.,493
2076,자유게시판,인디아 마트,생명나무,2020.03.17.,857
2077,가입 인사,가입인사드립니다,홍실장,2020.03.17.,26
2078,가입 인사,가입 인사 드립니다^^,생명나무,2020.03.17.,73
2079,자유게시판,열량 올리기위한  특단의조치  '밤죽',잘싸먹자,2020.03.17.,325
2080,이버맥틴자가임상후기,조영제 투여후 이버맥틴 복용 후기,호조,2020.03.17.,690
2081,질문과 대답(QnA),이버맥틴복용,미소랑,2020.03.17.,449
2082,이버맥틴자가임상후기,이버멕틴 아자아자,All Bright,2020.03.17.,531
2084,궁을,"장을 살리는 방법, 땅을 살리는 방법",궁을,2020.03.18.,159
2085,이버맥틴자가임상후기,"이버멕틴 9회차 임상후기 -췌장암,간,복막,림프전이",잘싸먹자,2020.03.18.,414
2086,자유게시판,안부,헤라,2020.03.18.,85
2088,유투브방송 링크나눔,로얄 라이프 박사2부.파리장군님,헤라,2020.03.18.,75
2089,유투브방송 링크나눔,파리장군님 로얄 라이프박사1회,헤라,2020.03.18.,150
2090,자유게시판,후기남겨주세요,헤라,2020.03.18.,349
2091,자유게시판,놔간종양 7세 아들 이야기..,기적을 바라는 아빠,2020.03.18.,450
2092,자유게시판,"정록님께서 보내주신 프로폴리스.  펜벤,이버5일째",써니,2020.03.18.,324
2093,유투브방송 링크나눔,강직성 척추염 울스탭님ㅎㅎ,헤라,2020.03.18.,194
2094,질문과 대답(QnA),폐전이암,보호자 창원언니,2020.03.18.,211
2095,가입 인사,반갑습니다 ^^,제리호야,2020.03.18.,201
2096,강직성 척추염(척수염),알벤 3개월 가량  니콜 20일가량 복용후 -대장 내시경 결과,투게더투,2020.03.18.,"1,104"
2097,자유게시판,나는 배웠다....,신풍생각,2020.03.18.,450
2099,암 호전사례 정보,위암 호전사례,푸른마당,2020.03.18.,620
2100,정보 공유,디설피람효능(알콜중독치료제),암을죽이자,2020.03.18.,211
2101,자유게시판,암 전이를 우리는 막을수 없나요?,소꼽친구,2020.03.18.,343
2102,자유게시판,볶은 현미 고소 하네용..,긍정적마인드 이애란,2020.03.18.,188
2104,자유게시판,생로얄제리,내짝꿍홧팅,2020.03.18.,158
2105,자유게시판,보배도 메벤다졸 시작합니다,보배맘,2020.03.18.,507
2106,기타 자가임상 후기,주구장창 돼지감자 feat. 궁을님의 일품 프리바이오틱스,새별바라기,2020.03.18.,449
2107,암 호전사례 정보,폐암4기 호전사례,푸른마당,2020.03.18.,829
2108,자유게시판,대추농사 님,기적을 바라는 아빠,2020.03.18.,201
2109,질문과 대답(QnA),안녕하세요. 방광암 환우 보호자 입니다.,몽실,2020.03.18.,350
2110,자유게시판,조언부탁드립니다^^,혜담,2020.03.18.,568
2112,이버맥틴자가임상후기,이버멕틴 암치료목적,All Bright,2020.03.18.,537
2113,질문과 대답(QnA),입원 중 약 복용,가을이 좋아,2020.03.18.,216
2114,자유게시판,영상,기적을 바라는 아빠,2020.03.18.,162
2115,궁을,프락토올리고당의 기능성 평가와 섭취량,궁을,2020.03.18.,271
2118,유투브방송 링크나눔,암~의원인이되는독소~,헤라,2020.03.18.,332
2119,정보 공유,생로병사의 비밀,롸이언,2020.03.18.,240
2120,질문과 대답(QnA),삼중음성유방암4기 정리부탁드려요.,이천댁런런어뭉,2020.03.18.,533
2121,질문과 대답(QnA),Dosepharmacy 에서 주문을 했는데...,캡틴타이,2020.03.18.,253
2123,자유게시판,"WHO ""코로나19에 소염제 이부프로펜 복용 위험""",궁을,2020.03.19.,169
2124,자유게시판,이버맥틴 구합니다.ㅠㅠ,오혁,2020.03.19.,297
2125,자유게시판,안부,헤라,2020.03.19.,122
2126,이버맥틴자가임상후기,이버멕틴 시작,풍경채 편지,2020.03.19.,339
2127,이버맥틴자가임상후기,"이버멕틴 10일차 임상후기 - 췌장암, 간,복막,림프전이",잘싸먹자,2020.03.19.,571
2128,담비,삼중음성유방암_방사선치료_메벤다졸_2019년,담비,2020.03.19.,322
2129,기타 자가임상 후기,알벤다졸-피부,반지하누렁이,2020.03.19.,401
2130,자유게시판,구충제 복용후 궁금합니다.,세꼬시,2020.03.19.,"1,153"
2132,자유게시판,본인의 신분을 감추고 가입 하시는 회원분들이 계시네요.,분홍앵초,2020.03.19.,640
2133,유투브방송 링크나눔,"암이 관해 되었다, 무슨 뜻일까요?",다윗,2020.03.19.,283
2134,기타 자가임상 후기,알벤다졸 후기,연이맘,2020.03.19.,898
2135,질문과 대답(QnA),항암안했는데 백혈구수치가떨어져요,안뺏겨,2020.03.19.,310
2136,가입 인사,늦게 가입인사 올립니다.,아빠졸라,2020.03.19.,61
2137,자유게시판,소변의 이물질..멀가요?,기적을 바라는 아빠,2020.03.19.,700
2138,자유게시판,흠..,기적을 바라는 아빠,2020.03.19.,394
2139,암 호전사례 정보,반가운 소식입니다.,나이가라 반갑습니다,2020.03.19.,"1,099"
2140,자유게시판,암환우들의 식사생활,프로토TV,2020.03.19.,209
2142,이버맥틴자가임상후기,Cov 이버맥틴임상4일차,희망과꿈,2020.03.19.,379
2143,자유게시판,장항준 의사,기적을 바라는 아빠,2020.03.19.,360
2144,질문과 대답(QnA),메벤다졸 용량 질문입니다..,Jehovah Nissi,2020.03.19.,324
2145,자유게시판,이버멕틴 효과,프로토TV,2020.03.19.,298
2146,정보 공유,프랑스에서 중국우한바이러스에 100% 치료한 약 발견 ???,허리23,2020.03.19.,363
2147,자유게시판,알벤다졸이 구하기 힘들군요,3겹,2020.03.19.,333
2148,자유게시판,돼지감자 무료 나눔 드립니다,풀꽃,2020.03.19.,215
2149,자유게시판,파나쿠어 알벤 털어왔어요,아빠힘내요,2020.03.19.,523
2150,가입 인사,가입인사,seung8477,2020.03.19.,78
2151,자유게시판,메벤다졸 구하려고 지인께 부탁했더니 이게 왔네요,건강60,2020.03.19.,473
2152,질문과 대답(QnA),삼중음성 림프전이 약복용량,루다,2020.03.19.,347
2153,가입 인사,니클로사마이드 와 옥시벤다졸,아빠졸라,2020.03.19.,250
2154,자유게시판,옥시벤다졸 항암적용...,아빠졸라,2020.03.19.,161
2156,자유게시판,귀가 이렇네요..,기적을 바라는 아빠,2020.03.19.,217
2157,자유게시판,귀좀요,기적을 바라는 아빠,2020.03.19.,347
2158,자유게시판,효자아들.눈물이.ㅠㅠ,기적을 바라는 아빠,2020.03.19.,462
2159,자유게시판,당신은 이런 친구가 있습니까?,자유롭게살자,2020.03.19.,195
2160,질문과 대답(QnA),이버멕틴 복용법 여쭙니다,암 안녕,2020.03.19.,885
2161,가입 인사,안녕하세요?,복댕이,2020.03.20.,91
2162,질문과 대답(QnA),구충제 복용량에 조언 부탁드려요..,Jehovah Nissi,2020.03.20.,894
2163,자유게시판,보배야 힘내자,보배맘,2020.03.20.,391
2164,자유게시판,돼지감자+올리고당 프리바이오틱스 복용 후기,궁을,2020.03.20.,298
2165,자유게시판,구충제 복용후기 (유툽영상),복댕이,2020.03.20.,199
2166,자유게시판,안부,헤라,2020.03.20.,98
2167,이버맥틴자가임상후기,"이버멕틴 11일차 후기 - 췌장암,간,복막,림프전이",잘싸먹자,2020.03.20.,598
2168,자유게시판,확실하게 1억원 만드는 팁 (유머) ~~~,치우천왕,2020.03.20.,141
2169,자유게시판,커큐민..,기적을 바라는 아빠,2020.03.20.,365
2170,자유게시판,펜벤다졸 고용량,성공,2020.03.20.,599
2171,질문과 대답(QnA),항암중 관장,몽실,2020.03.20.,210
2172,질문과 대답(QnA),입원 중에도 구충제 복용이 가능할까요?,제주목가구,2020.03.20.,371
2173,기타 자가임상 후기,이버먹틴 자가후기2,풍경채 편지,2020.03.20.,353
2174,기타 자가임상 후기,암치료후기..이버멕틴후기,헤라,2020.03.20.,943
2175,자유게시판,수술 후 회복기간,이공,2020.03.20.,176
2176,이버맥틴자가임상후기,이버멕틴..뇌통과한다,헤라,2020.03.20.,804
2177,가입 인사,안녕하세요,tbvuaos,2020.03.20.,59
2178,자유게시판,혜라님의 글을 보고 이버멕틴에 대한 논문을 올립니다.,스모리,2020.03.20.,347
2182,이버맥틴자가임상후기,신장암에관한..자연치료,헤라,2020.03.20.,332
2183,가입 인사,안녕하세요 반갑습니다~~,kimsh7605,2020.03.20.,324
2185,가입 인사,안녕하세요,tbvuaos,2020.03.20.,81
2186,자유게시판,오늘밤 이틀되었는데.우리딸도 그놈들이 나오기시작했어요(혐오주의) 응가예요,보배맘,2020.03.20.,972
2188,자유게시판,동생이 난소암으로 너무 힘들어 합니다.,캔디맘,2020.03.20.,574
2189,가입 인사,안녕하세요,오민,2020.03.21.,192
2190,자유게시판,저는 암환자이자 암환자 보호자예요,오민,2020.03.21.,629
2191,질문과 대답(QnA),아이 발바닥 봐주세요,그것이알고싶구나,2020.03.21.,874
2192,질문과 대답(QnA),알벤 복용량 질문 합니다.,제주목가구,2020.03.21.,253
2193,자유게시판,안부,헤라,2020.03.21.,112
2194,담비,비소세포폐암_니클로사마이드_2020년,담비,2020.03.21.,673
2195,가입 인사,화이팅,kj39544,2020.03.21.,53
2196,니클로사미드,니클로사마이드_복용법,담비,2020.03.21.,"3,552"
2197,이버맥틴자가임상후기,"이버멕틴 12일차 후기 -췌장암,간,복막,림프전이",잘싸먹자,2020.03.21.,426
2198,자유게시판,니클로사마이드의 대장암세포에 관한 항암효과,푸른마당,2020.03.21.,228
2199,질문과 대답(QnA),니클로사마이드 복용 후 복통 문의 드립니다,강반장,2020.03.21.,476
2200,기타 자가임상 후기,부모님이 오일종류가 드시기 힘들다고 합니다,풍경채 편지,2020.03.21.,199
2201,자유게시판,디설피람 (술끊는약) 복용방법 알려주세요.,김유택,2020.03.21.,"1,700"
2202,자유게시판,남편 살리기위한 '누룽지 땅콩죽' 영양죽,잘싸먹자,2020.03.21.,313
2203,질문과 대답(QnA),요메산,뽀또리,2020.03.21.,693
2206,가입 인사,유트브에 식용과산화수소수가 구충제를 능가할 효과를,그래도봄은온다,2020.03.21.,334
2207,가입 인사,반갑습니다,내가노래하듯이,2020.03.21.,56
2208,가입 인사,염증수치높아  걱정,rosa5512,2020.03.21.,282
2209,기타 자가임상 후기,[공유] 이버멕틴(ivermectin)의 항암작용(1): 구충제가 암세포를 사멸시킨다,헤라,2020.03.21.,467
2210,이버맥틴자가임상후기,Coc  +  이버맥틴 임상6일차,희망과꿈,2020.03.21.,339
2211,질문과 대답(QnA),이버맥틴과니클,희망과꿈,2020.03.21.,516
2215,자유게시판,담도암4기  구충제복용  도움좀꼭부탁드려요,함께나눠요,2020.03.21.,437
2217,자유게시판,도와주세요~,혜담,2020.03.21.,649
2218,질문과 대답(QnA),3000 비타민  c 복용 문의합니다..,산하,2020.03.21.,487
2219,가입 인사,안녕하세요,이겨내고싶어요,2020.03.21.,108
2220,가입 인사,안녕하세요.  가입인사 드립니다.,형니임,2020.03.21.,95
2222,자유게시판,안부,헤라,2020.03.22.,175
2223,가입 인사,안녕하세요,기생충18,2020.03.22.,92
2224,자유게시판,알벤다졸의 효과인가요?,프로토TV,2020.03.22.,572
2225,질문과 대답(QnA),혈액암(다발골수종)에 시도해 볼 수 있는 구충제.,반포먼지,2020.03.22.,253
2226,자유게시판,칵테일요법,헤라,2020.03.22.,296
2227,카페 칼럼(회원용),[공유] 이버멕틴(ivermectin) 칵테일 요법: Hippo 경로를 타깃으로 한 암 치료,헤라,2020.03.22.,345
2228,카페 칼럼(회원용),펜벤다졸  이야기,헤라,2020.03.22.,361
2229,가입 인사,"안녕하세요,,",아의,2020.03.22.,107
2230,가입 인사,안녕하세요,아의,2020.03.22.,112
2231,질문과 대답(QnA),구충제 복용법좀 알려주실수 있으실까요,이겨내고싶어요,2020.03.22.,396
2234,자유게시판,3000 비타민c 구매처,나비처럼88,2020.03.22.,353
2236,카페 칼럼(회원용),[공유] 이버멕틴(ivermectin)의 항암작용(2): 구충제 암세포 사멸 메커니즘,헤라,2020.03.22.,490
2237,질문과 대답(QnA),오심(구역) 증세가 나타나네요.,공작단풍,2020.03.22.,328
2238,자유게시판,봄날에 다시 만나자는 약속은? 주인 잃은 핸드폰은 얼마나......,분홍앵초,2020.03.22.,268
2239,자유게시판,어떻게 시작해야 할까요?,오민,2020.03.22.,305
2241,자유게시판,복용법 문의,헤라,2020.03.22.,572
2242,유투브방송 링크나눔,암의 원인,영민아빠,2020.03.22.,479
2243,기생충사진공유,배출 추정 기생충 간흡충(간디스토마),말콥,2020.03.22.,"1,615"
2244,기생충사진공유,배출 추정 기생충 호르텐스 극구흡충,말콥,2020.03.22.,"1,125"
2245,기생충사진공유,배출 추정기생충 폐흡충,말콥,2020.03.22.,"1,010"
2246,기생충사진공유,배출 추정기생충 표주박이형흡충,말콥,2020.03.22.,716
2247,기생충사진공유,배출 추정 기생충 양간흡충-재작성 예정,말콥,2020.03.22.,971
2248,기생충사진공유,배출 추정 기생충 합판흡충(참깨?),말콥,2020.03.22.,"1,033"
2249,기생충사진공유,배출 추정 기생충 편충,말콥,2020.03.22.,700
2251,기생충사진공유,배출 추정 기생충 세모편모충,말콥,2020.03.22.,730
2252,기생충사진공유,배출 추정 기생충 갈고리촌충,말콥,2020.03.22.,883
2253,기생충사진공유,배출 추정 기생충 스파루가눔,말콥,2020.03.22.,"1,329"
2255,기생충사진공유,배출 추정 기생충 주혈흡충,말콥,2020.03.22.,905
2256,기생충사진공유,배출 추정 기생충 십이지장충,말콥,2020.03.22.,924
2257,질문과 대답(QnA),요메산 직구 가격,희망의나라로,2020.03.22.,572
2258,니타조사나이드,코로나19에 니타조사나이드와 하이드록시클로로퀸 동시 처방 제안이 있군요.,신풍생각,2020.03.23.,802
2261,자유게시판,안부,헤라,2020.03.23.,130
2263,유투브방송 링크나눔,몸의 원리?,머루주,2020.03.23.,174
2264,이버맥틴자가임상후기,"이버멕틴 12,13일차 후기-췌장암,간,복막,림프전이",잘싸먹자,2020.03.23.,623
2266,이버맥틴자가임상후기,댕댕이 이버멕틴 투약후기,초복,2020.03.23.,376
2267,자유게시판,침샘암 폐로전이,성공,2020.03.23.,373
2268,정보 공유,"하이드록시 클로로퀸의 새 발견, 100% 완치율의 아지트로마이신과 병용치료와 칼레트라병용치료",제리호야,2020.03.23.,420
2269,기타 자가임상 후기,펜벤 이버멕틴,풍경채 편지,2020.03.23.,469
2270,정보 공유,이버멕틴,복댕아,2020.03.23.,336
2271,이버맥틴자가임상후기,Coc+이버맥틴  8일차,희망과꿈,2020.03.23.,555
2276,질문과 대답(QnA),비타민C 24000mg,기기구구,2020.03.23.,307
2278,유투브방송 링크나눔,헨섬킴님 기부 하셨네요,헤라,2020.03.23.,398
2279,정보 공유,"트럼프가 지지한 치료제, 클로로퀸의 진실!?",제리호야,2020.03.23.,507
2280,질문과 대답(QnA),이버맥틴 구입방법 알고싶습니다.,kimsh7605,2020.03.23.,"1,124"
2281,자유게시판,신약 티센트릭과 대체 요법,보호자 창원언니,2020.03.23.,203
2282,질문과 대답(QnA),"면역항암 티센트릭  간,신장 해독",보호자 창원언니,2020.03.23.,243
2283,자유게시판,산책갔다왔어요 (넋두리),고고싱고,2020.03.23.,289
2284,자유게시판,구충제 단독요법,보호자 창원언니,2020.03.23.,554
2285,암 관해사례 정보,식도암 완전관해,푸른마당,2020.03.23.,"1,518"
2286,회원나눔(공짜는 아닙니다),니타조사나이드를 사고싶습니다.,캡틴타이,2020.03.23.,640
2287,니클로사미드,코로나 19 치료제로 구충제 니클로사미드-천식약 알베스코 효과 확인,신풍생각,2020.03.24.,538
2288,가입 인사,안녕하세요~ 가입인사 올립니다.,등허리,2020.03.24.,86
2289,자유게시판,안부,헤라,2020.03.24.,93
2290,이버맥틴자가임상후기,"이버멕틴 14회차 후기 -췌장암,간,복막,림프전이",잘싸먹자,2020.03.24.,638
2291,자유게시판,훌다클락의 천연구충제 어디서파나요?,이공,2020.03.24.,417
2293,담비,결장암_베르베린__2020,담비,2020.03.24.,302
2294,자유게시판,니타 조사 나이드 직구로 구매 중임니다,인천바다짠물,2020.03.24.,344
2295,자유게시판,이거..먹은분들,헤라,2020.03.24.,651
2296,자유게시판,알벤다졸 복용방법좀 알려주세여,남자폴,2020.03.24.,405
2297,질문과 대답(QnA),좋은 묘안이 있으시면 부탁드립니다,베로니카원,2020.03.24.,488
2299,자유게시판,니타조사 나이드 1달이상복용중 부작용에 정보를 주세요,인천바다짠물,2020.03.24.,763
2300,가입 인사,안녕하세요,유니남편,2020.03.24.,129
2302,자유게시판,자궁평활근육종 복수 옵디보 상호작용등 문의,육종다스리기,2020.03.24.,246
2303,자유게시판,우한 코로나 발생국 (펌 대륙남 유튜브 박수환님 ),분홍앵초,2020.03.24.,189
2304,자유게시판,참 옻나무 원액 괜찮은가요.?,긍정적마인드 이애란,2020.03.24.,431
2305,자유게시판,눈 실핏줄 터짐,작은할배,2020.03.24.,301
2306,질문과 대답(QnA),어머니 폐암판정 병명인데요...,미니미니,2020.03.24.,333
2307,정보 공유,인도 직구(약품) 공식 막힘 ~~,치우천왕,2020.03.24.,552
2308,췌장암,"“옻나무 추출물, 췌장암 억제 효과 확인”",신풍생각,2020.03.24.,496
2309,자유게시판,메벤.알벤 구입방법좀 알려주세요..,기적을 바라는 아빠,2020.03.25.,343
2310,질문과 대답(QnA),고로쇠물 어디서 살 수 있을까요??,베로니카원,2020.03.25.,208
2312,정보 공유,뇌 관련 암이신분들은 참고하실만한 자료입니다.,암을죽이자,2020.03.25.,773
2313,자유게시판,우리 딸 변이 안나와서,오민,2020.03.25.,337
2314,자유게시판,메벤6일째,보배맘,2020.03.25.,"1,075"
2315,자유게시판,안부,헤라,2020.03.25.,190
2316,가입 인사,안녕하세요,777hm,2020.03.25.,98
2317,자유게시판,니타조사나이드  니클로사미드 필요합니다,777hm,2020.03.25.,366
2318,이버맥틴자가임상후기,"이버멕틴 15회차임상 후기- 췌장암,간,복막,림프전이",잘싸먹자,2020.03.25.,576
2319,암 호전사례 정보,암싸이즈는 줄어들었나? 1년에한번,헤라,2020.03.25.,"1,723"
2320,가입 인사,안녕하세요~,울산설금홍,2020.03.25.,361
2321,유투브방송 링크나눔,3일단식이 면역 세포를 깨우면?,미영,2020.03.25.,249
2322,기타 자가임상 후기,디스토시드 이버멕틴 후기,풍경채 편지,2020.03.25.,535
2324,자유게시판,독일약 직구사이트.. 알수 있을까요?,뽀미마미,2020.03.25.,269
2326,자유게시판,독한암 순한암?,이공,2020.03.25.,317
2327,자유게시판,디스토시드정 관련 예전 뉴스 있네요.,오즈대마왕,2020.03.25.,308
2328,가입 인사,가입완료하였어요~~,은정뜨,2020.03.25.,57
2329,자유게시판,이런건 용량이 너무 많죠 ?,환타지해적,2020.03.25.,246
2330,질문과 대답(QnA),중국에서 구한 구충제 팬벤+이버맥틴 의견 바랍니다.,오즈대마왕,2020.03.25.,349
2331,자유게시판,비타민c,내짝꿍홧팅,2020.03.25.,222
2332,자유게시판,클로로퀸 혹은 하이드록시클로로퀸 구합니다.,경가연연,2020.03.25.,266
2333,가입 인사,안녕하세요,창조1,2020.03.25.,70
2334,질문과 대답(QnA),알벤다졸 씹어먹기가 원래 좀 힘든가요??,알랑짱구,2020.03.25.,479
2335,자유게시판,뇌종양 메벤 먹고 있는데..컨디션이 많이 떨어지네요 ㅠㅠ,승주승윤맘,2020.03.25.,741
2336,자유게시판,유방암 수술,mikyungtoo,2020.03.25.,307
2337,자유게시판,완벽히 비말을 막아 보아요^^,루루,2020.03.25.,316
2338,질문과 대답(QnA),혈액 검사지 도움 청합니다,오즈대마왕,2020.03.25.,199
2339,자유게시판,이버멕틴 구매할 수 있는 곳 알려주세요.,맹꽁,2020.03.26.,713
2340,질문과 대답(QnA),펜벤 용량500씩 아침저녁 이번주시작,미니미니,2020.03.26.,187
2341,자유게시판,검사 보름 남았는데,오민,2020.03.26.,201
2342,자유게시판,먼저 찾는 사람.. 없네요,뽀미마미,2020.03.26.,420
2343,질문과 대답(QnA),복용법 문의 드립니다.,알랑짱구,2020.03.26.,188
2344,유투브방송 링크나눔,기생충에서 발생하는암,헤라,2020.03.26.,463
2345,자유게시판,암의 성질,궁을,2020.03.26.,285
2346,자유게시판,안부,헤라,2020.03.26.,160
2347,담비,전립선암_메트포르민_2020년,담비,2020.03.26.,302
2348,자유게시판,구충제를 영양제에 섞어서 맞는건,내짝꿍홧팅,2020.03.26.,329
2349,가입 인사,반갑습니다,petercoach,2020.03.26.,80
2350,자유게시판,너무착해,헤라,2020.03.26.,532
2352,자유게시판,니타조사나이드 30일복용후 검사결과,복면대왕k,2020.03.26.,"1,971"
2353,기생충사진공유,이게 뭘까요?,그래도봄은온다,2020.03.26.,831
2354,기생충사진공유,충치도 기생충 이군요 ~~~ㄷㄷㄷㄷ,그래도봄은온다,2020.03.26.,"1,175"
2355,자유게시판,만오천원,린내,2020.03.26.,472
2356,자유게시판,요메산 니클로 4알 한박스 구입하려면 적절한 가격이 얼마인지요?,니크바드새로미,2020.03.26.,707
2357,자유게시판,4.25 번개모임용 쌈채소들,궁을,2020.03.26.,414
2358,자유게시판,항암후 입맛이 언제 돌아오나요?,프로토TV,2020.03.26.,202
2360,가입 인사,안녕하세요?,호전,2020.03.26.,82
2361,가입 인사,안녕하세요~,려지,2020.03.26.,118
2363,암 호전사례 정보,간암 호전사례,푸른바다,2020.03.26.,781
2364,유투브방송 링크나눔,니클로사나이드,헤라,2020.03.27.,528
2365,자유게시판,안부,헤라,2020.03.27.,168
2366,암 호전사례 정보,구충로단독으로..암이사라진다,헤라,2020.03.27.,"2,493"
2367,담비,유방암_폐암_아토르바스타틴_전리방사선_2020년,담비,2020.03.27.,242
2369,이버맥틴자가임상후기,댕댕이 이버멕틴 후기,초복,2020.03.27.,445
2370,가입 인사,9년차 환우가족입니다. 꼭 극복하고 싶네요,라떼허니,2020.03.27.,368
2372,자유게시판,msm식이 유황 어떻것 드세요,음전위,2020.03.27.,296
2374,자유게시판,이버멕틴 복용 해보신분?,프로토TV,2020.03.27.,934
2375,자유게시판,병원치료와 자연치료 조언부탁드립니다,이공,2020.03.27.,277
2376,정보 공유,비타민D 박사 임대순의 코로나19 살아남기,제리호야,2020.03.27.,192
2377,이버맥틴자가임상후기,이버맥틴 후기2,써니,2020.03.27.,"1,257"
2378,자유게시판,희망이 보입니다,감사해,2020.03.27.,532
2380,유투브방송 링크나눔,헨셈킴님과..통화했는데 ㅎ  왜..목소리가 잠겨있는지 알겠네요,헤라,2020.03.27.,617
2381,자유게시판,이버맥틴 가격이,이공,2020.03.27.,647
2382,질문과 대답(QnA),아세토 케어,보호자 창원언니,2020.03.27.,155
2383,질문과 대답(QnA),알벤 한번에 2개 괜찮을까요?,반지하누렁이,2020.03.27.,360
2384,유투브방송 링크나눔,희수..유튜목소리출연 ㅎ8시20분부터,헤라,2020.03.27.,667
2385,가입 인사,"반갑습니다,,,",럼주,2020.03.27.,70
2386,가입 인사,안녕하세요..,위풍당당쭈,2020.03.27.,81
2388,이버맥틴자가임상후기,"뇌종양 구충제 치료과정 공개, 헤라님 수기 정리, 희수  이제는 학교등교준비.. 축하합니다.",신풍생각,2020.03.28.,"1,902"
2389,가입 인사,처음인사드려요,별꼴,2020.03.28.,80
2390,자유게시판,홀로 산길을 걸으며,롸이언,2020.03.28.,122
2391,자유게시판,안부,헤라,2020.03.28.,184
2393,이버맥틴자가임상후기,"이버멕틴 16,17,18차 임상후기-췌장암,간,복막전이",잘싸먹자,2020.03.28.,712
2394,가입 인사,인사드립니다,지혁맘,2020.03.28.,140
2398,질문과 대답(QnA),췌장암3기 간흡충,럭키공주,2020.03.28.,669
2399,질문과 대답(QnA),칵테일 방법.. 이렇게 괜찮을까요?,알랑짱구,2020.03.28.,227
2400,질문과 대답(QnA),헤라선생님~구충요법 충고부탁드려요ㅠ,세상빛,2020.03.28.,379
2401,이버맥틴자가임상후기,Coc+이버맥틴 임상 9~13차임상후기,희망과꿈,2020.03.28.,592
2402,정보 공유,전해질 소금의 중요성이네요.(아주중요함),암을죽이자,2020.03.28.,475
2403,기생충사진공유,스파르가눔,푸른마당,2020.03.28.,515
2404,가입 인사,“홍콩 박”이라고 합니다. 반갑습니다.,홍콩 박,2020.03.28.,767
2405,자유게시판,kbs1 채널9번 구충제 방송중..8시,희망의나라로,2020.03.28.,520
2406,가입 인사,인사 드립니다,장동,2020.03.28.,123
2407,자유게시판,메벤 1500 연속 17일차,기적을 바라는 아빠,2020.03.28.,576
2408,가입 인사,안녕하세요 문의드려요,위풍당당쭈,2020.03.28.,171
2409,기생충사진공유,배출 추정 기생충 민촌충,말콥,2020.03.28.,"1,075"
2410,기생충사진공유,배출 추정 기생충 요충,말콥,2020.03.28.,886
2411,질문과 대답(QnA),구충제가 별거아닌데 왜자꾸 방송합니까,기기구구,2020.03.28.,419
2412,질문과 대답(QnA),저희도 이제 각자 데이터를 정립 및 정리할때가,기기구구,2020.03.28.,325
2413,기타 자가임상 후기,제가 이버멕틴 구하려는데,heg6402,2020.03.28.,560
2414,이버맥틴자가임상후기,이버멕틴 복용중입니다,All Bright,2020.03.28.,653
2415,질문과 대답(QnA),비타민C 40g 하루,기기구구,2020.03.29.,316
2416,유투브방송 링크나눔,어제방송된 헨섬킴 의견,헤라,2020.03.29.,419
2417,유투브방송 링크나눔,안부,헤라,2020.03.29.,116
2418,이버맥틴자가임상후기,"이버멕틴 19회차 임상후기-췌장암, 간,복막전이",잘싸먹자,2020.03.29.,627
2419,가입 인사,안녕하세요 가입했습니다,경기남이,2020.03.29.,69
2420,질문과 대답(QnA),위암식도암수술후...,경기남이,2020.03.29.,150
2421,가입 인사,가입인사 드립니다,팅커,2020.03.29.,64
2423,자유게시판,암치료 구충제로만꿈을꾸다,헤라,2020.03.29.,"1,476"
2424,기타 자가임상 후기,메벤 12일 이버2일차,보배맘,2020.03.29.,715
2425,암 호전사례 정보,[공유] 지혜와 성실님 암 극복하셨답니다,헤라,2020.03.29.,"1,229"
2426,기생충사진공유,사진 눈에서 또나오고 또나오고 또나옵니다,보배맘,2020.03.29.,"1,281"
2427,질문과 대답(QnA),이버멕틴 용량,베로니카원,2020.03.29.,584
2428,질문과 대답(QnA),이버멕틴 구하고있습니다~,코코코코,2020.03.29.,574
2430,유투브방송 링크나눔,암환자 간다님  펜벤다졸으로좋은소식,헤라,2020.03.29.,536
2433,가입 인사,가입인사,제천사람,2020.03.29.,79
2435,가입 인사,안녕하세요?,내꺼야,2020.03.29.,78
2436,구매정보게시판(물건배송확인후),항암구충제 구하기가 힘든 현재 상황에서 우리 환우 가족분들에게 한마디 드립니다.,신풍생각,2020.03.29.,"1,509"
2437,가입 인사,안녕하세요?,지로포커싱,2020.03.29.,69
2440,가입 인사,가입인사^^,앤리,2020.03.29.,79
2441,자유게시판,카페 회원...,기적을 바라는 아빠,2020.03.29.,519
2442,질문과 대답(QnA),육종암 에는  어떤 항암 구충제가 좋은지요?,제천사람,2020.03.29.,395
2443,암 호전사례 정보,간암 호전사례(빡시다 TV간다 님 3월 28일 영상 정리입니다.),푸른마당,2020.03.29.,470
2444,자유게시판,울아들...,기적을 바라는 아빠,2020.03.29.,713
2446,자유게시판,안녕하세요 가입인사드려요~,말해줘,2020.03.29.,220
2447,정보 공유,기생충 때문에 생기는 엄청 많은 질환별 증상 - 종합편!,제리호야,2020.03.29.,622
2448,자유게시판,체계적으로 해야함을 절실히 느낍니다.,라떼허니,2020.03.29.,321
2450,기타 자가임상 후기,비타민c주사,풍경채 편지,2020.03.30.,234
2451,기타 자가임상 후기,알벤다졸 4일차 후기..,알랑짱구,2020.03.30.,486
2452,자유게시판,사기 피해 알림. 이거 2곽에 80 만원?,햇빛,2020.03.30.,358
2453,담비,유방암_허셉틴_메트포르민_독소루비신_2020년,담비,2020.03.30.,255
2454,자유게시판,안부,헤라,2020.03.30.,147
2456,유투브방송 링크나눔,항암편 이버멕틴 1편,헤라,2020.03.30.,378
2457,유투브방송 링크나눔,이버멕틴 항암편2탄,헤라,2020.03.30.,416
2458,이버맥틴자가임상후기,"이버멕틴 20회차 임상후기-췌장암,간,복막전이",잘싸먹자,2020.03.30.,854
2459,자유게시판,쓸개가 없는데 구충제를 어찌 먹어야할까요?,이상한 나라의 앨리스,2020.03.30.,283
2460,이버맥틴자가임상후기,희수이버멕틴후기,헤라,2020.03.30.,977
2461,자유게시판,커큐민이요~,말해줘,2020.03.30.,408
2462,기타 자가임상 후기,니타조사나이드 6주차 검사결과입니다.,꾸라꾸라,2020.03.30.,695
2463,자유게시판,"자연재배 채소, 먼저 시식해봅니다",궁을,2020.03.30.,250
2464,질문과 대답(QnA),질문입니다 혹시 파킨슨병,미니미니,2020.03.30.,415
2465,가입 인사,안녕하세요,총이,2020.03.30.,128
2466,유투브방송 링크나눔,지혜와성실님,헤라,2020.03.30.,544
2467,질문과 대답(QnA),파나쿠어,나라사랑74,2020.03.30.,421
2469,자유게시판,판매 하시는회원은 제게 연락주세요,헤라,2020.03.30.,734
2470,자유게시판,토마린님께서 기부하신것,헤라,2020.03.30.,263
2471,자유게시판,알벤 급구해봅니다..,쨈삐,2020.03.30.,266
2472,자유게시판,검지척척님께서 알벤기부  쨈비님,헤라,2020.03.30.,202
2473,자유게시판,아까..어떤분께서 ㅋㅋ,헤라,2020.03.30.,522
2474,자유게시판,아세토케어,보호자 창원언니,2020.03.30.,186
2475,질문과 대답(QnA),아버지 겸사 결과지인데 무슨소견인지 해석 가능한분 계신가요?,기범아빠,2020.03.30.,258
2476,질문과 대답(QnA),한관종에  구충제   효과보신분  계시나요?,완치,2020.03.30.,266
2479,가입 인사,인사드립니다,정진화,2020.03.30.,117
2484,가입 인사,헛코에게 피해보신분 신고해주세요,헤라,2020.03.30.,463
2485,질문과 대답(QnA),펜벤다졸 빨리 구할수있는곳,세상빛,2020.03.30.,372
2486,가입 인사,안녕하세요 ~♡,미토콘드리아,2020.03.30.,167
2487,가입 인사,안녕하세요☆,미미,2020.03.30.,224
2490,가입 인사,안녕하세요~위암4기 환우분 보호자입니다!,가드니,2020.03.31.,412
2491,이버맥틴자가임상후기,"이버멕틴 21일차 임상후기 -  췌장암,간,복막전이",잘싸먹자,2020.03.31.,659
2492,가입 인사,안부,헤라,2020.03.31.,143
2493,이버맥틴자가임상후기,Coc+이버맥틴14-15일자,희망과꿈,2020.03.31.,443
2494,기타 자가임상 후기,메벤 14일 이버3일째,보배맘,2020.03.31.,555
2495,가입 인사,이런경우,헤라,2020.03.31.,365
2496,가입 인사,찍혔나?,헤라,2020.03.31.,435
2497,궁을,암 원인은 야채다???,궁을,2020.03.31.,737
2499,정보 공유,이버멕틴,복댕아,2020.03.31.,395
2500,자유게시판,알로홀 상호작용약 있을까요?,함께나눠요,2020.03.31.,482
2501,자유게시판,토마린님께서 보내주신 알벤다졸 20박스 잘 받았습니다.,치료완료,2020.03.31.,272
2502,궁을,자연재배 쌈채소  숙면에 도움됩니다,궁을,2020.03.31.,235
2504,질문과 대답(QnA),"비타민 B17, 이 암세포를 사멸시킨다는데..",배가본드,2020.03.31.,393
2505,자유게시판,약국,라인,2020.03.31.,306
2506,자유게시판,mri결과 종양3cm 수술하래요~,야베스,2020.03.31.,675
2507,자유게시판,개구충제 먹어도 되나요?,프로토TV,2020.03.31.,245
2508,벤지미다졸정보나누기,알벤다졸 복용중 간수치 문의드립니다.,오기님,2020.03.31.,613
2509,자유게시판,이버맥틴3mg 4일복용,기적을 바라는 아빠,2020.03.31.,512
2510,가입 인사,치료할때 주의점,헤라,2020.03.31.,623
2512,자유게시판,알벤다졸 먹고 나타난 현상입니다.,치료완료,2020.03.31.,963
2513,가입 인사,가입인사,급성 림프모구 백혈병,2020.03.31.,97
2514,자유게시판,알벤 구하기 힘드네요,3겹,2020.03.31.,384
2515,질문과 대답(QnA),유방암 조직검사후 추가면역검사,희진사랑,2020.03.31.,639
2517,가입 인사,가입인사,러브조주,2020.03.31.,100
2518,자유게시판,영상,기적을 바라는 아빠,2020.03.31.,258
2520,자유게시판,[오후생각] 기생충은 알아갈 수록 피할 방법이 없는걸 절감합니다.,화창한오후,2020.03.31.,383
2522,이버맥틴자가임상후기,엄마 중간 소식 전해요~,고고싱고,2020.03.31.,919
2523,자유게시판,아이의 변화.,기적을 바라는 아빠,2020.03.31.,540
2525,가입 인사,불쌍한척하면서 첨부터 이런글 삭제,헤라,2020.03.31.,710
2526,기타 자가임상 후기,알벤다졸 구충제 효능,kimsh7605,2020.03.31.,"1,174"
2527,정보 공유,[공유] 게실염 치료제로서의 니타조사나이드?,제리호야,2020.03.31.,213
2528,자유게시판,혹시 한약 드시면서 하시는 분 계신지요?,오민,2020.04.01.,239
2529,정보 공유,뇌암에 테모졸마이드+ 항전간제 드시는분들 참고!!,암을죽이자,2020.04.01.,214
2530,이버맥틴자가임상후기,"이버멕틴 22회차 임상후기-췌장암,간,복막전이",잘싸먹자,2020.04.01.,757
2532,자유게시판,사랑하는 아들아~~~,기적을 바라는 아빠,2020.04.01.,431
2536,자유게시판,참 알다가도 모를 일이네요,기적을 바라는 아빠,2020.04.01.,527
2537,자유게시판,안부,헤라,2020.04.01.,131
2538,자유게시판,초고농도  산소 나노버블,보호자 창원언니,2020.04.01.,121
2540,자유게시판,헤라님  감사합니다,함께나눠요,2020.04.01.,343
2541,기타 자가임상 후기,감사합니다^^.,임한성 입니다,2020.04.01.,162
2542,이버맥틴자가임상후기,Coc+이버맥틴16-17일자임상,희망과꿈,2020.04.01.,618
2543,벤지미다졸 질문 게시판,이버멕틴 구할수 있는방법 알려주세요,아름다운차이,2020.04.01.,584
2544,자유게시판,용기내어봅니다...,함께나눠요,2020.04.01.,337
2545,자유게시판,기부해주신것  나이가라반갑습니다,헤라,2020.04.01.,169
2546,자유게시판,제안사항,반지하누렁이,2020.04.01.,332
2547,자유게시판,헤라님께서 보내주신 알로홀약 잘 받았습니다.,치료완료,2020.04.01.,290
2548,자유게시판,헤라님 너무 감사드립니다 약 잘 받았습니다,검지척척,2020.04.01.,394
2549,질문과 대답(QnA),오늘 결과 나왔네요ㅠㅠ,희진사랑,2020.04.01.,659
2550,이버맥틴자가임상후기,치료완료후 복용법,헤라,2020.04.01.,823
2551,자유게시판,지금 막 받은 검진결과,나이가라 반갑습니다,2020.04.01.,770
2553,자유게시판,병원 왔네요,기적을 바라는 아빠,2020.04.01.,357
2554,자유게시판,피검사 결과 어떤가요?,기적을 바라는 아빠,2020.04.01.,515
2555,가입 인사,안녕하세요,모찌우주,2020.04.01.,108
2556,기타 자가임상 후기,트레트노인 님^^..감사합니다,임한성 입니다,2020.04.01.,458
2557,자유게시판,내일퇴원해요..,잘싸먹자,2020.04.01.,745
2558,이버맥틴자가임상후기,이버맥틴 후기3,써니,2020.04.01.,"1,012"
2559,자유게시판,이버멕틴 가격이 얼마정도 인지 여쭤봐도 될까요?,니크바드새로미,2020.04.01.,671
2560,만성질환자가임상나누기,이버멕틴 고용량 한달 후...,건강한 몸과 정신,2020.04.01.,"1,854"
2562,질문과 대답(QnA),니타조사마이드,희망과꿈,2020.04.01.,426
2564,가입 인사,안녕하세요.아내가 암환우여서 정보습득차 가입하였습니다.,amsanae,2020.04.01.,225
2565,자유게시판,메벤다졸 물과 함께 복용,롱롱이닫,2020.04.01.,445
2566,자유게시판,그린에이지님  기부하신것,헤라,2020.04.01.,273
2569,질문과 대답(QnA),크론 니타조사나이드,Didrmstn,2020.04.01.,391
2570,기타 자가임상 후기,알로홀 고마워요♡,보배맘,2020.04.01.,526
2571,자유게시판,약좀 구해봅니다(니클로사마이드),성성9로,2020.04.01.,474
2572,자유게시판,췌장암에 어떤 구충제를 복용해야할까여.,남자폴,2020.04.01.,308
2573,기타 자가임상 후기,메벤 15일 이버 3일째,보배맘,2020.04.02.,737
2575,자유게시판,카페가 살아있네요,궁을,2020.04.02.,316
2577,담비,위암_이버멕틴_2018년,담비,2020.04.02.,646
2578,이버맥틴자가임상후기,안부~어제 신풍선생님과데이트 성공적 ㅋ,헤라,2020.04.02.,899
2579,자유게시판,안부,헤라,2020.04.02.,158
2580,이버맥틴자가임상후기,"이버멕틴 23회차 임상후기 -췌장암,간,복막전이",잘싸먹자,2020.04.02.,"1,178"
2581,자유게시판,자꾸 눈물만나와요ㅜ,함께나눠요,2020.04.02.,468
2582,질문과 대답(QnA),이버멕틴시작하려해요.복용량문의드려요,여보사랑해,2020.04.02.,396
2583,가입 인사,안녕하세요,선양,2020.04.02.,83
2584,자유게시판,사기전화,분홍앵초,2020.04.02.,415
2585,자유게시판,이버 복용방법,야베스,2020.04.02.,696
2586,자유게시판,일상- 아침에~,써니,2020.04.02.,375
2589,질문과 대답(QnA),가끔 대변에 하얀  끈적한 액체가 나오는데 무엇인지요?,문,2020.04.02.,349
2590,이버맥틴자가임상후기,mediforworld4 사이트 폐쇄,구두가게,2020.04.02.,646
2591,기타 자가임상 후기,냐옹이엄마 님^^..감사합니다..,임한성 입니다,2020.04.02.,428
2592,자유게시판,신풍님 감사합니다,헤라,2020.04.02.,411
2593,자유게시판,사기꾼이 판을치고 있군요.. 헤라님 확인이 안된곳에는 절대 구입하지 마세요..,신풍생각,2020.04.02.,944
2594,자유게시판,감사합니다,남자폴,2020.04.02.,123
2595,질문과 대답(QnA),호중구 올리는 음식 뭐드시나요?,헤븐리 힐링,2020.04.02.,315
2596,정보 공유,정보 몇가지 올려드릴게요,예슬맘,2020.04.02.,741
2597,자유게시판,도움좀 주세요,함께나눠요,2020.04.02.,251
2598,가입 인사,안녕하세요?,자유자,2020.04.02.,102
2599,질문과 대답(QnA),이버멕틴 어디서 구하시나요??,오리지니,2020.04.02.,732
2600,자유게시판,오늘도 수액~~,기적을 바라는 아빠,2020.04.02.,640
2601,자유게시판,"아직도 헤매는 약 선택.,?",뽀미마미,2020.04.02.,377
2602,자유게시판,스테로이드와 벤다졸,강빠이,2020.04.02.,205
2603,자유게시판,헤라님과 나눔해주신 나이가라님 감사드립니다~,척추를접었다,2020.04.02.,306
2604,자유게시판,B형간염 니타조 vs 알벤다졸,환타지해적,2020.04.02.,304
2605,자유게시판,애가 계속 까라지네요 ㅠㅠ,승주승윤맘,2020.04.02.,470
2606,질문과 대답(QnA),알벤다졸 알약을 가루로 만들어서 먹어도 되나요?,경기남이,2020.04.02.,265
2607,자유게시판,비펄-폐암-보호자님기부   감사합니다,헤라,2020.04.02.,189
2608,자유게시판,헤라님 오늘은 용량 늘렸어요,아빠힘내요,2020.04.02.,654
2609,질문과 대답(QnA),이버멕틴 복용량,aledmaju1,2020.04.02.,552
2611,자유게시판,알벤다졸 가루를 물에 섞어 몸에 바른 후기,치료완료,2020.04.02.,628
2612,벤지미다졸 질문 게시판,헤라님 냐옹이엄마님 감사합니다,아름다운차이,2020.04.02.,537
2613,기생충사진공유,추정 배출 기생충 육질편모충류,말콥,2020.04.02.,"1,134"
2614,자유게시판,아직도 헤매고 있는건지..,산하,2020.04.02.,383
2615,자유게시판,medi4world에서 온 메일 공유드립니다-이러고서 사기친거면 화날것같네요ㅜㅜ,그린에이지,2020.04.02.,440
2616,자유게시판,마약성 진통제 부작용,보호자 창원언니,2020.04.02.,314
2617,자유게시판,이제 시작해보려 하는데,오민,2020.04.03.,479
2618,자유게시판,식사와 마음가짐만 바로가져도 암극복 가능,프로토TV,2020.04.03.,233
2619,자유게시판,통증은 어떻게들 하시는가요?,라떼허니,2020.04.03.,342
2620,자유게시판,안부,헤라,2020.04.03.,100
2621,자유게시판,다른건  모가 있나요?,건강60,2020.04.03.,381
2622,자유게시판,울  닥터심선생님  젤 많은 영감을 주셨어요,헤라,2020.04.03.,418
2623,자유게시판,이버멕틴후기,헤라,2020.04.03.,"2,024"
2624,정보 공유,아르테미니신,복댕아,2020.04.03.,480
2625,유투브방송 링크나눔,헨섬킴  어머님 생신축하드립니다 ㅎ,헤라,2020.04.03.,262
2626,자유게시판,집에 키우는 동물 때문은 아닐까 싶습니다.,화창한오후,2020.04.03.,791
2627,자유게시판,"관해,완치",보호자 창원언니,2020.04.03.,521
2628,자유게시판,나눔 감사합니다,승리한다,2020.04.03.,162
2629,자유게시판,침샘암 폐로전이,성공,2020.04.03.,392
2631,자유게시판,엽상종 환우분 계십니까?,kuang1237,2020.04.03.,314
2632,정보 공유,이런글이있어 올려요,복댕아,2020.04.03.,336
2633,자유게시판,소중한 나눔!감사한 마음!,남매,2020.04.03.,258
2634,질문과 대답(QnA),감사의마음,미소랑,2020.04.03.,166
2635,자유게시판,소중한마음,희망과꿈,2020.04.03.,170
2637,질문과 대답(QnA),니타조사마이드,희망과꿈,2020.04.03.,770
2638,가입 인사,헤라님..노트북 으로는 방가방가..,임한성,2020.04.03.,219
2639,가입 인사,안녕하세요,보라우유,2020.04.03.,132
2640,자유게시판,피검사 수치 다 맞춰갑니다..,암을죽이자,2020.04.03.,483
2641,정보 공유,&lt; 피검사 결과지 항목 설명 &gt; 공유 도움이 되기를 바랍니다,헤븐리 힐링,2020.04.03.,"1,736"
2642,자유게시판,다들 몇 종류씩 드시나요?,암을죽이자,2020.04.03.,606
2643,자유게시판,우리아가 별이 되엇네요..,기적을 바라는 아빠,2020.04.03.,"1,283"
2645,가입 인사,안녕하세요!,우서늬,2020.04.03.,120
2647,자유게시판,열감,보호자 창원언니,2020.04.04.,272
2648,자유게시판,우리아가 별이 되엇네요..,가넷,2020.04.04.,146
2649,자유게시판,늦지않게 ...지금이순간 최선,헤라,2020.04.04.,364
2650,자유게시판,안부,헤라,2020.04.04.,256
2651,자유게시판,잘싸먹자...남편분 삼가고인에 명복을빕니다,헤라,2020.04.04.,"1,172"
2652,자유게시판,암 환자의 식사지침,프로토TV,2020.04.04.,337
2653,자유게시판,복용 전에 궁금한게 있어서요,오민,2020.04.04.,325
2655,가입 인사,안녕하세요,서울 불닭볶음면,2020.04.04.,238
2656,정보 공유,이버멕틴은 코로나19를 단 48시간 내에 억제한다 | 세포실험에서...,큰들,2020.04.04.,360
2658,기타 자가임상 후기,메벤 18일 이버 6일째,보배맘,2020.04.04.,656
2659,자유게시판,비펄님!헤라님!감사합니다. ㅠㅠ,승주승윤맘,2020.04.04.,339
2660,기타 자가임상 후기,알로홀먹고 응가 시작. 혐오 주의 (응가에서나온 ...),보배맘,2020.04.04.,"1,044"
2661,자유게시판,참고 견디십시오,자유롭게살자,2020.04.04.,242
2663,질문과 대답(QnA),엄마의 육종암/마지막희망,가암자,2020.04.04.,961
2664,자유게시판,알로홀에 대하여.변비 추가,비펄ㅡ폐암ㅡ보호자ㅡ,2020.04.04.,650
2665,자유게시판,엄마가 회복중이세요,함께나눠요,2020.04.04.,412
2666,자유게시판,잘 참고 견뎌보겠습니다,베로니카원,2020.04.04.,635
2668,자유게시판,황달수치에 내리는데도움되는게있을까요,함께나눠요,2020.04.04.,277
2669,가입 인사,안녕하세요^^,보물단지,2020.04.04.,156
2670,가입 인사,안녕하세요,coffee5010,2020.04.04.,163
2671,유투브방송 링크나눔,파리장군님께서 코로나19약..이버멕틴을 찾으셨네요,헤라,2020.04.04.,610
2672,자유게시판,구충제 구입,야생화처럼,2020.04.04.,329
2674,자유게시판,이버맥틴 복용법,롱롱이닫,2020.04.04.,908
2678,유투브방송 링크나눔,창발님  영상 인데요,영민아빠,2020.04.04.,285
2679,정보 공유,유투버 닥터 심의 비타민C - 약인가? 독인가? 암종에 따른 차이,비펄ㅡ폐암ㅡ보호자ㅡ,2020.04.05.,473
2680,자유게시판,작년 사진을 우연히 찾았네요,오민,2020.04.05.,658
2681,자유게시판,안부,헤라,2020.04.05.,136
2682,질문과 대답(QnA),방광염,수원W홍홍,2020.04.05.,297
2683,자유게시판,휴직이,헤라,2020.04.05.,406
2684,자유게시판,항암치료 받으면 암환자가...,프로토TV,2020.04.05.,450
2685,기타 자가임상 후기,간수치는 떨어지는데 황달수치가 안떨어져요,풍경채 편지,2020.04.05.,313
2686,자유게시판,암을 치료하는 신기술 발명,프로토TV,2020.04.05.,400
2688,이버맥틴자가임상후기,이버멕틴 내가 먹어야지 ㅎ,헤라,2020.04.05.,839
2689,자유게시판,우리 좋은 카페에 꼭,All Bright,2020.04.05.,304
2690,질문과 대답(QnA),인도에서  지금 약시킬수있나요?오던가요?,물이름,2020.04.05.,468
2691,자유게시판,이버멕틴 사기 조심하세요!!,코코코코,2020.04.05.,869
2692,자유게시판,만사가 잘 풀리는 7가지 방법,자유롭게살자,2020.04.05.,174
2693,이버맥틴자가임상후기,이버-메벤 고용량 5일차 후기,야베스,2020.04.05.,981
2696,자유게시판,담도암   기력좀도움되는음식있을까요,함께나눠요,2020.04.05.,261
2697,질문과 대답(QnA),"펜벤,메벤",보호자 창원언니,2020.04.05.,235
2698,정보 공유,유방암 정보인데 도움되어 올립니다,니크바드새로미,2020.04.05.,319
2699,자유게시판,담도암 구충제복용중 빈혈수치관련있으셨나요,함께나눠요,2020.04.05.,183
2700,이버맥틴자가임상후기,이버멕틴24mg,헤라,2020.04.05.,"1,240"
2701,기생충사진공유,메벤 19일째 이버7일째 계속나오는 ***,보배맘,2020.04.05.,"1,233"
2702,이버맥틴자가임상후기,항암 이버멕틴  2탄,헤라,2020.04.05.,"1,283"
2704,자유게시판,자꾸 토하시는데 약도 같이 나오는 거 아닐까요?,베로니카원,2020.04.05.,298
2706,자유게시판,이제 시작해봅니다,오민,2020.04.05.,261
2707,가입 인사,안녕하세요,kschang0,2020.04.05.,99
2709,자유게시판,"동아일보 ""구충제 이버멕틴, 이틀만에 코로나바이러스 죽여""",할배1경기,2020.04.06.,254
2710,회원나눔(공짜는 아닙니다),이버맥틴 나눔 하실분 계신가요,건강행복,2020.04.06.,639
2712,자유게시판,제발 부탁좀 드립니다  이버멕틴,마리니,2020.04.06.,830
2714,질문과 대답(QnA),계속 토해서 음식을 아무것도 못 먹는데 구충제 시작해도 될까요?(위암 4기),ekparkjoung,2020.04.06.,367
2716,자유게시판,이버멕틴의 관심이 급증,궁을,2020.04.06.,732
2717,자유게시판,안부,헤라,2020.04.06.,152
2718,자유게시판,이버멕틴에 논란,헤라,2020.04.06.,927
2719,자유게시판,이버맥틴 연합뉴스...코로나 19...사멸. 내용 입니다.,오즈대마왕,2020.04.06.,299
2720,질문과 대답(QnA),쿠팡,안경,2020.04.06.,324
2721,담비,유방암_플루벤다졸_트라스투즈맙_2018년,담비,2020.04.06.,400
2722,자유게시판,신풍생각님,인생은추입이라,2020.04.06.,412
2723,자유게시판,구충제 복용으로 힘들 수도 있는 간해독에 도움이 되는 요법 참고하십시요.,라떼허니,2020.04.06.,928
2724,가입 인사,인사드립니다,jsjsmh,2020.04.06.,63
2725,가입 인사,가입인사드려요,희망의맘,2020.04.06.,178
2726,가입 인사,안녕하세요 ~,빛과소금22,2020.04.06.,76
2727,질문과 대답(QnA),이버멕틴가격,기범아빠,2020.04.06.,"1,445"
2728,정보 공유,갑자기 간수치가 급상승 했다네요 ㅜㅜ,니크바드새로미,2020.04.06.,546
2732,가입 인사,안녕하세요.,빠른 거북이,2020.04.06.,106
2733,이버맥틴자가임상후기,이버멕틴24mg 2회,헤라,2020.04.06.,933
2736,자유게시판,기회는 준비된 자만이 잡을 수 있습니다,자유롭게살자,2020.04.06.,310
2738,자유게시판,어제 구충제 먹어보고,오민,2020.04.06.,652
2739,가입 인사,가입인사,준비된자,2020.04.06.,105
2740,가입 인사,오늘 가입했습니다. ^^,fruupp,2020.04.06.,104
2742,가입 인사,달콤하고 아삭한 성주참외 판매합니다,coffee5010,2020.04.06.,417
2743,가입 인사,등업신청합니다,경기ll야니,2020.04.06.,74
2744,가입 인사,가입인사 드립니다^^ 반갑습니다,KSQUARE,2020.04.06.,214
2745,자유게시판,구충제의 암세포 사멀과정/원리,나이가라 반갑습니다,2020.04.06.,941
2746,판매자 신청,죄송합니다,coffee5010,2020.04.06.,335
2748,판매자 신청,달콤 아삭한 성주참외 판매합니다,coffee5010,2020.04.06.,518
2749,가입 인사,아는 분이 백혈병..,믿음이다,2020.04.06.,420
2750,자유게시판,가입후 첫 글,정진화,2020.04.06.,223
2751,질문과 대답(QnA),Nk세포에 대하여,문,2020.04.06.,258
2753,질문과 대답(QnA),항암중 구충제 복용,비온다음,2020.04.06.,277
2754,자유게시판,딸에게 구충제를 먹일려고 하는데..,믿음이다,2020.04.06.,413
2755,자유게시판,이버멕틴 루마니아(국가) 제품 개용 구매했는데 괜찮을까요?,인생이란119,2020.04.06.,525
2759,자유게시판,안부,헤라,2020.04.07.,140
2760,자유게시판,디스토시드복용법 확인부탁드립니다,감사해,2020.04.07.,394
2761,유투브방송 링크나눔,구충제만으로 딸 뇌종양치료 수기,헤라,2020.04.07.,955
2762,가입 인사,가입인사 드립니다.,빠른 거북이,2020.04.07.,58
2763,질문과 대답(QnA),"이버멕틴 사람용이 맞는지,비결핵항산균에 관해서,여쭙습니다.",빠른 거북이,2020.04.07.,479
2764,기타 자가임상 후기,어찌할까요?,아의,2020.04.07.,328
2765,자유게시판,태국 얀센 메벤다졸 발암?,롱롱이닫,2020.04.07.,503
2766,유투브방송 링크나눔,영상판독지결과,헤라,2020.04.07.,613
2767,자유게시판,니칼로사마이드 이 제품 먹어도 될지요..,롱롱이닫,2020.04.07.,328
2768,가입 인사,가입인사 드립니다.,놀자,2020.04.07.,77
2769,가입 인사,가입인사 드립니다,간절해,2020.04.07.,91
2770,이버맥틴자가임상후기,이버멕틴 24mg 3회,헤라,2020.04.07.,822
2772,가입 인사,가입인사,가피,2020.04.07.,62
2773,자유게시판,메벤다졸,hjy1338,2020.04.07.,307
2774,자유게시판,Cbd 오일,길버트,2020.04.07.,310
2775,가입 인사,까페에 가입시켜주셔서 감사합니다.,dbarchi,2020.04.07.,130
2776,자유게시판,승준아빠 부탁,헤라,2020.04.07.,662
2778,자유게시판,복용중에 유제품 먹어도 되나요?,오민,2020.04.07.,273
2779,자유게시판,안녕하세요  절실하여 글 올립니다,마론,2020.04.07.,677
2780,이버맥틴,2018년도 이버맥틴 뉴스 -울릉도 흙 속에서 말라리아 치료 물질 발굴했다(종합),신풍생각,2020.04.07.,560
2781,구매정보게시판(물건배송확인후),지금은 항암구충제 구입이 아주 힘든 시기입니다.,신풍생각,2020.04.07.,884
2783,자유게시판,목련꽃 그림을 보며 희망을 가지시길,신풍생각,2020.04.07.,230
2784,질문과 대답(QnA),펜벤.알벤 복용시  종양부위가  욱신거리는분  계신가요?,완치,2020.04.07.,360
2785,자유게시판,이버맥틴..,긍정적마인드 이애란,2020.04.07.,597
2786,자유게시판,메트포르민 임상모집하네용,고고싱고,2020.04.07.,448
2788,질문과 대답(QnA),신풍생각님께! 비타민C 정맥주사 치료에 대한 질문좀 하고자 합니다.,문,2020.04.07.,325
2789,자유게시판,태국에서 특송2주 안걸리게 왔었네요,나라사랑74,2020.04.07.,799
2790,가입 인사,가입인사,버드07,2020.04.07.,65
2791,질문과 대답(QnA),고탄고지.저탄저지...참고들하심좋을듯해요,미니미니,2020.04.07.,273
2793,질문과 대답(QnA),구충제 쉬어야 될까요,별총총,2020.04.07.,825
2795,자유게시판,오늘은 힘이드는날 아빠가 먹는걸 거부,아빠힘내요,2020.04.07.,574
2796,정보 공유,음식으로 간해독하기,베로니카원,2020.04.07.,856
2798,가입 인사,감사합니다.,말리부43,2020.04.08.,145
2799,질문과 대답(QnA),오늘 어머니 폐암4기 xrey.피검사결과,미니미니,2020.04.08.,412
2801,이버맥틴자가임상후기,"이버멕틴 13mg 이틀 째 복용, 감기에 직방!",noor23,2020.04.08.,805
2802,기생충사진공유,메벤 20일 이버 9일째 눈에서,보배맘,2020.04.08.,"1,656"
2803,자유게시판,안부,헤라,2020.04.08.,187
2805,자유게시판,순천의봄입니다,라떼허니,2020.04.08.,160
2808,이버맥틴,이버멕틴 동물용 -이거 드신분게세요??,투게더투,2020.04.08.,797
2810,자유게시판,이버멕틴12mg복용했습니다,인생이란119,2020.04.08.,882
2811,가입 인사,가입 인사드립니다.,칠전팔기,2020.04.08.,101
2813,가입 인사,가입인사 드립니다~,해피데이33,2020.04.08.,63
2814,가입 인사,가입인사드립니다..,황정원,2020.04.08.,55
2815,가입 인사,가입 인사 드립니다.,시168,2020.04.08.,56
2817,이버맥틴자가임상후기,"이버멕틴25회 마지막후기 -췌장암,간,복막전이",잘싸먹자,2020.04.08.,"1,590"
2818,자유게시판,어떻게 해야할까요ㅜㅜ,가드니,2020.04.08.,304
2819,가입 인사,"안녕하세요, 가입인사드립니다.",쭈니파더,2020.04.08.,60
2822,질문과 대답(QnA),디스토시드 복용,비온다음,2020.04.08.,294
2823,자유게시판,채팅,헤라,2020.04.08.,331
2824,자유게시판,이 이버멕틴 어떨까요,린내,2020.04.08.,492
2826,정보 공유,실생활에서 해독하기,베로니카원,2020.04.08.,332
2827,정보 공유,구충제 하루 세 번 나눠 먹는 게 좋을까요?,루루,2020.04.08.,305
2828,정보 공유,"항암치료 중에도 벤다졸, 커큐민, 비타민e  복용해도 될까요?",루루,2020.04.08.,270
2829,이버맥틴자가임상후기,이버멕틴24mg4회,헤라,2020.04.08.,686
2830,가입 인사,암환우입니다 인사드립니다,하면다된다,2020.04.08.,189
2831,가입 인사,반갑습니다..,할수있어,2020.04.08.,87
2832,가입 인사,반갑습니다.,쪼르바,2020.04.08.,92
2834,기생충사진공유,배출 추정 기생충 가시입이형흡충,말콥,2020.04.08.,952
2835,자유게시판,저 해킹당했어요 ㅜㅜ,말해줘,2020.04.08.,346
2836,자유게시판,폐암 환자 펜벤다졸 복용중..,라희마미,2020.04.08.,579
2838,자유게시판,이버+메벤 고용량 8일차 후기,야베스,2020.04.08.,881
2840,자유게시판,앞으로 어떤식으로 해야할지요?,건강60ㅣ폐암ㅣ보호,2020.04.08.,584
2842,자유게시판,오늘 콧줄했어요 주의사항 있을까요?,오민,2020.04.09.,292
2843,가입 인사,안부,헤라,2020.04.09.,115
2844,유투브방송 링크나눔,이버멕틴이 전이암 막음,헤라,2020.04.09.,804
2846,이버맥틴,"이버멕틴, 잘못 복용하면 하늘로 간다?",궁을,2020.04.09.,"2,242"
2847,이버맥틴자가임상후기,"이버멕틴+알벤다졸 1일차후기와,복용에 관해 여쭙습니다.",빠른 거북이,2020.04.09.,467
2848,유투브방송 링크나눔,이버멕틴  항암효과와 안전성,헤라,2020.04.09.,581
2849,담비,간암_피페닌_5-FU_2019년,담비,2020.04.09.,240
2850,자유게시판,담도암  빈혈에 도움되는거있음 공유해주세요,함께나눠요,2020.04.09.,207
2851,유투브방송 링크나눔,장님 눈이 멀다 ~~~이버멕틴찾다,헤라,2020.04.09.,782
2852,가입 인사,인사드려요~,피츠커피,2020.04.09.,162
2853,자유게시판,총콜레스테롤 수치 어떠신가요?,정진화,2020.04.09.,240
2854,자유게시판,이버 멕틴 복용량 ?,영민아빠,2020.04.09.,597
2856,이버맥틴자가임상후기,이버멕틴8일차 메벤12일차 뇌종양 후기,여보사랑해,2020.04.09.,766
2857,정보 공유,"뇌암(신경교종 및 교모세포종) grade3,4 포함되신분들 필독.",암을죽이자,2020.04.09.,457
2858,가입 인사,구충제를 안먹는날은 노곤하니 잠만 자요 ㅠ,그래도봄은온다,2020.04.09.,341
2860,자유게시판,펜벤복용량좀봐주세요,함께나눠요,2020.04.09.,328
2861,가입 인사,안녕하세요,스마일락,2020.04.09.,101
2862,질문과 대답(QnA),이버맥틴 어떤걸로 사야하나요?,경기남이,2020.04.09.,533
2863,정보 공유,바이러스 감염에서의 콜레스테롤의 역할,루루,2020.04.09.,240
2864,질문과 대답(QnA),비타민e제외   추세?,완치,2020.04.09.,353
2866,암 호전사례 정보,비소세포폐암 4기 호전사례,푸른마당,2020.04.09.,"1,181"
2869,이버맥틴자가임상후기,이버멕틴 24mg 5일,헤라,2020.04.09.,754
2872,질문과 대답(QnA),혹시...펜벤다졸..구할수 잇는곳..,미니미니,2020.04.09.,533
2873,가입 인사,안녕하세요,힘내요,2020.04.09.,92
2874,자유게시판,오기로 싸우는 13년차 4기환자 겨울처녀,오기 겨울처녀,2020.04.09.,"1,404"
2875,자유게시판,에시악티 끓이는법,마음에 머묾이 없다,2020.04.09.,394
2876,기타 자가임상 후기,간수치 검사해 봤어요,별총총,2020.04.09.,415
2877,정보 공유,콜레스테롤에 관한 모든것! (ft.콜레스테롤 낮추는 방법)/ 나쁜 LDL ??,루루,2020.04.09.,165
2880,벤지미다졸 질문 게시판,구충요법중 머리 빠지는 증상도 있을까요?,희망의맘,2020.04.09.,576
2881,질문과 대답(QnA),해외구매대행 사이트 신뢰할만 한가요?,시168,2020.04.10.,508
2882,질문과 대답(QnA),헬리코 박터균 제균?? 어떤 구충제가 있을까요???,짠맛,2020.04.10.,439
2883,자유게시판,안부,헤라,2020.04.10.,156
2884,자유게시판,기관삽관해야 할까요?,오민,2020.04.10.,256
2885,질문과 대답(QnA),베이킹소다,암 안녕,2020.04.10.,347
2886,이버맥틴자가임상후기,이버멕틴 복용 2일차입니다.,빠른 거북이,2020.04.10.,381
2887,기타 자가임상 후기,MMS는 흡충을 구제한다.,말콥,2020.04.10.,"1,488"
2889,이버맥틴자가임상후기,이버9일메벤13일차 증상,여보사랑해,2020.04.10.,756
2890,자유게시판,니타조사나이드 ..,러브조주,2020.04.10.,531
2891,자유게시판,감동 예슬맘언니 감사합니다,헤라,2020.04.10.,350
2894,자유게시판,담도암4기 혈속소가 자꾸떨어져서  어떻하죠,함께나눠요,2020.04.10.,254
2896,자유게시판,ACC(에이씨씨님)소식아시는분?,오기 겨울처녀,2020.04.10.,481
2897,정보 공유,이버멕틴,얼트라볼타,2020.04.10.,984
2900,자유게시판,엄마 수치좀봐주세요 어떻해야할지 ??,함께나눠요,2020.04.10.,409
2901,자유게시판,이버멕틴24mg 6회,헤라,2020.04.10.,787
2902,유투브방송 링크나눔,이버멕틴에 대해 좀더 자세히 알고 싶은신분  보세요,영민아빠,2020.04.10.,895
2903,이버맥틴,"이버멕틴, 코로나바이러스 치료관련 (이영돈tv)",궁을,2020.04.10.,516
2904,질문과 대답(QnA),종양수치,안산꼬마화가,2020.04.10.,435
2907,자유게시판,참 의사들은 최악만 말하네요,오민,2020.04.10.,605
2908,자유게시판,이버멕틴3일차복용했습니다,인생이란119,2020.04.10.,580
2909,자유게시판,혹시 만성b형간염 때문에 니타조사나이드 먹고계신분 계신가요?,장무기,2020.04.10.,459
2910,자유게시판,안부,헤라,2020.04.11.,155
2911,자유게시판,이버멕틴 구하는 방법 알려주세요,덕분,2020.04.11.,609
2912,가입 인사,안녕하세요,100세건강,2020.04.11.,107
2914,이버맥틴자가임상후기,"이버멕틴 복용 3일차 후기와,여쭤볼게 있습니다.",빠른 거북이,2020.04.11.,554
2915,담비,니클로사마이드001-서언-부신피질암-419,담비,2020.04.11.,254
2916,자유게시판,dose PHARMACY 결제 방법 여쭤 보아요,스테나,2020.04.11.,141
2917,자유게시판,소아혈액암 ㆍ백혈병에 구충제 도전해보신분?,행복4,2020.04.11.,363
2918,가입 인사,반갑습니다,스테나,2020.04.11.,78
2921,질문과 대답(QnA),이버멕틴 고열 증상 유무,피츠커피,2020.04.11.,527
2922,자유게시판,의견들 부탁합니다,함께나눠요,2020.04.11.,239
2924,유투브방송 링크나눔,구충제 이버멕틴,헤라,2020.04.11.,689
2925,이버맥틴자가임상후기,이버멕틴24mg7회,헤라,2020.04.11.,"1,717"
2930,자유게시판,건강한 먹거리는 거저 만들어지는것이 아니겠죠..  탄소순환농법 궁을농장,신풍생각,2020.04.11.,304
2933,"벤지미다졸체험기, 희망나누기",알벤1일차 후기,마론,2020.04.11.,366
2936,자유게시판,해외직구 통관 길라잡이(관세청 자료) 입니다.,놀자,2020.04.11.,382
2937,유투브방송 링크나눔,벤다졸과 미토콘드리아,궁을,2020.04.11.,308
2938,질문과 대답(QnA),디스토시드 먹고  이버멕틴 복용시  휴지기  기간 두시나요?,완치,2020.04.11.,313
2940,질문과 대답(QnA),알벤다졸을 복용하다가  다시 시작햇는데...요.,믿음이다,2020.04.11.,462
2942,자유게시판,메벤다졸 시럽,다잘될꺼야,2020.04.11.,272
2943,질문과 대답(QnA),이버멕틴 3일차,별총총,2020.04.12.,384
2944,자유게시판,안부,헤라,2020.04.12.,122
2945,자유게시판,"지금 당장 행복하고 싶어서 지은 5평짜리 천국, 낭만 아지트",궁을,2020.04.12.,311
2946,가입 인사,반갑습니다,만점신용kwang7850,2020.04.12.,69
2947,가입 인사,반갑습니다,만점신용kwang7850,2020.04.12.,82
2948,이버맥틴자가임상후기,이버멕틴 먹는후기,헤라,2020.04.12.,"1,683"
2951,이버맥틴자가임상후기,이버멕틴 12mg 1일차,잘살아보자구요,2020.04.12.,795
2953,이버맥틴자가임상후기,이버멕틴 24mg 8회후기,헤라,2020.04.12.,770
2954,가입 인사,가입하게 되어서 반갑습니다.,수락산,2020.04.12.,56
2955,자유게시판,아르테미시닌과 철분제 이버멕틴 병용효과,야베스,2020.04.12.,510
2956,이버맥틴자가임상후기,이버멕틴 복용 4일차입니다.,빠른 거북이,2020.04.12.,464
2959,질문과 대답(QnA),메트포르민 드시는 분들?,잉크중독,2020.04.12.,397
2960,정보 공유,아르테미시닌,써니,2020.04.12.,848
2962,가입 인사,첫가입했어요!!!,sambong76,2020.04.12.,76
2963,이버맥틴자가임상후기,이버11일 메벤15일 후기,여보사랑해,2020.04.12.,696
2964,자유게시판,아버지 구충제 3주차 후기,치료완료,2020.04.12.,639
2965,자유게시판,뼈전이,복댕아,2020.04.12.,381
2967,자유게시판,다발성 전이암,극복하자아자아자,2020.04.12.,391
2968,자유게시판,제대로된 복용법 ~~~,보니파시오,2020.04.12.,689
2969,자유게시판,다발성 전이암 (밑에내용),극복하자아자아자,2020.04.12.,310
2970,가입 인사,가입인사드립니다,프리라이더,2020.04.12.,152
2973,자유게시판,오늘니콜사마이드 시작,안아프고이겨내자,2020.04.12.,318
2975,궁을,벌레가 먼저 먹은 친환경농산물 “파이토케미컬 더 많다”,궁을,2020.04.12.,253
2977,자유게시판,방사선,복댕아,2020.04.12.,208
2980,자유게시판,니타조사나이드 암치료 질문,야생화처럼,2020.04.12.,515
2981,자유게시판,너무 끔찍한 일을 겪고 있어요.,풀꽃처럼,2020.04.12.,"1,713"
2982,가입 인사,잘 부탁 드립니다^^,딸기압빠,2020.04.12.,145
2983,자유게시판,안부,헤라,2020.04.13.,160
2984,기생충사진공유,"[공유] 날고기 ,날미나리 간질충 담관암 담낭암",헤라,2020.04.13.,762
2985,이버맥틴자가임상후기,이버멕틴 먹는후기,헤라,2020.04.13.,"1,107"
2986,가입 인사,가입감사합니다,eikona,2020.04.13.,46
2987,담비,신장암_니클로사마이드_소라페니브_2018년,담비,2020.04.13.,273
2988,가입 인사,반갑습니다,폭등각,2020.04.13.,64
2989,질문과 대답(QnA),알벤다졸 복용 후 증상 문의,리부,2020.04.13.,402
2990,자유게시판,안녕들 하신지요?,갸웃갸웃,2020.04.13.,162
2991,이버맥틴자가임상후기,이버멕틴24mg 9회,헤라,2020.04.13.,770
2992,자유게시판,엽상종,kuang1237,2020.04.13.,208
2994,가입 인사,반갑습니다,인인,2020.04.13.,61
2995,자유게시판,디스토시드 문의요,스테나,2020.04.13.,215
2996,정보 공유,<<베이킹소다 복용법>>,말콥,2020.04.13.,996
2997,정보 공유,간(담도)청소 방법,말콥,2020.04.13.,"1,203"
2998,자유게시판,펜밴+메벤+알밴/이버맥틴 자가임상,라떼허니,2020.04.13.,564
2999,이버맥틴자가임상후기,이버멕틴 12mg 2일차,잘살아보자구요,2020.04.13.,703
3001,자유게시판,알벤다졸먹는데 약사가 먹지말라네요,3겹,2020.04.13.,629
3002,자유게시판,의료비지원서비스,샛별,2020.04.13.,206
3003,만성질환자가임상나누기,구충제 장기복용 및 이버멕틴 고용량 후에도 기생충이 있는듯 합니다.,건강한 몸과 정신,2020.04.13.,"1,542"
3004,자유게시판,아 진짜 병원은...,오민,2020.04.13.,544
3005,자유게시판,진짜 방법이없는걸까요,함께나눠요,2020.04.13.,546
3006,자유게시판,장마비? 장폐색?,미즈온,2020.04.13.,401
3007,가입 인사,난소암 림프종 전이 치료 경험을 알고싶습니다.,영산강변,2020.04.13.,281
3010,자유게시판,펜벤다졸 주문하려니,나라사랑74,2020.04.13.,419
3011,질문과 대답(QnA),혈중농도를  높여야  종양이  사멸된다는데..,완치,2020.04.13.,410
3013,질문과 대답(QnA),어머니 병명,미니미니,2020.04.13.,400
3014,정보 공유,WHO 필수 의약품 목록  링크 입니다~,시그널,2020.04.13.,178
3015,자유게시판,피검사 하러가면,나라사랑74,2020.04.13.,202
3017,자유게시판,약이 듣는건지 림프쪽이 아푼건지,아빠힘내요,2020.04.13.,471
3018,질문과 대답(QnA),메벤다졸복용,만점신용kwang7850,2020.04.13.,420
3019,가입 인사,반갑습니다,상대원,2020.04.13.,285
3020,질문과 대답(QnA),디스토시드 드시고  따로  관장하시나요?,완치,2020.04.13.,263
3023,자유게시판,니타조사나이드  구입 할수있나요.,상대원,2020.04.13.,628
3025,기타 자가임상 후기,매일 소중한 시간을 잘 보내고 있네요,희망의맘,2020.04.13.,536
3026,자유게시판,콧줄 하신분 질문이요,오민,2020.04.13.,210
3028,질문과 대답(QnA),혈액검사 정확도가 얼마나 될까요?,묘주,2020.04.14.,290
3029,가입 인사,감사합니다,심베베,2020.04.14.,136
3030,질문과 대답(QnA),지독한 편두통,경산에살어리,2020.04.14.,367
3031,자유게시판,안부,헤라,2020.04.14.,212
3032,가입 인사,안녕 하십니까,희망쌀집,2020.04.14.,172
3033,이버맥틴자가임상후기,이버멕틴 먹는후기,헤라,2020.04.14.,893
3035,회원나눔(공짜는 아닙니다),현제 니타조사나이드 드시다가 떨어지신 분들 있으세요?,냥가,2020.04.14.,977
3037,기타 자가임상 후기,알벤 복용 시작,간절해,2020.04.14.,276
3038,이버맥틴자가임상후기,이버멕틴 24mg10회차,헤라,2020.04.14.,602
3041,자유게시판,"인도발 메벤다졸,이버멕틴,클로로퀸 드이어 왔네요",가이아,2020.04.14.,644
3042,"벤지미다졸체험기, 희망나누기",알벤 3복 4휴,마론,2020.04.14.,443
3045,만성질환자가임상나누기,아토피 완치를 꿈꿉니다.(혐오사진 주의),건강한 몸과 정신,2020.04.14.,785
3047,자유게시판,이버멕틴 같이 먹는 영양제는 뭐가 좋을까요?,함께하는 아침,2020.04.14.,464
3051,자유게시판,myroomgo님 고맙습니다,헤라,2020.04.14.,330
3052,자유게시판,간 수치가 올라간 경우  어찌 할지 ~~조언 부탁드립니다,hewasol,2020.04.14.,480
3053,가입 인사,안녕하세요,안초,2020.04.14.,116
3054,자유게시판,미세기생충 의문,궁을,2020.04.14.,691
3056,기타 자가임상 후기,알벤다졸 복용후 발다닥 사마귀.,공작단풍,2020.04.14.,"1,286"
3057,이버맥틴자가임상후기,이버+메벤 고용량 후기 14일차,야베스,2020.04.14.,907
3058,이버맥틴자가임상후기,이버멕틴 12mg 3일차,잘살아보자구요,2020.04.14.,690
3059,이버맥틴자가임상후기,이버멕틴 2일차 입니다^^,산하,2020.04.14.,471
3060,벤지미다졸 질문 게시판,구충제 복용,yaya3872,2020.04.14.,404
3062,질문과 대답(QnA),몇가지 질문,베로니카원,2020.04.15.,396
3064,자유게시판,안부,헤라,2020.04.15.,130
3065,자유게시판,이버멕틴 먹는후기,헤라,2020.04.15.,"1,085"
3066,가입 인사,투표하고 왔습니다.,레버넌트,2020.04.15.,151
3067,가입 인사,안녕하세요,구암스토커,2020.04.15.,130
3068,질문과 대답(QnA),이버 먹을때도 펜벤처럼 기름과 같이 드시고 계신지요??,산하,2020.04.15.,457
3069,자유게시판,응원해주세요~~저 잘하고 있는거 맞죠?,감사한 하루를 삽시다,2020.04.15.,518
3071,이버맥틴자가임상후기,딸 다시 미세암 없애기 오늘부터 합니다,헤라,2020.04.15.,821
3072,이버맥틴자가임상후기,이버멕틴24mg11회,헤라,2020.04.15.,585
3073,자유게시판,변에서 이상한것이 혐오주의하세요,인생이란119,2020.04.15.,636
3076,자유게시판,폐암환우 3개월간 지켜본  혈액검사결과,복댕이,2020.04.15.,674
3077,자유게시판,이버멕틴 먹는 시간,야생화처럼,2020.04.15.,330
3078,자유게시판,제가알벤 투약후 코로 콧물과함깨 나온 충들입니다 어떻게해서 나오게 되는지 궁굼해요,상대원,2020.04.15.,"1,011"
3079,자유게시판,"이버멕틴, 구하는 방법.",개무아,2020.04.15.,680
3084,자유게시판,나의 아토피 이야기ㅡ회선사상충증이지 않을까,풀꽃처럼,2020.04.15.,"1,048"
3086,자유게시판,니타조사나이드를 먹는데요.,믿음이다,2020.04.16.,492
3087,자유게시판,이버멕틴 2일차 입니다 좀 쉬어야할까요?,함께하는 아침,2020.04.16.,501
3088,가입 인사,가입 인사 드립니다.,김선형,2020.04.16.,164
3089,정보 공유,"""동물 구충제"" 프레임에 대하여...",김선형,2020.04.16.,476
3090,질문과 대답(QnA),"이버멕틴, 펜벤다졸 휴지기 질문드립니다",김선형,2020.04.16.,529
3091,가입 인사,이버멕틴과 벤다졸 얼마나,경기ll야니,2020.04.16.,394
3092,가입 인사,간지러움증~어떤걸 먹어야할까요?,삼남매홧팅,2020.04.16.,331
3093,자유게시판,안부,헤라,2020.04.16.,119
3094,이버맥틴자가임상후기,이버멕틴  먹는후기,헤라,2020.04.16.,560
3096,담비,전립선암_옥시벤다졸_2018년,담비,2020.04.16.,268
3097,질문과 대답(QnA),이버메틴 성분 들어있는 연고 문의,제주 사랑초,2020.04.16.,324
3098,자유게시판,기생충사체배출 어떤게 좋을까요?,푸른 숲,2020.04.16.,"1,115"
3099,가입 인사,가입인사 드립니다,안녕,2020.04.16.,90
3100,이버맥틴자가임상후기,이버멕틴24mg 12회차,헤라,2020.04.16.,820
3101,이버맥틴자가임상후기,이버맥틴 복용때 증상여쭙니다~,다듬이,2020.04.16.,698
3104,자유게시판,myroomgo님에게서 나눔받았습니다,성공,2020.04.16.,357
3105,자유게시판,이버멕틴과 병행시 부작용을 일으키는 약물,스모리,2020.04.16.,640
3106,구매정보게시판(물건배송확인후),(통관됨)해외 물류가 도착하기 시작했어요 그런데 세관에 잡혀있네요,신풍생각,2020.04.16.,803
3107,자유게시판,베트남제약에서,푸른하늘은하수,2020.04.16.,694
3108,자유게시판,단단히동여매고,짱돌,2020.04.16.,171
3110,이버맥틴자가임상후기,이버멕틴 3일차 ㅡ요놈들 나왔어요,투게더투,2020.04.16.,924
3112,기타 자가임상 후기,알벤다졸 복용설명서,간절해,2020.04.16.,448
3113,유투브방송 링크나눔,헨섬킴  나들이 육종암엄마,헤라,2020.04.16.,480
3114,자유게시판,약효과 있을까요 ?,보니파시오,2020.04.16.,312
3115,질문과 대답(QnA),초6아이  두통관련,완치,2020.04.16.,368
3117,이버맥틴자가임상후기,이버맥틴 3일차,프리라이더,2020.04.16.,445
3119,질문과 대답(QnA),"구연산디에틸카바마진(Diethylcarbamazine citrate, DEC) 구하는 법",김선형,2020.04.17.,422
3120,자유게시판,안부,헤라,2020.04.17.,125
3121,질문과 대답(QnA),횡설수설 하십니다..,할수있어,2020.04.17.,459
3122,이버맥틴자가임상후기,이버멕틴  먹는후기,헤라,2020.04.17.,774
3123,가입 인사,안녕하세요,가브리엘73,2020.04.17.,149
3125,자유게시판,울 보배가 별이 되었네요,헤라,2020.04.17.,959
3126,정보 공유,"기사 펌 / ‘동물용도 OK’ 대만 제약사, 씨티씨바이오에서 이버멕틴 수입 한다",제리호야,2020.04.17.,283
3127,정보 공유,기사 펌/  동물용 구충제 '이버멕틴' 코로나19 치료제 연구 착수,제리호야,2020.04.17.,222
3128,질문과 대답(QnA),이버멕틴 복용 예정인데 혹시 간수치가 않좋아질 때 먹는 약 관련 질문드립니다.,뇌종양 션트,2020.04.17.,321
3129,이버맥틴자가임상후기,이버멕틴24mg 13회,헤라,2020.04.17.,501
3130,자유게시판,무료?,작은할배,2020.04.17.,256
3131,자유게시판,모든 분들이 행복하시고 아프지 않기를,척추를접었다,2020.04.17.,185
3133,자유게시판,보호자입니다,kibong04,2020.04.17.,256
3134,질문과 대답(QnA),절박한 심정으로 찾아왔습니다. 도와주세요.,내사랑아,2020.04.17.,758
3136,자유게시판,연하장애 후 식사방법,프리라이더,2020.04.17.,185
3138,자유게시판,요양병원 추천부탁드립니다.,구암스토커,2020.04.17.,241
3140,자유게시판,메벤다졸,롱롱이닫,2020.04.17.,344
3141,자유게시판,인도산 이버멕틴 12mg 는 분홍색인가요? 흰색이가요??,산하,2020.04.17.,523
3142,기타 자가임상 후기,3개월복용 간암수치증가 조언부탁드려요,금빛햇살,2020.04.17.,862
3143,정보 공유,이버멕틴. 메벤다졸 베트남 산 구했습니다.,공작단풍,2020.04.17.,"1,267"
3144,자유게시판,사랑하는보배 별이되어 반짝입니다,보배맘,2020.04.17.,"1,134"
3146,가입 인사,월요일 수술까지 구충제 계속 먹어도 될까요?,sunsmilee,2020.04.17.,249
3147,기타 자가임상 후기,메벤과 이버멕틴,희망의맘,2020.04.17.,854
3148,자유게시판,약이 5일만에 도착했네요,극복하자아자아자,2020.04.17.,470
3149,질문과 대답(QnA),메벤다졸은 많이 안쓰시나요?,구암스토커,2020.04.17.,490
3150,가입 인사,가입 인사드립니다.,러키,2020.04.17.,91
3151,가입 인사,안녕하세요,이겨보자,2020.04.17.,105
3152,회원나눔(공짜는 아닙니다),교환완료,척추를접었다,2020.04.17.,382
3153,질문과 대답(QnA),흉수가 안빠졌네요,발리여신,2020.04.17.,446
3154,기타 자가임상 후기,알벤다졸 자가임상?? 후기,척추를접었다,2020.04.17.,628
3158,자유게시판,귀한 선물~^^,제주 사랑초,2020.04.17.,360
3159,자유게시판,제발 읽어주세요!,세개의 희망,2020.04.18.,716
3160,질문과 대답(QnA),혹시 가슴 정중앙 쪽에서 계속 몽글몽글한 느낌은..,드림걸즈77,2020.04.18.,399
3162,담비,니클로사마이드002-유방암-430,담비,2020.04.18.,454
3163,자유게시판,안부,헤라,2020.04.18.,97
3164,질문과 대답(QnA),티센트릭,보호자 창원언니,2020.04.18.,244
3165,질문과 대답(QnA),전이암,보호자 창원언니,2020.04.18.,444
3166,질문과 대답(QnA),안녕하세요 기존약들,이겼다,2020.04.18.,260
3167,이버맥틴자가임상후기,동물용 이버멕틴,Lev,2020.04.18.,538
3168,자유게시판,구충제의 암세포 사멸과정/원리 [보완편],나이야가라,2020.04.18.,600
3171,자유게시판,이버멕틴 24mg 14회,헤라,2020.04.18.,770
3172,자유게시판,이게 기생충 일까요,미뚱이,2020.04.18.,572
3175,자유게시판,한국은 메벤다졸을 생산하면서 수출만 합법이라고..,드림걸즈77,2020.04.18.,398
3177,질문과 대답(QnA),알벤다졸과 면역치료 복합가능할까요?,구암스토커,2020.04.18.,252
3178,자유게시판,사회적 거리두기 상황에서 모임 ~대략난감~,헤라,2020.04.18.,407
3179,자유게시판,이것이 뭐인가요?,인생이란119,2020.04.18.,583
3180,이버맥틴자가임상후기,이버+메벤 고용량 18일차 후기,루자두,2020.04.18.,"1,371"
3182,질문과 대답(QnA),항암제 구충제 복용 시 질문입니다,루시아mj,2020.04.18.,356
3185,질문과 대답(QnA),림프선사상충 감염증 관해 질문드립니다.,김선형,2020.04.19.,311
3186,가입 인사,가입인사드립니다,미소쾌남,2020.04.19.,75
3187,정보 공유,암 환자는 Covid-19 감염을 예방하기 위해 어떻게해야합니까?,신풍생각,2020.04.19.,167
3188,전립선암,"기생충 치료제, 전립선 암 치료에 도움-nitazoxanide (NTZ) 는 전립선 암과 대장 암 세포에서",신풍생각,2020.04.19.,579
3189,니타조사나이드,헬리코박터 파일로리 박멸을 위한 구조 요법으로서의 2 주 니타 졸사 니드 기반 사중 치료,신풍생각,2020.04.19.,342
3191,니타조사나이드,메트로니다졸에 대한 교차 저항성이없는 헬리코박터 파일로리 (Helicobacter pylori)의 박멸에 대한 잠재적 약물 인 Nitazoxanide,신풍생각,2020.04.19.,200
3192,니타조사나이드,내성생긴 헬리코박터치료에 니타조사나이드와 독시사이클린 조합 실험,신풍생각,2020.04.19.,602
3193,니타조사나이드,니타조사나이드의 독성자료,신풍생각,2020.04.19.,"1,644"
3194,자유게시판,조언을 부탁드립니다. (_ _) 꾸벅,미소쾌남,2020.04.19.,405
3195,니타조사나이드,니타조사나이드 단독요법으로는  헬리코박터 박멸치료가 안된다.. PPI 추가 병용요법으로 치료,신풍생각,2020.04.19.,768
3196,자유게시판,(내용추가) 이버멕틴.메벤다졸 하루 먹었는데 기침도 나오고 목구멍에 가래가 붙어서 안떨어져요,아이스,2020.04.19.,602
3197,신경 교종세포암,Nitazoxanide는 말기자가 포식을 억제하고 교 모세포종에서 ING1 유발 세포주기 정지를 촉진합니다,신풍생각,2020.04.19.,480
3198,자유게시판,안부,헤라,2020.04.19.,117
3199,이버맥틴자가임상후기,이버멕틴 먹는후기,헤라,2020.04.19.,678
3200,이버맥틴자가임상후기,딸  미세암 죽이기,헤라,2020.04.19.,679
3201,이버맥틴자가임상후기,"이버멕틴 3 -4 , 2주차 고열 104.8 f 로 28시간 동안 엄청 고생했어요",noor23,2020.04.19.,878
3202,자유게시판,구충제 구매 원합니다,남자폴,2020.04.19.,384
3203,질문과 대답(QnA),니클로사미드복용법,미소랑,2020.04.19.,570
3204,이버맥틴자가임상후기,이버멕틴24mg15회,헤라,2020.04.19.,609
3206,자유게시판,호스피스중 구충제 구해봅니다.,오늘감사,2020.04.19.,460
3209,기생충사진공유,배출 추정 기생충 분선충,말콥,2020.04.19.,933
3210,기생충사진공유,배출 추정 기생충 동양모양선충,말콥,2020.04.19.,978
3211,자유게시판,이버멕티 9mg 복용후 팔결림및 우측 가슴부위 통증,극복하자아자아자,2020.04.19.,458
3213,자유게시판,감사합니다.,개무아,2020.04.19.,195
3214,자유게시판,이게 햄프씨드 대마오일 이라고 먹이라고 구해오셨는데..아시나요??,승주승윤맘,2020.04.19.,411
3215,가입 인사,안녕하세요,내일은 맑음,2020.04.19.,145
3216,자유게시판,3월3일 해외직구 ~~인도 라무몰(니타조사나이드/이버멕틴),토마린,2020.04.19.,936
3218,자유게시판,니클로사마이드 구합니다,사계절12,2020.04.19.,344
3219,자유게시판,지오 퇴원해야 하는데.,오민,2020.04.19.,661
3220,자유게시판,"니타조사나이드 니조나이드, 니타세이프 같은걸까요?",경가연연,2020.04.19.,466
3221,질문과 대답(QnA),지금 복용방법 조언을 구하고 싶어요..,volume321,2020.04.19.,349
3222,자유게시판,"책소개,ㅡ고혈압 치료, 나는 혈압약을 믿지 않는다",김백재호,2020.04.20.,167
3223,자유게시판,이버맥틴 복용법 잘몰라서 글 올려요 ...,아르미천겸,2020.04.20.,363
3224,니클로사미드,구충제 ‘니클로사마이드’로 암 줄기세포 제어한다,신풍생각,2020.04.20.,"1,404"
3226,이버맥틴자가임상후기,안부,헤라,2020.04.20.,142
3227,자유게시판,난소암 알벤다졸 연구논문 효과입증 임상은??        2009년 ㅡ 2011 연세대  의과대학에서한  논문자료.....,상대원,2020.04.20.,191
3228,이버맥틴자가임상후기,딸이버멕틴후기,헤라,2020.04.20.,978
3229,가입 인사,안녕하세요~,안산아주매,2020.04.20.,134
3230,담비,결장암_메트포르민_2020년,담비,2020.04.20.,264
3231,가입 인사,가입인사,원빈6,2020.04.20.,107
3232,가입 인사,안녕하세요!,alvl83,2020.04.20.,112
3233,질문과 대답(QnA),비타민C고용량+ 구충제 고용량,축복받은자,2020.04.20.,751
3234,질문과 대답(QnA),직장암 방사선치료 후 변 상태,문철기,2020.04.20.,286
3235,이버맥틴자가임상후기,이버멕틴24mg 16회,헤라,2020.04.20.,585
3237,자유게시판,쿠팡에서,미뚱이,2020.04.20.,436
3239,자유게시판,췌장암 니클로사마이드,남자폴,2020.04.20.,381
3240,판매자 신청,"자연재배 궁을농장, 판매자 신고합니다.",궁을,2020.04.20.,748
3241,가입 인사,가입인사드립니다^^,폐암,2020.04.20.,89
3242,판매자 신청,"(품절! 주문마감합니다)자연산 두릅, 가시오가피순 판매합니다",궁을,2020.04.20.,467
3245,자유게시판,도와주세요..기댈곳이여기밖엔없네요..,2qmsi,2020.04.20.,879
3246,질문과 대답(QnA),항암치료 중 구충제 복용,평생같이살자,2020.04.20.,367
3247,가입 인사,가입했습니다.,아나지킴이,2020.04.20.,110
3249,가입 인사,가입인사 드립니다.,겹복사꽂,2020.04.20.,110
3250,질문과 대답(QnA),구충 목적으로 이버맥틴을 바로 복용 해도 될까요?,에반ㅎ,2020.04.20.,558
3254,정보 공유,논문 분석으로 본 니타조사나이드 코로나 바이러스 효과,긍정이,2020.04.20.,317
3255,가입 인사,가입인사 드립니다.,기다림85,2020.04.20.,99
3256,이버맥틴,"씨티씨바이오, '이버멕틴' 코로나19 치료제 제제연구 착수",신풍생각,2020.04.20.,477
3257,자유게시판,[훈훈한 사연]사고현장에서 운전사를 구한 간호사 승객과 시민들... 3분후 버스 화염에 싸임,신풍생각,2020.04.21.,183
3260,질문과 대답(QnA),폐암3기A,슈퍼예삐,2020.04.21.,277
3261,자유게시판,안부,헤라,2020.04.21.,166
3263,이버맥틴자가임상후기,큰딸~베체트병~이버멕틴 후기,헤라,2020.04.21.,907
3264,이버맥틴자가임상후기,아들~위염 이버멕틴 후기,헤라,2020.04.21.,776
3265,질문과 대답(QnA),뇌종양환자  복용법,마법가투,2020.04.21.,368
3266,이버맥틴자가임상후기,이버멕틴24mg 17회,헤라,2020.04.21.,637
3269,자유게시판,이증상은 어떤충일까요?,peacok1110,2020.04.21.,504
3271,정보 공유,"여보, 사랑해 자기야, 고마워",밀로,2020.04.21.,342
3273,정보 공유,코로나19 관련 니타조사나이드 멕시코 임상시험 정보,서울 별탐지,2020.04.21.,318
3274,자유게시판,여러분이라면 어떤 선택을 하실지...,창원ll다이노스,2020.04.21.,358
3275,질문과 대답(QnA),혈육이 대장암 진단을 받았습니다.,우주우주진리,2020.04.21.,302
3276,가입 인사,제발 도와주세요,소연맘81,2020.04.21.,430
3277,기타 자가임상 후기,딸 간청소와 감기바이러스 가렴증  니크로+메벤 임상,잘싸먹자,2020.04.21.,484
3278,자유게시판,니클로사마이드 와 니타조사마이드,정진화,2020.04.21.,638
3279,암 호전사례 정보,"기적 일어난다…'폐암' 김철민 ""펜벤다졸 복용 6개월, 분명 좋아져""",투게더투,2020.04.21.,744
3281,자유게시판,각종암 종양표시자,Jaeg,2020.04.21.,273
3283,가입 인사,가입인사,안또깡,2020.04.21.,86
3284,자유게시판,난소투명세포암 환우인데 겨우 알벤다졸 구입했어요,반짝맘,2020.04.21.,383
3285,자유게시판,자궁경부암 명의 추천 부탁드립니다~,이제니,2020.04.21.,310
3286,궁을,"기생과 공생, 공진화",궁을,2020.04.21.,227
3287,가입 인사,가입 인사 드립니다.,은동구리,2020.04.21.,92
3289,가입 인사,가입인사 올립니다,김극복,2020.04.21.,92
3290,가입 인사,많은조언부탁드립니다,선우현우맘,2020.04.21.,153
3291,가입 인사,가입인사드립니다,행복나누미,2020.04.21.,145
3292,질문과 대답(QnA),신풍생각님께 질문요~,심베베,2020.04.22.,328
3293,자유게시판,최원철박사의 인터뷰 내용을 보고 느낀점..,드림걸즈77,2020.04.22.,335
3294,정보 공유,좋은 유튜브가 있어 소개합니다. 논문연구소TV,허리23,2020.04.22.,257
3295,자유게시판,안부,헤라,2020.04.22.,107
3296,이버맥틴자가임상후기,이버멕틴후기,헤라,2020.04.22.,781
3297,이버맥틴자가임상후기,어머니 8일차 후기,프리라이더,2020.04.22.,456
3299,유투브방송 링크나눔,아토피의 정체,헤라,2020.04.22.,336
3300,자유게시판,메벤다졸 펜벤다졸 부작용?,다잘될꺼야,2020.04.22.,605
3301,질문과 대답(QnA),디스토시스 복용 문의,에반ㅎ,2020.04.22.,258
3302,질문과 대답(QnA),항암치료받는게 좋을까요?,발리여신,2020.04.22.,435
3303,가입 인사,가입인사 드립니다.,장원급제,2020.04.22.,58
3304,자유게시판,병원에서 나와야 할까요??,오민,2020.04.22.,529
3305,자유게시판,창발증후군의 폐해,궁을,2020.04.22.,479
3306,이버맥틴자가임상후기,이버멕틴 24mg18회,헤라,2020.04.22.,"1,380"
3307,이버맥틴,이버멕틴의 아토피 치료기전에 대한 의견,궁을,2020.04.22.,688
3308,질문과 대답(QnA),항암치료중에 메벤다졸 복용해도 괜찮을까요?,Scd42110,2020.04.22.,438
3309,이버맥틴자가임상후기,아침에 화장실 갔다가 깜짝 놀랐어요,축복받은자,2020.04.22.,"1,155"
3311,정보 공유,디스토시드,얼트라볼타,2020.04.22.,311
3313,자유게시판,이버멕틴3일차 9mg,함께하는 아침,2020.04.22.,441
3314,질문과 대답(QnA),Mazzotti Reaction (마조띠 반응)에 대해 질문드립니다,김선형,2020.04.22.,402
3315,가입 인사,가입인사,kimkorea,2020.04.22.,72
3317,자유게시판,약국에서 알벤다졸 구매했습니다,스테나,2020.04.22.,466
3318,자유게시판,이버맥틴 처음복용,깜새,2020.04.22.,602
3319,가입 인사,안녕하세요..가입인사드립니다,코리우스,2020.04.22.,155
3321,가입 인사,가입인사드립니다~,힘내,2020.04.22.,106
3323,질문과 대답(QnA),비소세포암..폐암이신어머니,미니미니,2020.04.22.,362
3324,질문과 대답(QnA),대상포진,마법가루,2020.04.22.,371
3325,자유게시판,면역력 회복방안(3),궁을,2020.04.22.,401
3327,질문과 대답(QnA),비타민C 고용량 주사와 이버멕틴,축복받은자,2020.04.22.,594
3328,자유게시판,석션 꼭 해야하나요??,오민,2020.04.23.,266
3329,자유게시판,눈에서 실같은게 나오는게 일반적인 경우는 아닌건지요?,드림걸즈77,2020.04.23.,751
3330,자유게시판,안녕하세요!? 어제 전립선암2기 판정을 받았습니다.,늘벗소리,2020.04.23.,591
3331,자유게시판,안부,헤라,2020.04.23.,121
3332,자유게시판,이버멕틴 후기,헤라,2020.04.23.,"1,037"
3333,기타 자가임상 후기,1주차 피르비늄 복용 후기입니다,이겼다,2020.04.23.,787
3337,이버맥틴자가임상후기,이버멕틴 24mg과19회,헤라,2020.04.23.,678
3338,자유게시판,어제 저녁부터 알벤다졸 먹기 시작했어요~~,반짝맘,2020.04.23.,303
3340,정보 공유,알벤다졸 자가임상 4일째 복용후,예슬맘,2020.04.23.,807
3341,기타 자가임상 후기,신풍생각님 간청소를 즈심스럽게 배고프지않는 방법,잘싸먹자,2020.04.23.,761
3342,이버맥틴자가임상후기,구충제 고용량 먹고 졸음,축복받은자,2020.04.23.,732
3343,정보 공유,스타틴과 우울증,고고싱고,2020.04.23.,334
3344,자유게시판,이버 사용 후 남으신 분 나눔 부탁드립니다,정인,2020.04.23.,464
3345,폐암,폐암_호노키올_2019년,담비,2020.04.23.,367
3346,궁을,양자의학을 소개합니다,궁을,2020.04.23.,228
3347,질문과 대답(QnA),독시사이크린과 비타민c 이버맥틴,총이,2020.04.23.,595
3349,질문과 대답(QnA),이버멕틴먹는중 나온 이것이 기생충인지 뭔지 몰라서요,모카커피,2020.04.23.,"1,166"
3350,자유게시판,활성산소를위한 알카리정수기 문의합니다.,구암스토커,2020.04.23.,305
3351,질문과 대답(QnA),신장암 고용량 비타민씨 부작용,구암스토커,2020.04.23.,394
3352,자유게시판,암을 완치하려면 줄기세포를 없애야~,정진화,2020.04.23.,593
3354,가입 인사,희망의 끊을 잡아보려해요,뿌꾸엄마,2020.04.23.,344
3355,이버맥틴자가임상후기,"이버멕틴 3-4, 13mg/일 ,3주차",noor23,2020.04.24.,425
3356,자유게시판,안부,헤라,2020.04.24.,128
3357,이버맥틴자가임상후기,이버맥틴 11일차 12mg,프리라이더,2020.04.24.,591
3358,자유게시판,3일전부터 니타조사나이드 복용,인생이란119,2020.04.24.,971
3359,이버맥틴자가임상후기,이버멕틴48mg 20회차,헤라,2020.04.24.,711
3360,가입 인사,의심에서 확신으로,미미,2020.04.24.,801
3361,가입 인사,가입인사 드립니다~^^,긍정,2020.04.24.,104
3362,정보 공유,100세 장수를 위한 기생충 박멸 구충제 복용법,솔비,2020.04.24.,"2,330"
3363,자유게시판,항암 자가임상 3단계,나이야가라,2020.04.24.,606
3365,질문과 대답(QnA),미토의원 가보신 분 계신가요?,축복받은자,2020.04.24.,"1,663"
3366,가입 인사,가입인사 드립니다.,호퍼,2020.04.24.,103
3367,질문과 대답(QnA),이버맥틴  궁금해요~,긍정,2020.04.24.,644
3368,가입 인사,가입인사 드립니다.,깨달음,2020.04.24.,189
3369,자유게시판,짝퉁 오후 안부^^,산하,2020.04.24.,368
3370,질문과 대답(QnA),대변,이겼다,2020.04.24.,427
3373,자유게시판,일반인 메벤다졸 500미리그람 먹어도되나용?,사랑하는사람들,2020.04.24.,319
3374,자유게시판,항생제와 이버멕틴,분홍앵초,2020.04.24.,"1,113"
3378,자유게시판,니타조사나이드를 먹는데요.(12일차),믿음이다,2020.04.24.,"1,009"
3380,자유게시판,니타조사나이드 지용성인가요?,나라사랑74,2020.04.25.,414
3382,담비,니클로사마이드003-대장암-349,담비,2020.04.25.,399
3383,자유게시판,안부,헤라,2020.04.25.,113
3384,이버맥틴자가임상후기,이버멕틴 후기,헤라,2020.04.25.,"1,250"
3385,자유게시판,도교경전의 기생충 자료..이 카폐 취지에 맞지않지만..수행에 핵심도 기생충제거입니다..긴글이니 보실분들만...,skywave,2020.04.25.,281
3388,가입 인사,가입인사 드립니다.,현서지형,2020.04.25.,91
3390,가입 인사,가입인사드려요,정직이 능력이다,2020.04.25.,79
3391,자유게시판,"이제방법은없는거겠죠..,",함께나눠요,2020.04.25.,775
3392,자유게시판,궁을 농장 도착,헤라,2020.04.25.,422
3393,자유게시판,사과와참외,헤라,2020.04.25.,400
3394,이버맥틴자가임상후기,이버맥틴 일시중지,프리라이더,2020.04.25.,884
3397,자유게시판,삼겹살 모임,헤라,2020.04.25.,671
3399,이버맥틴자가임상후기,이버멕틴24mg  21회,헤라,2020.04.25.,562
3400,질문과 대답(QnA),이버멕틴 구할 수 있을까요~?,유레테,2020.04.25.,589
3401,자유게시판,니타조사니드 급구합니다,함께나눠요,2020.04.25.,429
3405,질문과 대답(QnA),"쑥,정향,흑호두액 구하고픈데 다들 어디제품사셨나요?",sang4232,2020.04.25.,586
3406,가입 인사,안녕하세요!,머름골농장봉화,2020.04.25.,210
3407,자유게시판,포스트코로나 - 현 체제는 무너진다,궁을,2020.04.25.,380
3408,이버맥틴자가임상후기,이버+메벤 고용량 22일후 3일째 휴지기,루자두,2020.04.25.,"1,226"
3409,가입 인사,가입인사 드립니다.,해밀,2020.04.25.,106
3410,자유게시판,에르테민시닌과 이버멕틴 같이 복용하시는 분 계신가요??,산하,2020.04.25.,488
3411,가입 인사,안녕하세요,화안내고 가르치기,2020.04.26.,102
3413,가입 인사,안부,헤라,2020.04.26.,136
3414,자유게시판,니클로사마이드 첫 복용,나이야가라,2020.04.26.,906
3415,자유게시판,딸 뇌간종양이버멕틴 후기,헤라,2020.04.26.,"1,189"
3416,자유게시판,안부♡;보배맘이예요♡,보배맘,2020.04.26.,846
3417,자유게시판,이버멕틴 용량 높여서 진행한후기,헤라,2020.04.26.,"1,099"
3418,질문과 대답(QnA),이버멕틴 문의드립니다,해밀,2020.04.26.,611
3420,자유게시판,엄마보러 갑니다~,긍정,2020.04.26.,503
3421,기타 자가임상 후기,"메벤,니클로조합으로 감기바이러스퇴치",잘싸먹자,2020.04.26.,714
3422,질문과 대답(QnA),간수치 검사,노스페이스 88,2020.04.26.,432
3423,질문과 대답(QnA),이버멕틴과 혈압약의 상호작용이 궁금합니다.,정인,2020.04.26.,611
3425,질문과 대답(QnA),구충요법시 보조제들은 언제 먹어야 효과가 좋을까요?,축복받은자,2020.04.26.,424
3433,가입 인사,가입인사 겸... 질문,342그냥맘,2020.04.27.,242
3435,자유게시판,안부,헤라,2020.04.27.,162
3436,질문과 대답(QnA),췌장암 환우 구충제 복용법 조언을 구합니다.,현서지형,2020.04.27.,493
3437,폐암,독시사이클린_젬시타빈_2020년,담비,2020.04.27.,443
3438,이버맥틴자가임상후기,이버멕틴48mg 22회,헤라,2020.04.27.,660
3440,정보 공유,암환자 통증관리 매뉴얼 공유합니다,헤븐리 힐링,2020.04.27.,317
3442,가입 인사,유방암 자연치료 하고  있습니다,행복한집,2020.04.27.,"1,150"
3444,자유게시판,췌장암4기 저희엄마 근황입니다,미야뿡,2020.04.27.,"2,513"
3445,자유게시판,이버맥틴 유효기간,롱롱이닫,2020.04.27.,484
3447,자유게시판,이비인후과를 다녀왔어요.,분홍앵초,2020.04.27.,694
3449,자유게시판,독시 - b 형간염,롱롱이닫,2020.04.27.,277
3450,자유게시판,항암 구충제 복용해도  괜찮을까요?,서준,2020.04.27.,377
3453,질문과 대답(QnA),혹시 이버멕틴 바르는 연고를 만드려고 하는데 어느 정도 양을 넣어야할까요?,sang4232,2020.04.27.,386
3454,자유게시판,암 줄기세포 90프로 억제 조합이라네요~,푸른 숲,2020.04.27.,712
3456,질문과 대답(QnA),디스토시드복용후  간청소  다들  하시나요?,완치,2020.04.27.,448
3457,자유게시판,구충제가 통풍에 도움되는것같습니다.,기적을바랍니다 제발,2020.04.27.,754
3459,자유게시판,이버멕틴이 암 치료에 역할을 하는 것으로 드러났다 South China  Morning Post,Thelogs,2020.04.27.,843
3465,자유게시판,메번500mg 독시100mg 이버12mg,긍정적마인드 이애란,2020.04.27.,706
3468,가입 인사,안부,헤라,2020.04.28.,130
3469,이버맥틴자가임상후기,이버멕틴 48mg후기,헤라,2020.04.28.,832
3470,정보 공유,(논문연구소TV) 니타조사나이드 4편 - 항암 원리와 작용 기전,허리23,2020.04.28.,305
3473,질문과 대답(QnA),수술 장단점 및 베이킹소다 관장 문의,문철기,2020.04.28.,341
3474,이버맥틴자가임상후기,이버 12mg 2일차,정인,2020.04.28.,661
3476,자유게시판,니클로사마이드 1000mg이랑 이버멕틴12mg 교환원합니다.,기적을바랍니다 제발,2020.04.28.,273
3477,가입 인사,수술하고 왔어요 ~,sunsmilee,2020.04.28.,396
3478,질문과 대답(QnA),"맹장암, 복막전이 질문 드립니다.",나박경찰,2020.04.28.,387
3479,질문과 대답(QnA),영어 해석해주세요.,민희,2020.04.28.,220
3480,자유게시판,pet ct 결과입니다 ~,긍정,2020.04.28.,767
3481,자유게시판,이버멕틴 기름에 먹음 흡수율 2.5배라네요(유튜브 파리장군님 댓글에서 봤어요),푸른 숲,2020.04.28.,683
3482,자유게시판,난소암,깜새,2020.04.28.,331
3483,가입 인사,안녕하세요,캘거리,2020.04.28.,147
3485,질문과 대답(QnA),위암 4기 도와주세요,vm852341,2020.04.28.,533
3487,자유게시판,이제 퇴원합니다 myroomgo님 감사합니다^^,오민,2020.04.28.,510
3489,자유게시판,약을구할수있나요?,깜새,2020.04.28.,433
3491,질문과 대답(QnA),담낭제거 이버맥틴  복용 가능한가요?,서준,2020.04.28.,473
3494,자유게시판,이버멕틴 복용법과 휴지기 (Drugs.com/Know More. Be sure.,Thelogs,2020.04.28.,"1,927"
3495,암에대한통합정보,종합자료_구충제의 암세포별 농도실험자료[미 국립암센터자료],신풍생각,2020.04.29.,"2,587"
3496,자유게시판,가입 인사드립니다,도깨비5,2020.04.29.,138
3498,이버맥틴자가임상후기,안부,헤라,2020.04.29.,159
3499,이버맥틴자가임상후기,이버멕틴12mg 23회,헤라,2020.04.29.,679
3501,벤지미다졸논문정보,메벤다졸(Mebendazole)의 항암작용,제리호야,2020.04.29.,754
3502,벤지미다졸정보나누기,"[공유] [펜벤다졸] Dr. 이영실이 바라보는 ""펜벤다졸""의 효과 - 上",제리호야,2020.04.29.,293
3503,정보 공유,[공유] 암세포 굶겨죽이기,레아,2020.04.29.,463
3504,벤지미다졸정보나누기,"[공유] [펜벤다졸] Dr. 이영실이 바라보는 ""펜벤다졸""의 효과 - 下",제리호야,2020.04.29.,332
3507,질문과 대답(QnA),니클로사미드는 단독 복용 권하시던데 벤다졸 같이 혼합해서 먹어도 되나요??,산하,2020.04.29.,516
3509,질문과 대답(QnA),이버멕틴 부작용일까요,노스페이스 88,2020.04.29.,938
3510,가입 인사,가입인사와 조언부탁드려요,fcccc,2020.04.29.,165
3511,정보 공유,H.pylori를 죽이는 구충제는?,울산설금홍,2020.04.29.,369
3512,자유게시판,"췌장암 3기이상, 간,임파선전이 피검사",말해줘,2020.04.29.,856
3513,이버맥틴자가임상후기,이버멕틴24mg24회,헤라,2020.04.29.,574
3514,가입 인사,가입인사,벗꽃 친구,2020.04.29.,59
3516,자유게시판,안녕하세요. 성주참외 농부 입니다.,coffee5010,2020.04.29.,409
3517,질문과 대답(QnA),이버맥틴 구매처,희망과꿈,2020.04.29.,636
3519,질문과 대답(QnA),난소암에 안좋은 음식,fcccc,2020.04.29.,269
3521,기타 자가임상 후기,이버멕틴 후기 및 약간의 궁금증,희망의맘,2020.04.29.,844
3522,가입 인사,가입인사,koc1772,2020.04.29.,100
3523,질문과 대답(QnA),잠을 못주무세요~,세상빛,2020.04.30.,300
3524,궁을,채소 몸에 좋다고 함부로 먹지 마라???,궁을,2020.04.30.,595
3526,질문과 대답(QnA),두드러기,무궁화,2020.04.30.,311
3527,자유게시판,출석,도깨비5,2020.04.30.,88
3528,자유게시판,안부,헤라,2020.04.30.,131
3530,이버맥틴자가임상후기,이버멕틴 먹는후기,헤라,2020.04.30.,"1,354"
3531,자유게시판,밀가루를 멀리하는 방법 :  옥수수가루,궁을,2020.04.30.,399
3532,폐암,비소세포폐암_퀘르세틴_2020년,담비,2020.04.30.,589
3533,질문과 대답(QnA),메벤다졸 구입할 수 있을까요?,해밀,2020.04.30.,407
3534,자유게시판,드디어 안도의 검사결과를 받았던 소식 드립니다,니크바드새로미,2020.04.30.,845
3536,자유게시판,♡ 유방암 진단받고 수술을 기다리던 때 들으며 큰 위로 힘이 되었던 찬양 하나 올립니다 ~,니크바드새로미,2020.04.30.,257
3538,가입 인사,오늘 가입했습니다 많이 도와주세요,호빵이 할머니,2020.04.30.,124
3539,유투브방송 링크나눔,물 도  잘먹어야 환자가안된다~,헤라,2020.04.30.,355
3542,자유게시판,카페 대문 만드는 시험중에 있습니다.,신풍생각,2020.04.30.,223
3543,가입 인사,가입 했어요^^,달로와요,2020.04.30.,91
3544,자유게시판,췌장암 3기 와 코미녹스 (주; 코미팜) 임상경험,Thelogs,2020.04.30.,"1,007"
3545,질문과 대답(QnA),아프지 않은 사람 구충 뭘로 시작하나요?,축복받은자,2020.04.30.,529
3546,신풍 생각,무료홍보가 이카페를 통한 더 많은 사람들이 도움이 되는 방향이 되었으면 합니다.,신풍생각,2020.04.30.,371
3548,자유게시판,목이 메일정도로 하염없는 눈물이 나와 일일이 회신 댓글을 못 드리고 이곳에 드립니다,니크바드새로미,2020.04.30.,647
3550,자유게시판,누워계시면 통증없으신데,기적을바랍니다 제발,2020.04.30.,330
3551,자유게시판,청원동참..도와주세요,설화수,2020.04.30.,395
3552,가입 인사,가입했습니다,법련화,2020.04.30.,115
3554,자유게시판,ㅎㅎ  내년에는   민들레   카페트를....,머름골농장봉화,2020.04.30.,287
3556,자유게시판,이버멕틴+니타조사나이드,토마린,2020.04.30.,717
3558,가입 인사,도움 요청드립니다.,뚜뚜니,2020.04.30.,487
3559,자유게시판,흡층같은게 엄청 나왔어요,인생이란119,2020.05.01.,"1,056"
3560,자유게시판,안부,헤라,2020.05.01.,188
3561,이버맥틴자가임상후기,선구자,홍길동2,2020.05.01.,90
3562,정보 공유,(논문연구소TV) 니타조사나이드 5편 - 임상 시험과 약물 내약성,허리23,2020.05.01.,219
3563,질문과 대답(QnA),극심한 뼈 통증(척추)에 어떤 게 좋을까요,피츠커피,2020.05.01.,419
3564,자유게시판,참들기름 추천 부탁드려요,엄마사랑해요,2020.05.01.,230
3565,자유게시판,조디펜스 요법 추천부탁드립니다.,구암스토커,2020.05.01.,232
3566,자유게시판,구충제 진통효과,토마린,2020.05.01.,459
3567,자유게시판,【보조제. 】드시는분들 구충제외에 드시는것 필수오일종류나 . 병원처방은알아서제외하시고. 모두중지해보시기를 권해드림니다....,상대원,2020.05.01.,630
3568,자유게시판,식물에게도 유익균이 있따~~~,미다스캉,2020.05.01.,208
3570,자유게시판,니타조사나이드 상호되는약좀 봐주세요,함께나눠요,2020.05.01.,355
3571,가입 인사,도움 부탁드립니다.,블랙레인,2020.05.01.,190
3573,가입 인사,가입인사,강하자,2020.05.01.,126
3576,가입 인사,올해 29살 유잉육종 암환자입니다,의야,2020.05.01.,991
3577,구매정보게시판(물건배송확인후),중국산 이버맥틴 니클로사마이드 도착.,신풍생각,2020.05.01.,"1,319"
3579,질문과 대답(QnA),구충제와 산양삼 드셔보신분 계세요?,kimsh7605,2020.05.01.,342
3581,자유게시판,여기저기 통증이 나타나나봐요,아빠힘내요,2020.05.01.,620
3584,자유게시판,망막박리의 경우,eikona,2020.05.01.,244
3585,자유게시판,니클로사마이드 구할 곳 있을까요?,풀꽃처럼,2020.05.01.,591
3586,질문과 대답(QnA),도와주세요ㅠㅠ 절박합니다ㅠ,썸머3,2020.05.01.,"1,269"
3588,질문과 대답(QnA),방광주혈흡충 배출 어떤약 드시고 하셨는지요?,혁이네,2020.05.02.,339
3589,이버맥틴자가임상후기,"이버멕틴 3-4, 13mg/일 , 4주차",noor23,2020.05.02.,478
3591,자유게시판,혹시 펜벤다졸 메벤다졸 이버멕틴 등이 당뇨에도 효과있는지요?,엄마사랑해요,2020.05.02.,406
3592,자유게시판,안부,헤라,2020.05.02.,203
3593,자유게시판,[공유] '年 2억명에 희망' 기생충약 개발 공로에 노벨상 영예,상대원,2020.05.02.,329
3594,궁을,왜 '탄소'인가?,궁을,2020.05.02.,226
3595,담비,니클로사마이드004-교모세포종-두경부암-백혈병-509,담비,2020.05.02.,467
3598,자유게시판,개똥쑥이  항암작용이 뛰어나다고해서 어떻게 복용하는지 찾아보았습니다...,상대원,2020.05.02.,469
3600,자유게시판,아름다운 포장입니다.,분홍앵초,2020.05.02.,249
3602,이버맥틴자가임상후기,이버멕틴 후기,노스페이스 88,2020.05.02.,781
3604,자유게시판,항암약복용중 구충제 괜찮을까여?,남자폴,2020.05.02.,334
3605,이버맥틴자가임상후기,이버멕틴 복용 후,큰산,2020.05.02.,"1,011"
3606,회원나눔(공짜는 아닙니다),비타민 E,bbocici35,2020.05.02.,348
3607,이버맥틴자가임상후기,이버맥틴 12주 연속복용 후기,신풍생각,2020.05.02.,"1,654"
3608,기타 자가임상 후기,니타조사나이드 12주  2알 연속복용 후기,신풍생각,2020.05.02.,"1,191"
3609,자유게시판,대사치료제 후불제 무료배송구입을 도와드립니다,감사해,2020.05.02.,392
3610,자유게시판,탄소순환농법  머름골농장   20 년 고추를 심다.^^^^,머름골농장봉화,2020.05.02.,193
3611,자유게시판,"싱싱하고 안심되는 귀한 쌈채소 비쥬얼에 함박미소 짓다, 먹다 울다 ~ 한 사연 입니다",니크바드새로미,2020.05.02.,311
3612,자유게시판,복수가 빠지는것인지? !,깜새,2020.05.02.,567
3614,정보 공유,천연 항암제 이노시톨 6인산 ->암세포실험에서 구충제보다 못하군요,신풍생각,2020.05.02.,417
3615,질문과 대답(QnA),이버나 벤다졸을 먹을때 몸이 가라앉고 힘들다면..,드림걸즈77,2020.05.03.,848
3616,자유게시판,독소배출로  드시는 것 있으신가요?,하나님나라,2020.05.03.,549
3617,자유게시판,안부,헤라,2020.05.03.,183
3618,자유게시판,망막박리의 경우,eikona,2020.05.03.,56
3619,질문과 대답(QnA),구충제 요법 15일차 복통 질문,내사랑아,2020.05.03.,496
3620,질문과 대답(QnA),눈 흰자위에 있는것이 기생충일까요?,모카커피,2020.05.03.,"2,703"
3622,질문과 대답(QnA),이버멕틴 고용량 12일 후기,축복받은자,2020.05.03.,832
3623,이버맥틴자가임상후기,이버멕틴24mg 25회,헤라,2020.05.03.,609
3624,이버맥틴자가임상후기,미세암잡기 이버멕틴후기,헤라,2020.05.03.,932
3625,이버맥틴자가임상후기,아이들 구충이버멕틴관리,헤라,2020.05.03.,969
3627,질문과 대답(QnA),이베이 주문관련 자꾸 취소되어 방법을 문의드립니다.,파핀스,2020.05.03.,339
3628,가입 인사,신장암 4기 조언 부탁합니다,슈파파,2020.05.03.,303
3629,정보 공유,요즘 계속 너무 힘들어서..(골육종),써니,2020.05.03.,869
3630,질문과 대답(QnA),아이디를   해킹당해서  이상한  영상이 올려졌는데,완치,2020.05.03.,377
3631,질문과 대답(QnA),혹시 현재 이버멕틴 구매방법알수있을까요??,다듬이,2020.05.03.,584
3632,기타 자가임상 후기,기운이 없어서,아의,2020.05.03.,345
3633,기타 자가임상 후기,알벤다졸 후기와 이버멕틴 복용중 증상,kimsh7605,2020.05.03.,"1,082"
3634,자유게시판,새로미 언니 ! 이번달 몇일에 양노원 들어가세요 ? !,니크바드새로미,2020.05.03.,320
3635,질문과 대답(QnA),검은깨 같은것 엄청 나왔어요,vm852341,2020.05.03.,834
3636,암에대한통합정보,"인삼,산삼에 들어있는 사포닌에 대한 암세포주 실험-(미 국립암센터)",신풍생각,2020.05.04.,386
3638,기타 자가임상 후기,구충용 목적 이버멕틴 복용량,건강행복,2020.05.04.,535
3639,자유게시판,안부,헤라,2020.05.04.,143
3640,이버맥틴자가임상후기,이버멕틴 먹는후기,헤라,2020.05.04.,877
3641,담비,전립선암_퀘르세틴_파클리탁셀_2020년,담비,2020.05.04.,283
3642,기타 자가임상 후기,"알벤, 메벤 한달 복용 후",울릉도섬백리향,2020.05.04.,720
3643,질문과 대답(QnA),어떤 조합이 좋을지 조언 좀 부탁드리겠습니다^^,산하,2020.05.04.,426
3644,자유게시판,"류마티스 선, 후배의 허당끼가 아무래도 류마티약 부작용 인가 의심됩니다 ㅋㅋ",니크바드새로미,2020.05.04.,205
3645,회원나눔(공짜는 아닙니다),테라큐민 커큐민 120정 두개,기범아빠,2020.05.04.,383
3647,이버맥틴자가임상후기,이버멕틴24mg 26회,헤라,2020.05.04.,694
3649,정보 공유,자가임상2주차 후기,설화수,2020.05.04.,335
3652,가입 인사,인사드려요,폼블럭,2020.05.04.,105
3654,자유게시판,어제 배변시 나온충입니다.  20여개가넘게  나왔네요..,상대원,2020.05.04.,"1,261"
3656,질문과 대답(QnA),알벤 펜벤 부작용 탈모가 왔는데요;,뿡빵꾸,2020.05.04.,568
3657,자유게시판,구충제 복용시 식사,강하자,2020.05.04.,367
3658,정보 공유,미국 의사의 실제 경험담 - 계속 밝혀지는 비타민D 의 효능,제리호야,2020.05.04.,532
3659,가입 인사,가입했어요,사랑합니다,2020.05.04.,113
3660,질문과 대답(QnA),스테로이드와 이버멕틴,반림,2020.05.04.,408
3661,질문과 대답(QnA),구충제 복용후 두피와 얼굴에 여드름,축복받은자,2020.05.04.,858
3662,자유게시판,진통제,만점신용kwang7850,2020.05.05.,235
3663,질문과 대답(QnA),이상한걸 토했어요,vm852341,2020.05.05.,516
3664,자유게시판,안부,헤라,2020.05.05.,111
3665,자유게시판,이버멕틴후기,헤라,2020.05.05.,"1,089"
3666,자유게시판,훌다클락. 박사의 암을알아야 암을 이겨낼수있다...   미국 주류의학계에세  수많은 탄압과.박해를 받았으나 일생을 암과싸우신 훌륭한  분이십니다...,상대원,2020.05.05.,359
3667,자유게시판,훌다박사의 재퍼에 대한 자세한 설명...,skywave,2020.05.05.,318
3668,질문과 대답(QnA),간청소해보신분,헤라,2020.05.05.,622
3669,유투브방송 링크나눔,신풍선생님에 간청소 해보려합니다~^^,헤라,2020.05.05.,476
3670,자유게시판,공작선인장,분홍앵초,2020.05.05.,168
3671,자유게시판,간청소의 효과 (펌),분홍앵초,2020.05.05.,641
3672,자유게시판,궁금합니다?,깜새,2020.05.05.,194
3673,질문과 대답(QnA),영어판독,헤라,2020.05.05.,271
3674,자유게시판,일상생활,깜새,2020.05.05.,139
3675,가입 인사,가입인사드려요.,쪼꼬미아줌,2020.05.05.,96
3676,질문과 대답(QnA),그라비올라 효능 문의,문철기,2020.05.05.,204
3677,질문과 대답(QnA),간청소 했어요~혐오주의 내것아님ㅋ,헤라,2020.05.05.,"1,525"
3678,정보 공유,변비해소..,설화수,2020.05.05.,445
3679,이버맥틴자가임상후기,이버+메벤 고용량 후기35일차,루자두,2020.05.05.,"1,525"
3680,자유게시판,구충계획 중심을 못 잡고 헤메고 있어요. 도와주세요.,풀꽃처럼,2020.05.05.,"1,062"
3682,질문과 대답(QnA),니타조구입,롱롱이닫,2020.05.05.,320
3683,자유게시판,금지된 암 치료법 의료 마피아 카르텔의 폭로,풀꽃,2020.05.05.,479
3684,자유게시판,이버멕틴 먹고 온몸이 아프다하세요.,말해줘,2020.05.05.,"1,043"
3685,질문과 대답(QnA),독시 언제까지 복용,롱롱이닫,2020.05.05.,546
3686,자유게시판,파나쿠어 알약은 괜찮은가여,남자폴,2020.05.05.,276
3688,자유게시판,간청소 9회차 후기,금강나루,2020.05.05.,533
3689,자유게시판,훌다클락의 간청소 메뉴얼과 간 청소 경험담,금강나루,2020.05.05.,655
3691,암에대한통합정보,과산화물(과산화수소등) 암세포실험,신풍생각,2020.05.06.,411
3693,자유게시판,힘드네요.,라떼허니,2020.05.06.,433
3694,정보 공유,탈모 시작하고 몇개월 지나면 다시 납니다~~ 동영상  참고,시그널,2020.05.06.,375
3696,자유게시판,안부,헤라,2020.05.06.,145
3697,정보 공유,간청소,헤라,2020.05.06.,"1,353"
3698,자유게시판,진짜 채소는 그렇게 푸르지 않다,궁을,2020.05.06.,391
3699,자유게시판,밥스레드밀베이킹소다,기적을바랍니다 제발,2020.05.06.,282
3700,질문과 대답(QnA),대학병원 감염내과에서,혁이네,2020.05.06.,383
3701,자유게시판,항암약 복용중 구충제,남자폴,2020.05.06.,309
3704,자유게시판,우리나라 의사들의 기생충에 대한 시각은 어떨까요?,정인,2020.05.06.,464
3705,자유게시판,커큐민의 종류가 많은데 구충제 요법시 어떤제품이 흡수율이 좋을까요?,쪼꼬미아줌,2020.05.06.,346
3706,가입 인사,안녕하세요~,해피트리76,2020.05.06.,118
3707,질문과 대답(QnA),간수치에 영향을최저로 미치는 구충제 추천해 주세요,경산에살어리,2020.05.06.,486
3708,자유게시판,난소암 복부대동맥 림프전이,단디해,2020.05.06.,240
3710,가입 인사,가입신청합니다~,대도화,2020.05.06.,71
3712,기타 자가임상 후기,구충제 복용시 보조제로 커큐민 대신 강황가루 복용?,울릉도섬백리향,2020.05.06.,425
3714,질문과 대답(QnA),메벤다졸 후가카(베트남)500mg과 인도산100mg 차이,경가연연,2020.05.06.,597
3715,질문과 대답(QnA),이버멕틴 구할수 있을까요,뿌꾸엄마,2020.05.06.,586
3716,암에대한통합정보,강황(울금)에 대한 암세포주 실험자료-미국립암센터,신풍생각,2020.05.06.,420
3718,질문과 대답(QnA),이버멕틴 복용을 앞두고 조언부탁드려요,봉이따님,2020.05.06.,616
3719,자유게시판,"""정인""입니다. 닉네임을 바꾸겠습니다.",대전소생,2020.05.06.,250
3720,암에대한통합정보,이트라코나졸(먹는무좀약) 암세포실험-1 dose 알벤다졸 비교[미국립암센터자료],신풍생각,2020.05.06.,693
3721,암에대한통합정보,비타민C 의 암세포주 실험자료-미국립암센터,신풍생각,2020.05.07.,385
3722,암에대한통합정보,베르베린(berberine)의 NCI-60 암세포주 실험자료-미국립암센터,신풍생각,2020.05.07.,607
3723,기생충사진공유,기생충을 공부합시다-1./ 이준행교수 기생충학 핵심자료,대전소생,2020.05.07.,698
3724,정보 공유,이거 보셧어요?,설화수,2020.05.07.,465
3725,자유게시판,안부,헤라,2020.05.07.,148
3726,회원나눔(공짜는 아닙니다),고박사 햄프시드 오일 팝니다,인천호야1,2020.05.07.,266
3727,담비,삼중음성유방암_이미프라민_2020년,담비,2020.05.07.,233
3728,만성질환자가임상나누기,만성질병~불면증..콜레스테롤,헤라,2020.05.07.,397
3729,자유게시판,[[판매완료]] 얼갈이 배추 다섯분만 판매합니다,궁을,2020.05.07.,300
3730,자유게시판,디스토시드 7일 계획,풀꽃처럼,2020.05.07.,663
3731,이버맥틴자가임상후기,니클로사미이드와 메벤 병용여부 가능,루자두,2020.05.07.,875
3732,정보 공유,💉이해 쉬운 피검사 해석표 공유👍,헤븐리 힐링,2020.05.07.,295
3733,기생충사진공유,배출 추정 기생충 아시아조충,말콥,2020.05.07.,894
3735,질문과 대답(QnA),항암하면서 이버.메벤다졸 고용량으로 복용할까 합니다,강꼼꼼여사,2020.05.07.,553
3736,가입 인사,가입인사,계 정혜,2020.05.07.,211
3737,가입 인사,가입인사드립니다,나음,2020.05.07.,136
3738,벤지미다졸 질문 게시판,대략 메벤1000+이버12mg 이   고용량에  속하나요?,완치,2020.05.07.,680
3739,가입 인사,미슬토 압노바 주사,단디해,2020.05.07.,196
3740,자유게시판,배변실신,분홍앵초,2020.05.07.,991
3741,정보 공유,타그리소 비급여,여나,2020.05.07.,236
3742,질문과 대답(QnA),메벤다졸 500mg 문의,문철기,2020.05.07.,355
3743,자유게시판,혹시 라무몰에서 3월중순경 구매하신  약 받으신분 계시나요?,겐조80,2020.05.07.,254
3744,가입 인사,가입했습니다,바람꽃,2020.05.07.,129
3745,암 호전사례 정보,두경부암 4기 호전사례,푸른마당,2020.05.07.,847
3746,가입 인사,가입인사입니다.,도울이,2020.05.07.,95
3747,가입 인사,유트브 통해서 가입했습니다,하늘별섬,2020.05.07.,469
3748,자유게시판,고용량비타민C 정맥주사 궁금한점,말해줘,2020.05.07.,422
3749,만성질환자가임상나누기,만성질환 이버멕틴24mg 1회,헤라,2020.05.07.,535
3750,이버맥틴자가임상후기,이버멕틴24mg  27회,헤라,2020.05.07.,665
3751,질문과 대답(QnA),피검사 간수치 128 이버맥틴 복용 가능한가요?,서준,2020.05.07.,379
3752,자유게시판,그동안감사했습니다,함께나눠요,2020.05.07.,938
3753,질문과 대답(QnA),포도당이 암의 먹이가 된다는데...,kimsh7605,2020.05.07.,869
3754,질문과 대답(QnA),니클로사마이드가맞는지요,여유,2020.05.07.,531
3755,자유게시판,감사드립니다,신재호,2020.05.08.,123
3757,이버맥틴자가임상후기,만성질환 이버멕틴24mg후기,헤라,2020.05.08.,960
3758,자유게시판,안부,헤라,2020.05.08.,170
3760,질문과 대답(QnA),어머니가 다발성 전이 유방암 4기 이십니다 .. 도움 부탁드립니다,유방암환자보호자,2020.05.08.,767
3761,질문과 대답(QnA),메벤과펜벤,희망과꿈,2020.05.08.,458
3762,자유게시판,제여동생이 알벤다졸 복용후 무릅이 심하게 아파서 병원치료를 받는데 지금도아프담니다 .구충제 복용후 관절염이 치료되신분들의 조언을 구합니다.,상대원,2020.05.08.,798
3764,질문과 대답(QnA),구충제 고용량 후 혈압,축복받은자,2020.05.08.,552
3765,가입 인사,조언부탁드립니다,최지원,2020.05.08.,278
3767,질문과 대답(QnA),펜벤다졸 복용량 질문입니다.,뇌종양 션트,2020.05.08.,287
3768,질문과 대답(QnA),혈액검사별과좀 봐주세요~,세상빛,2020.05.08.,220
3771,정보 공유,(논문연구소TV) 니타조사나이드 6편 - 획기적 항암제 개발자 닥터 버진스키,허리23,2020.05.08.,274
3772,가입 인사,펜벤다졸 복용시 두통약은 어떻게 복용해야 할까요,바람꽃,2020.05.08.,214
3773,자유게시판,간청소,가을이 좋아,2020.05.08.,419
3774,질문과 대답(QnA),고등학생 남자아이 여드름 구충제로 치료될까요?,모카커피,2020.05.08.,800
3776,가입 인사,안녕하세요?,평온,2020.05.08.,125
3777,이버맥틴자가임상후기,이버맥틴 20일차,프리라이더,2020.05.08.,669
3778,질문과 대답(QnA),건강한 상태지만 이버멕틴 복용에 대해서 조언을 구합니다.,티거삼삼,2020.05.08.,398
3780,질문과 대답(QnA),물혹도 혹시 기생충때문에 생길까요?,경산에살어리,2020.05.08.,557
3782,자유게시판,위암4기..속쓰림증상,주나모,2020.05.08.,420
3783,이버맥틴자가임상후기,이버멕틴 36mg섭취 2회,헤라,2020.05.08.,613
3784,자유게시판,Ebs명의 스페셜 이것은 뇌종양 증상일까,쿠구쿠구쿠구,2020.05.08.,306
3785,가입 인사,코볼 바로옆 주변 건선이었다가,그래도봄은온다,2020.05.08.,354
3786,자유게시판,"지구인, 은짱(김은미) 어제 하늘나라로 가셨다네요..",신풍생각,2020.05.09.,"1,718"
3787,자유게시판,논문연구소TV 많이 구독해 주세요.. 좋은 자료 계속 올려주시길 기대하면서,신풍생각,2020.05.09.,351
3788,질문과 대답(QnA),"구충제 ( 메벤다졸, 플루벤다졸, 이버멕틴 ) 복용 스케쥴 입니다 도움 부탁드립니다",유방암환자보호자,2020.05.09.,762
3790,자유게시판,안부,헤라,2020.05.09.,135
3791,담비,니클로사마이드005-폐암-골육종-난소암-455,담비,2020.05.09.,612
3792,궁을,"아빠농법~, 엄마농법~",궁을,2020.05.09.,305
3795,이버맥틴자가임상후기,이버맥틴 기본 복용량의 100배로 얼마나 위험할까하는 의문에 대한 실험,홍콩 박,2020.05.09.,"1,104"
3796,이버맥틴자가임상후기,니클로사마이드 부작용? 명현반응?,루자두,2020.05.09.,"1,172"
3798,자유게시판,좋아요. 한 곳에 제글을 삭제했더니 전체에서 삭제가됬네요. 살릴수있나요.??,상대원,2020.05.09.,234
3799,이버맥틴자가임상후기,이버멕틴24mg 28회,헤라,2020.05.09.,458
3801,자유게시판,이버멕틴 궁금증,토마린,2020.05.09.,493
3802,자유게시판,항암치료와 코로나,분홍앵초,2020.05.09.,301
3803,기타 자가임상 후기,알벤다졸 한알만 먹었을뿐인데,안초,2020.05.09.,732
3805,가입 인사,안녕하세여,달료라,2020.05.09.,151
3806,질문과 대답(QnA),위암4기 남편이 좋아졌어요,vm852341,2020.05.09.,"1,032"
3807,자유게시판,이버멕틴 논문 673)에 대한 저의 의견,나이야가라,2020.05.09.,783
3808,질문과 대답(QnA),비문증도 혹시 기생충과 유관 할까요?,경산에살어리,2020.05.09.,480
3809,질문과 대답(QnA),위암4기 복용사례,vm852341,2020.05.09.,573
3810,가입 인사,가입합니다,거부기0514,2020.05.09.,125
3812,이버맥틴자가임상후기,이버멕틴36mg 3회,헤라,2020.05.09.,845
3813,자유게시판,구충제 매일 고용량 복용이 암에 효과있는거 같아요,푸른 숲,2020.05.09.,"1,418"
3816,유투브방송 링크나눔,쓱자연품으로- 자가임상 유투브소개-응원합니다.,신풍생각,2020.05.10.,326
3817,질문과 대답(QnA),식습관 고치겠습니다.,경산에살어리,2020.05.10.,294
3819,가입 인사,꾸벅 가입 인사드립니다~^^,할수있다,2020.05.10.,144
3820,벤지미다졸 질문 게시판,복용방법,거부기0514,2020.05.10.,468
3821,자유게시판,안부,헤라,2020.05.10.,138
3822,자유게시판,싸움~~,헤라,2020.05.10.,"1,156"
3823,자유게시판,니클로사마이드 필요하신분,기적을바랍니다 제발,2020.05.10.,487
3824,자유게시판,일요일 아침이라는 생각에....,홍콩 박,2020.05.10.,320
3825,자유게시판,첫 펜벤복용,남자폴,2020.05.10.,226
3826,자유게시판,이런경우..,하나님나라,2020.05.10.,197
3827,가입 인사,이버멕틴 첫복용~~~,그래도봄은온다,2020.05.10.,507
3828,자유게시판,폐암 비소세포암,기적을바랍니다 제발,2020.05.10.,753
3829,정보 공유,기생충을 공부합시다 - 2.  사상충증.,대전소생,2020.05.10.,287
3830,자유게시판,먹걸이...,하늘별섬,2020.05.10.,488
3831,질문과 대답(QnA),이버맥틴문의드립니다,희망과꿈,2020.05.10.,501
3832,질문과 대답(QnA),강아지 이버멕틴 먹으려합니다,안경,2020.05.10.,327
3833,가입 인사,오늘 가입했어요,당근맨123,2020.05.10.,122
3834,만성간염,B형간염-니타조사나이드복용,장무기,2020.05.10.,"1,213"
3835,가입 인사,가입인사 드려요~^^,dudtla5040,2020.05.10.,108
3836,가입 인사,오늘 새로 가입햇습니다~,드림맘,2020.05.10.,110
3837,이버맥틴자가임상후기,이버멕틴24mg 29회,헤라,2020.05.10.,657
3838,질문과 대답(QnA),메벤다졸 가짜인지 좀 봐주세요,아빠는내가살린다,2020.05.10.,500
3839,기생충사진공유,디스토시드 복용후 배출된 기생충 궁금합니다.,칠전팔기,2020.05.10.,"3,828"
3840,자유게시판,알카리체질로 확 끌어올리는 방법,하늘별섬,2020.05.10.,907
3841,가입 인사,늦은 인사 드립니다,sophia0803,2020.05.10.,271
3842,자유게시판,알벤다졸사러 약국다녀왔습니다.,주나모,2020.05.10.,804
3843,자유게시판,자궁근종이나 선근증 등 이런분들도 혹시 이버맥틴 복용중.이신분 있나요?,하나님나라,2020.05.10.,755
3844,질문과 대답(QnA),초등학생 비염 치료 가능한가요?,우유속딸기,2020.05.10.,350
3846,질문과 대답(QnA),부신기능저하,세상빛,2020.05.10.,237
3847,자유게시판,싱싱하고 야들야들한 얼갈이김치 담갔어요.,풀꽃,2020.05.10.,257
3848,자유게시판,마음을 비우면 행복이 찾아옵니다,자유롭게살자,2020.05.10.,241
3852,자유게시판,산하님의 아드님을 소개하고 싶습니다,궁을,2020.05.10.,574
3854,이버맥틴자가임상후기,고용량 진행 중입니다,치료완료,2020.05.10.,"1,092"
3855,이버맥틴자가임상후기,만성질환 이버멕틴48mg4회,헤라,2020.05.10.,687
3856,설금홍,이버멕틴-복용량과 복용법.최고치에 관한 논문,울산설금홍,2020.05.10.,"1,358"
3857,담비,대장암_우르솔산_2019년,담비,2020.05.11.,240
3858,자유게시판,안부,헤라,2020.05.11.,153
3859,이버맥틴자가임상후기,큰아이들~이버멕틴 구충 스케줄,헤라,2020.05.11.,899
3860,이버맥틴자가임상후기,미세암잡기 이버멕틴 스케줄,헤라,2020.05.11.,881
3861,이버맥틴자가임상후기,저도 이버맥틴 먹어 봄니다...,당근맨123,2020.05.11.,682
3863,질문과 대답(QnA),메벤C형과 구충제 구입처 알수 있을까요,긍정의 힘,2020.05.11.,343
3864,자유게시판,침샘암에서 폐전이로 시한부판정받았음,성공,2020.05.11.,"1,005"
3865,이버맥틴자가임상후기,이버멕틴 24mg 30회차,헤라,2020.05.11.,396
3866,가입 인사,이버 2회차~~~,그래도봄은온다,2020.05.11.,306
3867,유투브방송 링크나눔,이버멕틴 토끼실험  꼭필요한분만보세요~~악플은사양합니다  환우분들을위해  실험해주셔서 감사합니다♡,헤라,2020.05.11.,777
3868,자유게시판,췌장암 담관 스탠트 막힘,기도합니다,2020.05.11.,328
3869,질문과 대답(QnA),메벤다졸이랑 먹어도 되는지 봐주세요,반지하누렁이,2020.05.11.,321
3870,벤지미다졸 질문 게시판,간청소후   구충제복용은   언제 가능할까요?,완치,2020.05.11.,373
3871,정보 공유,유전자검사 체험단 신청 (가족력 암예방),긍정에세이,2020.05.11.,155
3873,판매자 신청,궁을님 쌈채소 사전 예약제,헤라,2020.05.11.,607
3874,자유게시판,니클로사마이드 항암 목적시 복용방법,루자두,2020.05.11.,949
3876,자유게시판,메벤 복용가능할까요??,freejet,2020.05.11.,283
3877,기타 자가임상 후기,진주경상대암센타,아의,2020.05.11.,317
3878,자유게시판,B성간염 항바이러스제와 니타조사나이드,롱롱이닫,2020.05.11.,332
3879,질문과 대답(QnA),혹시 심혈관질환 혈전 관련하려 경험 있으신 분의 도움을 바랍니다.,대전소생,2020.05.11.,338
3880,자유게시판,오늘 병원갔다왔습니다.,하늘별섬,2020.05.11.,900
3881,자유게시판,장항준 내과티비 구독중이에요..,드림걸즈77,2020.05.11.,396
3882,유투브방송 링크나눔,홍콩박님 이버멕틴실험 90알 드신토끼  잘지네고있다구   보네왔습니다,헤라,2020.05.11.,609
3884,이버맥틴자가임상후기,만성질환  이버멕틴48mg 5회,헤라,2020.05.11.,587
3885,자유게시판,검사결과  나왔어요~~,레아,2020.05.11.,"1,524"
3886,질문과 대답(QnA),건살구를 먹었는데?,경산에살어리,2020.05.12.,353
3887,암 관해사례 정보,고용량 알벤다졸로 말기암 5개월 만에 완치사례 오늘 안아파요 TV 방송했군요.,신풍생각,2020.05.12.,"2,794"
3888,정보 공유,(논문연구소TV) 기생충 이야기 1편 - 기생충 종류와 감염,허리23,2020.05.12.,230
3889,자유게시판,안부,헤라,2020.05.12.,155
3890,질문과 대답(QnA),구충제 복용방법.. 도와주세요 절실합니다 ㅠㅠ,미숑,2020.05.12.,827
3891,자유게시판,"구충제/ 종류, 용량별 억제/소멸 효과",나이야가라,2020.05.12.,768
3892,질문과 대답(QnA),민이아빠 ~아이가 뇌에 생긴현상,헤라,2020.05.12.,894
3893,자유게시판,제가 고통스럽게 앓고 있는 질환 입니다 꼭 보아 주시길요,니크바드새로미,2020.05.12.,483
3894,질문과 대답(QnA),방사선 치료와 구충제 같이 복용해도 되나요?,초고속,2020.05.12.,445
3895,유투브방송 링크나눔,이버멕틴90알 3mg  토끼실험,헤라,2020.05.12.,418
3896,질문과 대답(QnA),알벤4알 복용후,안경,2020.05.12.,410
3897,자유게시판,간수치가 오르면,강하자,2020.05.12.,435
3898,신풍 생각,니타조사나이드 B형간염 e항원 없어짐.. 이건 기적,신풍생각,2020.05.12.,"1,192"
3899,자유게시판,가래인줄 알았는데ᆢ,내사랑,2020.05.12.,"1,722"
3900,신풍 생각,헬리코박터 제균은 니타조사나이드가 저에게는 효과가 없나봅니다,신풍생각,2020.05.12.,991
3901,자유게시판,[공유] [서울대병원 연구실]암 환자가 초미세먼지를 조심해야 하는 이유는?,레버넌트,2020.05.12.,184
3903,자유게시판,존 디펜스의 그 cbd오일 구할수 있는곳이 있을까요?(제목수정),하늘별섬,2020.05.12.,527
3904,자유게시판,중딩 아들 여드름 피부(알벤효과),뱃살공주,2020.05.12.,574
3905,질문과 대답(QnA),어머니 폐암4기3차항암및 어머니 ct결과,미니미니,2020.05.12.,848
3906,자유게시판,"부모님 류마티스, 베체트 치료해보려고 합니다",인테짱,2020.05.12.,239
3907,이버맥틴자가임상후기,이버멕틴24mg 31회,헤라,2020.05.12.,496
3908,만성간염,"니타조사나이드 복용만으로 B형간염 e항원 소멸 ,항체 생성, 검사기록지 공개합니다.",신풍생각,2020.05.12.,"2,346"
3909,자유게시판,비타민 C 정맥주사 궁금한점,깡철이,2020.05.12.,296
3911,자유게시판,관장  할때 구충제(알벤다졸.니타조사나이드)로,토마린,2020.05.12.,526
3913,가입 인사,가입인사드려요,완치하는중,2020.05.12.,254
3914,이버맥틴자가임상후기,만성질환 이버멕틴48mg6회,헤라,2020.05.12.,993
3915,자유게시판,변비에 좋은 자세법 알려드림니다..,산하,2020.05.12.,290
3916,자유게시판,올리브오일과 커큐민,경산에살어리,2020.05.12.,355
3919,자유게시판,【 당뇨병】 으로 고생하시는 분들이 의외로 많으시네요..예전에 카페에 올라왔던 영상을 찿아서 다시한번 올렸습니다,상대원,2020.05.13.,254
3920,자유게시판,어제 브라키테라피 시술받았어요~,늘벗소리,2020.05.13.,385
3923,자유게시판,육종암에 알벤다졸,카페아줌마 No II,2020.05.13.,824
3924,자유게시판,안부,헤라,2020.05.13.,129
3925,자유게시판,자궁육종암(저등급) 이버멕틴 한달후기요~,함께하는 아침,2020.05.13.,963
3926,질문과 대답(QnA),유한 이버멕틴 양돈용. 아무나 구매 가능한가요?,슈우가아,2020.05.13.,496
3927,질문과 대답(QnA),"간암말기 피르비늄, 메벤다졸, 이버멕틴 조언부탁드려요",초고속,2020.05.13.,802
3928,자유게시판,저 오늘 양로원 ㆍㆍㆍ 아니아니 암요양병원 으로 입원합니다 ㅎㅎ,니크바드새로미,2020.05.13.,462
3929,가입 인사,안녕하세요.,민이아빠,2020.05.13.,285
3930,가입 인사,안녕하세요,비소세포폐암아버지,2020.05.13.,133
3931,자유게시판,이버멕틴 시작하려고 합니다,비소세포폐암아버지,2020.05.13.,457
3932,자유게시판,백내장이 진행중이신데,아로니88,2020.05.13.,190
3933,가입 인사,가입 인사합니다,ys,2020.05.13.,70
3934,자유게시판,씨티 찍어봐도 될까요?,하늘별섬,2020.05.13.,375
3935,자유게시판,무료나눔,헤라,2020.05.13.,735
3936,가입 인사,새로 가입 했습니다,안졸리나,2020.05.13.,119
3937,자유게시판,내일 아빠 씨티 피검가요,아빠힘내요,2020.05.13.,371
3938,이버맥틴자가임상후기,이버멕틴24mg32회,헤라,2020.05.13.,623
3939,기생충사진공유,배출 추정 기생충 단방조충,말콥,2020.05.13.,"1,042"
3940,기타 자가임상 후기,니클로사마이드 30일 복용해도 될까요? 후기가 없어 궁금합니다,kimsh7605,2020.05.13.,"1,582"
3941,가입 인사,제어린시절~시골환경에 기생충유입,그래도봄은온다,2020.05.13.,375
3942,질문과 대답(QnA),항암제 린파자와 메벤다졸 같이 드시는 분 계신가요?,가와인공,2020.05.13.,160
3943,구매정보게시판(물건배송확인후),니타조사나이드 해외 구입정보,신풍생각,2020.05.13.,"1,174"
3945,기타 자가임상 후기,펜벤+피르비늄 고용량 자가임상,슈우가아,2020.05.13.,704
3946,자유게시판,이버멕틴 구하는방법을 알고싶어요.,희망바래기,2020.05.13.,441
3947,질문과 대답(QnA),닭에서나온건데요..,봉이따님,2020.05.13.,914
3948,이버맥틴자가임상후기,만성질환 이버멕틴48mg 7회,헤라,2020.05.13.,"1,488"
3949,자유게시판,긴급재난지원금 신청하세요!,샛별,2020.05.13.,260
3950,가입 인사,가입인사,흰컵,2020.05.13.,449
3951,자유게시판,이버멕틴 복용방법 문의드립니다.,드림맘,2020.05.13.,373
3953,질문과 대답(QnA),11세딸아이,달님별,2020.05.14.,681
3954,정보 공유,(논문연구소TV) 기생충 이야기 2편 - 기생충과의 전쟁,허리23,2020.05.14.,209
3955,자유게시판,안부,헤라,2020.05.14.,95
3956,질문과 대답(QnA),이버멕틴 안전량~♡,헤라,2020.05.14.,"1,055"
3958,유투브방송 링크나눔,신풍생각선생님 축하드립니다,헤라,2020.05.14.,984
3959,질문과 대답(QnA),메트포르민 약이름 또는 회사이름,내사랑아,2020.05.14.,184
3964,가입 인사,가입인사 드립니다,woon3019,2020.05.14.,66
3965,이버맥틴자가임상후기,이버멕틴24mg 33회,헤라,2020.05.14.,542
3967,질문과 대답(QnA),알벤다졸과  메벤다졸 차이가 무엇일까요?,감사35,2020.05.14.,678
3968,기타 자가임상 후기,한달간 구충제 복용일지,봉이따님,2020.05.14.,"1,298"
3969,암 호전사례 정보,MRI결과 암사이즈가 줄었어요,아름다운차이,2020.05.14.,"1,643"
3971,이버맥틴자가임상후기,복부임파선 다발성 전이 의심(조직검사는 안함) =>1월말 원발암(위림프암)에 이어 전이암까지도 CT상 없어짐,신풍생각,2020.05.14.,"1,052"
3972,이버맥틴자가임상후기,이버멕틴 4/25일 시작하여 오늘저녁 1차 프로토콜을 마칩니다.,대전소생,2020.05.14.,"1,000"
3973,가입 인사,가입인사드립니다,인제두릅,2020.05.14.,141
3974,자유게시판,이버맥틴 목용법 좀 자세하게 알려주세요.,인제두릅,2020.05.14.,453
3975,가입 인사,유튜브 보고 가입 인사드립니다,장조은,2020.05.14.,127
3976,자유게시판,기부해주신 약 너무 잘 받았습니다 ^^,치료완료,2020.05.14.,517
3977,가입 인사,유투브 보고 가입,아지매,2020.05.14.,124
3981,이버맥틴자가임상후기,어찌해야할지 모르겠어요,자야자야,2020.05.14.,891
3982,가입 인사,가입인사,미소8,2020.05.14.,89
3983,자유게시판,이버멕틴 12mg 7회후 나온것,토마린,2020.05.14.,729
3985,자유게시판,이버 12mg짜리 금액이 어느정도 인가요 6mg이 3500원에 구매중인데,극복하자아자아자,2020.05.14.,570
3986,가입 인사,저두 가입인사 드립니다.,진영현,2020.05.14.,69
3987,자유게시판,해외발 배송포장 관련 문의드려요,chems,2020.05.14.,196
3988,이버맥틴자가임상후기,만성질환 이버멕틴48mg 8회차,헤라,2020.05.14.,565
3989,가입 인사,가입인사 드립니다,정삿갓,2020.05.14.,230
3990,자유게시판,대마 합법화 동의해주세요,강빠이,2020.05.14.,213
3991,자유게시판,와송은 이만큼 컸어요...^^,머름골농장봉화,2020.05.14.,244
3992,질문과 대답(QnA),정향 이라고 삿어요,경산에살어리,2020.05.14.,451
3994,질문과 대답(QnA),기생충의 움직임일까요?,달님별,2020.05.15.,618
3995,가입 인사,구충제 먹을때는 눈에 눈꼽이 안끼는데,그래도봄은온다,2020.05.15.,347
3997,가입 인사,가입인사 드립니다,풍월,2020.05.15.,111
3998,가입 인사,가입 인사드립니다,y9832070,2020.05.15.,71
4000,자유게시판,안부,헤라,2020.05.15.,118
4001,이버맥틴자가임상후기,미세암잡기 뇌종양,헤라,2020.05.15.,937
4002,가입 인사,안녕하세요,불곡산,2020.05.15.,145
4004,유투브방송 링크나눔,김철민씨 축하드립니다  ~괜찮아~,헤라,2020.05.15.,838
4005,자유게시판,고용량 이버+메벤 45일차 후기,루자두,2020.05.15.,"1,275"
4007,가입 인사,안녕하세요.,그루터기,2020.05.15.,78
4009,가입 인사,안녕하세요,라떼89,2020.05.15.,88
4010,가입 인사,가입인사 합니다~,미안합니다,2020.05.15.,97
4011,질문과 대답(QnA),교모세포종 환자 보호자인데요..,미안합니다,2020.05.15.,369
4012,자유게시판,니클로를 장기간 복용하면 안되는지 혹 드시는분들 댓글 부탁드림니다^^,산하,2020.05.15.,659
4013,이버맥틴자가임상후기,병원CT 분석결과  복부림프전이의심종양 이상없음,신풍생각,2020.05.15.,"1,371"
4014,기타 자가임상 후기,니타조사나이드 복용 후기,정록,2020.05.15.,"1,285"
4016,자유게시판,약초 달인물 등,남자폴,2020.05.15.,267
4017,벤지미다졸 질문 게시판,민물고기는  매운탕으로  끓여도  기생충이  안죽나요?,완치,2020.05.15.,436
4018,가입 인사,식사후 이신데- 비위가 안좋으신 분들은 혐오주의,그래도봄은온다,2020.05.15.,499
4019,가입 인사,가입인사,jcabukyung,2020.05.15.,218
4020,기타 자가임상 후기,알벤다졸3주차후기,설화수,2020.05.15.,745
4022,가입 인사,가입인사 드려요~~,남무지개,2020.05.15.,96
4023,궁을,암환자에게 생채소는 치명적이다?,궁을,2020.05.15.,732
4024,자유게시판,궁을농장 야채 도착했어요,미뚱이,2020.05.15.,229
4025,가입 인사,가입인사드림니다,국개정,2020.05.15.,84
4026,유투브방송 링크나눔,지혜와성실님께서 저희딸이야기해주셨네요^^,헤라,2020.05.15.,779
4027,이버맥틴자가임상후기,이버멕틴24mg34회차,헤라,2020.05.15.,501
4028,질문과 대답(QnA),"니타는 구했는데 베르베린,테라큐민을 못 구했어요 ㅜㅜ",건강이최고,2020.05.15.,338
4029,자유게시판,전이 재발 방지 프로토콜 고견 부탁드립니다.,구암스토커,2020.05.15.,480
4030,가입 인사,너무 힘들어 보여요.고통이 ㅠ,그래도봄은온다,2020.05.15.,616
4031,이버맥틴자가임상후기,이버멕틴48mg 9회차,헤라,2020.05.15.,728
4032,자유게시판,도움 부탁드려요,의야,2020.05.15.,464
4033,유투브방송 링크나눔,안아파요tv 출연 음주출연 ㅎ,헤라,2020.05.15.,735
4035,가입 인사,안녕하세요,유주히,2020.05.15.,173
4036,가입 인사,안녕하세요~,슈가,2020.05.15.,127
4037,자유게시판,대체요법등 비난하는 언론 플레이가 시작 된것 같습니다.,호호세,2020.05.15.,450
4038,암환우 자가임상 추천해 주세요,이 이버멕틴 괜찮나요?,soyuja,2020.05.16.,611
4040,자유게시판,닉네임 변경했으니 양해바랍니다.,한오백년,2020.05.16.,232
4041,가입 인사,안녕 하세요 가입인사드립니다. 주절주절 글이네요 ㅡㅜ,달군,2020.05.16.,738
4042,가입 인사,가입인사 올려요,요메이,2020.05.16.,157
4044,자유게시판,이버멕틴의 LD50/치사량 질문입니다.,나이야가라,2020.05.16.,577
4045,기타 자가임상 후기,이버멕틴 구입수령  복용시작,간절해,2020.05.16.,794
4046,담비,니클로사마이드006-전립선암-신장세포암-439,담비,2020.05.16.,417
4047,자유게시판,"라무몰에서 최근에 구입하신분, 배송받으셨나요?",호크아트,2020.05.16.,"1,369"
4048,암 관해사례 정보,5월 14일 / 조 페북에서 / 췌장암(파리장군님 글펌),화창한오후,2020.05.16.,"1,176"
4049,자유게시판,알로홀복용,사이언티,2020.05.16.,542
4050,질문과 대답(QnA),저희 남편이 5일만에 토했어요,vm852341,2020.05.16.,790
4051,자유게시판,* 환우는 무거운거 들면 안됀다고 하시곤 안들고 가신 무거운 것 입니다,니크바드새로미,2020.05.16.,419
4052,가입 인사,암 환우들에게 희망이 되어주는 카페에 감사합니다,스페이스,2020.05.16.,210
4053,질문과 대답(QnA),급해요,뿔딱지,2020.05.16.,490
4055,이버맥틴자가임상후기,이버멕틴24mg 35회차,헤라,2020.05.16.,600
4056,가입 인사,반갑습니다,명아,2020.05.16.,114
4059,질문과 대답(QnA),구충제 선택 문의드립니다.,완전관해,2020.05.16.,653
4061,자유게시판,궁을님 채소 도착했어요♡,축복받은자,2020.05.16.,289
4062,질문과 대답(QnA),이버맥틴 확인부탁드립니다.,산과들,2020.05.16.,422
4063,질문과 대답(QnA),이버맥틴 확인부탁드립니다.,산과들,2020.05.16.,559
4064,자유게시판,멤버 4000,솔비,2020.05.16.,451
4065,질문과 대답(QnA),피로로퀴놀린퀴논(PQQ) 복용 중 이거나 아시는 분 문의 드립니다,강반장,2020.05.16.,153
4066,자유게시판,독시사이클린,기적을바랍니다 제발,2020.05.16.,415
4067,질문과 대답(QnA),니타조사마이드를 복용하고 나타난 증상,정록,2020.05.16.,"1,460"
4068,이버맥틴자가임상후기,만성질환 이버멕틴48mg 10회차,헤라,2020.05.16.,991
4069,가입 인사,펜벤다졸 복용량에 대한 질문드립니다,바람꽃,2020.05.16.,460
4073,가입 인사,가입인사 드립니다.,JEON,2020.05.16.,188
4074,암에대한통합정보,키트루다는 80% 대부분은 효과없고 독성이 있다. 제약사의 과대포장..,신풍생각,2020.05.16.,839
4075,자유게시판,베이킹소다요법 하신분 있나요?,하늘별섬,2020.05.16.,845
4078,자유게시판,코로 나온충인데요..동그란 넘은 11일날나온거구요. 하난데 사진은 두장씩올려요. 긴넘은 15일날 나왔네요,상대원,2020.05.17.,842
4079,자유게시판,안부,헤라,2020.05.17.,196
4080,가입 인사,친정아빠의 폐암 3기,김희애,2020.05.17.,550
4081,자유게시판,"목가적 전원생활, 치유",궁을,2020.05.17.,349
4082,질문과 대답(QnA),궁금합니다.,김희애,2020.05.17.,250
4083,이버맥틴자가임상후기,이버멕틴24mg 36회차,헤라,2020.05.17.,603
4084,정보 공유,구충제 복용 문의드려요 모두가루로 만들어 먹어야할까요,여나,2020.05.17.,632
4085,정보 공유,앞으로 더 잘 될 거야,밀로,2020.05.17.,203
4086,자유게시판,구충제 저녁식후 복용후 밤에 핫팩 어떨까요?,푸른 숲,2020.05.17.,343
4089,정보 공유,표적항암제와 같이 복용시 약복용 량 여쭤봅니다 너무과한지 봐주시면 감사하겠어요,여나,2020.05.17.,519
4091,질문과 대답(QnA),구충제 풀루벤다젤,JUNG삿갓,2020.05.17.,454
4093,암에대한통합정보,"병원 처방 3세대 표적항암제 타세바(성분 엘로니팁) 미국립암센터 NCI 60개 암세포주 실험결과,펜벤 알벤과 비교",신풍생각,2020.05.17.,583
4095,난소암,플루벤다졸이 삼중음성유방암에서 유방암의 전이를 억제한다고 나와 있는 논문,신풍생각,2020.05.17.,459
4097,기타 자가임상 후기,이제 구충제 7주차네요,노스페이스 88,2020.05.17.,788
4098,이버맥틴자가임상후기,만성질환 이버멕틴48mg 11회차,헤라,2020.05.17.,585
4099,자유게시판,"추세로님, 약 나눔 해주셔서 감사드립니다.",가시오가피,2020.05.17.,321
4100,가입 인사,반갑습니다^^,수국화,2020.05.17.,177
4101,가입 인사,안녕하세요 반갑습니다.,김선영,2020.05.18.,187
4102,가입 인사,항암중 이버백틴 복용법 알려주세요,단디해,2020.05.18.,554
4103,자유게시판,안부,헤라,2020.05.18.,138
4104,가입 인사,안녕하세요,떡순이먹보,2020.05.18.,169
4105,가입 인사,가입했습니다,기적이 오기를,2020.05.18.,109
4106,질문과 대답(QnA),답즙배액관이 있으면 구충제프로토콜 효과없을까요??,자야자야,2020.05.18.,388
4107,기타 자가임상 후기,이버맥틴 복용후 나타난 현상,티거삼삼,2020.05.18.,"1,154"
4108,질문과 대답(QnA),구충요법봐주세요,grandpark42,2020.05.18.,314
4109,암에대한통합정보,"비타민 B17 (레트릴,아미그달린,살구씨성분) 미국립암센터 암세포주 실험결과",신풍생각,2020.05.18.,315
4110,정보 공유,"[논문] 이버멕틴 상처치유중 말초신경재생을 촉진, 눈에 관한 증상",울산설금홍,2020.05.18.,651
4112,기생충사진공유,배출 추정 기생충 싱가무스,말콥,2020.05.18.,864
4113,가입 인사,안녕하세요. 모두 화이팅입니다.,썹2,2020.05.18.,261
4115,자유게시판,니클로사마이드 구입,미래미,2020.05.18.,538
4116,기타 자가임상 후기,우선 메벤으로 시작했습니다.,썹2,2020.05.18.,681
4117,자유게시판,개도 안먹는 쑥개빵만들어 먹었습니다.,하늘별섬,2020.05.18.,414
4118,이버맥틴자가임상후기,이버멕틴24mg  37회차,헤라,2020.05.18.,548
4119,암에대한통합정보,[암#2] 알면 기가 막힌 항암제의 유통구조,신풍생각,2020.05.18.,674
4120,가입 인사,모두 승리하시길 바랍니다~,완치를 꿈꾸며,2020.05.18.,184
4121,자유게시판,간 질환이나 간기생충 때문에 오른쪽 어깨통증 및 오른쪽이 불편하신분 계신가요?,쎈삥,2020.05.18.,485
4122,질문과 대답(QnA),이게 뭘까요,꼭살아야해,2020.05.18.,800
4123,가입 인사,용량을 올려봅니다(삼중음성유방암 전이 재발 ㅠㅠ),미미,2020.05.18.,672
4124,가입 인사,안녕하세요,mingrai72,2020.05.18.,180
4125,이버맥틴자가임상후기,뇌종양 임상 후기,아빠는내가살린다,2020.05.18.,"1,086"
4126,자유게시판,궁을님 자연재배 채소,새별바라기,2020.05.18.,189
4127,가입 인사,나타조사나이드 2차 후기 올립니다,이쁜허브,2020.05.18.,707
4128,암에대한통합정보,"암 #2 - FDA 승인된 항암제 조건?! (기능의학,영양의학)-환자의 목숨보다 돈이 더중요..",신풍생각,2020.05.18.,296
4129,암에대한통합정보,"운동이 항암제...""암세포 성장 60% 억제"" / YTN",신풍생각,2020.05.18.,642
4130,가입 인사,희망이 보입니다.,참열매,2020.05.18.,446
4131,가입 인사,오늘 가입했습니다. 가입인사드립니다.,이노님,2020.05.18.,186
4134,회원나눔(공짜는 아닙니다),녹즙용 채소 필요하신분~,궁을,2020.05.18.,332
4135,이버맥틴자가임상후기,만성질환  이버멕틴48mg12회차,헤라,2020.05.18.,507
4137,이버맥틴자가임상후기,안아파요tv  신풍선생님과  호전사례방송,헤라,2020.05.18.,808
4138,자유게시판,"자연재배한 궁을채소, 2주 1회발송 꾸러미회원(마감했어요^^)",궁을,2020.05.18.,284
4141,가입 인사,안녕하세요?,옥이,2020.05.18.,144
4142,자유게시판,구충제를 오래보관하는 방법 없을까요?,한오백년,2020.05.18.,455
4144,가입 인사,안녕하세요~,블루 마운틴,2020.05.18.,169
4145,질문과 대답(QnA),구충제복용법 궁금합니다,희망둥이,2020.05.18.,690
4146,가입 인사,안녕하세요.,블루스카이,2020.05.18.,131
4147,질문과 대답(QnA),고령 말기 암 환자  복용 해도 될까요 ?,봄바람,2020.05.19.,427
4150,자유게시판,이버맥틴 구입,kjw9719,2020.05.19.,475
4152,가입 인사,조언 부탁드립니다,susiesusie89,2020.05.19.,318
4153,자유게시판,안부,헤라,2020.05.19.,183
4156,회원나눔(공짜는 아닙니다),회원나눔은 일반회원 이상이 글쓰기가 가능하도록 변경하였습니다.,신풍생각,2020.05.19.,265
4157,자유게시판,이버멕틴24mg 38회차,헤라,2020.05.19.,555
4158,자유게시판,【조 디펜스】 아저씨의 후기가 궁굼해서 영상을 찿아보았습니다...,상대원,2020.05.19.,388
4160,가입 인사,안녕하세요^^,들잔디,2020.05.19.,157
4161,기타 자가임상 후기,이버멕틴 24mg+메반다졸(1500mg) 1일차 시작합니다.,달군,2020.05.19.,"1,062"
4164,가입 인사,인사드립니다.,베드로,2020.05.19.,161
4165,자유게시판,도움부탁드립니다..,감사의 기적,2020.05.19.,487
4167,자유게시판,울 카페 【 헤라 님이 안아파요 tv 】 에 나오셔서 인터뷰 하신 내용입니다,상대원,2020.05.19.,469
4169,질문과 대답(QnA),pet ct 찍기전(긴급질문),영힘내,2020.05.19.,376
4170,기타 자가임상 후기,니클로 (류마),샐리,2020.05.19.,443
4171,자유게시판,기생충인지 봐주세요 (비위 약하신분은 보지마세요 ),요미짱,2020.05.19.,592
4172,자유게시판,"어제가입한 초짜지만, 정말 감사하다는 말씀을 드리고 싶습니다.",썹2,2020.05.19.,607
4173,자유게시판,대장암 9년차 만 40세...,강꼼꼼여사,2020.05.19.,928
4174,질문과 대답(QnA),급한 질문입니다 .. 금식중에 구충제 복용이 가능 할까요 ...?,유방암환자보호자,2020.05.19.,335
4175,기생충사진공유,배출 추정기생충 유극악구충 유충,말콥,2020.05.19.,821
4176,기생충사진공유,배출 추정 기생충 말레이사상충,말콥,2020.05.19.,940
4177,기생충사진공유,유충이행증 (피부에 스물스물 보이는 기생충들),말콥,2020.05.19.,"2,963"
4178,이버맥틴,바르는 이버멕틴,궁을,2020.05.19.,859
4179,이버맥틴자가임상후기,만성질환 이버멕틴48mg13회차,헤라,2020.05.19.,458
4180,암 관해사례 정보,완치-소름이 돋네요...끝까지 보세요,시골여자,2020.05.19.,"2,393"
4181,이버맥틴,이버맥틴의 복용 누적량을 최신정보에 의해 재 계산 하였습니다. 매일 60mg복용시도 안전함,신풍생각,2020.05.19.,"2,104"
4182,가입 인사,니타조사나이드 판매처 아시는분 답글좀 달아주세요,시골여자,2020.05.19.,479
4183,가입 인사,반갑습니다,사무엘72,2020.05.19.,170
4185,질문과 대답(QnA),이버맥틴 구하고 싶어요~~,김선영,2020.05.19.,509
4186,자유게시판,이버멕틴 18미리 복용후,미스치,2020.05.19.,"1,138"
4187,자유게시판,니타조산나이드 복용 할려고 합니다,아르미천겸,2020.05.19.,320
4189,자유게시판,mcg/kg   과 mg/kg 단위차이가 어떻게 되는지요..?,봄맞이행운,2020.05.19.,403
4190,가입 인사,안녕하세요~,주신그대로,2020.05.20.,139
4191,자유게시판,콩심는데 콩나고 팥심는데 팥난다.,한오백년,2020.05.20.,283
4194,가입 인사,가입인사 겸 현재 상태,황당이,2020.05.20.,334
4195,설금홍,[책]이버멕틴으로 노벨상 받은 캠벨의 책에서 LD50. 이버멕틴 독성용량,울산설금홍,2020.05.20.,982
4196,이버맥틴자가임상후기,안부,헤라,2020.05.20.,219
4197,자유게시판,큰일이네요..,꼭살아야해,2020.05.20.,872
4198,벤지미다졸 질문 게시판,베이킹소다 구충제 복용시  혼용해도 될까요?,완치,2020.05.20.,509
4199,가입 인사,안녕하세요 인사 올립니다,kp7402,2020.05.20.,266
4200,가입 인사,가입인사드려요,bobo527,2020.05.20.,161
4201,기타 자가임상 후기,"안녕하세요. 메벤다졸 7일차입니다.(수정, 이번달 계획표 첨부) 고견 부탁드립니다.",썹2,2020.05.20.,743
4202,자유게시판,알벤복용후 검은깨출현,라떼,2020.05.20.,645
4203,자유게시판,내일은 아빠 씨티 보로가요,아빠힘내요,2020.05.20.,366
4204,질문과 대답(QnA),혹시 아이들 알벤먹이시는분 계세요?,딸셋맘,2020.05.20.,529
4206,기타 자가임상 후기,하루총량) 아침저녁 이버멕틴 48mg+메반다졸(3000mg) +알벤다졸(800mg)2일차,달군,2020.05.20.,813
4207,질문과 대답(QnA),디스토시드 복용 후,달님별,2020.05.20.,901
4208,가입 인사,아버지 간암 치료 위해 가입했어요,클라우디아로즈,2020.05.20.,352
4209,질문과 대답(QnA),난소암 환자의 이버멕틴 복용,하늘새,2020.05.20.,960
4211,기타 자가임상 후기,알벤다졸 자가임상4주차,설화수,2020.05.20.,486
4212,자유게시판,"벤다졸로 콜레스테롤 줄였고요, 30 일이상 복용ㆍ간수치 이상무!",된다된다,2020.05.20.,612
4213,자유게시판,피검사 수치 검사결과지,된다된다,2020.05.20.,238
4215,자유게시판,간.신장.콜레스테롤.모두 정상이요,된다된다,2020.05.20.,327
4216,자유게시판,결과지 ᆢ사진,된다된다,2020.05.20.,327
4218,암 호전사례 정보,위암 4기 호전사례,푸른마당,2020.05.20.,"1,411"
4219,질문과 대답(QnA),이버멕틴 종류와 구입처,신키,2020.05.20.,740
4220,질문과 대답(QnA),니클로마사이드,만점신용kwang7850,2020.05.20.,657
4221,질문과 대답(QnA),첫글 올립니다,설탕절임,2020.05.20.,284
4222,이버맥틴자가임상후기,이버멕틴24mg  39회차,헤라,2020.05.20.,439
4224,자유게시판,수술 전.후,하늘별섬,2020.05.20.,697
4225,질문과 대답(QnA),니클로사마이드 복용 문의,레버넌트,2020.05.20.,916
4226,유투브방송 링크나눔,안아파요tv18분부터 깜짝출연,헤라,2020.05.20.,492
4227,자유게시판,자연의섭리,추세로,2020.05.20.,431
4228,이버맥틴자가임상후기,만성질환 이버멕틴48mg14회차,헤라,2020.05.20.,424
4229,질문과 대답(QnA),이명에 좋은 구충제 추천부탁드려요,행복나무,2020.05.20.,634
4230,자유게시판,백혈구수치 낮은데 구충제 요법하고 계신분들도 계신가요??,산하,2020.05.20.,440
4231,자유게시판,췌장~ 해라님 도움으로 시작합니다.,이노님,2020.05.21.,714
4232,질문과 대답(QnA),피르비늄 복용하시는 분들 계신가요?,완전관해,2020.05.21.,452
4233,질문과 대답(QnA),베르베린,안경,2020.05.21.,469
4234,자유게시판,안부,헤라,2020.05.21.,209
4236,질문과 대답(QnA),피르비늄과 니타조사나이드 실수로 동시에 복용했는데 어떻해야하나요?,김주현2,2020.05.21.,478
4238,질문과 대답(QnA),옻 올라서 너무 힘이 듭니다.,환희정원,2020.05.21.,454
4239,질문과 대답(QnA),발톱무좀,반지하누렁이,2020.05.21.,390
4240,이버맥틴자가임상후기,이버멕틴24mg40회차,헤라,2020.05.21.,476
4241,가입 인사,담도항암. .,남무지개,2020.05.21.,217
4242,자유게시판,소중한 새날 ~ 오늘도 하늘에서 돌보심을 믿으며 이곳에 회원분들을 위해 기도합니다 ~,니크바드새로미,2020.05.21.,193
4243,자유게시판,여러분의 의견이 필요합니다 도와주세요,hairu4457,2020.05.21.,438
4244,가입 인사,Monocyteㅡ12.2%라고,시골여자,2020.05.21.,242
4245,가입 인사,가입인사드립니다.,물소리 새소리,2020.05.21.,200
4246,가입 인사,가입인사드립니다.,더하기,2020.05.21.,94
4247,기타 자가임상 후기,아침저녁 이버멕틴 48mg+메반다졸(3000mg) +알벤다졸(800mg)3일차,달군,2020.05.21.,"1,140"
4249,자유게시판,소변양과 대변,남자폴,2020.05.21.,351
4251,가입 인사,이버백틴과 비타민c 복용시간,단디해,2020.05.21.,581
4252,가입 인사,가입 인사,이야이야호,2020.05.21.,138
4253,가입 인사,안녕하세요,조약돌 1,2020.05.21.,115
4254,질문과 대답(QnA),엄마께서 b형 간염입니다,빌리루치아,2020.05.21.,274
4255,자유게시판,아빠 병원 잘다녀왔어요 마음의 준비 하라네요,아빠힘내요,2020.05.21.,997
4257,자유게시판,잇몸염증,깜새,2020.05.21.,454
4258,정보 공유,유충이행증 치료 관련 논문,토끼온유,2020.05.21.,198
4259,담비,위암_콜킨_2019년,담비,2020.05.21.,256
4260,기타 자가임상 후기,항암구충제 8일차입니다. 부탁드립니다.,썹2,2020.05.21.,553
4261,질문과 대답(QnA),위암  간전이,ebs3863,2020.05.21.,339
4262,질문과 대답(QnA),암 요양병원 식이..,피츠커피,2020.05.21.,458
4263,자유게시판,드디어 아버지 항암구충제 시작합니다,떡순이먹보,2020.05.21.,417
4264,가입 인사,췌장암 4기판정을 받은 아버지를 모시는 아들입니다.,췌장암 4기,2020.05.21.,664
4265,자유게시판,오늘부터 복용했습니다.,희망둥이,2020.05.21.,323
4266,자유게시판,우리 자연사 하자.-(노래 미미시스터즈 ),호조,2020.05.21.,262
4267,질문과 대답(QnA),이버멕틴.,개무아,2020.05.21.,449
4268,질문과 대답(QnA),이버맥틴 복용 조언 부탁드립니다.,오년만 더,2020.05.21.,294
4269,이버맥틴자가임상후기,만성질환 이버멕틴48mg15회차,헤라,2020.05.21.,439
4270,기타 자가임상 후기,구충제 복용후 이런게 계속 떠요?,울릉도섬백리향,2020.05.21.,"1,243"
4271,자유게시판,시작 2일차 안사람이~~,이노님,2020.05.21.,708
4272,질문과 대답(QnA),폐암4기 구충제 복용방법,eikona,2020.05.21.,525
4273,자유게시판,2월28일 부터 알벤다졸 하루두알 7주복용 그외... 지금까지 코로나온 5가지충들과 피부의변화를 사진으로 올림니다..,상대원,2020.05.21.,"1,175"
4274,자유게시판,만병통치약,정록,2020.05.21.,539
4275,가입 인사,반갑습니다.,승우승혜하비,2020.05.22.,186
4276,정보 공유,(논문연구소TV) 이버멕틴 1편 - 이버멕틴의 발견과 잠재적 가능성,허리23,2020.05.22.,343
4277,이버맥틴자가임상후기,이버맥틴,큰산,2020.05.22.,381
4278,자유게시판,복수가 줄었어요,꼭살아야해,2020.05.22.,665
4281,자유게시판,어제부부의날~~생각할일~,헤라,2020.05.22.,243
4282,자유게시판,안부,헤라,2020.05.22.,134
4283,가입 인사,비타민c복용 어찌해야할까요?,러키,2020.05.22.,418
4284,가입 인사,5월12일부터 자가임상후기,완치하는중,2020.05.22.,685
4286,정보 공유,[논문] 이버멕틴치료시 비타민씨요법은 가능한가?,울산설금홍,2020.05.22.,588
4287,자유게시판,펜벤다졸 구입,fiddler0213,2020.05.22.,310
4288,자유게시판,암 3개월 치료하면 낫는병이다... 일본의 의사가 강연을한 내용을 통역해주셨네요... ( 동영상 을 올림니다),상대원,2020.05.22.,546
4289,이버맥틴자가임상후기,이버멕틴24mg  41회차,헤라,2020.05.22.,543
4291,질문과 대답(QnA),벤다졸에 관해 궁금한것이 있어서 질문드립니다.,may1st,2020.05.22.,389
4295,자유게시판,니클2g과 디스토시드를 3일만 ᆢ복용,된다된다,2020.05.22.,314
4297,질문과 대답(QnA),항히스타민제와 이버&니클로,토토로,2020.05.22.,227
4298,질문과 대답(QnA),췌장암 항암하다가 스돕하고 구충제 6개월,럭키공주,2020.05.22.,"1,134"
4299,자유게시판,민트차..레몬밤차..,긍정적마인드 이애란,2020.05.22.,123
4300,자유게시판,이버맥틴 복용법,안아프고이겨내자,2020.05.22.,587
4301,자유게시판,인생은 전화위복같습니다.,하늘별섬,2020.05.22.,773
4302,질문과 대답(QnA),이버맥틴에 관하여 궁금점이 많아요.,우린이,2020.05.22.,425
4303,질문과 대답(QnA),이버멕틴의 안전성과 복용량.,개무아,2020.05.22.,560
4304,질문과 대답(QnA),5일째 변을 못보고 계세요..,cyj1676,2020.05.22.,344
4305,가입 인사,안녕하세요,cyj1676,2020.05.22.,164
4306,가입 인사,인사드립니다,반디아,2020.05.22.,146
4307,이버맥틴자가임상후기,피검사결과,헤라,2020.05.22.,814
4308,질문과 대답(QnA),메벤다졸이  이렇게 왔어요,봄바람,2020.05.22.,585
4309,가입 인사,가입인사,18오현수,2020.05.22.,153
4310,자유게시판,이버맥틴...씹어서먹나요? 그냥 삼키시나요?,강꼼꼼여사,2020.05.22.,387
4313,자유게시판,항암은 하면할수록 빨리죽습니다.. 믿에오늘 제가올린 영상보시면 일본인의사가 말함니다 항암을 많이할수록 구충제 요법도 장담할수 없습니다...( 항암은독입니다),상대원,2020.05.22.,841
4314,가입 인사,췌장암3기,멜번크릭,2020.05.22.,273
4315,자유게시판,암에 대한 일본의사의 견해입니다.,leesamsa,2020.05.22.,892
4316,기생충사진공유,배출 추정 기생충 거대신충(혐오 주의),말콥,2020.05.22.,883
4317,기생충사진공유,배출 추정 기생충 왜소조충,말콥,2020.05.22.,832
4318,유투브방송 링크나눔,안아파요tv선생님  신장암0.5기  짝짝짝,헤라,2020.05.22.,918
4319,자유게시판,면역반응은 칼슘에서 시작된다.,레버넌트,2020.05.22.,252
4320,자유게시판,디스토시드복용중,롱롱이닫,2020.05.22.,311
4321,이버맥틴자가임상후기,만성질환 이버멕틴48mg 16회차,헤라,2020.05.22.,523
4322,질문과 대답(QnA),항암중 이버맥틴,우린이,2020.05.22.,605
4323,자유게시판,기다리던 클로로퀸이 드디어 왔네요 ㅠ,별이면밤마다,2020.05.22.,426
4325,자유게시판,오늘 응급실간 우리아빠 실망만 가득합니다ㅠㅠ,가드니,2020.05.22.,874
4327,질문과 대답(QnA),알로홀 질문입니다~~,완치해야지,2020.05.23.,371
4330,자유게시판,안부,헤라,2020.05.23.,153
4331,자유게시판,메벤과 이버멕틴 먹는법아시는분? 그리고 명현현상?,럭키공주,2020.05.23.,"1,047"
4332,질문과 대답(QnA),건강관리 목적 구충제 복용량 문의,사이공박,2020.05.23.,299
4333,담비,니클로사마이드007-폐결핵외3분야-459,담비,2020.05.23.,298
4334,자유게시판,독시사이클린 복용량 문의,자몽,2020.05.23.,426
4335,질문과 대답(QnA),니클로사마이드 구할수있을까요,늙줌마,2020.05.23.,410
4336,질문과 대답(QnA),배송에 관하여,흰컵,2020.05.23.,254
4337,자유게시판,복 주시기고 지키시기 원하시는 ㆍㆍㆍ,니크바드새로미,2020.05.23.,315
4338,정보 공유,황보선생님 최근 프로토콜 아시는분,이공,2020.05.23.,495
4339,자유게시판,이튿날,꼭살아야해,2020.05.23.,442
4340,이버맥틴자가임상후기,이버멕틴24mg 42회차,헤라,2020.05.23.,610
4341,설금홍,[논문] 이버멕틴안전최고치와 뇌침투 비율,울산설금홍,2020.05.23.,"1,202"
4343,자유게시판,[공유] 성정체성,궁을,2020.05.23.,268
4345,자유게시판,기생충이 암의 하나의 원인인가?,한오백년,2020.05.23.,554
4347,기타 자가임상 후기,폐암 항암치료중. 좋은 중간결과입니다,알랑짱구,2020.05.23.,962
4348,가입 인사,가입인사드립니다,봄비,2020.05.23.,106
4349,자유게시판,카페와 궁을님께(쌈채소) 감사. 알벤다졸체험기,아카시아,2020.05.23.,470
4352,가입 인사,안녕하세요,행복한 사람,2020.05.23.,150
4353,질문과 대답(QnA),알벤 복용후 피로감과 명치답답함,돕,2020.05.23.,550
4354,자유게시판,도움이필요합니다,반디아,2020.05.23.,415
4355,가입 인사,간에 좋다는 엉겅퀴가 밭에 많이 폈네요,시골여자,2020.05.23.,368
4356,자유게시판,참으로 답답합니다,완치를 꿈꾸며,2020.05.23.,712
4357,자유게시판,구충제복용시  감마e 같이먹지마라는 얘기가있는데 그런가요?,늙줌마,2020.05.23.,515
4358,자유게시판,사절합니다 ~ 사절이요~ 안돼요 ~~ㅎㅎㅎ,니크바드새로미,2020.05.23.,680
4359,자유게시판,내가  구충제를  먹는 이유...,당근맨123,2020.05.23.,587
4360,이버맥틴자가임상후기,만성질환  이버멕틴48mg  17회차,헤라,2020.05.23.,815
4361,자유게시판,항암과 구충제복용을 병행해야 할까요?,반디아,2020.05.23.,676
4363,자유게시판,양성자치료 받으신분 계시나요?,엄마 아빠 고맙습니다,2020.05.23.,284
4364,질문과 대답(QnA),니타조사나이드 복용방법,별총총,2020.05.24.,508
4365,암에대한통합정보,항 말라리아 약 하이드록시 클로로퀸과 클로로퀸 NCI-60 암세포주 실험데이터,신풍생각,2020.05.24.,327
4366,신풍 생각,항암을 해야 하나요 아니면 .. 병용.. 저독성항암구충제와 자연치유..,신풍생각,2020.05.24.,997
4367,가입 인사,니타조사나이드,namhun11q,2020.05.24.,701
4368,가입 인사,가입인사드립니다.,엄마꼭살린다,2020.05.24.,184
4369,질문과 대답(QnA),질문이 있습니다. 헤라님 꼭 도움 좀 주세요.,보카기,2020.05.24.,863
4370,질문과 대답(QnA),ㅇ버맥틴 용량 올린 후,꼭살아야해,2020.05.24.,"1,205"
4371,질문과 대답(QnA),직장암 수술  관련,문철기,2020.05.24.,283
4372,자유게시판,안부,헤라,2020.05.24.,248
4374,자유게시판,당직후 집에 와서...,당근맨123,2020.05.24.,300
4375,질문과 대답(QnA),펜벤다졸 복용방법,fiddler0213,2020.05.24.,307
4377,기타 자가임상 후기,22일 병원다녀왔습니다.(구충제 복용 11일차),썹2,2020.05.24.,906
4378,가입 인사,안녕하세요...,쿨하게멋있게,2020.05.24.,144
4379,자유게시판,구충4일차~,이노님,2020.05.24.,516
4380,가입 인사,궁금한게 많아요 ㅎㅎ,연극매니아,2020.05.24.,275
4381,질문과 대답(QnA),니클로사마이드와 이버맥틴 동시 복용 괜찮나요?,압구정티나,2020.05.24.,567
4382,자유게시판,암환자주제에...,하늘별섬,2020.05.24.,801
4384,자유게시판,큰 목소리,난해낸다,2020.05.24.,282
4385,자유게시판,이버 복용량~관련,이노님,2020.05.24.,447
4386,이버맥틴자가임상후기,이버멕틴 6주 후기,노스페이스 88,2020.05.24.,966
4387,질문과 대답(QnA),메벤 저용량 복용 후,별님처럼,2020.05.24.,501
4389,질문과 대답(QnA),구충제 복용 후 백혈구 수치가 내려갔을때 어떻게 해야 하나요?,치유,2020.05.24.,710
4390,자유게시판,복수가 차는것과 관장에 대해 조언 구합니다.,췌장암 4기,2020.05.24.,492
4392,자유게시판,구충제 복용량 문의드립니다,아스트라,2020.05.24.,284
4393,자유게시판,커피님네 참외와 라이벌 참외 입니다 ~ 커피님 바짝 긴장 하세요 ~,니크바드새로미,2020.05.24.,304
4395,가입 인사,가입 인사 드립니다~,히란야,2020.05.24.,166
4396,자유게시판,다시한번 마음잡고 시작합니다 조언좀해주세요~,가드니,2020.05.24.,442
4397,가입 인사,가입인사 드립니다,파랑열대어,2020.05.24.,152
4399,이버맥틴자가임상후기,이버멕틴24mg 43회차,헤라,2020.05.24.,456
4400,이버맥틴자가임상후기,만성질환  이버멕틴48mg 18회차,헤라,2020.05.24.,513
4402,질문과 대답(QnA),구충제 복용후 열 오르고 염증 수치 올라갈 때,흰컵,2020.05.25.,885
4403,질문과 대답(QnA),소변색 관련문의,chems,2020.05.25.,300
4404,기타 자가임상 후기,안색이 좋아지셨습니다.,치료완료,2020.05.25.,906
4405,담비,폐암_아미로라이드_2018년,담비,2020.05.25.,279
4406,자유게시판,알벤다졸 드시는 분께,정록,2020.05.25.,914
4408,기타 자가임상 후기,간암 항암후 5개월만에 6cm암으로 고용량 구충제 2주차,슈우가아,2020.05.25.,763
4409,자유게시판,힘들어 하시는 아버지..,떡순이먹보,2020.05.25.,361
4410,자유게시판,안부,헤라,2020.05.25.,151
4411,자유게시판,알벤다졸 먹은 후,축복받은자,2020.05.25.,864
4412,질문과 대답(QnA),폐암이시고 이버복용후 팔통증이 너무심하세요잠을못잘정도 통증이 이정도로심한가요ㅜㅜ,늙줌마,2020.05.25.,547
4413,암에대한통합정보,아밀로라이드 NCI-60 암세포주 실험,신풍생각,2020.05.25.,185
4414,자유게시판,하루,꼭살아야해,2020.05.25.,216
4416,자유게시판,우리카페 카페지기이신 【 신풍생각 】님.께서 항암과 방사선 치료에대해서 연구논문을 찿아보시고 자세한 설명을 해주셨습니다.. (꼭보세요).,상대원,2020.05.25.,416
4417,가입 인사,반갑습니다,별새꽃돌사랑,2020.05.25.,117
4419,이버맥틴자가임상후기,이버멕틴24mg과 44회 ~호전사례포함~,헤라,2020.05.25.,"1,998"
4421,질문과 대답(QnA),펜벤다졸 휴지기신데요..,유주히,2020.05.25.,303
4422,가입 인사,안녕하세요,이명희,2020.05.25.,113
4423,자유게시판,6월1일 씨티촬영입니다.,꼭살아야해,2020.05.25.,389
4424,자유게시판,오늘부터 항암구충 시작합니다!,감사의 기적,2020.05.25.,459
4425,질문과 대답(QnA),항문이 너무 간지럽습니다,대마뿔사,2020.05.25.,587
4426,자유게시판,시어머님 파킨슨병때문에. .,시트론,2020.05.25.,461
4427,자유게시판,오냐..먹어주마..,하늘별섬,2020.05.25.,679
4428,가입 인사,안녕하세요,jungho,2020.05.25.,140
4430,자유게시판,오늘 가입했습니다 궁금한점 질문드려요,jungho,2020.05.25.,136
4431,자유게시판,"힘들었지만, 이제는 희망을 가질겁니다.",둥둥파,2020.05.25.,472
4432,질문과 대답(QnA),종양표지자가 수술전0.2였는데 예방항암후1.1로늘어난건 왜그런건가요?,100세인생,2020.05.25.,292
4433,기생충사진공유,이건 뭘까요?,Jin0,2020.05.25.,929
4434,자유게시판,자가면역질환 이제 부터 시작해보려 합니다,jungho,2020.05.25.,323
4435,가입 인사,가입인사 드립니다,환ㅣ행복이맘2,2020.05.25.,87
4437,이버맥틴자가임상후기,뇌종양 구충제 복용 4주차 후기,아빠는내가살린다,2020.05.25.,"1,474"
4438,가입 인사,살고싶어 왔습니다,컬러M,2020.05.25.,567
4439,자유게시판,이버라스트 12mg짜리에대해 여쭤요,뱃살공주,2020.05.25.,677
4440,자유게시판,어린아이 먹을수 있을까요?혈액암,행복4,2020.05.25.,333
4442,구매정보게시판(물건배송확인후),[수정]이버맥틴 5mg 100알 가격이 4000원 정도에 구입했어요. 7.5mg구입은 아래추가함,신풍생각,2020.05.25.,"2,879"
4443,가입 인사,안녕하세요 가입인사올립니다~,탱자엄마,2020.05.25.,279
4444,이버맥틴자가임상후기,만성질환..이버멕틴48mg  19회차,헤라,2020.05.25.,732
4445,질문과 대답(QnA),안녕하세요,덕화,2020.05.25.,131
4446,가입 인사,가입인사,냉이국,2020.05.25.,97
4448,자유게시판,이버멕틴 저녁식후 2시간후 복용?,skystar4129,2020.05.25.,782
4450,자유게시판,cbd오일 안되겠어서 햄프씨드오일로 일단 복용해보려고요,아로니88,2020.05.25.,401
4452,기생충사진공유,기생충인가요?,들잔디,2020.05.26.,995
4453,자유게시판,많은 분들이 자기전 이버멕틴을 복용하시는데,봄맞이행운,2020.05.26.,739
4455,자유게시판,【 스파르가눔】약수물도 조심해야 되는이유 입니다. 울카페 기생충 정보에서 여러가지 정보를보실수 있어요.【이넘 아주나쁜 넘이에요.꼭 보세요】.,상대원,2020.05.26.,456
4456,자유게시판,카페들어와서 무조건 비난하시면 강퇴입니다,헤라,2020.05.26.,"4,864"
4457,자유게시판,안부,헤라,2020.05.26.,188
4458,자유게시판,구충제의 내성에 대해,궁을,2020.05.26.,906
4462,자유게시판,어제 화천에 이외수 기념관에 다녀왔는데 사진한장 올려드려요..,상대원,2020.05.26.,241
4463,가입 인사,늦었지만 가입인사 드립니다..,Kims,2020.05.26.,143
4464,질문과 대답(QnA),"메벤,이버맥틴 자가임상",흰컵,2020.05.26.,513
4465,자유게시판,"기사 ""이버멕틴, 임상시험에서 코로나19 치료 효과 확인""",토토로,2020.05.26.,353
4466,가입 인사,안녕하세요~,애나린,2020.05.26.,115
4467,자유게시판,존스 홉킨스 대학 메벤다졸 임상 모집 만1세~21세,carming,2020.05.26.,463
4469,기타 자가임상 후기,항암구충제 13일차 후기입니다.,썹2,2020.05.26.,782
4470,질문과 대답(QnA),병원 진단서 유료인가요?,묘주,2020.05.26.,177
4473,정보 공유,니타조사나이드  구매할수 있는곳이라는데요.,하늘별섬,2020.05.26.,728
4474,가입 인사,"안녕하세요,",메갈로돈,2020.05.26.,89
4475,질문과 대답(QnA),표적치료제 타그리소와 구충제복용시 방법,eikona,2020.05.26.,239
4476,가입 인사,안녕하세요 가입인사드립니다.,라미레스,2020.05.26.,137
4477,질문과 대답(QnA),교모세포종입니다 구충제 복용시기 등등 질문좀 하겠습니다.,라미레스,2020.05.26.,465
4478,질문과 대답(QnA),실비보험,공작단풍,2020.05.26.,330
4479,질문과 대답(QnA),헬릭소정맥주사맞고 간수치상승,럭키공주,2020.05.26.,239
4480,가입 인사,가입인사 드립니다,새롬,2020.05.26.,238
4482,가입 인사,반갑습니다,고즈,2020.05.26.,96
4487,설금홍,[논문] 이버멕틴 여러암치료에 쓰이는 용량-인간기준으로 환산,울산설금홍,2020.05.26.,"3,355"
4488,가입 인사,안녕하세요,eyes,2020.05.26.,115
4490,기타 자가임상 후기,알벤다졸 항암2주파 휴약기에 접어든 사람입니다.,탱자엄마,2020.05.26.,673
4491,이버맥틴자가임상후기,역시 넌 ~~ 대단해,큰산,2020.05.26.,973
4492,자유게시판,? 가축 가금류 애완 동물 구두 혐오감을 위한 100 정제/병 Ivermectin 정제,신풍생각,2020.05.26.,552
4494,질문과 대답(QnA),폐암이나 폐전이 환우분들 구충제 뭐드시나요?,신키,2020.05.26.,486
4496,가입 인사,안녕하세요?,모이또,2020.05.26.,114
4498,가입 인사,가입인사드립니다.,늘 그렇게,2020.05.26.,123
4499,암 호전사례 정보,빡시다 티비,난해낸다,2020.05.26.,571
4500,가입 인사,인사드립니다,전북 아들만 셋,2020.05.26.,132
4502,가입 인사,가입인사,Karen,2020.05.26.,96
4503,유투브방송 링크나눔,간다님 축하해요 ㅎ ㅎ  이런소식은 알려야합니다~,헤라,2020.05.26.,929
4505,이버맥틴자가임상후기,이버멕틴24mg 45회차,헤라,2020.05.26.,479
4506,이버맥틴자가임상후기,만성질환48mg  20회차,헤라,2020.05.26.,371
4508,자유게시판,구충제도 유행타나요.,공작단풍,2020.05.26.,584
4510,벤지미다졸 질문 게시판,안녕하세요 고려비타민c랑 니타조랑,매직스타,2020.05.26.,329
4511,질문과 대답(QnA),항문 가려움 사라졌어요,대마뿔사,2020.05.26.,571
4512,가입 인사,안녕하세요.,삼다수데이,2020.05.26.,156
4513,자유게시판,이 제품 믿고 사도 되는걸까요?,가넷,2020.05.26.,581
4514,질문과 대답(QnA),cbd오일 어디서살수있나요?,100세인생,2020.05.26.,331
4515,질문과 대답(QnA),구중제 치료중에 유산균을 먹으면 유산균 효과는 사라지나요?,민희,2020.05.27.,414
4516,자유게시판,흑호두액3종(허브) vs 구충제(양약),주신그대로,2020.05.27.,701
4517,자유게시판,가입인사 및 궁금한 사항 문의 드려요,예쁜별,2020.05.27.,270
4519,정보 공유,(논문연구소TV) 이버멕틴 2편 - 이버멕틴은 안전한가?,허리23,2020.05.27.,517
4520,가입 인사,안녕하세요 가입인사및질문드려봅니다,l동구,2020.05.27.,162
4521,자유게시판,안부,헤라,2020.05.27.,226
4523,자유게시판,중국산 이버멕틴 관련 죄송합니다.,다음통과,2020.05.27.,661
4524,질문과 대답(QnA),안녕하세요 b형 간염 만성질환과 췌장 질환,해품가,2020.05.27.,245
4525,정보 공유,미국립암센타 암세포억제농도 잘못되었습니다,설금홍,2020.05.27.,512
4527,가입 인사,안녕하세요,돌고래,2020.05.27.,139
4529,자유게시판,가려운증상이 있어요,돌고래,2020.05.27.,326
4530,자유게시판,이버멕틴 복용 후 소변 변화,카페아줌마 No II,2020.05.27.,688
4532,이버맥틴자가임상후기,이버멕틴 25mg 5일 복용후 충(?) 검정쌀모양 배출,푸른빛토마토,2020.05.27.,"1,127"
4533,자유게시판,8세 아이에게 플루벤다졸을 성인과 동량으로 먹였는데..,드림걸즈77,2020.05.27.,499
4535,자유게시판,니클로마사이드와 고용량비타민c 상충,구암스토커,2020.05.27.,553
4536,자유게시판,여러분들의 조언 듣고 싶습니다,hairu4457,2020.05.27.,448
4537,자유게시판,친정엄마 증상 여쭤봅니다. 의견 많이 나눠주세요.,라떼,2020.05.27.,421
4538,이버맥틴자가임상후기,다시 기적을 바랍니다~,할수있다,2020.05.27.,731
4540,가입 인사,멀리서 가입인사 드립니다,Joey,2020.05.27.,387
4541,질문과 대답(QnA),복부팽만감 ~ 장내 독소 배출문제~,달군,2020.05.27.,826
4542,자유게시판,알벤 100개 추가확보!!~그냥 마냥 든든합니다.,달군,2020.05.27.,894
4543,자유게시판,"비타민 고를 때 고려해야하는 것들!! (성분, 흡수율, 불순물) 닭터덕 Dr Duk",레버넌트,2020.05.27.,220
4546,가입 인사,우울증에 영향을주는놈은 어떤 놈일까요?,시골여자,2020.05.27.,512
4547,자유게시판,주류의학과 기능의학의 암치료(그 외 동영상 6개/ 닭터덕),레버넌트,2020.05.27.,305
4548,가입 인사,가입인사 드립니다^^,이즈,2020.05.27.,117
4549,자유게시판,베트남 이버멕틴 3미리와 6미리,미스치,2020.05.27.,705
4551,이버맥틴자가임상후기,이버멕틴24mg46회,헤라,2020.05.27.,727
4552,이버맥틴자가임상후기,만성질환48mg  21회,헤라,2020.05.27.,417
4553,자유게시판,오늘 말기암환자가 되었습니다..,주나모,2020.05.27.,"1,451"
4555,자유게시판,벤다졸계열과 비타민c 상호작용,구암스토커,2020.05.27.,281
4556,질문과 대답(QnA),중국산 동물용 이버멕틴 복용중 궁금한 점 문의드려요.,와이앤알알알,2020.05.27.,"1,001"
4557,벤지미다졸 질문 게시판,펜벤다졸+프라지콴텔+피란텔이 동시복용 가능할까요?,진인사대천명,2020.05.27.,379
4558,질문과 대답(QnA),디스토시드 복용문의,우린이,2020.05.27.,592
4559,질문과 대답(QnA),알벤다졸 복용후 간수치,이즈,2020.05.28.,716
4560,가입 인사,반갑습니다.,정모,2020.05.28.,159
4561,질문과 대답(QnA),이버멕틴과 충돌하는 것들?,플라세보,2020.05.28.,843
4562,질문과 대답(QnA),니타조사나이드 복용하다가,별총총,2020.05.28.,"1,010"
4564,자유게시판,폐암4기,뱃살공주,2020.05.28.,945
4565,자유게시판,한번도 살아 보지 않은 오늘 새날 ~ 주님이 치료하시고 함께 하십니다 ~,니크바드새로미,2020.05.28.,271
4566,가입 인사,안녕한세요,서천맨,2020.05.28.,105
4567,자유게시판,이버12-&gt;18 늘린후,skystar4129,2020.05.28.,791
4568,질문과 대답(QnA),이버맥틴과 충돌하는지에 대해 여쭙니다~,아이셋엄마,2020.05.28.,678
4569,가입 인사,안부,헤라,2020.05.28.,244
4571,기타 자가임상 후기,깜짝 놀랐습니다.(항암구충제 15일차입니다.),썹2,2020.05.28.,"1,614"
4572,이버맥틴자가임상후기,"이버멕틴 3-4, 19mg 4주차 3일째 날에 눈에서 기생충 확인하다",noor23,2020.05.28.,"1,108"
4574,이버맥틴자가임상후기,이버멕틴 3차 복용,마론,2020.05.28.,569
4575,자유게시판,디스토시드 5시간 간격 중,롱롱이닫,2020.05.28.,415
4576,기타 자가임상 후기,일반인 알벤다졸 하루 1600mg 7일 복용후기.,들잔디,2020.05.28.,"1,131"
4577,이버맥틴자가임상후기,이버멕틴24mg 47회차,헤라,2020.05.28.,555
4578,질문과 대답(QnA),기생충 박멸하려면 어캐하죠?,푸르른마음,2020.05.28.,562
4579,자유게시판,췌장 검사 후 기다림. 복용7일차,이노님,2020.05.28.,355
4580,자유게시판,카카x약국 정보 아시는 분,hairu4457,2020.05.28.,450
4581,질문과 대답(QnA),오른쪽 갈비뼈아래 옆구리 통증,흰컵,2020.05.28.,737
4582,자유게시판,유방암 삼중음성 치료후 이버멕틴 복용중,루나틱,2020.05.28.,564
4583,자유게시판,오른쪽발등 물혹ㅡ알벤다졸후기,시트론,2020.05.28.,717
4585,질문과 대답(QnA),이버용량,흰컵,2020.05.28.,594
4588,가입 인사,안녕하세요~~,tkdwls1547,2020.05.28.,111
4591,질문과 대답(QnA),B형간염보균자 니타조사나이드 복용문의 드립니다.,치츄,2020.05.28.,262
4592,자유게시판,의사들에게 항암구충제 복용을 언제까지 숨겨야 할까요?,푸른마당,2020.05.28.,872
4594,질문과 대답(QnA),사람용 이버멕틴인가요?,우짜라고1234,2020.05.28.,605
4597,자유게시판,바보같은질문입니다..,뱃살공주,2020.05.28.,496
4598,기생충사진공유,커피관장 후 나온 요것!!,축복받은자,2020.05.28.,"2,137"
4599,자유게시판,내일부터 시작일것같습니다~ 한가지만 여쮜볼께요~,아나트마,2020.05.28.,600
4600,이버맥틴자가임상후기,만성질환  이버멕틴48mg 22회차,헤라,2020.05.28.,964
4602,자유게시판,"커피관장 질문, 췌장암엄마 근황",말해줘,2020.05.28.,919
4603,가입 인사,가입인사,절골,2020.05.28.,161
4604,질문과 대답(QnA),니클 복용문의,우린이,2020.05.28.,402
4605,가입 인사,도움말씀 부탁드려요,아자아자,2020.05.28.,355
4606,질문과 대답(QnA),구충제복용(허리 눈),단맘,2020.05.28.,588
4608,자유게시판,지금 건강한 분들이나 그렇지 않는 분들 꼭 보세요,한오백년,2020.05.29.,641
4609,암에대한통합정보,암에대한 자료 -자동번역,신풍생각,2020.05.29.,830
4610,자유게시판,안부,헤라,2020.05.29.,192
4612,질문과 대답(QnA),간암 고용량 복용중입니다,초고속,2020.05.29.,"1,043"
4613,자유게시판,"기생충사체, 독소 배출 문의드려요",꼬기요,2020.05.29.,660
4616,질문과 대답(QnA),고용량 구충제항암할때 식이요법,축복받은자,2020.05.29.,480
4617,자유게시판,혈변이 나오는데 병원에 가야할까요.. 그제 저녁에 겨우살이 달인추출물을 한봉먹은후 통증과.뱃속의요동후 설사와 혈변이 비치네요...,상대원,2020.05.29.,669
4619,기생충사진공유,배출 추정 기생충 아니사키스(고래회충 유충),말콥,2020.05.29.,"1,375"
4621,자유게시판,선인장이 피고 지는  모습  아름답네요..,분홍앵초,2020.05.29.,203
4622,자유게시판,명의,희망쌀집,2020.05.29.,347
4623,가입 인사,헤라님 문의드려요~,메타,2020.05.29.,808
4624,가입 인사,안녕하세요.도움부탁드려요~,메타,2020.05.29.,298
4625,가입 인사,가입인사~(위암4기입니다),블루버드,2020.05.29.,324
4627,질문과 대답(QnA),요로상피암 4기 알벤다졸 시작하려고 합니다.,제피님,2020.05.29.,357
4630,자유게시판,구충제 복용후 당뇨 체크.,공작단풍,2020.05.29.,705
4632,질문과 대답(QnA),난소암이 재발하여 직장을 누르고 있어요.,푸르름10,2020.05.29.,593
4633,자유게시판,조언부탁드려요 소세포암 다발성입니다,극복하자아자아자,2020.05.29.,339
4635,질문과 대답(QnA),항암구충 시작한지 2 주차 입니다 질문이 있습니다 부탁드립니다,유방암환자보호자,2020.05.29.,431
4636,질문과 대답(QnA),펜벤다졸 2그램,서준,2020.05.29.,337
4639,이버맥틴자가임상후기,만성질환48mg23회차,헤라,2020.05.29.,361
4640,질문과 대답(QnA),위암2기a수술후관리? 구충제복용량어찌해야될지의견부탁드립니다,100세인생,2020.05.29.,178
4643,질문과 대답(QnA),특정질환없이 일상치료 목적으로 구충제 복용예정입니다.알벤ㆍ디스토 둘중 어떤게 우선인가요?,완전관해,2020.05.29.,412
4644,이버맥틴자가임상후기,코로나 유사증 이버멕틴 4차 36mg,마론,2020.05.29.,594
4645,자유게시판,간수치 감소,클라우디아로즈,2020.05.29.,681
4646,자유게시판,아빠가 하늘나라로 가셨어요,피츠커피,2020.05.29.,992
4647,가입 인사,뇌간교종 6살 은솔이 아빠입니다.,은솔이 아빠DIPG,2020.05.30.,964
4648,질문과 대답(QnA),이버멕틴주사,럭키공주,2020.05.30.,927
4650,자유게시판,조언을 부탁드립니다,새롬,2020.05.30.,550
4652,기타 자가임상 후기,임상후기 및 항생제와의 상호작용 질문^^,희망의맘,2020.05.30.,613
4653,자유게시판,생생리얼 커피관장 하는 법(나사로TV),레버넌트,2020.05.30.,367
4654,담비,니클로사마이드008-바이러스감염-당뇨병-541,담비,2020.05.30.,378
4655,자유게시판,두통에. 감기기운에. 미열에. 잠도못자고 괴로울때 제가1년넘게 효과를본 경험이있어서 올려드려요. 모두가 같지는 않겠지만 참고하시라구요..,상대원,2020.05.30.,584
4656,자유게시판,여명이 일주일 정도 밖에 남지 않았다고 준비하라네요..,췌장암 4기,2020.05.30.,"1,629"
4657,자유게시판,저의 복용법 좀 봐주세요,반지2,2020.05.30.,520
4658,이버맥틴자가임상후기,이버멕틴 24mg  48회차,헤라,2020.05.30.,667
4660,자유게시판,이버맥틴 과다복용하면위험한가요?,반디아,2020.05.30.,"1,252"
4661,자유게시판,어제 지인이 운영하는 건강원에 동네치과 원장님이 사과와 고수를 함께 다려서달라고 주문을 하시길래 고수가 뭔지 알아봤습니다..,상대원,2020.05.30.,581
4662,자유게시판,아버지가 페암4기 뼈전의입니다 도와주세요,봉이,2020.05.30.,751
4663,가입 인사,자몽즙은 약과 상충인데 자꾸 글이 보이는데요.,시골여자,2020.05.30.,348
4664,질문과 대답(QnA),안녕하세요. 니클로사마이드 복용시에 관한 질문을 드립니다.,gangstarr777,2020.05.30.,631
4665,자유게시판,이벤트 참여해보세요🤗,샛별,2020.05.30.,221
4666,질문과 대답(QnA),구충제 복용중 손가락이나 발가락이 열나고 압통 있으신적 계신가요?,산하,2020.05.30.,484
4667,암 호전사례 정보,혈액암.거대미만성 B세포림프종4기,jcabukyung,2020.05.30.,"1,040"
4670,이버맥틴자가임상후기,만성질환48mg 24회차,헤라,2020.05.30.,354
4671,자유게시판,펌 / 직구배송 차이점,제리호야,2020.05.30.,419
4672,자유게시판,메트포르민 NDMA(발암물질) 검출로 판매중지(유투브/미국의사 조동혁의 100세 건강시대),레버넌트,2020.05.30.,270
4673,자유게시판,모기가 있었는데...,Jin0,2020.05.30.,346
4674,질문과 대답(QnA),메벤 알벤 같이 복용해도될까요?,와우와우 쩝,2020.05.30.,579
4675,가입 인사,유방암.암치료에 자몽의 악영향,시골여자,2020.05.30.,360
4676,설금홍,[논문] 이버멕틴약물동력학-상호작용에 관하여,설금홍,2020.05.30.,625
4677,가입 인사,인사드립니다~^^,즐거운 시간 만들기,2020.05.31.,453
4678,가입 인사,인사가 늦었읍니다.,michail,2020.05.31.,165
4681,질문과 대답(QnA),빡시다 tv 하시는 분,언제나 즐겁게,2020.05.31.,486
4683,자유게시판,안부,헤라,2020.05.31.,237
4684,질문과 대답(QnA),빨간 덩어리 기생충인가요 ??,초고속,2020.05.31.,874
4686,자유게시판,장항준내과Tv 보니 메벤다졸은 펜벤다졸과 구조가비슷하고,시골여자,2020.05.31.,533
4688,질문과 대답(QnA),약의흡수,럭키공주,2020.05.31.,333
4689,질문과 대답(QnA),약 구입은 어떻게 하고 계세요??,둥둥파,2020.05.31.,791
4690,가입 인사,가입인사,블루,2020.05.31.,147
4691,질문과 대답(QnA),이버멕틴 빠르게 구할 수 있는곳 있을까요?,카이로스8849,2020.05.31.,544
4696,자유게시판,이버복용 구입,skystar4129,2020.05.31.,627
4697,자유게시판,니타조사나이드구매는 어디서 하나요,해결사,2020.05.31.,609
4698,자유게시판,이버멕틴 알리에서  구매해보신분,코이니짱,2020.05.31.,505
4699,질문과 대답(QnA),니클복용후ㅡ환부통증이느껴지시는분 계실까요?,도도맘,2020.05.31.,213
4701,기타 자가임상 후기,임상 후기 남겨 드립니다.,치료완료,2020.05.31.,662
4702,자유게시판,혹시 허브캐치란 사이트서 이버맥틴 구매해보신분 계신가요,설탕절임,2020.05.31.,415
4703,질문과 대답(QnA),드론탈 플러스,리나,2020.05.31.,157
4704,자유게시판,이버멕틴 복용후기,미스치,2020.05.31.,826
4705,자유게시판,맥주효모,발리여신,2020.05.31.,392
4708,자유게시판,인도산 이버멕틴 로컬 가격,다음통과,2020.05.31.,"1,257"
4709,"벤지미다졸체험기, 희망나누기",알러지와 알벤다졸.. 그리고 (암 관해후) 아내의 추후 복용계획.,신풍생각,2020.05.31.,"1,665"
4710,질문과 대답(QnA),태국산,흰컵,2020.05.31.,445
4713,자유게시판,처음 가입인사와 투병중입니다,벅찬감동,2020.05.31.,286
4715,질문과 대답(QnA),급하게 질문올려요,우린이,2020.05.31.,325
4717,가입 인사,안녕하세요. 희망을 찾고 싶습니다.,vicheworld,2020.05.31.,303
4718,자유게시판,최근에 여기서 직구해 보신분?,한오백년,2020.05.31.,707
4719,가입 인사,가입인사드려요.,바람 나무,2020.05.31.,108
4720,질문과 대답(QnA),난소암 이버멕틴 복용이요,뿡빵꾸,2020.05.31.,526
4721,기타 자가임상 후기,coc 3달 후기 저의 경우입니다.,반지2,2020.05.31.,779
4722,질문과 대답(QnA),지인이 자궁근종심하여 수술해야한다는데요.,물이름,2020.05.31.,524
4723,이버맥틴자가임상후기,이버멕틴24mg  49회,헤라,2020.05.31.,342
4724,이버맥틴자가임상후기,만성질환48mg  25회차,헤라,2020.05.31.,329
4725,이버맥틴자가임상후기,이버멕틴 7주차,노스페이스 88,2020.05.31.,946
4728,자유게시판,다시 질문 하네요 ~~,보니파시오,2020.05.31.,358
4729,자유게시판,뇌종양 5주차 후기 ㅡ 주저리주저리,아빠는내가살린다,2020.05.31.,858
4730,질문과 대답(QnA),안녕하세요. PET-CT촬영 & 복용법에 대해 여쭈어봅니다.,777,2020.05.31.,281
4731,이버맥틴자가임상후기,계속 졸리고 기운도없고 입맛도 없어요,자야자야,2020.05.31.,661
4734,자유게시판,항암제 의 민낮을 보여드리는 영상을 올림니다.. 항암은 하지말고. 하더라도 항암으로 완치하겠다는 생각은 버리시고. (한두번 해서좋아지면 자연치유하세요).,상대원,2020.06.01.,310
4735,자유게시판,항암제 무용론.. 【항암제 인가 발암제 인가】 항암제 (시스플라틴 )의 민낮을 보여드려요..,상대원,2020.06.01.,379
4736,질문과 대답(QnA),이버멕틴 25일차 복통...,카밀,2020.06.01.,839
4738,자유게시판,이버멕틴 용량 올린후..,떡순이먹보,2020.06.01.,831
4739,자유게시판,안부,헤라,2020.06.01.,153
4740,정보 공유,디스토시드복용법,감사해,2020.06.01.,717
4742,자유게시판,【암. 에 대한 일본 의사의 견해】 며칠전에 카페회원 께서 올리신글을 너무많이 공감되어 다시한번 올려드려요...,상대원,2020.06.01.,430
4743,질문과 대답(QnA),어머니 폐암 재발 및 전이... 타그리소 복용중이십니다.,완치로,2020.06.01.,350
4744,"벤지미다졸체험기, 희망나누기",폐전이,보호자 창원언니,2020.06.01.,282
4746,질문과 대답(QnA),방사선 치료와 구충제 복용 관련 문의드립니다.(임상후기 포함),미숑,2020.06.01.,437
4747,자유게시판,도움부탁드립니다,hayn0920,2020.06.01.,200
4748,자유게시판,헤라씨ㆍ희수맘에게 박수를 ᆢ,된다된다,2020.06.01.,858
4751,질문과 대답(QnA),이버멕틴 일주일차 통증부위에 빨간물집 트러블이 오돌도돌 많이올라와요 의견부탁합니다,100세인생,2020.06.01.,692
4752,자유게시판,항암이랑 구충제복용 동시에 해도 괜찮을까요?,비움과채움,2020.06.01.,282
4753,기타 자가임상 후기,연속 기생충 배출 & 피검사 수치(항암구충제 19일차),썹2,2020.06.01.,"1,011"
4754,질문과 대답(QnA),암환자 체중에 관해서 질문드립니다,새롬,2020.06.01.,558
4755,자유게시판,"[공유] 일상속, 면역을 위한 생활습관(서울대학교병원 포스트)",레버넌트,2020.06.01.,165
4757,벤지미다졸 질문 게시판,혹시 알벤다졸 만으로 복수 줄이신분 계신가요?,진인사대천명,2020.06.01.,622
4759,기타 자가임상 후기,알벤+펜벤 개인 임상 5일차 후기,진인사대천명,2020.06.01.,555
4760,자유게시판,니타조사나이드 7일 복용 후기 체중이 줄고 내장지방이 없어졌어요.,호호세,2020.06.01.,871
4761,유투브방송 링크나눔,이버멕틴 시력 고치다~~,헤라,2020.06.01.,"1,116"
4762,질문과 대답(QnA),일본 피르비늄 파목산 혹시 구하는 방법 아셔요???,다듬이,2020.06.01.,376
4763,자유게시판,참~ 이러지도 저러지도 어려운 길입니다.,번쩍번쩍 빛나는,2020.06.01.,612
4765,질문과 대답(QnA),우리까페의 원래 목적이 무엇인가요?,흰컵,2020.06.01.,937
4766,가입 인사,가입인사드립니다,향기7,2020.06.01.,118
4769,자유게시판,이버멕틴 (완료),보호자 창원언니,2020.06.01.,469
4770,질문과 대답(QnA),디스토시드 이틀째,별총총,2020.06.01.,461
4771,자유게시판,이버멕틴 여유있으신분 파실의향 있으신분 있나요?,따니,2020.06.01.,562
4772,이버맥틴자가임상후기,이버멕틴24mg50회,헤라,2020.06.01.,806
4773,자유게시판,혈액검사지에서 간수치는?,주나모,2020.06.01.,277
4775,자유게시판,이버맥틴좀빌려주세요,peacok1110,2020.06.01.,596
4776,자유게시판,하루 약 값.,공작단풍,2020.06.01.,930
4777,정보 공유,신바이오틱스 신물질로 희망을 드립니다,앤오브이,2020.06.01.,270
4778,가입 인사,반갑습니다^^,xojoo55,2020.06.01.,106
4779,기타 자가임상 후기,폐암3기 펜벤요법 항암후기,벅찬감동,2020.06.01.,794
4780,자유게시판,긴자 크리닉에서 진료 받아보신 분 계신가요?,안녕,2020.06.01.,295
4781,자유게시판,통풍으로 고생하시는 분들이 보시면 도움이될 영상을 올려드림니다...,상대원,2020.06.01.,292
4782,자유게시판,오늘 지인이 운영하는 건강원에 엉겅퀴 를 한짐을 가져와 다리길래 효능을 알아보았습니다.【어느정도말렸네요】..,상대원,2020.06.01.,329
4783,자유게시판,30대 난소암 환자입니다,xojoo55,2020.06.01.,631
4784,이버맥틴자가임상후기,만성질환  48mg  26회차,헤라,2020.06.01.,446
4786,암 호전사례 정보,알벤다졸만으로 호전사례 ---83세 폐암과 뇌종양(전이) 진단으로 (작년 8월),신풍생각,2020.06.01.,"2,507"
4787,자유게시판,췌장 결과~,이노님,2020.06.01.,574
4788,플라이패치_자가임상,통증이 심합니다. 경험댓글 좀 부탁드립니다.,산으로가자,2020.06.01.,739
4789,암 관해사례 정보,방광암말기 완전관해 사례,푸른마당,2020.06.01.,"1,650"
4790,자유게시판,아빠가 췌장암 간전이 환자입니다.  도와주세요~,해피트리76,2020.06.02.,676
4791,자유게시판,지금가는 방법이 맞는걸까요?,뱃살공주,2020.06.02.,"1,062"
4792,가입 인사,가입인사드립니다,leemj3201,2020.06.02.,197
4793,자유게시판,이버멕틴과 방선균,궁을,2020.06.02.,715
4794,자유게시판,안부,헤라,2020.06.02.,244
4796,가입 인사,가입,내모든것,2020.06.02.,234
4797,질문과 대답(QnA),저에게 조언좀꼭해주세요,grandpark42,2020.06.02.,532
4799,담비,이버멕틴_암세포_약물내성반전_2019,담비,2020.06.02.,"1,003"
4800,가입 인사,반갑습니다,지혜난초,2020.06.02.,272
4801,가입 인사,가입인사드립니다,현보,2020.06.02.,91
4802,가입 인사,유트브 구독자입니다,수원ㅣㅣ싸이먼,2020.06.02.,239
4803,자유게시판,이버멕틴 보조제 궁금합니다,vamos,2020.06.02.,454
4804,가입 인사,가입인사 드려요,복실엄마,2020.06.02.,113
4805,자유게시판,'아연'이 없는 생명체를 설명할 수 없다.(알약모독),레버넌트,2020.06.02.,238
4806,질문과 대답(QnA),기생충 봐주세요 ! 피검사 결과도 올려요~,초고속,2020.06.02.,998
4807,자유게시판,체질검사,즐거운 시간 만들기,2020.06.02.,517
4810,가입 인사,안녕하세요,레몬긍정,2020.06.02.,169
4811,자유게시판,달여먹고있는데 갠찮은ㄹ까요?,이공,2020.06.02.,428
4813,자유게시판,가난한 자의 이버멕틴,눈보라궁전,2020.06.02.,"1,040"
4814,자유게시판,중국산 알벤다졸 드시는 분 계신가요?,봄맞이행운,2020.06.02.,331
4815,질문과 대답(QnA),알벤다졸 복용후 증상,새롬,2020.06.02.,633
4816,질문과 대답(QnA),알벤다졸 질문드립니다.,석양,2020.06.02.,351
4818,담비,니클로사마이드009-지방간외5분야-534,담비,2020.06.02.,419
4819,질문과 대답(QnA),약국에서 구입한 메벤다졸 A형 C형?,이즈,2020.06.02.,508
4820,회원나눔(공짜는 아닙니다),토코트리에놀(완료),보호자 창원언니,2020.06.02.,212
4821,자유게시판,메벤다졸 1500  복용후 속 울렁거림,극복하자아자아자,2020.06.02.,459
4822,질문과 대답(QnA),설사시 구충제요법 효능이 유지될까요??,산하,2020.06.02.,338
4823,질문과 대답(QnA),알리익스프레스 주문건에 대해 질문드립니다,토마토가좋아,2020.06.02.,592
4824,이버맥틴자가임상후기,만성질환48mg 27회차,헤라,2020.06.02.,304
4825,이버맥틴자가임상후기,이버멕틴24mg 51회,헤라,2020.06.02.,915
4826,가입 인사,이버멕틴과 관절염,donganan,2020.06.02.,511
4827,질문과 대답(QnA),혈전용해제 복용시 알벤다졸,월수금,2020.06.02.,237
4828,자유게시판,알벤다졸 한꺼번에 6알 톡 털어놓고..,하늘별섬,2020.06.02.,"1,028"
4830,질문과 대답(QnA),대상포진이왔는데 구충제 게속복용해도되나요ㅠㅜ,100세인생,2020.06.02.,514
4832,회원나눔(공짜는 아닙니다),이버멕틴12mg 선파마사 제품 구해봅니다,라벨르 양산,2020.06.02.,528
4833,암 호전사례 정보,백혈구수치,안평골 Jcabukyung,2020.06.02.,694
4834,자유게시판,혈액암은 어떤걸 먹어야하나요?,이겨내자무조건,2020.06.03.,356
4835,자연치유.민간요법,오행(오운육기)으로 보는 입맛,우주아부지,2020.06.03.,186
4836,질문과 대답(QnA),베르베린이 궁금합니다.,예민아씨,2020.06.03.,717
4837,회원나눔(공짜는 아닙니다),셀레나제(항산화제)(완료),보호자 창원언니,2020.06.03.,292
4838,유투브방송 링크나눔,장청소와기생충,헤라,2020.06.03.,607
4839,자유게시판,안부,헤라,2020.06.03.,202
4840,자유게시판,사람에게 암을 옮기는 기생충이 있다.(장항준 내과TV),레버넌트,2020.06.03.,272
4841,질문과 대답(QnA),병원가도 안낫는 너무 심한 건선입니다.,완전관해,2020.06.03.,357
4842,가입 인사,안녕하세요 가입인사드립니다.,토리밍,2020.06.03.,162
4843,자유게시판,이버멕틴과메벤다졸 복용예정입니다  혜라님 조언부탁드립니다,아스트라,2020.06.03.,564
4844,가입 인사,가입 승락해주셔서 감사합니다,0729kong,2020.06.03.,119
4845,질문과 대답(QnA),니타조사나이드 관련 논문중 C형간염 내용을 조금더 알고 싶습니다,0729kong,2020.06.03.,211
4846,기타 자가임상 후기,4차 기생충 배출(20cm) & 피부트러블 생김(항암구충제 21일차),썹2,2020.06.03.,921
4847,가입 인사,"안녕하세요,,, 인사드립니다.",준마,2020.06.03.,148
4848,질문과 대답(QnA),니클로사마이드 구입방법 알려주실분~,꼭살아야해,2020.06.03.,564
4850,가입 인사,안녕하세요~인사드립니다,꿈을향하여,2020.06.03.,164
4851,자유게시판,분홍앵초님 궁금한게 있어서요~~^^;;,다잘될꺼야,2020.06.03.,362
4852,자유게시판,명현반응들,꼭살아야해,2020.06.03.,557
4853,질문과 대답(QnA),이버맥틴12mg,미소랑,2020.06.03.,574
4854,가입 인사,안녕하세요,이제우리,2020.06.03.,122
4855,자유게시판,"메벤다졸, 펜벤다졸 복용 용량",이제우리,2020.06.03.,438
4856,자유게시판,메벤다졸 급하게 구입하고 싶은데,이제우리,2020.06.03.,445
4857,자유게시판,자가 임상할려구 하는데..,존버,2020.06.03.,338
4859,기타 자가임상 후기,알벤 하루1200mg  3일째,청성임,2020.06.03.,836
4860,자유게시판,긍정적인 생각 ㅎㅎ,구로코말고,2020.06.03.,146
4861,정보 공유,바톨린 낭종 날려 보내기 (파리장군),제리호야,2020.06.03.,320
4862,질문과 대답(QnA),항암 거부 한달반 후,램프의요정지니,2020.06.03.,"1,347"
4863,질문과 대답(QnA),구충제 휴지기중,별총총,2020.06.03.,438
4864,질문과 대답(QnA),카페인 차 중 녹차는  괜찮을까요??,산하,2020.06.03.,242
4865,회원나눔(공짜는 아닙니다),이버멕틴 팔아요,루다,2020.06.03.,737
4868,가입 인사,가입 인사 올립니다..,사이다,2020.06.03.,85
4869,자유게시판,니봇큐브 초음파세척기 ㅡTv홈쇼핑에서도 나오는데요,시골여자,2020.06.03.,438
4870,질문과 대답(QnA),오메가3,유미니,2020.06.03.,211
4871,자유게시판,니타조사나이드 구입처를 알려주세요.,0729kong,2020.06.03.,408
4873,자유게시판,복부부분항암,럭키공주,2020.06.03.,351
4875,자유게시판,디스토시드는 처방받아야만 살수 있나요?,시골여자,2020.06.03.,451
4876,질문과 대답(QnA),위암4기 이버48mg,vm852341,2020.06.03.,554
4877,가입 인사,안녕하세요,안영주5436,2020.06.03.,97
4878,질문과 대답(QnA),췌장암피검사,안영주5436,2020.06.03.,342
4879,설금홍,[특허] 암 대사 치료를위한 NICLOSAMIDE-장기복용가능,설금홍,2020.06.03.,"1,020"
4880,회원나눔(공짜는 아닙니다),플벤 시럽,보호자 창원언니,2020.06.03.,210
4881,가입 인사,배트남에서 사진으로보내온 이버백틴 어떤가요,단디해,2020.06.03.,523
4883,자유게시판,네이버 검색에서  암 극복의 길.찾.사 검색이 안되네요,풀꽃,2020.06.03.,596
4884,질문과 대답(QnA),알벤 메벤 펜벤 한번에 같이 복용해보신분있으신가요? 혹시 이렇게 먹고싶은데 효과가 떨어질까봐서요ㅜ,와우와우 쩝,2020.06.03.,294
4885,자유게시판,윤약사가 알려주는 오메가3의 중요성,궁을,2020.06.03.,337
4886,질문과 대답(QnA),디스토시드 복용방법에 대하여,아이셋엄마,2020.06.03.,262
4887,가입 인사,가입인사 드립니다 안녕하세요?,리모컨,2020.06.03.,83
4888,자유게시판,100여명규모 구충제요법 조사결과,월수금,2020.06.03.,604
4889,질문과 대답(QnA),항암구충제와 고용량비타민C 주사 질문 입니다.,둥둥파,2020.06.03.,362
4890,이버맥틴자가임상후기,이버멕틴 72mg  52회차,헤라,2020.06.03.,663
4891,가입 인사,휴지기에 대해서,리모컨,2020.06.03.,417
4892,이버맥틴자가임상후기,만성질환48mg  27회차,헤라,2020.06.03.,416
4893,질문과 대답(QnA),이레사 복용시작했어요.,번쩍번쩍 빛나는,2020.06.03.,403
4894,가입 인사,인사드립니다.,유현,2020.06.03.,151
4895,질문과 대답(QnA),아버지가 폐암4기입니다. 복용방법 문의드립니다.,아버지미안해요,2020.06.03.,430
4896,회원나눔(공짜는 아닙니다),이버멕틴12mg 선파마사 제품,웃는돌땡이,2020.06.03.,248
4897,벤지미다졸정보나누기,구충제 신드롬의 시발이 된 조티펜스 블로거,신풍생각,2020.06.03.,761
4898,자유게시판,발효식품은 안전할까요?,하늘별섬,2020.06.03.,435
4899,질문과 대답(QnA),벤지미다졸계열 복용법 문의,우린이,2020.06.04.,499
4901,암에대한통합정보,펜벤다졸 복용시 왜 비타민E 를 같이 복용해야 하는지의 논문,신풍생각,2020.06.04.,984
4902,가입 인사,가입인사드립니다,파파베어,2020.06.04.,91
4903,질문과 대답(QnA),이버멕틴  질문좀 드릴께요,노스페이스 88,2020.06.04.,585
4904,암에대한통합정보,우리가 복용하는 항암구충제는 4세대 대사항암제입니다.,신풍생각,2020.06.04.,"1,087"
4906,자유게시판,이버맥틴ᆢ증량후 ㅡㅡ,된다된다,2020.06.04.,"1,590"
4907,가입 인사,가입 인사 드립니다.,복뚠이,2020.06.04.,83
4908,가입 인사,가입인사드립니다,YEM,2020.06.04.,200
4911,자유게시판,난소암 4기 여명 3개월 구충제 복용이요,뿡빵꾸,2020.06.04.,596
4913,가입 인사,가입 승락해주셔서감사합니다,0하루만더0,2020.06.04.,86
4914,가입 인사,안녕하세요!,희재,2020.06.04.,119
4915,자유게시판,난소암 재발로 항암중에 구충제복용 질문드려요,지호맘,2020.06.04.,386
4916,질문과 대답(QnA),혈소판 수치가 낮으면 알벤다졸 복용을 중단할까요?,희재,2020.06.04.,461
4917,질문과 대답(QnA),타목시펜 과 비타민E,노스페이스 88,2020.06.04.,233
4918,가입 인사,암을 극복하고 이겨보려 합니다.,행복합니다,2020.06.04.,422
4919,질문과 대답(QnA),췌암암 환우분 중에 드시는 분은 없나요?,우짜라고1234,2020.06.04.,315
4920,자유게시판,머름골농장 삼동파,머름골농장봉화,2020.06.04.,167
4921,자유게시판,판콤 관련 질문입니다,hairu4457,2020.06.04.,322
4922,자유게시판,도와주세요...피검사했는데 백혈구 수치가 낮아서..어케해야죠?,반디아,2020.06.04.,484
4923,자유게시판,커큐민과 비타민E 추천좀 부탁드리겠습니다,대전소생,2020.06.04.,602
4925,자유게시판,고용량 도전3일입니다.(부종),아나트마,2020.06.04.,602
4926,자유게시판,내일 항암 후 첫 씨티 결과 들으러 갑니다.,꼭살아야해,2020.06.04.,690
4927,자유게시판,쏠리는 대중심리가 무섭네요.,하늘별섬,2020.06.04.,856
4928,자유게시판,위를 보호하는 약이나 음식,말해줘,2020.06.04.,376
4929,자유게시판,드뎌 이버맥틴이 왔습니다,예쁜별,2020.06.04.,908
4930,가입 인사,속쓰림,리모컨,2020.06.04.,334
4931,자유게시판,댓글 알림..ㅠ,뱃살공주,2020.06.04.,374
4932,자유게시판,먹는것 못드시고 기력 없으시고..,이제우리,2020.06.04.,532
4933,자유게시판,키트루다 와 구충제 시너지 효과.,공작단풍,2020.06.04.,558
4935,가입 인사,가입인사드립니다,김선생,2020.06.04.,85
4937,가입 인사,반갑습니다^^,지혜완성,2020.06.04.,178
4938,가입 인사,환우님들 더욱더 건강하세요!,직지거사,2020.06.04.,225
4939,이버맥틴자가임상후기,이버멕틴84mg  53회차,헤라,2020.06.04.,841
4940,질문과 대답(QnA),암환자의 찜질방 이용에 관하여,새롬,2020.06.04.,446
4942,질문과 대답(QnA),유방암 전신전이에,램프의요정지니,2020.06.04.,"1,088"
4943,질문과 대답(QnA),구충제 복용후 어지러움 현상,초고속,2020.06.04.,776
4944,정보 공유,[논문] 이버멕틴 복용시 비타민E/Se 함께 복용하세요,설금홍,2020.06.04.,819
4945,이버맥틴자가임상후기,만성질환48mg 28회차,헤라,2020.06.04.,484
4946,자유게시판,【구충제 휴지기 에 대하여 의견들이 많아서】올려드림니다.. (6월3일자 신풍생각 님이올리신글) 【구충제 신드롬의 시발이된 조디펜스의 블로거를 】보시면 뒷부분에 휴지기 없이 처방된 사람들많아요..,상대원,2020.06.04.,672
4947,질문과 대답(QnA),옵디보 구충제 함께해도 될까요?,엄마미빨리낫자,2020.06.04.,297
4949,질문과 대답(QnA),콩이랑 현미밥,한오백년,2020.06.05.,267
4950,질문과 대답(QnA),이버맥틴 용량 올리고 나온 에어리언 알집?,이루리,2020.06.05.,950
4951,가입 인사,"폐암,뼈전이암 보호자",남서방,2020.06.05.,308
4952,구매정보게시판(물건배송확인후),dosepharmacy.com 에서 항암구충제 구입하신분  계시나요?,JEON,2020.06.05.,529
4953,가입 인사,힘내세요,얼빵공주,2020.06.05.,136
4954,자유게시판,안부,헤라,2020.06.05.,143
4955,자유게시판,이버멕틴 과 벤지미다졸계열 15일이 고비입니다 잘 버티셔야 종양사라짐,헤라,2020.06.05.,"1,737"
4956,가입 인사,가입인사 드립니다,라일락,2020.06.05.,98
4957,자유게시판,니타조사나이드 복용 호전반응 인가요?,라일락,2020.06.05.,714
4958,질문과 대답(QnA),구충제 고용량하는데요 진통제 먹어도될까요?,김주현2,2020.06.05.,404
4960,자유게시판,삼중음성 유방암 도전 중입니다~,복실엄마,2020.06.05.,823
4961,자유게시판,의사쌤 블로그 독시사이클린..암 줄기세포,carming,2020.06.05.,886
4963,질문과 대답(QnA),"폐암3기, 항암주사, 방사선",레몬밤차,2020.06.05.,325
4964,자유게시판,씨티 결과,꼭살아야해,2020.06.05.,"1,351"
4965,질문과 대답(QnA),난소암증상이 어떤가요?,제주 챔프,2020.06.05.,281
4967,가입 인사,가입인사드립니다.,암은낫는병,2020.06.05.,136
4969,질문과 대답(QnA),유방암 림프전이 구충제복용 문의 합니다.,자연암치유,2020.06.05.,"1,354"
4971,가입 인사,가입인사드립니다,하루하루1100,2020.06.05.,123
4972,자유게시판,와떠염 와떠..,하늘별섬,2020.06.05.,757
4973,자유게시판,((판매종료))열무 일곱분 소량판매 합니다,궁을,2020.06.05.,386
4974,자유게시판,구충제 니클로마사이드 얘기 떠서 올립니다.,반지2,2020.06.05.,"1,096"
4975,질문과 대답(QnA),테모달과 시너지효과 내는 구충제는 뭐고 피해서 먹어야할 구충제는 뭔가요?,라미레스,2020.06.05.,212
4976,정보 공유,"“구충제가 옳았다”… 대웅제약, 동물시험 통해 ‘니클로사마이드’ 코로나19 치료효과 입증",신풍생각,2020.06.05.,822
4977,자유게시판,고함량 구충제 복용 한달째,뱃살공주,2020.06.05.,"1,163"
4978,질문과 대답(QnA),약국에서 이버맥틴 사왔는데 괜찮을까요,번쩍번쩍 빛나는,2020.06.05.,836
4979,이버맥틴자가임상후기,이버멕틴60mg 54회차~호전사례~~추가,헤라,2020.06.05.,"2,331"
4980,이버맥틴자가임상후기,만성질환48mg29회,헤라,2020.06.05.,407
4981,자유게시판,제 구피랑 안시가 알벤다졸 먹고 새끼를 못낳고 있습니다ㅜㅜ,배송이,2020.06.05.,254
4982,질문과 대답(QnA),기존 영양제 먹는게 있는데 같이 먹으면 안되는게 있는지 궁금합니다,라미레스,2020.06.05.,417
4983,자유게시판,먹다보니 고용량 약이 떨어졌네요ㅜ 이틀만 빌려주세용,너는내것,2020.06.05.,590
4985,자유게시판,공부할수록..,램프의요정지니,2020.06.05.,452
4986,자유게시판,이브맥틴SOS,희망과꿈,2020.06.05.,520
4987,자유게시판,선택 좀 도와주세요,이제우리,2020.06.05.,423
4988,질문과 대답(QnA),복막전이,사무엘72,2020.06.05.,414
4991,자유게시판,"(펌) 환우, 장애우 라는 용어",행콩,2020.06.06.,226
4992,자유게시판,폐의 악성종양이 터지는 경우는 어떤 이유일까요?,일어나,2020.06.06.,375
4993,정보 공유,니클로사마이드 코로나19에 효과 입증,솔비,2020.06.06.,433
4995,자유게시판,안부,헤라,2020.06.06.,228
4996,자유게시판,옴니쿠어  과립형 구합니다,초록빛,2020.06.06.,319
4997,자유게시판,떨리는마음으로 이버.메벤 시작합니다,주나모,2020.06.06.,704
4998,자유게시판,알로홀 단독 복용할가요?,드림맘,2020.06.06.,380
4999,담비,니클로사마이드010-피부경화-전신피부-약동학-END-533,담비,2020.06.06.,368
5000,자유게시판,구충제 요물,꼭살아야해,2020.06.06.,815
5001,자유게시판,어머니가 복막암 악성중피종 선고받고 1차항암하셨어요,까꿍이아빠,2020.06.06.,294
5002,자유게시판,이버맥틴과 니타조나사이드 맞는지 확인 부탁해요,돌고래,2020.06.06.,614
5003,자유게시판,니클로사마이드 코로나 효과,특이한,2020.06.06.,294
5005,질문과 대답(QnA),땀이나요,grandpark42,2020.06.06.,361
5006,가입 인사,가입인사드립니다.,무찌르자 암,2020.06.06.,106
5007,정보 공유,자연치유하면서 구충제드시는분,월수금,2020.06.06.,893
5008,질문과 대답(QnA),위암4기 호전되고 있어요,vm852341,2020.06.06.,972
5009,질문과 대답(QnA),"고용량4ON, 휴지기 2일째입니다. (부작용)",아나트마,2020.06.06.,767
5010,자유게시판,"재퍼와 암 ,,,참고자료입니다..좀 지루하시면 재생속도 1.5배나 2배로 하시길..",skywave,2020.06.06.,266
5011,자유게시판,니타조사나이드 차세대 구충제 맞아요. 구입문의,라일락,2020.06.06.,507
5013,자유게시판,변비 탈출(호기심약사의 식품과 건강),레버넌트,2020.06.06.,407
5014,질문과 대답(QnA),위암 부분절제하신분들 무좀약먹어도될까요,100세인생,2020.06.06.,219
5015,이버맥틴,이버48mg 시작하면서 조언 구해봅니다.,다솜,2020.06.06.,"1,086"
5016,질문과 대답(QnA),이버멕틴 주사관련 궁금증..,루다,2020.06.06.,528
5021,설금홍,[논문] 암줄기세포사멸을 목표로 하는 삼중요법 (DAV),설금홍,2020.06.06.,991
5022,자유게시판,이 동영상을 올린것을 무척 후회합니다 .이병원갔다왔는데...증말증말증말!,하늘별섬,2020.06.06.,471
5023,가입 인사,가입 인사드립니다.,vhvh38,2020.06.06.,121
5024,자유게시판,벤다졸과 비타민c  함께 복용을 피하면될까요,돌고래,2020.06.06.,677
5025,자유게시판,이버멕틴 복용시간대,카페아줌마 No II,2020.06.06.,775
5026,기타 자가임상 후기,"니클 ,이버=&gt;헤모글로빈 영향",샐리,2020.06.06.,824
5028,자유게시판,이버멕틴과 메벤다졸,존버,2020.06.06.,774
5029,질문과 대답(QnA),알벤다졸 복용을 하고자 하는데 몇가지 질문드려요,효자동,2020.06.06.,438
5033,이버맥틴자가임상후기,만성질환48mg30회,헤라,2020.06.06.,468
5034,자유게시판,종양검사결과,딸셋맘,2020.06.06.,689
5035,자유게시판,종양검사결과,딸셋맘,2020.06.06.,119
5036,자유게시판,구충제 복용시 잇몸 물집,들잔디,2020.06.07.,540
5037,자유게시판,면역항암제의 원리(의학을 이야기하는 건또리104),레버넌트,2020.06.07.,203
5038,자유게시판,안부,헤라,2020.06.07.,179
5039,유투브방송 링크나눔,정림박tv 응원해주세요^^,헤라,2020.06.07.,609
5040,유투브방송 링크나눔,tv당당수인이 응원해주세요^^♡,헤라,2020.06.07.,522
5042,암에대한통합정보,항암치료를 중단해야할 시점을 선택하는데 도움을 주는 영상,신풍생각,2020.06.07.,714
5043,자유게시판,선배님들 약 좀 봐주세요~,이제우리,2020.06.07.,371
5044,질문과 대답(QnA),간헐적복용과 연속복용의 차이,월수금,2020.06.07.,413
5046,기생충사진공유,저도 올려봅니다 (출산 사진입니다),제리호야,2020.06.07.,"1,244"
5050,회원나눔(공짜는 아닙니다),알벤다졸 필요하신분(회원나눔 재고모두소진되어 종료함),원빈6,2020.06.07.,547
5051,가입 인사,가입인사가 늦었네요,보라네,2020.06.07.,118
5052,자유게시판,메트포르민 드시고 설사하시는분,이결낼거야꼭,2020.06.07.,288
5053,정보 공유,췌장암의 구충제 사례 공유,월수금,2020.06.07.,567
5055,자유게시판,질문있어요,jasgil,2020.06.07.,406
5057,기타 자가임상 후기,메벤 이버 고용량 투여후에 오는 통증후에 ~오는 증상~,달군,2020.06.07.,"1,537"
5058,질문과 대답(QnA),뇌전이 전뇌방사와 구충 같이 해도 될까요?,완치로,2020.06.07.,520
5059,신풍 생각,"펜벤, 메벤, 알벤, 플루벤다졸 과연 어떤것을 기본으로 복용해야 할까요?",신풍생각,2020.06.07.,"2,236"
5060,가입 인사,인사드립니다. 가입신청 승낙 기다립니다.,Ella,2020.06.07.,153
5061,가입 인사,가입했습니다~,사랑2,2020.06.07.,84
5062,질문과 대답(QnA),이거 흑미일까요? 기생충일까요?,번쩍번쩍 빛나는,2020.06.07.,797
5063,가입 인사,안녕하세요,양양,2020.06.07.,126
5064,자유게시판,벤다졸이ㅡ빈혈을 초래하는가요?,된다된다,2020.06.07.,746
5065,질문과 대답(QnA),하이드록시 클로로퀸 믿을만한 판매처 추천좀 부탁드립니다,언제나평화,2020.06.07.,377
5066,기타 자가임상 후기,셀프 커피관장.....실습중...,달군,2020.06.07.,839
5067,구매정보게시판(물건배송확인후),금빛 좌욕기 입니다.,분홍앵초,2020.06.07.,511
5068,정보 공유,[논문] 니크로사마이드 p53결함 암세포를 죽인다,설금홍,2020.06.07.,600
5069,가입 인사,가입인사드립니다,존경합니다,2020.06.07.,75
5071,질문과 대답(QnA),니크로사마이드 어디서 살수 있나요?,당근,2020.06.07.,379
5072,구매정보게시판(물건배송확인후),니클로사마이드 이곳에서 구입했었습니다.,신풍생각,2020.06.07.,"1,893"
5074,만성질환자가임상나누기,안녕하세요 혈소판 환자입니다,혈소판itp,2020.06.07.,296
5075,자유게시판,(1차주문 마감)기운 쑥쑥! 자연재배 산딸기 판매합니다,궁을,2020.06.07.,661
5076,가입 인사,신풍선생님,리모컨,2020.06.07.,418
5077,자유게시판,궁을 선생님께,설화수,2020.06.07.,420
5078,자유게시판,아무래도 좀 줄여야..,램프의요정지니,2020.06.08.,"1,052"
5082,질문과 대답(QnA),니클로사마이드,만점신용kwang7850,2020.06.08.,"1,007"
5083,유투브방송 링크나눔,정림박 tv  이버멕틴후기,헤라,2020.06.08.,749
5084,이버맥틴자가임상후기,만성질환48mg31회차.32회차,헤라,2020.06.08.,505
5085,자유게시판,안부,헤라,2020.06.08.,282
5086,자유게시판,설마설마했는데....,꼭살아야해,2020.06.08.,"1,018"
5088,질문과 대답(QnA),류마티스 환자 니클로사마이드 복용법 좀 부탁드립니다,바로생각언릉,2020.06.08.,795
5089,플라이패치_자가임상,등통증만사라지길~(고용량복용중),행복한삶,2020.06.08.,891
5090,질문과 대답(QnA),혹시 토프라민주 맞으시는 분 있으신가요??,자야자야,2020.06.08.,"2,229"
5092,자유게시판,질문드려용..,싸리,2020.06.08.,202
5093,자유게시판,펜벤다졸 국내에서 구매할 방법 아시는분 급해요ㅠ,천니뉴,2020.06.08.,420
5095,이버맥틴자가임상후기,19일간 항암구충제 복용후~변화?^^~(임상후기),달군,2020.06.08.,"2,077"
5096,가입 인사,안녕하세요~,다둥이아빠,2020.06.08.,116
5097,자유게시판,간청소,롱롱이닫,2020.06.08.,350
5098,질문과 대답(QnA),피검사 좀봐주셔요ㅜㅜ,100세인생,2020.06.08.,250
5099,기타 자가임상 후기,펜벤+알벤 10일차 임상 후기,진인사대천명,2020.06.08.,698
5100,설금홍,비타민씨복용 혹은 주사 맞을때 구충요법은?,설금홍,2020.06.08.,989
5101,벤지미다졸 질문 게시판,고용량 항암구충제 공복에 먹어도 될까요?,진인사대천명,2020.06.08.,454
5102,자유게시판,니클로 사마이드 도착 동물용 (중국산),달군,2020.06.08.,836
5103,질문과 대답(QnA),요메산(니클로사마이드),암은낫는병,2020.06.08.,768
5105,자유게시판,중요한 소금,꼭살아야해,2020.06.08.,315
5106,질문과 대답(QnA),고용량 도움 부탁드려요ㅠㅠ,aney0917,2020.06.08.,419
5107,가입 인사,가입인사드립니다,월천건강,2020.06.08.,75
5108,자유게시판,여름철 갈증해결 어찌하고 계신가요?,이공,2020.06.08.,256
5109,질문과 대답(QnA),msm좋다해서 순 식물성으로 먹었더니 알약은 스테아린산첨가물때문에 안좋다면??,100세인생,2020.06.08.,394
5111,자유게시판,약물 상호작용 검색사이트,레버넌트,2020.06.08.,464
5113,자유게시판,구충제와 약재,남자폴,2020.06.08.,271
5114,질문과 대답(QnA),다른수치들은 좋아졌는데 백혈구 수치가 많이 떨어졌어요,초고속,2020.06.08.,697
5116,자유게시판,나를사랑해야 남을 사랑 할 수있습니다 !!!!!!!,지혜완성,2020.06.08.,263
5118,신풍 생각,구충제등의 복용 도움을 요청할 때 한번 더 생각하고 문의해 주세요.,신풍생각,2020.06.08.,"2,220"
5119,정보 공유,니클로사마이드 구하시는 분들,너부리,2020.06.08.,869
5120,질문과 대답(QnA),속쓰림과 설사 증상 조언 부탁드립니다ㅠㅠ,susiesusie89,2020.06.08.,428
5122,니클로사미드,Niclosamide　니클로사미드　500mg -타녹스정 국내제약사 복용정보,신풍생각,2020.06.08.,"1,842"
5123,가입 인사,가입 인사드립니다,허니콤,2020.06.08.,66
5124,질문과 대답(QnA),용량 올리는 법좀 가르쳐주세요,우루사야,2020.06.08.,384
5125,자유게시판,6살 딸아이 뇌간교종 금일 저녁부터 복용 시작합니다.,은솔이 아빠DIPG,2020.06.08.,905
5127,자유게시판,대장암 복막 상체 림프전이 복통 증상 다시 질문,카밀,2020.06.08.,467
5128,자유게시판,알벤 펜벤 한 달 복용이 큰 효과를 기대할 수 있나요?(이상한 덩어리가 암덩어리였을까요?),이겨내자무조건,2020.06.09.,608
5129,담비,췌장암_커큐민_2020년,담비,2020.06.09.,483
5131,질문과 대답(QnA),교모세포종 질문 드립니다,열심히살자야,2020.06.09.,411
5132,자유게시판,안부,헤라,2020.06.09.,202
5135,가입 인사,가입인사,장안둥이,2020.06.09.,89
5136,자유게시판,복용후기,희망쌀집,2020.06.09.,787
5137,질문과 대답(QnA),위암 복막.난소.유방.뇌전이 도와주세요,토르1,2020.06.09.,489
5139,설금홍,"알벤다졸 부작용에 관한 이해, 백혈구 감소와 간수치 상승에 대한 판단",설금홍,2020.06.09.,746
5140,정보 공유,요새 이버맥틴구하기힘든가요?,즐거운집,2020.06.09.,640
5141,자유게시판,콩팥 물혹~,토마린,2020.06.09.,537
5142,질문과 대답(QnA),6살 아이 구충제 복용,소담씨,2020.06.09.,656
5145,자유게시판,녹즙은 기생충 때문에 위험한가요? 예를들어 동결건조시킨 케일가루는 안전할까요?,이겨내자무조건,2020.06.09.,521
5148,자유게시판,반응,제리호야,2020.06.09.,613
5149,자유게시판,위암말기,반디아,2020.06.09.,526
5150,질문과 대답(QnA),(병원치료 후)예방차원에서 드시는분 계신가요?,우짜라고1234,2020.06.09.,439
5151,자연치유.민간요법,구충제 쥐실험,우주아부지,2020.06.09.,358
5152,가입 인사,가입인사드립니다.,사러리랏다,2020.06.09.,86
5154,이버맥틴자가임상후기,20년6월2일 구충제고용량치료 시작! 헤라님 감사합니다♡,당당한수인,2020.06.09.,973
5156,질문과 대답(QnA),암환자 과일섭취,새롬,2020.06.09.,716
5157,자유게시판,펜벤다졸의 선구자..2013년도에 이미 이런 분이.. 회충약 먹어라고.,skywave,2020.06.09.,712
5160,이버맥틴자가임상후기,중국 알리익스프레스 이버멕틴 후기,평강,2020.06.09.,"1,947"
5161,질문과 대답(QnA),삼중음성 유방암 니클로사마이드,다니7,2020.06.09.,761
5162,가입 인사,안녕 하세요!,야생화야,2020.06.09.,151
5163,자유게시판,배가 왜이리 계속 빵빵할까요..?,감사의 기적,2020.06.09.,"1,502"
5164,자유게시판,지천명(知天命)을 지나면 왜 사는지 생각을........,지혜완성,2020.06.09.,404
5165,이버맥틴자가임상후기,이버멕틴48mg  33회차,헤라,2020.06.09.,893
5166,자유게시판,항암구충제  확인 당부 드립니다,차분침착맨,2020.06.09.,521
5167,자유게시판,요즘 한국사람들이 니클로사마이드를 많이 구매하나보내요.,세진아빠1138,2020.06.09.,720
5168,자유게시판,오늘 라무몰에서 도착했는데 진품인지 확인 부탁 드립니다!,겐조80,2020.06.10.,388
5169,가입 인사,안녕하세요~ 새로 가입한 쏠로예찬 이라고  합니다~,쏠로예찬,2020.06.10.,162
5170,자유게시판,안부,헤라,2020.06.10.,157
5172,유투브방송 링크나눔,당당수인 열심히 하네요 ㅎ 응원합니다♡♡,헤라,2020.06.10.,424
5173,자유게시판,패혈증 반드시 확인하세요,진인사대천명,2020.06.10.,763
5174,가입 인사,가입인사드립니다.,유예생,2020.06.10.,96
5175,질문과 대답(QnA),메벤다졸 먹으면 결절이 생기기도 하나요??,헵시바717,2020.06.10.,469
5176,기타 자가임상 후기,디스토시드 후기,자연암치유,2020.06.10.,"1,111"
5177,질문과 대답(QnA),항암중단 의사표현시..(대응방안 좀..),아나트마,2020.06.10.,683
5178,가입 인사,가입인사 드립니다.,애기 슈퍼맨,2020.06.10.,102
5179,가입 인사,도와주세요,nawooek88,2020.06.10.,292
5183,자유게시판,유튜브로 들은 암사업과 저탄고지 경험과 생각변화,유예생,2020.06.10.,340
5185,정보 공유,중국 알리 배송의 종류가 있습니다,이즈,2020.06.10.,414
5187,기타 자가임상 후기,알벤 나름 고함량 자가임상 후기,청성임,2020.06.10.,848
5188,자유게시판,펜벤다졸시작,지혜난초,2020.06.10.,396
5189,질문과 대답(QnA),이버멕틴 알약 대신 물약도 괜찮을까요?,진인사대천명,2020.06.10.,400
5190,자유게시판,다들 아시는것들 이겠지만 적어봐요,유예생,2020.06.10.,592
5191,이버맥틴자가임상후기,고용량 이버맥틴+벤지미다졸 프로토콜 5일차,무서유,2020.06.10.,740
5192,자유게시판,저혈압에 설탕을 먹으라는 간호사,시골여자,2020.06.10.,455
5193,기타 자가임상 후기,와이프를 강원도로 보냈습니다.(항암구충제 29일차),썹2,2020.06.10.,"1,273"
5194,질문과 대답(QnA),구충제 복용시 어떠어떠한걸 체크해야되는지 궁금합니다.,라미레스,2020.06.10.,383
5196,가입 인사,가입인사,초록별짱짱이,2020.06.10.,87
5197,자유게시판,[공지] 산딸기 참사가 발생,궁을,2020.06.10.,553
5198,가입 인사,가입인사 드려요,해변,2020.06.10.,68
5199,자유게시판,암 환우 식단에 대해 생각해 봐요 - 조심스럽고 염려스럽고..,유예생,2020.06.10.,615
5200,질문과 대답(QnA),밥맛  입맛 너무없어 하셔서,조은데이,2020.06.10.,408
5201,자유게시판,이버멕틴 선택시,모카커피조아,2020.06.10.,765
5203,자유게시판,구충제와 이버멕틴 20일정도 복용후 구토함,췌장암 4기,2020.06.10.,"1,278"
5204,기타 자가임상 후기,오늘부터 니타조사나이드 복용 시작했습니다.,일뭉,2020.06.10.,755
5205,질문과 대답(QnA),비급여주사 해당 여부 문의,문철기,2020.06.10.,248
5206,설금홍,[메이요클리닉] 이버멕틴 부작용 정보,설금홍,2020.06.10.,"1,362"
5208,질문과 대답(QnA),폐선암4기 구충제,류나,2020.06.10.,694
5211,자유게시판,여태껏 구충제요법은 법 위반인줄 알았는데...,월수금,2020.06.10.,684
5212,질문과 대답(QnA),이버멕틴 먹고 두드러기,수연사랑2004,2020.06.10.,995
5213,가입 인사,인사드립니다,백아나,2020.06.10.,431
5214,이버맥틴자가임상후기,이버멕틴24mg56회,헤라,2020.06.10.,757
5215,자유게시판,방귀,존버,2020.06.10.,487
5217,질문과 대답(QnA),이버와 메벤 싸고 빠르게 구매하는 방법좀 공유해주세요,우루사야,2020.06.10.,598
5218,자유게시판,눈꼬리부분이  뭔가 거끌거끌하게 느껴지고,시골여자,2020.06.10.,374
5219,가입 인사,모두가 건강하길 기원해 봅니다.,모모,2020.06.10.,350
5220,질문과 대답(QnA),안녕하세요. 암환자 식단에 대해서 고민중입니다.,핫팩,2020.06.10.,244
5221,가입 인사,가입인사 드립니다.,푸른누리,2020.06.11.,71
5222,질문과 대답(QnA),베르베린 복용관련,우린이,2020.06.11.,580
5223,이버맥틴자가임상후기,"이버멕틴 3-4, 19mg 6주차 DNA 검사 2차례 실패",noor23,2020.06.11.,590
5224,자유게시판,구충제복용중 조영제 검사,뱃살공주,2020.06.11.,366
5225,자유게시판,혈액검사,돌고래,2020.06.11.,237
5226,이버맥틴자가임상후기,정림박tv16회차후기네요,헤라,2020.06.11.,564
5227,자유게시판,안부,헤라,2020.06.11.,122
5228,유투브방송 링크나눔,폐흡충나온후기 ㅎ   감사합니다  논문연구소tv,헤라,2020.06.11.,824
5229,자유게시판,암환자 유산균 복용,남자폴,2020.06.11.,428
5230,자유게시판,구충제 먹고 머리카락 빠지시는분 있으세요?,이미 나았다,2020.06.11.,806
5231,질문과 대답(QnA),구충제로 치료하시는 분들중에 코로나 걸리신분 있나요?,에벤에셀,2020.06.11.,807
5233,자유게시판,울고싶으면 울자,꼭살아야해,2020.06.11.,516
5234,질문과 대답(QnA),메벤다졸과 알벤다졸이 무슨 차이가 있나요?,띵오,2020.06.11.,576
5235,질문과 대답(QnA),알벤 이버 조합 및인도산 이버 판매 주소 부탁합니다,우루사야,2020.06.11.,412
5236,유투브방송 링크나눔,선한영향력  머크사  감사합니다  이버멕틴이 시력을고치다,헤라,2020.06.11.,733
5237,자유게시판,직구하실때 해킹 조심하세요..,carming,2020.06.11.,407
5238,이버맥틴자가임상후기,이버멕틴딸후기,헤라,2020.06.11.,"1,514"
5239,자유게시판,이버멕틴으로 코로나를 고친다~!,분홍앵초,2020.06.11.,596
5240,가입 인사,황반변성 어머니,내모든것,2020.06.11.,449
5241,가입 인사,안녕하세요,빨강머리삐삐,2020.06.11.,171
5242,자유게시판,이버멕틴..니타조나사이드..니클로사마이드 등등 여름철 보관에 주의를 하셔야 합니다.,봄맞이행운,2020.06.11.,876
5244,자유게시판,피검사 전 복용량에 대해서,복실엄마,2020.06.11.,213
5245,질문과 대답(QnA),구충제 보관방법  조언바랍니다,Scd42110,2020.06.11.,214
5246,자유게시판,제약회사 직원이었던 지인에게 구충제를 먹어보라고 전화가 왔습니다.,썹2,2020.06.11.,"1,188"
5247,유투브방송 링크나눔,#'알면 기가 막힌 항암제의 유통구조' 동영상 6분,다윗,2020.06.11.,307
5248,기타 자가임상 후기,메벤다졸로 바꿔도 기력이 없네요,청성임,2020.06.11.,664
5249,질문과 대답(QnA),커큐민,서준,2020.06.11.,312
5250,질문과 대답(QnA),암이 아닐 수도 있다고!,에벤에셀,2020.06.11.,962
5251,가입 인사,가입인사 드립니다,모하,2020.06.11.,94
5252,구매정보게시판(물건배송확인후),메디포월드 주문약 -일부 도착,그린에이지,2020.06.11.,407
5253,자유게시판,알벤복용32일차중 통증,시트론,2020.06.11.,890
5254,자유게시판,BSD 2000 추천 받았는데요,사칠이,2020.06.11.,215
5255,자유게시판,치료효과가 가장 좋은 경우는?,월수금,2020.06.11.,586
5256,자연치유정보 나눔,식이유황 MSM의 유방암 항암 원리,노스페이스 88,2020.06.11.,513
5257,회원나눔(공짜는 아닙니다),니클로사마이드 이버맥틴 니클로사마이드,파파베어,2020.06.11.,551
5258,질문과 대답(QnA),구충제 고용량 후 식욕은 어떠신가요?,축복받은자,2020.06.11.,681
5259,자유게시판,축하드립니다.,월수금,2020.06.11.,337
5260,자유게시판,구충제복용법,kakim,2020.06.11.,428
5261,질문과 대답(QnA),암이 아닐 수도 있다고!,kakim,2020.06.11.,135
5262,자유게시판,니터조 구매원함,ceyby2779335,2020.06.11.,320
5263,자유게시판,암환우가 180만명,월수금,2020.06.11.,622
5264,질문과 대답(QnA),피르비늄 하루 복용량,유미니,2020.06.11.,457
5266,가입 인사,딸 메벤다졸 복용후,내모든것,2020.06.11.,934
5267,자유게시판,안아파요tv 관련,평강,2020.06.11.,991
5268,자유게시판,고용량 7일차 증상..,주나모,2020.06.11.,796
5269,회원나눔(공짜는 아닙니다),파나쿠어c(펜벤) 저렴히 나눔합니다(완료),초록빛,2020.06.11.,580
5270,가입 인사,가입 인사드립니다.,아슬란자라,2020.06.11.,90
5271,자유게시판,국내용 이버멕틴 임상 들어갑니다^^,제리호야,2020.06.11.,"1,962"
5272,이버맥틴자가임상후기,[눈CT자료참조] 고용량 이버맥틴+벤지미다졸 프로토콜 6일차,무서유,2020.06.11.,896
5273,이버맥틴자가임상후기,이버멕틴48mg 57회,헤라,2020.06.11.,781
5275,자유게시판,모르는게 많아 너무 답답하네요,우루사야,2020.06.11.,622
5276,자유게시판,국내용 동물 이버멕틴에 대하여~,제리호야,2020.06.11.,847
5277,자유게시판,혐오주의  변의상태(사진추가),시트론,2020.06.11.,924
5278,신풍 생각,회원수가 5천명이군요. 함께  서로 위로하고 격려하며 암(만성병)을 극복해 이겨 나갑시다,신풍생각,2020.06.11.,619
5279,가입 인사,가입인사 드립니다~!!,스키즌,2020.06.11.,157
5281,질문과 대답(QnA),고용량구충제 복용시,kakim,2020.06.12.,613
5282,이버맥틴자가임상후기,당당수인이   이버멕틴  후기,헤라,2020.06.12.,"1,279"
5283,자유게시판,안부,헤라,2020.06.12.,256
5284,자유게시판,딸과함께 복용후,내모든것,2020.06.12.,765
5285,설금홍,[drugbank] 구충제와 각종 보조제등의 개략적인 약물상호작용,설금홍,2020.06.12.,"1,061"
5286,자유게시판,기생충 엑스레이사진,시트론,2020.06.12.,"2,129"
5287,기타 자가임상 후기,알벤 복용  5일차,우루사야,2020.06.12.,527
5289,질문과 대답(QnA),디스토시드복용시,peacok1110,2020.06.12.,339
5291,자유게시판,강아지 피부병 관련,봄맞이행운,2020.06.12.,233
5293,자유게시판,야옹님,잘살아보자구요,2020.06.12.,566
5295,기타 자가임상 후기,"펜벤-알벤 고용량 임상후기(2주만에 간수치,종양수치 좋아짐)",진인사대천명,2020.06.12.,"1,343"
5296,질문과 대답(QnA),구충제 드시면서 변비 탈출 어떻게..?,조은데이,2020.06.12.,522
5298,자유게시판,위대한유산,도깨비5,2020.06.12.,228
5299,질문과 대답(QnA),췌장과 폐에 종양,미드,2020.06.12.,474
5300,질문과 대답(QnA),비소세포폐암(선암4기) 82세 노모 구충제요법 시작하려고 합니다. 조언 부탁합니다.,신선77,2020.06.12.,319
5301,질문과 대답(QnA),구충제 상호작용 약물이 있나 봐주시겠어요?,연이맘,2020.06.12.,271
5302,질문과 대답(QnA),저의 아버지 대장암4기 복막전이 구충제 시작하려 합니다 조언좀부탁드립니다.,천니뉴,2020.06.12.,438
5303,질문과 대답(QnA),메벤다졸,우린이,2020.06.12.,403
5304,자유게시판,제 칵테일을 공개합니다.,하늘별섬,2020.06.12.,"1,032"
5305,질문과 대답(QnA),메벤다졸 질문드려요~,LEE,2020.06.12.,528
5309,자유게시판,공지를 이제 읽어서 ...질문을 다시 드릴게요.,장민재,2020.06.12.,497
5310,설금홍,[논문] 이버멕틴 과량복용한 사자의 실명치료,설금홍,2020.06.12.,"1,112"
5311,가입 인사,가입 인사 드립니다,콩콩콩이,2020.06.12.,81
5313,자유게시판,복용중인데 잘하고 있는건지ᆢ,완치를 꿈꾸며,2020.06.12.,605
5315,자유게시판,메벤다졸,돌고래,2020.06.12.,448
5316,자유게시판,이버멕틴48mg58회,헤라,2020.06.12.,578
5317,자유게시판,모낭충에 대해 아시는분 좀 알려주세요,hairu4457,2020.06.12.,546
5318,가입 인사,안녕하세요~담도암4기 아버지 보호자입니다.,빼미,2020.06.12.,471
5319,암 관해사례 정보,지혜와 성실님 아시는 분 유방암 관해사례,carming,2020.06.12.,"1,256"
5320,질문과 대답(QnA),류마티스 완치자님 글,에벤에셀,2020.06.12.,413
5321,가입 인사,가입인사 드립니다,이쁘니까,2020.06.12.,177
5322,신풍 생각,구충제 복용 시작하시는분 꼭 언제부터 시작하고 있다고 자가임상 올려주세요.,신풍생각,2020.06.12.,741
5323,자유게시판,이버멕틴 부작용 검색해봤습니다,루비이뽀,2020.06.12.,731
5324,자유게시판,기생충 엑스레이 사진에관한 저의생각,시트론,2020.06.13.,687
5326,이버맥틴자가임상후기,펜벤+피르비늄+이버멕틴 후기,다듬이,2020.06.13.,"1,234"
5327,질문과 대답(QnA),뒷목 두피  부분 여드름이 점점커지고있어요,졔이,2020.06.13.,850
5328,자유게시판,다시 이버멕틴 도전,야생화처럼,2020.06.13.,798
5329,자유게시판,대체 알수없는 정체,내모든것,2020.06.13.,837
5330,자유게시판,안부,헤라,2020.06.13.,240
5331,기타 자가임상 후기,전이 수술후 복용,평강,2020.06.13.,"1,286"
5332,질문과 대답(QnA),알벤다졸과 이트라코나졸(항진균제) 상호작용있나요?,빼미,2020.06.13.,440
5337,자유게시판,갑상선암,초록별짱짱이,2020.06.13.,608
5340,자유게시판,요 이버맥틴도 먹기 시작했어요,번쩍번쩍 빛나는,2020.06.13.,"1,210"
5341,스텝신청게시판,암환우는 아니지만 심각한 기생충감염증으로 힘들어하시는 분들의 의견교환 공간을 부탁드려봅니다.,대전소생,2020.06.13.,467
5342,질문과 대답(QnA),구충제가 혈압.당뇨도 잡는다!,에벤에셀,2020.06.13.,642
5343,자유게시판,니타조사나이드 7일 복용후 간수치검사입니다. 아시는분 해석좀부탁드립니다^^,호호세,2020.06.13.,783
5348,질문과 대답(QnA),알벤다졸 복용법,이송비,2020.06.13.,852
5351,가입 인사,가입인사 드립니다^^,워니아빠,2020.06.13.,127
5352,기타 자가임상 후기,"대장암4기 다발성 폐,간전이",aney0917,2020.06.13.,823
5353,자유게시판,저도 임상 들어갑니다,돌고래,2020.06.13.,697
5354,자유게시판,약국순례갑니다.,하늘별섬,2020.06.13.,862
5355,이버맥틴자가임상후기,메벤+이버맥틴 21회차,둥둥파,2020.06.13.,"1,038"
5356,질문과 대답(QnA),이버맥틴 구입방법좀 알려주세요 ㅠㅠ,밝은생각,2020.06.13.,842
5357,기생충사진공유,화장실에서 발견햇는데...??,조은데이,2020.06.13.,"1,572"
5358,질문과 대답(QnA),시골약국 약사님 주변 아는분 알벤 먹고 여럿 암 고쳤다고,에벤에셀,2020.06.13.,"1,016"
5360,자유게시판,친한 병원장님이,빨강머리삐삐,2020.06.13.,"1,186"
5361,질문과 대답(QnA),유방암 림프전이 4기  구충제,화사함,2020.06.13.,806
5363,회원나눔(공짜는 아닙니다),파나쿠어c2g  8개. 니클라사미드 40개  정리해요,초록빛,2020.06.13.,617
5364,질문과 대답(QnA),니클로사마이드와 이버맥틴 조합.,세상빛,2020.06.13.,"1,204"
5365,가입 인사,고래회충,냉이국,2020.06.13.,409
5366,질문과 대답(QnA),편도암과 목림프전이,miso8706,2020.06.13.,387
5367,질문과 대답(QnA),구충제 셀프임상중   왜 어지러울까요?,송이짱맘,2020.06.14.,529
5368,자유게시판,구름같은 흰물체,내모든것,2020.06.14.,714
5369,자유게시판,항암 중단하고 구충제 용량 늘인지 한 달 반,야생화처럼,2020.06.14.,440
5370,가입 인사,가입인사 드립니다,대덕아재,2020.06.14.,101
5371,질문과 대답(QnA),소변을 자주보세요.질문.,하하맘,2020.06.14.,661
5372,자유게시판,폐 선암4기 환자의 중간 검사,나이야가라,2020.06.14.,859
5373,유투브방송 링크나눔,정림박tv   19회차 이버멕틴  후기,헤라,2020.06.14.,504
5374,이버맥틴자가임상후기,이버멕틴48mg만성질환,헤라,2020.06.14.,"1,200"
5375,자유게시판,구충제 복용후 보게되는 ㅡ바이오필름,행복나무,2020.06.14.,"1,391"
5376,자유게시판,안부,헤라,2020.06.14.,214
5379,질문과 대답(QnA),6살 아이 구충은 어떻게 해야할까요?,빼미,2020.06.14.,497
5380,회원나눔(공짜는 아닙니다),니타조사나이드랑 니클로사마이드랑 교환 하실분 계신가요?,건강행복,2020.06.14.,320
5381,질문과 대답(QnA),니타조사나이드와 벤디미다졸과의 복용사례가있을까요?,이루리,2020.06.14.,631
5382,자유게시판,기생충 증상 (퍼옴),하늘별섬,2020.06.14.,"1,746"
5384,설금홍,이버멕틴 관련자료 요약 모음편 1,설금홍,2020.06.14.,"1,093"
5385,질문과 대답(QnA),알벤다졸과 이버맥틴 복용법 질문드립니다,우루사야,2020.06.14.,548
5386,자유게시판,복막암의 악성중피종(석면병) 어머니인데 게시글에도 이 병 환우는 안계셔서 구충제 요법 시작이 고민입니다.,까꿍이아빠,2020.06.14.,273
5388,질문과 대답(QnA),이 구충제 좀 봐주세요,진인사대천명,2020.06.14.,626
5389,가입 인사,등업 해주세요.,uma2016,2020.06.14.,268
5391,자유게시판,쇼핑했습니다,달님별,2020.06.14.,626
5392,질문과 대답(QnA),암환자 복용시 구충제라고 말씀하시나요?,라미레스,2020.06.14.,665
5396,가입 인사,가입인사 드립니다,천연그대로,2020.06.14.,93
5398,질문과 대답(QnA),중성지방,미미파,2020.06.14.,236
5399,기생충사진공유,배출 추정 기생충 동양안충,말콥,2020.06.14.,783
5400,기생충사진공유,배출 추정 기생충 다포촌충,말콥,2020.06.14.,814
5401,기생충사진공유,배출 추정 기생충 증식성 스파루가눔,말콥,2020.06.14.,"1,080"
5402,질문과 대답(QnA),독시 어떻게 드시나요??,꼭살아야해,2020.06.14.,566
5403,질문과 대답(QnA),간암 방사선  식도협착? 삼키면 막히는 증상?,초고속,2020.06.14.,273
5405,자유게시판,알벤다졸과 디스토시드 복용 후기 올려봅니다! (암치료 목적 아니고 예방용 자가임상입니다.),스키즌,2020.06.14.,"1,497"
5406,질문과 대답(QnA),"디스토시드,알벤다졸,이버맥틴 질문드립니다.",빼미,2020.06.14.,465
5408,질문과 대답(QnA),80세 구충요법 질문여쭙니다,머루주,2020.06.14.,418
5409,질문과 대답(QnA),메트포민을 2000먹었어요 ㅠㅠ,이천댁런런어뭉,2020.06.14.,401
5413,질문과 대답(QnA),간암  간경화  b형 간염  니타조사나이드  복용  첫날,서거리,2020.06.15.,478
5414,자연치유.민간요법,약 10년전에 너무 가까운 지인의 얘기입니다.,우주아부지,2020.06.15.,"1,398"
5415,자유게시판,안부,헤라,2020.06.15.,317
5416,자연치유.민간요법,알벤다졸도 기능이 참 좋네요.,우주아부지,2020.06.15.,967
5417,자유게시판,구충제 임상시험이 될수도 있었네요,월수금,2020.06.15.,373
5418,질문과 대답(QnA),디스토시드 먹고,별총총,2020.06.15.,436
5419,기타 자가임상 후기,기생충 나온거 맞나요?,카밀,2020.06.15.,935
5420,자유게시판,힘겨운 싸움,꼭살아야해,2020.06.15.,677
5421,가입 인사,안녕하세요.,엘린,2020.06.15.,154
5422,질문과 대답(QnA),혹시 알벤다졸 8알 이상 드시는분 계신가요?,우루사야,2020.06.15.,501
5423,기타 자가임상 후기,알벤다졸 고용량 후기,체셔,2020.06.15.,"1,142"
5425,질문과 대답(QnA),이버멕틴 복용방법,엘린,2020.06.15.,910
5426,대장암,재수술 여부  관련하여 경험 있으신 분 계십니까?,문철기,2020.06.15.,424
5427,질문과 대답(QnA),알벤다졸 2주차,야호,2020.06.15.,393
5431,자유게시판,"청정한님의 ""구충제 휴지기는 치료에 방해만 됩니다.""를 읽고..",대전소생,2020.06.15.,719
5432,유투브방송 링크나눔,🌈희망🌞,가든홀릭,2020.06.15.,179
5433,자유게시판,구충제 기초정리,하늘별섬,2020.06.15.,"1,272"
5436,자유게시판,구충제 복용 29일째 피검사좀 봐주세요,번쩍번쩍 빛나는,2020.06.15.,613
5437,자유게시판,녹차 효능에 대해서,hairu4457,2020.06.15.,267
5438,질문과 대답(QnA),초롱초롱 말똥말똥 ㅜㅜ,새롬,2020.06.15.,533
5439,질문과 대답(QnA),프라지콴텔 복용중 너무 두통에 어지럽네요,바로생각언릉,2020.06.15.,593
5442,자유게시판,암환자 그리고 보호자라는 직업,4기자연치유,2020.06.15.,820
5443,자유게시판,알벤다졸 복용후기,프로스퍼,2020.06.15.,"1,424"
5444,자유게시판,아토피 환우분들 안티푸라민 추천드립니다,프로스퍼,2020.06.15.,649
5446,자유게시판,신풍생각님 유투브 구충제 농도별 효과실험에서 이버맥틴 궁금증요,한비야,2020.06.15.,559
5447,자유게시판,커큐민 복용,ceyby2779335,2020.06.15.,407
5448,질문과 대답(QnA),알벤다졸 10일 복용 후,소담씨,2020.06.15.,696
5449,자유게시판,머리가 지끈지끈..😒😔,뱃살공주,2020.06.15.,410
5451,자유게시판,이버멕틴 고용량 복용 한 달 후 피검사,카페아줌마 No II,2020.06.15.,"1,161"
5452,가입 인사,가입인사 합니다.,푸른밤별그대,2020.06.15.,106
5453,회원나눔(공짜는 아닙니다),인도산 이버멕틴 구매합니다.,푸른밤별그대,2020.06.15.,477
5454,질문과 대답(QnA),알벤복용후 간에 혹이 생기나요?,월수금,2020.06.15.,466
5455,자유게시판,췌장암의기적,도깨비5,2020.06.15.,590
5456,가입 인사,감사합니다,카르페디엠,2020.06.15.,184
5458,질문과 대답(QnA),"알벤,이버맥틴 복용후 피부부작용",오년만 더,2020.06.15.,470
5459,가입 인사,"총알준비중!!! 알벤다졸,이버멕틴 가격",박둥가,2020.06.15.,904
5460,이버맥틴자가임상후기,8살 20kg아이 아토피 이버멕틴복용,이삐,2020.06.15.,854
5463,자유게시판,안녕하세요. 담낭관암 간전이 환자의 보호자입니다. 도움 부탁드려요.,luvme,2020.06.16.,392
5466,질문과 대답(QnA),폐암4기 다발성 전이입니다,또롱,2020.06.16.,839
5467,벤지미다졸정보나누기,임산부는 절대로 알벤다졸(벤지미다졸) 연속 복용은 안됩니다.,신풍생각,2020.06.16.,624
5469,자유게시판,이버멕틴의 안전성과 복용방법,나이야가라,2020.06.16.,972
5470,이버맥틴자가임상후기,정림박tv  이버멕틴후기21일차,헤라,2020.06.16.,674
5471,이버맥틴자가임상후기,안부,헤라,2020.06.16.,250
5472,자유게시판,시야가 달라졌어요,돌고래,2020.06.16.,"1,027"
5473,이버맥틴자가임상후기,이버멕틴24mg60회차,헤라,2020.06.16.,"1,097"
5474,자유게시판,이버멕틴 고용량 한 달 복용 후 피검사 결과지 공유,카페아줌마 No II,2020.06.16.,"1,016"
5476,자유게시판,제 와이프는 오늘도 짜증이네요...,진인사대천명,2020.06.16.,"1,033"
5477,담비,삼중음성유방암_플루벤다졸_STST3_2019년,담비,2020.06.16.,418
5478,가입 인사,가입인사드립니다.,ggaliman,2020.06.16.,87
5479,질문과 대답(QnA),도와주세요..간절합니다ㅠㅠ,뚜루맘,2020.06.16.,944
5480,자유게시판,프라지콴텔 하루 복용후 폐흡충과 흑미사진 비교등,호호세,2020.06.16.,"2,079"
5481,질문과 대답(QnA),간청소에 대해 여쭙니다.,행복합니다,2020.06.16.,424
5482,질문과 대답(QnA),오늘 복수 주머니에 이런게 있네요..,진인사대천명,2020.06.16.,"1,029"
5483,질문과 대답(QnA),이버메틴 드시는약이 이거맞나요? 그리고 사진기준으로 총용량이 몇mg인건가요?,까꿍이아빠,2020.06.16.,699
5484,질문과 대답(QnA),간 수치,에벤에셀,2020.06.16.,369
5485,질문과 대답(QnA),이버맥틴 하루 최대용량얼마까지올리셨는지 궁굼해요,와우와우 쩝,2020.06.16.,702
5486,자유게시판,궁을농장에 감사!,파도,2020.06.16.,348
5487,정보 공유,소세포폐암 뇌전이 경우 구충제 문의드려요!,여나,2020.06.16.,343
5488,자유게시판,"니타조사나이드 Covid-19 치료제 임상 3상중(미국, 멕시코, 브라질)",축복합니다,2020.06.16.,421
5489,질문과 대답(QnA),염증수치 간수치 어떻게 관리 하시나요?부탁드립니다!,에벤에셀,2020.06.16.,595
5490,자유게시판,알벤다졸과 아스파탐...?,뽀미마미,2020.06.16.,358
5491,자유게시판,궁을님께 감사 인사가 늦었습니다.,미꾸,2020.06.16.,323
5493,질문과 대답(QnA),이버맥틴 질문좀 드립니다,우루사야,2020.06.16.,552
5495,질문과 대답(QnA),질문이 많네요 죄송요 통증이 줄어드는 이유,우루사야,2020.06.16.,733
5497,자유게시판,구충제의 내성이 생긴다란 무엇을 뜻하는 것 일까요?,하늘별섬,2020.06.16.,818
5499,가입 인사,폐암4기 ALK변이 환자입니다,suki,2020.06.16.,337
5500,자유게시판,이버멕틴 가격이용~~~~,말해줘,2020.06.16.,964
5501,질문과 대답(QnA),메벤다졸과 알벤다졸 다른가요? 둘 차이가 있는지요?,까꿍이아빠,2020.06.16.,428
5502,가입 인사,가입인사 드립니다,뿌쀼뿌,2020.06.16.,123
5503,질문과 대답(QnA),이버멕틴 복용 질문드립니다,뿌쀼뿌,2020.06.16.,542
5504,정보 공유,[정보] 두통을 줄이는 방법,스마트퓨쳐,2020.06.16.,515
5505,질문과 대답(QnA),간수치는 엄청 좋아졌는데 간기능수치가 떨어지고 있어요,초고속,2020.06.16.,981
5506,기타 자가임상 후기,알벤다졸.메벤다졸 니클로사마이드 이버멕틴 복용 후기,kimsh7605,2020.06.16.,"3,022"
5507,이버맥틴자가임상후기,이버멕틴24mg61회차~호전사례,헤라,2020.06.16.,"2,001"
5508,자유게시판,한국도착했는데 세관에의해 청산이라고 뜨는데..무슨얘긴지 아시는분 계실까요??,너는내것,2020.06.16.,991
5509,이버맥틴자가임상후기,이버멕틴 복용후 눈 다래끼 처럼 눈꺼풀 부어오름,행콩,2020.06.16.,997
5510,자유게시판,안부,헤라,2020.06.17.,220
5511,암 호전사례 정보,안 아파요tv 복막암 호전사례,에벤에셀,2020.06.17.,717
5512,자유게시판,오늘 또 출산했네요,진인사대천명,2020.06.17.,846
5513,질문과 대답(QnA),간질성 방광염ㅠ,가와인공,2020.06.17.,566
5514,자유게시판,간청소 마그미,롱롱이닫,2020.06.17.,345
5515,질문과 대답(QnA),구충제 구입후 기다리는중인데요. 들기름이나 cbd오일 함께 복용하던데요.,까꿍이아빠,2020.06.17.,374
5516,자유게시판,중국산 이버맥틴,유진,2020.06.17.,644
5517,자유게시판,구충제 판매 가능한가요?,이제우리,2020.06.17.,449
5518,신풍 생각,카페와 관련없는 글 절대로 클릭하거나 보지 마세요. 피싱사이트입니다.,신풍생각,2020.06.17.,514
5519,설금홍,[논문] 생쥐의 급성 간내 이버 멕틴 독성에 대한 비타민 E 및 포도씨 오일의 보호 효과,설금홍,2020.06.17.,796
5520,자유게시판,이게 뭘까요?,녹차향,2020.06.17.,510
5522,회원나눔(공짜는 아닙니다),"(완료)펜벤, 메벤, 이버",이제우리,2020.06.17.,698
5523,가입 인사,안녕하세요**,너구리님,2020.06.17.,291
5524,자유게시판,"국산 이버멕틴 동물용 분말, 알약 정보",진인사대천명,2020.06.17.,"1,465"
5525,가입 인사,인사드립니다~~^^,무위당,2020.06.17.,172
5528,자유게시판,이버멕틴 구충제 필요하시는 해외직구 소개해드립니다.,꿈과희망,2020.06.17.,"1,277"
5531,기타 자가임상 후기,항암 구충제 복용후기 남깁니다~,예쁜별,2020.06.17.,967
5532,신풍 생각,탄소농법의 산딸기와 마트에서 유통되는 유명한 브랜드 산딸기와 맛 비교..,신풍생각,2020.06.17.,443
5533,구매정보게시판(물건배송확인후),인도 직구 하늘길이 열렸나봅니다. 메일이 왔네요..,신풍생각,2020.06.17.,"1,197"
5535,자유게시판,아빠처럼 이런분 있으실까요,아빠힘내요,2020.06.17.,"1,501"
5536,자유게시판,엄니의 피부가려움증으로  병원다녀온후기(암환우아님),머루주,2020.06.17.,462
5538,정보 공유,차가버섯 정보센터에서 폐암 실전 치유와 차가버섯 관장,푸르른마음,2020.06.17.,319
5539,자유게시판,유트브 댓글에서 퍼옴 요,하늘별섬,2020.06.17.,564
5540,가입 인사,안녕하세요,곰지,2020.06.17.,234
5541,자유게시판,오랜만에 인사 드려요...,갸웃갸웃,2020.06.17.,771
5543,기생충사진공유,기생충인가요?,울릉도섬백리향,2020.06.17.,"1,085"
5546,자유게시판,이버멕티  질문점드려요,극복하자아자아자,2020.06.17.,505
5550,자유게시판,안부,헤라,2020.06.18.,309
5554,자유게시판,궁을님 산딸기도착,덕분입니다,2020.06.18.,218
5555,질문과 대답(QnA),흉추쪽과 상부등 겨드랑이 너무 아파요 왜그럴까요?,자연암치유,2020.06.18.,790
5557,질문과 대답(QnA),이 니클 괜찮을까요?,미즈홍,2020.06.18.,414
5561,질문과 대답(QnA),이버메틴 복용량,겐도,2020.06.18.,407
5562,암 호전사례 정보,유방암 4기 (쇄골림프전이와 폐결절로전이의심) 거의 안보임.,sunflower10,2020.06.18.,"2,963"
5563,가입 인사,안녕하세요,희망을가져완치를,2020.06.18.,331
5565,가입 인사,안녕하세요~~ 가입인사 드립니다.,햇살가득히,2020.06.18.,140
5566,자유게시판,치사량..,하늘별섬,2020.06.18.,"1,144"
5570,설금홍,[논문] 이버 멕틴은 lncRNA-EIF4A3-mRNA 축을 조절함으로써 난소 암을 억제,설금홍,2020.06.18.,731
5571,가입 인사,안녕하세요 가입 승인 해주셔서 감사드립니다,덕풍계곡,2020.06.18.,199
5572,질문과 대답(QnA),이버맥틴   고용량 복용하시는분들께 조언구합니다,우루사야,2020.06.18.,"1,126"
5574,자유게시판,깍지벌레,분홍앵초,2020.06.18.,408
5575,기타 자가임상 후기,알벤만2.5알-&gt;커피관장-&gt;간청소...,웃는돌땡이,2020.06.18.,517
5576,기타 자가임상 후기,이버멕틴만 12mg 8일차,웃는돌땡이,2020.06.18.,290
5577,기타 자가임상 후기,이버멕틴만 12mg 10일차,웃는돌땡이,2020.06.18.,460
5578,기타 자가임상 후기,이버멕틴만 24mg 28일차,웃는돌땡이,2020.06.18.,958
5579,기타 자가임상 후기,펜벤다졸만 2g(444mg)씩 하루2회,웃는돌땡이,2020.06.18.,524
5581,회원나눔(공짜는 아닙니다),이버맥틴 베트남산 48정 판매 및 메벤다졸500미리 푸카카 교환가능이요~,와우와우 쩝,2020.06.18.,449
5582,질문과 대답(QnA),어머니 뇌종양 진단받으셨는데 의견 구합니다.,바다마음,2020.06.18.,652
5583,질문과 대답(QnA),암진단전부터 허리와다리가 관절이 안좋으시고 너무아픈데 수술외에는 방법이 없는걸까요,100세인생,2020.06.18.,493
5585,질문과 대답(QnA),이버멕틴 용량,노스페이스 88,2020.06.18.,800
5586,가입 인사,샬롬~,씨돼봐,2020.06.18.,261
5587,자유게시판,구충제 복용시,내모든것,2020.06.19.,576
5588,가입 인사,승인감사합니다~,황금사과,2020.06.19.,139
5589,가입 인사,안녕하세요,폴로,2020.06.19.,224
5590,자유게시판,안부,헤라,2020.06.19.,219
5591,자유게시판,이버멕틴48mg62회 63회차,헤라,2020.06.19.,"1,101"
5592,자유게시판,무섭네요 이건또?,내모든것,2020.06.19.,761
5597,질문과 대답(QnA),얼굴에 있는 기생충은 어떻게 빼내시나요?,진인사대천명,2020.06.19.,"1,110"
5598,질문과 대답(QnA),눈섭끝부분 기생충,희망과꿈,2020.06.19.,623
5599,질문과 대답(QnA),암환자는 간청소하면 안좋다는데 어떨까요?,pinz7,2020.06.19.,393
5600,구매정보게시판(물건배송확인후),중국 알리에서 구매시 가격만보고 구매하지 마세요..다음을 챙기세요.,신풍생각,2020.06.19.,869
5601,자유게시판,구충제가 세균도 잡을수 있을까요?,hairu4457,2020.06.19.,489
5602,자유게시판,구충제 복용기,btsun,2020.06.19.,502
5603,질문과 대답(QnA),니클로사마이드,우린이,2020.06.19.,589
5604,자유게시판,알벤다졸 복용후,옥당혈,2020.06.19.,840
5605,질문과 대답(QnA),청소년암,7272sara,2020.06.19.,458
5606,정보 공유,주파수.진동 741HZ ㅡ과학적인 것인가요?,시골여자,2020.06.19.,380
5607,질문과 대답(QnA),오늘 항암2차 주사 맞는데요. 바로 구충제 요법 시작해도 되나요?,까꿍이아빠,2020.06.19.,295
5610,질문과 대답(QnA),혐오주의 바랍니다. 이게 뭘까요 ?,한오백년,2020.06.19.,940
5612,가입 인사,등업신청,세상과 함께,2020.06.19.,114
5613,자유게시판,영민아빠님~! 초창기에 잘 오셨던 프로토TV님 그리고 좋은 글 올려 주셨던 아이디가 생각 안나네요.,분홍앵초,2020.06.19.,441
5614,자유게시판,"간수치, AFP수치",복실엄마,2020.06.19.,538
5615,정보 공유,커피관장 Q&amp;A,푸르른마음,2020.06.19.,361
5616,기타 자가임상 후기,알벤다졸 고용량 후기.,들잔디,2020.06.19.,"1,575"
5618,기타 자가임상 후기,놀람주의 더러움주의 (니타조사나이드 복용 후),석혁사랑,2020.06.19.,"3,251"
5621,질문과 대답(QnA),문의 한번 드려봐요...,갸웃갸웃,2020.06.19.,312
5622,암 호전사례 정보,안녕하세요?~달군 입니다.유방암4기 폐 간 뇌 전이 항암구충제 복용사례 입니다.(한달남짓),달군,2020.06.19.,"2,289"
5623,질문과 대답(QnA),펜벤먹고 왜 속이 쓰릴까요?,자연암치유,2020.06.19.,389
5624,이버맥틴자가임상후기,8살 20kg 아토피 아이 이버멕틴후기,이삐,2020.06.19.,"1,179"
5625,질문과 대답(QnA),이놈도 기생충 일까요?,한오백년,2020.06.19.,786
5626,자유게시판,"이버멕틴 드시고 가래,식은땀 증상",주나모,2020.06.19.,820
5627,기타 자가임상 후기,신장암 구충제 복용후 초음파 검사결과,kimsh7605,2020.06.19.,"1,377"
5628,자유게시판,알벤 복용방법,뿌쀼뿌,2020.06.19.,460
5630,설금홍,"Atavistic Metamorphosis-암의 기원, 암을 치료하는 약들",설금홍,2020.06.19.,535
5631,구매정보게시판(물건배송확인후),ko.allmgstore.com에서 구매해보셨나요?,JEON,2020.06.19.,539
5634,질문과 대답(QnA),구충제,envyso,2020.06.20.,390
5635,설금홍,[논문] 이트라코나졸의 항암효과-관련논문들-1,설금홍,2020.06.20.,658
5636,유투브방송 링크나눔,당당수인19일차,헤라,2020.06.20.,683
5638,가입 인사,안녕하세요~ 가입인사 드립니다,마유미,2020.06.20.,176
5639,질문과 대답(QnA),구충제 요법과 병행할 제품 문의 드립니다.,까꿍이아빠,2020.06.20.,547
5640,방사선 항암치료 후기,방사선 6회 후기,모모,2020.06.20.,"1,137"
5641,담비,베르베린002-세포주기-세포자멸사-514,담비,2020.06.20.,498
5642,자유게시판,어떻게하면좋을까요?,Ztdy,2020.06.20.,595
5645,기생충사진공유,변에  눈으로봐서는. 코같은 것인데. 확대 사진 입니다,투게더투,2020.06.20.,"1,265"
5647,질문과 대답(QnA),암환자 영양제 주사요~,세상빛,2020.06.20.,309
5649,가입 인사,가입인사드립니다,천사라떼,2020.06.20.,194
5652,자유게시판,자궁경부암 호전 사례는 잘못 봤네요~,하나님나라,2020.06.20.,611
5653,질문과 대답(QnA),어제 항암2차했는데요. 오늘부터 바로 구충제 시작해도될런지요.,까꿍이아빠,2020.06.20.,324
5654,질문과 대답(QnA),기생충같은 걸 알벤 일주일 드시더니 본 것 같아요! 맞겠죠?,레몬긍정,2020.06.20.,629
5655,질문과 대답(QnA),소론도정,가와인공,2020.06.20.,312
5657,유투브방송 링크나눔,정림박tv  이버멕틴25회차,헤라,2020.06.20.,662
5658,기타 자가임상 후기,니타조사나이드 복용후기 10일차 입니다.,일뭉,2020.06.20.,"2,063"
5659,자유게시판,교종 구충제  메벤다졸 구입처궁금합니다,힘내자님,2020.06.20.,615
5660,구매정보게시판(물건배송확인후),알리ㅡ이버 구매도착,그린에이지,2020.06.20.,863
5661,질문과 대답(QnA),이버멕틴 비타민E 관계,노스페이스 88,2020.06.21.,763
5662,자유게시판,구충제 고용량 복용기간은 어느정도일지요?,뱃살공주,2020.06.21.,903
5664,자유게시판,안부,헤라,2020.06.21.,236
5665,자유게시판,베르베린 추천부탁드려요^^,책좀읽자요,2020.06.21.,589
5666,질문과 대답(QnA),디스토시드후  어루르기,안경,2020.06.21.,325
5668,질문과 대답(QnA),알벤이 아니라 메벤을 선택하는 이유가 궁금합니다,비바,2020.06.21.,"1,194"
5669,정보 공유,우리도 모르게 발암물질 병균에 비벼 먹고 있었다.. 기본 위생 상식으로 면역력을 지켜요-주방,헤븐리 힐링,2020.06.21.,635
5670,암 호전사례 정보,"알벤, 펜벤 단독복용 완치자와 메벤 단독복용 사례는 ?",에벤에셀,2020.06.21.,922
5671,질문과 대답(QnA),항암중 알벤다졸 복용 하니 설사가 나오는데 좋은 증상일까요?,띵오,2020.06.21.,609
5672,가입 인사,가입인사,선운,2020.06.21.,93
5674,질문과 대답(QnA),프라지콴텔 복용 후 일주일 후 재복용 할까요?,바로생각언릉,2020.06.21.,438
5675,이버맥틴자가임상후기,살아있는 생명체 배출,울릉도섬백리향,2020.06.21.,"1,273"
5676,질문과 대답(QnA),구충제드시면서 혈액검사? 간수치검사? 아무병원서 해주나요?,까꿍이아빠,2020.06.21.,482
5680,회원나눔(공짜는 아닙니다),메벤과 이버교환 가능할까여,남자폴,2020.06.21.,376
5681,자유게시판,이것도 기생충일까요?,가드니,2020.06.21.,757
5682,질문과 대답(QnA),통증이 없어졌다 다시 오신분 있나요?,우루사야,2020.06.21.,"1,185"
5683,가입 인사,안녕하세요,멀티쿨,2020.06.21.,145
5684,가입 인사,신입회원으로 등록되어 인사드립니다 ^^,올뚜기,2020.06.21.,184
5685,벤지미다졸 질문 게시판,폐암말기진단,인트로,2020.06.21.,877
5686,자유게시판,계속피곤해하세요ㅠ,봉이따님,2020.06.21.,900
5687,질문과 대답(QnA),프라지관텔복용법,화사함,2020.06.21.,572
5690,질문과 대답(QnA),급히 좀 물어봐요,별총총,2020.06.21.,766
5691,가입 인사,가입 인사,dhlee0820,2020.06.22.,123
5692,자유게시판,코미팜 회사 방문하여 청원서를 전달,dhlee0820,2020.06.22.,521
5695,자유게시판,안부,헤라,2020.06.22.,233
5696,가입 인사,반갑습니다,chww다엘,2020.06.22.,127
5697,질문과 대답(QnA),구충제 고용량복용중 저혈당,언니바라기,2020.06.22.,622
5698,질문과 대답(QnA),메벤다졸 어디서 구할 수 있을까요?,골드캔들,2020.06.22.,393
5700,자유게시판,제가 요즈음 억울하고 원통한 일을 겪고 있는 중에 의지하는 말씀과 부르는 찬양 공유 드립니다,니크바드새로미,2020.06.22.,510
5701,정보 공유,이버멕틴과 스타틴계열 약물의 복용에 대하여,설금홍,2020.06.22.,494
5702,질문과 대답(QnA),한번 봐주세요,아자아자,2020.06.22.,452
5705,가입 인사,인사드립니다~,믿음안에서,2020.06.22.,133
5706,질문과 대답(QnA),펜벤다졸 복용 첫시도인데요 용량은 어떻게..,우리엄마안아프길,2020.06.22.,380
5708,가입 인사,안녕하세요,에파둥,2020.06.22.,116
5709,가입 인사,간암말기환자 보호자입니다,에파둥,2020.06.22.,523
5710,자유게시판,커피관장후 나오는 ㅡ바이오필름(생물막),행복나무,2020.06.22.,"1,232"
5711,질문과 대답(QnA),커큐민 드시는 분들은 언제 복용하시나요?,산하,2020.06.22.,419
5712,질문과 대답(QnA),인디아마트?,골드캔들,2020.06.22.,954
5714,기생충사진공유,6개월째 -  알벤 이버 로 달리고있는데 그간 많은거 배출했어요,투게더투,2020.06.22.,"1,433"
5717,회원나눔(공짜는 아닙니다),메벤다졸(베트남 푸가카) 필요하신 분,루루,2020.06.22.,687
5718,가입 인사,인사드립니다,yangjaw,2020.06.22.,82
5719,가입 인사,말기암 환자 가족입니다.,동탄청룡,2020.06.22.,489
5721,질문과 대답(QnA),벤다졸이든 이버든 식후 바로 들기름과 먹어도 되죠?,비바,2020.06.22.,375
5722,신풍 생각,"제약회사등의 홍보성 기사, 판매홍보는 삭제합니다.",신풍생각,2020.06.22.,271
5725,질문과 대답(QnA),백혈구 수치가 더 떨어졌네요 구충제 잠시 중단해야겠죠?,초고속,2020.06.22.,619
5728,암 호전사례 정보,구충제 약간의 고용량복용후,Scd42110,2020.06.22.,"1,280"
5729,암 호전사례 정보,일반인의 구충제 복용 후 호전사례입니다.,배바다,2020.06.22.,"1,825"
5730,회원나눔(공짜는 아닙니다),펜벤다졸 커큐민 비타민e,엄마미빨리낫자,2020.06.22.,390
5731,가입 인사,인사 드립니다~~,위드3,2020.06.22.,79
5735,가입 인사,안녕하세요!,노을,2020.06.22.,94
5737,암 호전사례 정보,김철민씨 많이 건강해지셨네요,노스페이스 88,2020.06.22.,"1,057"
5738,유투브방송 링크나눔,우리의 건강 누가빼앗아갓는가?,건행만,2020.06.22.,237
5742,자유게시판,놈들에게 매운맛을 보여줬습니다.,하늘별섬,2020.06.22.,698
5743,가입 인사,안녕하세요 ~ 늦은 감이 있지만 가입인사드립니다.,썬바라기,2020.06.22.,618
5744,자유게시판,아참..저탄고지?,하늘별섬,2020.06.22.,523
5745,자유게시판,간청소 준비물 어찌 준비하셨나요?,뱃살공주,2020.06.22.,582
5746,질문과 대답(QnA),항암 주사 맞고 힘들어하시는데 면역주사? 비타민주사? 도움되나요?,까꿍이아빠,2020.06.22.,404
5747,기타 자가임상 후기,구충제로 항염 염증연고?에센스 오일 만들어봅니다.,달군,2020.06.23.,601
5748,질문과 대답(QnA),피검사에서 간수치 올랐을때 어떻게 해야 하나요?,kimsh7605,2020.06.23.,745
5749,기타 자가임상 후기,신장암 구충제 복용후 초음파 피검사 결과 후기,kimsh7605,2020.06.23.,"1,344"
5750,자유게시판,안부,헤라,2020.06.23.,235
5751,자유게시판,이버멕틴48mg과 96mg후기,헤라,2020.06.23.,"1,570"
5752,자유게시판,암환자 스트레스 받으면 안된다면서 스트레스 주는 대학병원들,하늘별섬,2020.06.23.,553
5753,질문과 대답(QnA),서울안에 있는 요양병원추천과 하이푸치료요.,하하맘,2020.06.23.,286
5754,자유게시판,폐암,ne0221,2020.06.23.,541
5755,담비,결장암_저용량날트렉손_2020년,담비,2020.06.23.,338
5758,자유게시판,장어중탕,ceyby2779335,2020.06.23.,196
5760,자유게시판,"의무기록, CD이런자료 좀 인터넷으로 병원끼리 공유됐음 좋겠네요",까꿍이아빠,2020.06.23.,232
5761,자유게시판,일본에서 피르니늄 3월달에 사온건데 포장지도 안뜯은상태입니다.,호박나라,2020.06.23.,377
5762,자유게시판,이거 기생충 맞나요? 사진 극혐,보석여왕,2020.06.23.,706
5763,회원나눔(공짜는 아닙니다),3%  과산화 수소,보호자 창원언니,2020.06.23.,332
5764,자유게시판,기생충 검사,봄빛,2020.06.23.,546
5767,질문과 대답(QnA),원래 항암하고 4~5주 후에 백혈구 수치가 떨어지나요?,초고속,2020.06.23.,525
5768,정보 공유,치아 벤다졸을 들어보셨나요 ??  아시는 분??,투게더투,2020.06.23.,360
5769,자유게시판,한달만에 도착했네요,무서유,2020.06.23.,706
5772,질문과 대답(QnA),간청소 꼭 해야하나요?,아자아자,2020.06.23.,726
5773,회원나눔(공짜는 아닙니다),모링가 유산균 원액,보호자 창원언니,2020.06.23.,291
5774,유방암,79세모친 유방암뼈전이 척추수술후 못걸으심,skystar4129,2020.06.23.,"1,071"
5775,자유게시판,환자들은 잘못먹어서 영양실조로 힘들죠,시골여자,2020.06.23.,516
5776,자유게시판,"감마e, 테라큐민은 어디서 사야 빠르게 사거나 저렴히 살수있나요?",까꿍이아빠,2020.06.23.,408
5778,질문과 대답(QnA),B형간염 간경화,숙위,2020.06.23.,518
5779,자유게시판,용량조절 ....제 경우지 말입니다.,하늘별섬,2020.06.23.,"1,083"
5780,암환우 자가임상 추천해 주세요,안녕하세요 간암 4기 폐전이 보호자입니다.,에파둥,2020.06.23.,650
5782,정보 공유,유산균 생균? 사균?,neareyes,2020.06.24.,288
5784,자유게시판,주문한 나타조사나이드 도착했네요,스테나,2020.06.24.,619
5786,자유게시판,안부,헤라,2020.06.24.,268
5787,자유게시판,비오는 아침..행복한 하루되세요,평강,2020.06.24.,282
5789,가입 인사,가입인사 드립니다.,농부의 꿈,2020.06.24.,100
5790,자유게시판,구충제 머리카락 빠지는약이 무엇인가요?,반디아,2020.06.24.,788
5792,기타 자가임상 후기,엑스레이 후기 사진 올립니다.,치료완료,2020.06.24.,"1,014"
5793,정보 공유,[암 기초지식공유] 암&middot;전이 검진 종합안내표,헤븐리 힐링,2020.06.24.,540
5794,가입 인사,가입인사드려요,콩모모,2020.06.24.,115
5795,질문과 대답(QnA),이버가 망가진 간을 고칠수 있을까요?,진인사대천명,2020.06.24.,938
5796,가입 인사,희망을 찾습니다.,seneral00,2020.06.24.,375
5797,기타 자가임상 후기,"복수가, 가스때문에 빵빵했던 배가 줄어들었어요!",초고속,2020.06.24.,"1,006"
5798,자유게시판,전에 글을 얼핏봤는데 기생충이 좋아하는,시골여자,2020.06.24.,611
5799,질문과 대답(QnA),간수치 상승으로 구충제 일시중단,JEON,2020.06.24.,915
5801,정보 공유,헤민(hemin) - 삼중음성유방암치료에 메트포르민과 함께,설금홍,2020.06.24.,389
5802,질문과 대답(QnA),유동식 추천부탁드려요,언니바라기,2020.06.24.,197
5803,자유게시판,오늘 검사결과 나왔어요~,말해줘,2020.06.24.,985
5805,이버맥틴자가임상후기,소아 뇌교신경교종 이버멕틴(24mg) 복용 후기,민도파,2020.06.24.,"1,498"
5806,자유게시판,니클로사마이드 복용법,yongsheng1986,2020.06.24.,"1,028"
5807,자유게시판,췌장암4기 간전이 고혈압 당뇨환자,췌장공부,2020.06.24.,666
5808,자유게시판,"게시글 제목을 입력하[영상] 장기화 코로나19‥두려움에 빠진 암 환자들 ""대책 마련""세요",dhlee0820,2020.06.24.,284
5809,자유게시판,피검사 결과 판독 부탁드립니다~,힘내11,2020.06.24.,451
5810,이버맥틴자가임상후기,6세 소아 뇌간교종 메벤+이버 임상후기,은솔이 아빠DIPG,2020.06.24.,"1,103"
5812,자유게시판,호주에서 찰리 테오,dhlee0820,2020.06.24.,287
5813,자유게시판,"게시포도당 편식하는 암세포, 갈락토스 만나면 죽는다 글 제목을 입력하세요",dhlee0820,2020.06.24.,185
5814,자유게시판,게시글 제목을 입력하담배를 피우지 않았더라도 만성폐쇄성폐질환(COPD)이세요,dhlee0820,2020.06.24.,134
5815,자유게시판,"게시비소세포폐암 표적치료제 개발, 다시 ‘날개’ 단다글 제목을 입력하세요",dhlee0820,2020.06.24.,204
5816,자유게시판,게시글 제목염증 발생 억제 인체 효소 새 기전 규명을 입력하세요,dhlee0820,2020.06.24.,239
5817,자유게시판,전에 올린 약구입처,하늘별섬,2020.06.24.,715
5818,질문과 대답(QnA),옴니쿠어 과립형 양 어떻게 맞춰서 먹지요?,열혈청년ㅎ,2020.06.24.,302
5819,자유게시판,바이오 필름들 엄청나게 나옵니다.(넘혐오감 줘서 사진 안찍음),한오백년,2020.06.25.,919
5820,자유게시판,안부,헤라,2020.06.25.,245
5821,이버맥틴,중국산 이버멕틴 도착,들잔디,2020.06.25.,783
5822,자유게시판,올해는  제대로 된   재즈참외를...,머름골농장봉화,2020.06.25.,185
5823,질문과 대답(QnA),염증이 많이 생겼데요,세상빛,2020.06.25.,638
5824,질문과 대답(QnA),비타민e,아빠힘내힘내자,2020.06.25.,382
5825,가입 인사,반갑습니다.,키쿠,2020.06.25.,167
5826,가입 인사,가입인사 드립니다.,ssamujang,2020.06.25.,89
5827,질문과 대답(QnA),혹시  안아파요tv 운영하시는분 신장암이신데 관해되셨잖아요,비바,2020.06.25.,693
5828,자유게시판,구충제 가격이 많이 내렸네요..,carming,2020.06.25.,"1,278"
5829,질문과 대답(QnA),갓메디 라는곳에서 구충제 구입하였는데 3개월 넘도록 무소식,세상빛,2020.06.25.,308
5830,가입 인사,편백친구,편백친구,2020.06.25.,167
5831,질문과 대답(QnA),니클로사마이드 복용법 좀 부탁드립니다.,바로생각언릉,2020.06.25.,576
5832,자유게시판,산딸기 무료로 따가세요~,궁을,2020.06.25.,581
5833,자유게시판,공기좋은곳에서 지네보세요,미룸,2020.06.25.,382
5834,자유게시판,암관련 정보에 방광암도 만들어 주세요.,몽치,2020.06.25.,151
5837,기생충사진공유,언제까지 나오려나?,Jin0,2020.06.25.,821
5838,질문과 대답(QnA),알벤다졸과 플루벤다졸의 차의점이 뭐죠?ㄷㆍㅣ,띵오,2020.06.25.,710
5840,가입 인사,안녕 하세요? 가입인사  드립니다,부산,2020.06.25.,146
5842,자유게시판,암환우의 첫여름,하늘별섬,2020.06.25.,361
5843,방광암,방광암 코너가 만들어 졌네요. 고맙습니다.,몽치,2020.06.25.,483
5844,질문과 대답(QnA),이버멕틴은 어디에 효과있나요?,건강찾기,2020.06.25.,788
5847,질문과 대답(QnA),처음 구충제 질문드립니다.,희망이사랑이,2020.06.25.,735
5849,자유게시판,Ct결과 나왔네여,남자폴,2020.06.25.,"1,101"
5850,질문과 대답(QnA),어머니 췌장에 혹이 있어서 아침/저녁 총2번 메벤다졸 500mg + 이버멕틴 24g 먹으십니다.근데 졸리다고하네요,기쌩충,2020.06.25.,622
5851,질문과 대답(QnA),스테로이드복용,미소랑,2020.06.25.,311
5852,자유게시판,펜벤다졸 작년 브릭에 올라온 전문가들 의견입니다..,겐도,2020.06.25.,784
5853,질문과 대답(QnA),&quot;아지스로마이신&quot; 어디서 구할수 있나요?,겹복사꽂,2020.06.25.,379
5856,자유게시판,상추.깻잎,ne0221,2020.06.26.,686
5857,자유게시판,카페의 의도를 잘 모르겠습니다. (필독해주시길),암을죽이자,2020.06.26.,"1,319"
5858,자유게시판,구충제와 msm 같이 복용해도  돼는지요?,suk1234055,2020.06.26.,524
5859,자유게시판,안부,헤라,2020.06.26.,230
5860,자유게시판,진짜 도움 되는 정보를 주는 글에는 좋아요 눌러보아요...,carming,2020.06.26.,374
5861,질문과 대답(QnA),이것도 바이오필름인가요?? 😱,초고속,2020.06.26.,749
5862,암 호전사례 정보,"구충제 2달 복용일지, ct결과",봉이따님,2020.06.26.,"2,110"
5863,벤지미다졸정보나누기,메벤다졸 구매 방법 문의,seneral00,2020.06.26.,535
5864,자유게시판,니클로사마이드 종류 문의,까꿍이아빠,2020.06.26.,624
5866,자유게시판,여러분 절대 스트레스 받지 마시고 즐거운 주말보내세요,hairu4457,2020.06.26.,256
5867,자유게시판,암.전이재발 종합검진표 ?,하늘별섬,2020.06.26.,448
5869,가입 인사,안녕하세요 가입했습니다.,사랑이엄마,2020.06.26.,86
5870,가입 인사,안녕하세요.,히말,2020.06.26.,85
5871,가입 인사,가입인사 올립니다.,아루나,2020.06.26.,93
5872,자유게시판,하리소(hjhy****) 님 쪽지좀 보아주세요,분홍앵초,2020.06.26.,428
5875,질문과 대답(QnA),구충제 복용때문에 질문이 있습니다.,마유미,2020.06.26.,422
5876,질문과 대답(QnA),담도폐쇄시 가능한 구충제는 뭔가요?,빼미,2020.06.26.,428
5877,자유게시판,[[품절입니다]] 자연재배 당근 필요하신분 손드세요~,궁을,2020.06.26.,452
5878,강직성 척추염(척수염),인도 직구 한 이버/니타가   이제 도착했습니다,투게더투,2020.06.26.,554
5879,설금홍,[논문] 소아 중추 신경계 신 생물에서 혈액 뇌 장벽의 특성-BBB 파괴???,설금홍,2020.06.26.,311
5881,질문과 대답(QnA),간수치 중 GGT 만 엄청 높아요...,진인사대천명,2020.06.26.,491
5882,자유게시판,내가 아는 카페의도....,하늘별섬,2020.06.26.,738
5883,가입 인사,안녕하셔요,환우엄마,2020.06.26.,235
5884,질문과 대답(QnA),복용 2주차 문의드립니다.,천니뉴,2020.06.26.,336
5885,기타 자가임상 후기,췌장암3기 아산병원 다녀왔습니다.,귤션겸 마미,2020.06.26.,"1,240"
5886,질문과 대답(QnA),pet ct 전에 구충제  복용해보신분 계실까요?,희망이사랑이,2020.06.26.,403
5887,보관창고,"폐암 4기 70대 환자, 2년 동안 항암제 임상 시험 참여했는데…",dhlee0820,2020.06.26.,513
5888,질문과 대답(QnA),알벤 복용 3일차 설사 증상,seneral00,2020.06.26.,394
5889,담비,베르베린003-침습전이-미세환경-항염증-538,담비,2020.06.26.,319
5891,암 관해사례 정보,안아파요tv 간암 관해 사례,에벤에셀,2020.06.26.,966
5892,이버맥틴자가임상후기,정림박tv  32회차  이버멕틴후기,헤라,2020.06.26.,720
5893,질문과 대답(QnA),이게뭘까요,달님별,2020.06.27.,489
5894,질문과 대답(QnA),구충제 흡수율 높일때요,노스페이스 88,2020.06.27.,769
5895,암환우 자가임상 추천해 주세요,유방 육종암 폐전이 약복용 추천 꼭 좀 부탁드립니다.,추추랑 아리,2020.06.27.,563
5897,자유게시판,당뇨약과 알벤다졸 ᆢ,된다된다,2020.06.27.,433
5898,자유게시판,안부,헤라,2020.06.27.,184
5899,자유게시판,이버맥틴 용량,남자폴,2020.06.27.,837
5900,유투브방송 링크나눔,신풍생각선생님  오랜만에 구충제소식,헤라,2020.06.27.,"1,053"
5901,가입 인사,안녕하세요?  반갑습니다.,환I생명나무,2020.06.27.,134
5904,이버맥틴자가임상후기,체중 40kg. 이버맥틴 36mg 시작,웃는돌땡이,2020.06.27.,"1,064"
5905,가입 인사,가입하고 싶어요,kjss5001,2020.06.27.,107
5906,자유게시판,이버멕틴과 니클로사마이드의 코로나19 효과 입증됨,호호세,2020.06.27.,533
5907,자유게시판,엊그제 지혈실수로 피를 많이 흘리고,시골여자,2020.06.27.,333
5908,암에대한통합정보,뒤늦게 항암구충제하시는 분들을 위한 정보-구충제소식_2020.6.25,신풍생각,2020.06.27.,"1,076"
5910,질문과 대답(QnA),비타민 고농도 정맥주사와 구충제,아이셋엄마,2020.06.27.,517
5911,구매정보게시판(물건배송확인후),인도에서주문한거 이제 곧오겠네요!!,와우와우 쩝,2020.06.27.,543
5912,자유게시판,초음파세척기 쓰시는분 .좋은거 추천 좀 해주세요.,시골여자,2020.06.27.,276
5913,가입 인사,가입 인사 드립니다.,Hnephi,2020.06.27.,130
5916,질문과 대답(QnA),이버멕틴 복용시 질문입니다.(전이암),그린마일,2020.06.27.,712
5917,질문과 대답(QnA),운동하는 방법 질문 좀 드립니다,우루사야,2020.06.27.,305
5918,강직성 척추염(척수염),기생충배출.  니타. 어제오늘. 복용후ㅡ배출,투게더투,2020.06.27.,"1,073"
5919,자유게시판,이트라코나졸복용법궁금합니다,행복한삶,2020.06.27.,602
5920,질문과 대답(QnA),말기대장암,신실,2020.06.27.,542
5921,자유게시판,매너사진좀 올려주시면...,함께하는 아침,2020.06.27.,573
5922,질문과 대답(QnA),대장암 4기 간전이,카운터사이드,2020.06.27.,484
5923,니클로사미드,니클로사미드의 흡수율을 높이는 방법,신풍생각,2020.06.27.,"3,033"
5925,자유게시판,ct결과 실망후 용량 증량,야생화처럼,2020.06.27.,806
5926,가입 인사,유방암 4기 전이환자 입니다,도하은빠l유방암l환,2020.06.27.,"1,843"
5927,질문과 대답(QnA),"니타조, 이버, 니클로 복약법?",스트롱맨,2020.06.27.,586
5928,자유게시판,"""진화 과정서 새 무기 장착…일부 암 치료제, 촉수생성 차단""",dhlee0820,2020.06.27.,351
5929,자유게시판,이버멕틴이 아직 폐암에 효과를 보지 못했다며....,사당곰,2020.06.27.,"1,349"
5930,자유게시판,이버멕틴 복용중 질문 있어요..,드림걸즈77,2020.06.28.,587
5933,자유게시판,안부,헤라,2020.06.28.,198
5936,자유게시판,&#65279;자연재배(탄소순환농법) 양파 판매합니다(10키로매진),궁을,2020.06.28.,236
5937,질문과 대답(QnA),리포조말 비타민c,희망과꿈,2020.06.28.,404
5939,유투브방송 링크나눔,정림박tv33일차 이버멕틴후기,헤라,2020.06.28.,447
5942,질문과 대답(QnA),기운이 없다고 해서요,마유미,2020.06.28.,362
5943,자유게시판,머위뿌리즙 구해요,미스치,2020.06.28.,239
5944,질문과 대답(QnA),미만성 거대B세포 림프종 4기 구충제 조언부탁드립니다.,오년만 더,2020.06.28.,267
5945,질문과 대답(QnA),대장암 하행 s장 절제 수술 후 커피 관장 문의드립니다.,된다하면된다,2020.06.28.,209
5946,자유게시판,이버 복용중입니다~,별님처럼,2020.06.28.,336
5947,유투브방송 링크나눔,"[폐암, 위암, 신부신암] 3개의 암.. 3개월 선고.. 그러나 몇년째 건강하게 사는 비결",Daniel,2020.06.28.,492
5949,질문과 대답(QnA),ct촬영 있으면 구충제 복용 하루이틀 건너뛰시나요?,까꿍이아빠,2020.06.28.,339
5950,자연치유.민간요법,상황버섯보다 4배의 항암효과 마늘껍질...,신풍생각,2020.06.28.,791
5951,설금홍,이버멕틴과 뇌혈관장벽 : P-GP의 기능과 관련논문3편,설금홍,2020.06.28.,644
5952,가입 인사,가입인사드립니다^^,호두호듀,2020.06.28.,62
5953,자연치유.민간요법,췌장암 얼씬도 못하게 하는 음식 -건강뉴스 한쌤,신풍생각,2020.06.28.,600
5954,질문과 대답(QnA),구충제 요법 추천 받고 싶습니다,효자동,2020.06.28.,234
5955,폐암,"소세포폐암 뇌, 간, 림프전이 이십니다",예민아씨,2020.06.28.,"1,229"
5956,질문과 대답(QnA),프라지콴텔 복용 후,딱지맘,2020.06.28.,952
5958,가입 인사,가입인사드립니다,던킨,2020.06.28.,109
5959,정보 공유,복용 한달반 되었습니다,여나,2020.06.28.,860
5962,질문과 대답(QnA),항암과 구충제 효과에 대해 질문드립니다.,카운터사이드,2020.06.28.,413
5963,유방암,이버부작용,skystar4129,2020.06.28.,"1,621"
5965,유투브방송 링크나눔,[담도암 완치 비결] 수술해도 가망이 없다고 했는데 자연치유로 완치하다?!,Daniel,2020.06.28.,699
5966,가입 인사,안녕하세요.,카운터사이드,2020.06.28.,113
5968,자유게시판,니클 흡수율 높이기위한  시클로덱스트린,carming,2020.06.28.,386
5969,질문과 대답(QnA),코에서 이런게 나왔어요(비위 않좋으신분들 패스해 주세요),한오백년,2020.06.28.,543
5972,자유게시판,자연재배(탄소순환농법) 양파 판매합니다,궁을,2020.06.28.,255
5974,가입 인사,가입인사 드립니다,채송화7,2020.06.28.,98
5975,자유게시판,니클로사마이드와 이버멕틴 같이 복용 가능한가요??,freejet,2020.06.28.,767
5976,자유게시판,우루사함께 복용,ne0221,2020.06.28.,594
5977,유투브방송 링크나눔,지혜와성실님과  안아파요tv님 담화,헤라,2020.06.29.,645
5978,자유게시판,안부,헤라,2020.06.29.,267
5979,자유게시판,더이상 할게 없다,류나,2020.06.29.,892
5980,질문과 대답(QnA),구충제 드시고  몸에서 구충 나오신분들은 그 다음 CT 결과가 좋나요?,리리안란,2020.06.29.,618
5983,자유게시판,3년만에 당근재배 성공,궁을,2020.06.29.,273
5984,자유게시판,"아랫글 "" 이 카페가 기생충 카페인가요?"" 댓글 못달게 설정했네요",대전소생,2020.06.29.,786
5988,자유게시판,이런증상은 어떻게 해야하나요..두려움이 앞서네요,반디아,2020.06.29.,526
5990,자유게시판,기생충 배출 사진에 대해,말콥,2020.06.29.,860
5992,질문과 대답(QnA),코에서 나오는 이것 기생충일까요?,레이선,2020.06.29.,"1,769"
5994,질문과 대답(QnA),구충제 고용량 복용후 간수치 상승,또롱,2020.06.29.,"1,115"
5996,가입 인사,안녕하세요7,완치만을,2020.06.29.,182
5997,자유게시판,23일차입니다,우루사야,2020.06.29.,775
6000,가입 인사,좋은 정보 감사 합니다.,가자가자,2020.06.29.,221
6001,자유게시판,이버멕틴 복용 후 머리 가려움에 대하여,몽치,2020.06.29.,909
6005,질문과 대답(QnA),암이 전이 되면,건강찾기,2020.06.29.,609
6006,자유게시판,어머니가 급격히 안좋아 지시네요,카밀,2020.06.29.,986
6008,가입 인사,이버맥틴 봐 주세요~,러키,2020.06.29.,747
6009,자유게시판,마늘 양파 껍질 드시는거에 대한 개인적인 의견,가태파파,2020.06.29.,573
6010,유투브방송 링크나눔,"위암 수술 후 간암, 담도암으로 전이.. 그런데 이 6가지가 살렸다?!",Daniel,2020.06.29.,517
6011,자유게시판,라무몰 니타조사나이드 ~~,솔방울,2020.06.29.,"1,166"
6012,자유게시판,담도암 수술 후 간암 전이? 여러분의 경험이나 의견 부탁드립니다,hairu4457,2020.06.29.,232
6013,질문과 대답(QnA),췌장암 수술후 구충제 복용관련.,치카치카 이종윤,2020.06.29.,290
6015,자유게시판,이러게 비가 험하게와도~~~,미룸,2020.06.29.,356
6017,구매정보게시판(물건배송확인후),구매대행사이트 에서 이버라스트라는 제품구입,유예생,2020.06.29.,734
6018,자유게시판,코로나19 바이러스 '뇌 손상' 유발...사이토카인 폭풍 때문,dhlee0820,2020.06.29.,260
6019,자유게시판,니클로사마이드 씹으니까 딱딱한것이,시골여자,2020.06.30.,702
6020,질문과 대답(QnA),대장암 식단 질문 드립니다.,카운터사이드,2020.06.30.,276
6022,질문과 대답(QnA),단핵구만 변했어요,꿀꿀이2,2020.06.30.,457
6023,자유게시판,카페의 긴장감이 너무 팽팽합니다,궁을,2020.06.30.,"1,237"
6024,기타 자가임상 후기,방광염 임상 후기,에벤에셀,2020.06.30.,617
6025,자유게시판,안부,헤라,2020.06.30.,225
6028,자유게시판,기생충 사진 과 꽃사진,하늘별섬,2020.06.30.,544
6029,담비,파클리탁셀과 퀘르세틴 병용시 권고,담비,2020.06.30.,218
6030,질문과 대답(QnA),피검사 결과지 해석 도와주실분 계신가요?,까꿍이아빠,2020.06.30.,768
6031,기타 자가임상 후기,오랫만에 후기입니다.(항암구충제 8주차),썹2,2020.06.30.,"1,405"
6035,기생충사진공유,배출 추정 기생충 광동주혈선충,말콥,2020.06.30.,"1,060"
6037,정보 공유,이버멕틴과 마조띠 반응(Mazzotti reaction),말콥,2020.06.30.,"1,310"
6038,질문과 대답(QnA),내 상황 폐암4기(비소세포선암뼤전이암)입니다,직지거사,2020.06.30.,794
6039,암 관해사례 정보,세브란스에서 조직검사 결과 완전관해판정,신풍생각,2020.06.30.,"3,238"
6040,자유게시판,보건소혈액검사...2020-0629,조은데이,2020.06.30.,919
6042,자유게시판,기침.흉수..,뱃살공주,2020.06.30.,618
6043,회원나눔(공짜는 아닙니다),완료,썹2,2020.06.30.,655
6044,기생충사진공유,우리카페에서 생각하는 기생충..,신풍생각,2020.06.30.,"1,436"
6046,자유게시판,팔레오 노니쥬스,댕기,2020.06.30.,227
6047,자유게시판,녹즙과 기생충,내모든것,2020.06.30.,656
6048,자유게시판,비타민E 어떤제품으로 구매하면 되는지요?,믿음안에서,2020.06.30.,374
6049,질문과 대답(QnA),유방암 치료 후 부작용에 대한 치료 문의합니다~,주바라기,2020.06.30.,653
6051,가입 인사,고맙습니다,Kkk,2020.06.30.,239
6053,질문과 대답(QnA),혈액검사 질문드립니다.,된다하면된다,2020.06.30.,216
6054,자유게시판,궁금증.. (6가지),한비야,2020.06.30.,918
6056,질문과 대답(QnA),이버맥틴과 메벤다졸,완치만을,2020.07.01.,753
6057,자유게시판,안부,헤라,2020.07.01.,221
6059,질문과 대답(QnA),아이들용 알벤다졸,가와인공,2020.07.01.,418
6060,질문과 대답(QnA),담낭 배액관 시술,카밀,2020.07.01.,258
6061,만성질환자가임상나누기,오랜만에 글 올립니다.^^,건강한 몸과 정신,2020.07.01.,"1,342"
6062,담비,식도편평세포암_이버멕틴_2020년,담비,2020.07.01.,432
6063,자유게시판,햇감자 판매완료. 햇양파 판매완료. 감사합니다.,궁을,2020.07.01.,335
6064,자유게시판,흡선 해보신분 계신가요?,반지2,2020.07.01.,345
6066,이버맥틴자가임상후기,"전립선암 4기,  펜벤다졸과 이버맥틴 복용중.",테일러,2020.07.01.,943
6068,자유게시판,이버맥틴 복용법 ?,부르할미,2020.07.01.,467
6069,회원나눔(공짜는 아닙니다),국내산  또는 인도산 이버멕틴 구합니다,초록빛,2020.07.01.,465
6072,암에대한통합정보,"위 내시경 진단 자료 보다가 고형 종양에 대한 평가가 있어 찾아 보았습니다. CR,PR,PD,SD",신풍생각,2020.07.01.,320
6076,자유게시판,폐색전증일때는..어떤구충제를.복용하는게 나을까요,보배맘,2020.07.01.,296
6077,자유게시판,암이 약간 커졌다고 합니다,남자폴,2020.07.01.,804
6079,가입 인사,안녕하세요~소세포 폐암 확장기 전이암,희망을보자,2020.07.01.,220
6081,질문과 대답(QnA),동물용 이버맥틴 25mg 이것좀 봐주세요,이루리,2020.07.01.,719
6082,자유게시판,우수상 받았습니다^^ 꾸우벅^^,설금홍,2020.07.01.,661
6084,자유게시판,이버멕틴 12mg 60정 판매가 그대로 드리겠습니다.,전자과오,2020.07.01.,692
6085,유투브방송 링크나눔,암환자들이 꼭 해야하는 것,Daniel,2020.07.01.,568
6086,질문과 대답(QnA),당근볶음이 어디에 좋은가요?,까꿍이아빠,2020.07.01.,340
6087,설금홍,"이버멕틴,벤즈이미다졸,니크로사마이드,나타조사나이드 항암기전과 기타 요약정리",설금홍,2020.07.01.,"1,861"
6088,기타 자가임상 후기,피검사수치 첨부합니다.(항암구충제 8주차),썹2,2020.07.01.,"1,103"
6090,자유게시판,제 몸의 기생충입니다,짱버핏,2020.07.01.,"1,839"
6091,자유게시판,인디아마트 구매대행종료,carming,2020.07.01.,911
6093,자유게시판,Liver Fluke(간흡충)에 대하여..,드림걸즈77,2020.07.01.,"1,598"
6095,자유게시판,발암  기생충(위키),말콥,2020.07.01.,904
6099,기생충사진공유,( 내용 펑),보석여왕,2020.07.01.,881
6101,자유게시판,안부,헤라,2020.07.02.,197
6103,질문과 대답(QnA),어머니 소뇌 뇌종양 수술 후 준중환자실로 이동했습니다.,바다마음,2020.07.02.,414
6105,회원나눔(공짜는 아닙니다),네이버에서 아래 글들을 삭제 했어요.. 우리 카페 스텝이 삭제한것이 아닙니다.,신풍생각,2020.07.02.,833
6107,이버맥틴자가임상후기,흑미충이 나왔네요.,테일러,2020.07.02.,"1,089"
6108,간암,간암4기  이렇게복용하고 있습니다.,간지킴이,2020.07.02.,"1,111"
6109,질문과 대답(QnA),시클로덱스트린 사용하시는분,노스페이스 88,2020.07.02.,138
6110,위암,오늘 ct결과 보고왔습니다 판독 가능하신분 판독 부탁드립니다,검지척척,2020.07.02.,788
6111,가입 인사,가입인사,밀키스,2020.07.02.,45
6112,가입 인사,안녕하세요,3년동기화,2020.07.02.,71
6113,자유게시판,고령인 분도 구충제 효과가 있을까요,밀키스,2020.07.02.,424
6114,자유게시판,이버멕틴에 대한 좋은 글이 있어,겐도,2020.07.02.,895
6115,자유게시판,혈압 떨어지신분 있나요?,구암스토커,2020.07.02.,336
6118,자유게시판,알ㅂㄷㅈ 100정 여유 있어서요(완료),밀키스,2020.07.02.,319
6121,자유게시판,"담도암, 간 전이 향후 계획 여러분들의 의견이 꼭 필요합니다",hairu4457,2020.07.02.,276
6123,질문과 대답(QnA),림프종 뇌종양,혜연,2020.07.02.,512
6124,가입 인사,잘부탁 드립니다.,굿파더,2020.07.02.,92
6125,자유게시판,항암을 고민하신다면 .....,행복나무,2020.07.02.,592
6126,자유게시판,병원에서 도망쳐나왔습니다.,하늘별섬,2020.07.02.,"1,334"
6128,질문과 대답(QnA),이 펜벤다졸이 정품맞나요? 그리고 복용량이 궁금해서요.,까꿍이아빠,2020.07.02.,398
6129,보관창고,화이자 급성 골수성 백혈병 치료제 EU서 승인,dhlee0820,2020.07.02.,112
6130,보관창고,"면역항암제, 병용 통해 ‘소세포폐암’으로 영역 넓힌다",dhlee0820,2020.07.02.,211
6131,자유게시판,펜벤다졸 구입 방법,짱스,2020.07.02.,511
6133,구매정보게시판(물건배송확인후),파나쿠어정500미리그람 있으신분들? 이버맥틴12미리와 교환도~,와우와우 쩝,2020.07.02.,229
6134,자유게시판,커큐민과 감마E 꼭 먹어야하나요?,사랑해아빠,2020.07.02.,591
6135,질문과 대답(QnA),리포조말 비타민c,우린이,2020.07.02.,332
6136,자유게시판,[영상] 안녕하세요 다래마을입니다,미룸,2020.07.02.,269
6137,질문과 대답(QnA),건강보조제 질문 드립니다.,카운터사이드,2020.07.02.,230
6138,질문과 대답(QnA),부작용 문의,하오이,2020.07.02.,450
6139,가입 인사,안녕하세요^^,제이와이피0423,2020.07.02.,114
6140,자유게시판,디스토시드 이틀 먹은 후 항문이 가려워죽겟네요ㅠㅠ,롱롱이닫,2020.07.02.,768
6144,질문과 대답(QnA),이버멕틴 눈에 들어가면 안되나요?,경가연연,2020.07.02.,588
6145,자유게시판,머름골농장  농장 토마토,머름골농장봉화,2020.07.02.,229
6149,자유게시판,어제 밤에 흡충 추정사진 올린거 펑 했습니다.,보석여왕,2020.07.03.,446
6150,자유게시판,배가 부글부글하거나 과민성대장 있을때..,드림걸즈77,2020.07.03.,456
6152,가입 인사,가입인사,나비효과1,2020.07.03.,74
6153,정보 공유,이버맥틴에 대한 정보와 참고사항..,신풍생각,2020.07.03.,"1,788"
6155,질문과 대답(QnA),구충제와 보조식품들에 대한 상호관련 여쭙습니다,산하,2020.07.03.,302
6156,기타 자가임상 후기,열 염증,에벤에셀,2020.07.03.,417
6157,자유게시판,안부,헤라,2020.07.03.,266
6160,이버맥틴,(이버멕틴)베트남산과  인도산  효과에  차이가  있나요?,완치,2020.07.03.,724
6161,가입 인사,가입인가 잘부탁합니다.,막골백수,2020.07.03.,131
6162,자유게시판,갈팡질팡 어려운 구충항암의 길,뱃살공주,2020.07.03.,"1,279"
6163,질문과 대답(QnA),이거 용량 좀 봐주세요,우루사야,2020.07.03.,573
6164,가입 인사,가입인사 드립니다,hsc1046,2020.07.03.,78
6166,가입 인사,가입인사 드립니다,gunswin,2020.07.03.,84
6169,강직성 척추염(척수염),6일째  새로운 거 배출 합니다,투게더투,2020.07.03.,804
6170,보관창고,그동안 감사했습니다.,여주 아줌마,2020.07.03.,160
6172,이버맥틴자가임상후기,고용량 이버멕틴호전사례,헤라,2020.07.03.,"2,262"
6173,가입 인사,인사드립니다.,박찬호,2020.07.03.,148
6174,질문과 대답(QnA),어머님이 대장암에 간전이 4기이십니다.,키자니아,2020.07.03.,587
6175,이버맥틴자가임상후기,아침 알벤1알 저녁 이버멕틴 한알 복용 2주차 (혐오),아이와나무,2020.07.03.,"1,272"
6176,자유게시판,암 환자들 식사 궁금해요,jasgil,2020.07.03.,704
6178,질문과 대답(QnA),베트남  이버멕틴과 메벤 구입햏는데요,비바,2020.07.03.,512
6179,자유게시판,개인적인 생각입니다.,노스페이스 88,2020.07.03.,859
6181,자유게시판,난소암 말기..,알버트,2020.07.03.,534
6185,자유게시판,난소암이 먹는 구충제,하늘별섬,2020.07.03.,"1,077"
6186,자유게시판,신풍님 흡수율 높이는 방법 코너 만들면 어떨까요,노스페이스 88,2020.07.03.,509
6187,질문과 대답(QnA),잘맞는사람도있고 아닌사람도있고,밝은생각,2020.07.04.,432
6189,자유게시판,다들 자가임상 하시는거니..,알랑짱구,2020.07.04.,422
6190,자유게시판,안부,헤라,2020.07.04.,155
6191,자유게시판,용량이 궁금해요,뱃살공주,2020.07.04.,469
6192,담비,베르베린004-항산화-면역치료-microRNA,담비,2020.07.04.,321
6193,자유게시판,"""여주아줌마""님 소식 아시는 분 쪽지좀 부탁드리겠습니다.",대전소생,2020.07.04.,"1,079"
6194,자유게시판,벌레 먹은 고추,머름골농장봉화,2020.07.04.,272
6195,정보 공유,고주파 온열치료. 도움이 되나요?,테일러,2020.07.04.,707
6196,유투브방송 링크나눔,정림박tv 39일차 이버멕틴후기,헤라,2020.07.04.,561
6197,이버맥틴자가임상후기,항암구충제 39회 자가임상 후기,둥둥파,2020.07.04.,"1,038"
6199,이버맥틴자가임상후기,지난주CT찍고 결과나왔네요.,주나모,2020.07.04.,"1,435"
6203,질문과 대답(QnA),디스토시드 복용량좀 알려주세요^^,이즈,2020.07.04.,289
6205,자유게시판,제발~~ 사기광고에 낚이지 마세요. 더운데 더 더워~!,분홍앵초,2020.07.04.,632
6206,자유게시판,ALP 좀 봐주세요.,주나모,2020.07.04.,311
6207,기생충사진공유,소변 후에 보이네요 뭘까요?,에벤에셀,2020.07.04.,"1,056"
6208,기타 자가임상 후기,구토와 관련하여 내용 안내 드립니다,치료완료,2020.07.04.,372
6209,암 호전사례 정보,자궁경부암  호전사례  이버 고용량,헤라,2020.07.04.,"1,181"
6216,질문과 대답(QnA),황달 호전되신분 있을까요?,초고속,2020.07.04.,542
6217,자유게시판,난소암 항암구충관련 문의드립니다^-^,감사의 기적,2020.07.04.,390
6220,자유게시판,천연구충제라네요,댕기,2020.07.04.,609
6221,신풍 생각,논란이 되는 글은 스텝분들 삭제 바랍니다.,신풍생각,2020.07.04.,556
6222,자유게시판,위암4기입니다 도와주세요,힘내11,2020.07.04.,597
6223,자유게시판,또 다음은 뭘까,너구리님,2020.07.04.,513
6225,질문과 대답(QnA),펜벤다졸 성분 있는 두 종류 약 효과차이는 없는건가요?,까꿍이아빠,2020.07.04.,484
6226,질문과 대답(QnA),췌장암4기 간전이 항암실패 신약주사,행복해줘,2020.07.04.,398
6227,신풍 생각,카페운영 공지사항,신풍생각,2020.07.04.,"5,137"
6228,이버맥틴,이버멕틴 부작용,청정한,2020.07.04.,"2,466"
6229,질문과 대답(QnA),검은 변 문의드립니다.,된다하면된다,2020.07.04.,520
6230,가입 인사,가입인사 드려요.,kiya1230,2020.07.04.,84
6232,보관창고,운영진 분들만 봐주시고 보관함으로 이동 바랍니다.,말콥,2020.07.04.,30
6233,자유게시판,"꼭 좀 부탁드려요,,",혈소판itp,2020.07.05.,307
6234,가입 인사,반갑습니다.,꽁명,2020.07.05.,114
6235,폐암,소세포 확장기 항암+구충후 첫 피검사 결과,예민아씨,2020.07.05.,674
6236,보관창고,잠시 동안 카페 신규 가입을 중지하겠습니다.,신풍생각,2020.07.05.,942
6237,이버맥틴자가임상후기,"흡수율, 혈중농도, 오늘  이버멕틴",꿀꿀이2,2020.07.05.,723
6238,자유게시판,어제 아침에 몸상태 안좋아 식소다 먹고 점심에 알벤 4알먹고,시골여자,2020.07.05.,453
6239,자유게시판,암환자 야채믹스칩.. 먹어도되나요?,추추랑 아리,2020.07.05.,310
6240,자유게시판,손에  난 사마귀 치유 되시라고 올립니다,산하,2020.07.05.,554
6241,정보 공유,암통증,남서방,2020.07.05.,528
6242,자유게시판,안부,헤라,2020.07.05.,233
6244,자유게시판,유방암 4기 뼈 폐 간 전이,4기자연치유,2020.07.05.,894
6245,질문과 대답(QnA),약먹은지15일경과,직지거사,2020.07.05.,550
6246,자유게시판,"여러가지 질병을 갖고 있어서, 구충제 요법을 돌아가면서 하고 있는 요즈음",니크바드새로미,2020.07.05.,660
6247,질문과 대답(QnA),항암하시는분들은 보통 그기간 구충제 드시나요? 중단하시나요?,까꿍이아빠,2020.07.05.,416
6248,질문과 대답(QnA),미만성 거대 b-세포림프종 치료 도와주세요ㅠ,창원 희망,2020.07.05.,310
6249,이버맥틴자가임상후기,저 대장과에  가봐야 할까요? (극혐오),아이와나무,2020.07.05.,858
6250,자유게시판,내가 '그들'이라면...,궁을,2020.07.05.,614
6251,질문과 대답(QnA),유럽산 메벤다졸 복용량(내용 수정),키자니아,2020.07.05.,401
6253,자유게시판,태국 의약품  구매대행 사이트 소개드려요,조뜽쓰,2020.07.05.,489
6254,가입 인사,반갑습니다.,엄마딸,2020.07.05.,212
6257,이버맥틴자가임상후기,고용량 복용중 암수치 절반 가까이 떨어지고,리모컨,2020.07.05.,"1,259"
6261,기타 자가임상 후기,B17,임한성 입니다,2020.07.05.,366
6263,니타조사나이드,니타조사나이드의 모든것 ver1.0,설금홍,2020.07.05.,"1,727"
6264,질문과 대답(QnA),"메벤다졸 : 유럽형 100mg, 동남아형 푸가카 500mg?",스트롱맨,2020.07.05.,342
6265,신풍 생각,외롭지 않는 자가임상...,신풍생각,2020.07.05.,"1,442"
6266,질문과 대답(QnA),구충요법시 죽는 기생충 독소가 있다면 어떤약을 먹어야하나요,까꿍이아빠,2020.07.05.,665
6267,유방암,기침이 두달째    숨도 가쁘고,라일락꽃내음,2020.07.05.,"1,245"
6268,정보 공유,알벤다졸800mg과 이버맥틴24mg면 살릴수 있었던 한 청년의 다리,에벤에셀,2020.07.05.,809
6269,질문과 대답(QnA),"어머니 소뇌 종양, 구충제 주사로 공급 가능한가요?",바다마음,2020.07.05.,331
6270,자유게시판,피부묘기증 원인ㅡ기생충 감염이란 글 발견,행복나무,2020.07.05.,"1,151"
6273,질문과 대답(QnA),어머니,혜연,2020.07.05.,848
6274,질문과 대답(QnA),교모세포종 수술 후 구충제 먹는시기 언제가 좋을까요?,엄마딸,2020.07.05.,311
6275,자유게시판,MSM 다른거보다 함량이 높은거 같은데 이거드셔보신분 계신가요?,carming,2020.07.05.,442
6277,자유게시판,변비에 비타민C 좋아요,유예생,2020.07.06.,281
6279,유투브방송 링크나눔,정림박tv이버멕틴41회차후기,헤라,2020.07.06.,526
6280,자유게시판,안부,헤라,2020.07.06.,190
6282,자유게시판,멸충은 항암을 보장하나?,궁을,2020.07.06.,633
6283,기생충사진공유,니타조 하루 세번 복용후 ㅡ검은깨보다 작은 크기 발견,행복나무,2020.07.06.,"1,111"
6285,질문과 대답(QnA),고용량 이버맥틴먹다가 하반신마비온 사례 진짠가요?,기쌩충,2020.07.06.,"1,299"
6287,가입 인사,인사드립니다,wnsgus725,2020.07.06.,169
6289,자유게시판,니클로사마이드 관련 기사,알랑짱구,2020.07.06.,774
6290,질문과 대답(QnA),구충제를 가루내서 드시면 보관은?,스트롱맨,2020.07.06.,308
6291,가입 인사,안녕하세요 많은 도움좀 부탁드릴게요,k751217,2020.07.06.,257
6293,가입 인사,가입 인사 드려요,딥블루,2020.07.06.,73
6294,보관창고,보관함,말콥,2020.07.06.,33
6295,질문과 대답(QnA),구매대행 가격이...,딥블루,2020.07.06.,"1,251"
6299,기타 자가임상 후기,니타조사나이드 25일차 후기,일뭉,2020.07.06.,"2,074"
6300,질문과 대답(QnA),커큐민가격,안경,2020.07.06.,290
6301,자유게시판,니클로사마이드와 통증,노스페이스 88,2020.07.06.,645
6302,기타 자가임상 후기,딸아이 유방암 수술 및 폐전이 수술 후 첫 정기 검진,평강,2020.07.06.,"1,065"
6303,질문과 대답(QnA),몰라서 여쭤봅니다.,혜연,2020.07.06.,625
6304,기타 자가임상 후기,기운이 없다고 합니다..,마유미,2020.07.06.,530
6305,가입 인사,가입인사 드려요,비니쓰더테이블,2020.07.06.,88
6306,질문과 대답(QnA),몸무게가 늘어나는것 같습니다,우루사야,2020.07.06.,518
6312,가입 인사,가입인사드립니다,강강,2020.07.06.,87
6313,질문과 대답(QnA),알벤다졸 복용방법문의,J4568,2020.07.06.,354
6314,자유게시판,안녕하세요. 육종암으로 인해 가입했습니다.,Sicario,2020.07.06.,299
6315,가입 인사,가입인사가 늦었습니다,초록,2020.07.06.,81
6317,질문과 대답(QnA),구충제 복용후에 체온이 오른거 같애요.,헵시바717,2020.07.06.,460
6318,자유게시판,혹시 구충제에 이온음료 타서 먹는건 어떨까요,노스페이스 88,2020.07.06.,348
6320,질문과 대답(QnA),가입한지 꽤 되어서 이제서야 인사드립니다.,바람,2020.07.06.,146
6322,질문과 대답(QnA),알벤다졸 한달 복용후,야호,2020.07.06.,737
6324,자연치유.민간요법,니클로사마이드 물에 잘 안녹네요.,우주아부지,2020.07.06.,495
6325,자유게시판,대체의학병원갔다왔습니다.,하늘별섬,2020.07.06.,833
6326,자유게시판,수술후 처음이지 말입니다.,하늘별섬,2020.07.06.,673
6327,가입 인사,너무 너무 반갑습니다,러뷰어거스트,2020.07.06.,463
6328,자유게시판,상상속의 평화~~~,미룸,2020.07.06.,213
6329,질문과 대답(QnA),혹시  양성종양  구충제로(알벤.이버등)없앤소식  들어보신분  계신가요?,완치,2020.07.06.,695
6331,자유게시판,"혈소판 감소증 약값이,,,청원 부탁드려요 ^^",소망나눔 혈소판itp,2020.07.06.,265
6332,질문과 대답(QnA),니클로사마이드 가루로 복용해야 하나요?,경가연연,2020.07.06.,423
6334,자유게시판,하루의 마침표,ne0221,2020.07.06.,296
6335,이버맥틴자가임상후기,엄마와 이모 이야기를 하려고 합니다,러뷰어거스트,2020.07.06.,"1,811"
6336,가입 인사,이버멕틴 10정 구합니다,이쁜허브,2020.07.07.,404
6337,기생충사진공유,오늘은 아침알벤1 저녁 파라캅정3알 복용후 (극혐오),아이와나무,2020.07.07.,945
6339,자유게시판,고용량복용과 부작용,궁을,2020.07.07.,"1,686"
6340,자유게시판,안부,헤라,2020.07.07.,274
6341,자연치유.민간요법,물에 잘 녹지않는 니클로사마이드,우주아부지,2020.07.07.,466
6343,자유게시판,지방종 만드는 기생충 아시는분?,쎈삥,2020.07.07.,438
6344,니타조사나이드,니타조사나이드와 c-Myc유전자,설금홍,2020.07.07.,598
6346,기타 자가임상 후기,펜벤다졸에서 알벤다졸로 바뀐후 배변양 증가.,테일러,2020.07.07.,"1,029"
6348,가입 인사,반갑습니다,Syaloon,2020.07.07.,71
6349,정보 공유,구충제 고함량 단기복용 VS 저함량 장기복용,러뷰어거스트,2020.07.07.,"1,322"
6351,질문과 대답(QnA),"니클로사마이드, 니타조사나이드, 이버멕틴, 3-ON, 4-OFF하면?",스트롱맨,2020.07.07.,567
6352,자유게시판,이렇게하면 큰일납니다. 커피관장이야기,4기자연치유,2020.07.07.,"1,248"
6354,자유게시판,한달전 주문한 인도산 용병 오눌 도착했네욧,달군,2020.07.07.,723
6355,질문과 대답(QnA),처방전약 구입안하면,노스페이스 88,2020.07.07.,313
6358,질문과 대답(QnA),중국산 구충제,바람,2020.07.07.,730
6359,가입 인사,가입인사 드려요..,햇살좋은 날,2020.07.07.,75
6360,자유게시판,커피관장 할때 이버나 알벤  녹여서 하면?,댕기,2020.07.07.,469
6361,자유게시판,알칼리수 정수기?,번쩍번쩍 빛나는,2020.07.07.,336
6362,질문과 대답(QnA),니클로와 이버 복용법차이 아시는분?,건강찾기,2020.07.07.,706
6364,기타 자가임상 후기,니타조사나이드후기,푸른바다,2020.07.07.,930
6365,가입 인사,난소암4기치료중,gkstnswhd,2020.07.07.,311
6366,질문과 대답(QnA),과산화수소  암.종양  사멸목적으로  피부에  바르시는분  계신가요?,완치,2020.07.07.,354
6367,자유게시판,췌장암 환자,멜번크릭,2020.07.07.,742
6368,자유게시판,오늘 마그밀 간청소 함 해보려고 하는데요..,아이와나무,2020.07.07.,374
6370,질문과 대답(QnA),티아벤다졸 (Tiabendazole),혜연,2020.07.07.,444
6371,가입 인사,어머님이 폐암4기,모든암정복,2020.07.07.,344
6372,자유게시판,생에 첫출산 ?,너구리님,2020.07.07.,464
6373,자유게시판,니타복용 8주차 c형간염2형 치료가 않됬네요..,상대원,2020.07.07.,489
6374,가입 인사,인사드립니다,오징어칩,2020.07.07.,88
6377,질문과 대답(QnA),첨이라서요~~방법이없을까요?,놀러와,2020.07.07.,441
6378,자유게시판,이버맥틴 확인 부탁해요,돌고래,2020.07.07.,666
6380,이버맥틴자가임상후기,2부 입니다 (엄마와 이모 이야기를 하려합니다),러뷰어거스트,2020.07.07.,"1,952"
6382,자유게시판,간수치검사했어요. 참 이상한 결과 같습니다,아빠는내가살린다,2020.07.08.,"1,008"
6383,회원나눔(공짜는 아닙니다),중국산 이버멕틴5mg(판매완료),언니바라기,2020.07.08.,343
6384,가입 인사,안녕 하세요 아내가 만성 골수성 백혈병입니다,붕어입니다,2020.07.08.,285
6385,자유게시판,[공유] 암세포만 끝까지 추적해 잡아 먹는 항암 면역치료법 나왔다,상대원,2020.07.08.,526
6386,질문과 대답(QnA),이증상이 뭔지 모르겠네요.,하늘별섬,2020.07.08.,699
6387,기타 자가임상 후기,구충제 처음 복용 하시는 분에게 경험담 올려봅니다,kimsh7605,2020.07.08.,"2,072"
6388,자유게시판,안부,헤라,2020.07.08.,218
6389,기타 자가임상 후기,출근하며 대단한 뉴스를 보았습니다.,테일러,2020.07.08.,984
6390,자유게시판,(마그밀 )어제  간청소 했는데요...,아이와나무,2020.07.08.,919
6392,질문과 대답(QnA),네덜란드산 이버맥틴,놀러와,2020.07.08.,400
6393,회원나눔(공짜는 아닙니다),메벤.니클로.펜벤.젤콤있어요.,이천댁런런어뭉,2020.07.08.,490
6395,질문과 대답(QnA),베트남 이버멕틴 6mg와 인도산 이버멕톨 12mg 약효능은 같나요?,까꿍이아빠,2020.07.08.,839
6396,회원나눔(공짜는 아닙니다),이버맥틴 구해봅니다.,엄마딸,2020.07.08.,381
6397,가입 인사,알벤다졸로 4개월째 가족 케어하고 있습니다.,마음밭,2020.07.08.,491
6398,자유게시판,이모와 저희 가족 사용하는 오일... (무료나눔),러뷰어거스트,2020.07.08.,968
6400,기타 자가임상 후기,건강하게 맞이하는 47살의 생일,행복나무,2020.07.08.,"1,399"
6402,정보 공유,"구충제 복용 후 증가한 피로도와 무기력증, 수면, 우울감에 대한 진실",러뷰어거스트,2020.07.08.,"1,186"
6403,이버맥틴자가임상후기,이버멕틴 7일 복용후 피부발진이 생겼어요. 지나가는 과정일까요?,엄마꼭살린다,2020.07.08.,"1,143"
6404,이버맥틴자가임상후기,초음파 검사결과 나왔네요,노스페이스 88,2020.07.08.,954
6405,질문과 대답(QnA),구충제 약효가 영양제.건강보조제 기능에 영향을 끼칠 지?,스트롱맨,2020.07.08.,250
6406,정보 공유,천연오일 관련 연락처 받으신 분들 읽어주세요ㅠㅠ,러뷰어거스트,2020.07.08.,966
6407,자유게시판,간 ..청소후.. 이것도 나왔어요..(혐오),아이와나무,2020.07.08.,593
6408,질문과 대답(QnA),관장만 하게 돼요,제천사람,2020.07.08.,658
6409,자유게시판,유방암 다발성간전이..,뚜루맘,2020.07.08.,426
6411,회원나눔(공짜는 아닙니다),인테그라티브 커큐민 구해봐요 ~,인생은추입이라,2020.07.08.,144
6412,자유게시판,알벤 이버 에센스 만들기,행복나무,2020.07.08.,550
6413,이버맥틴자가임상후기,판독좀 부탁드려요,노스페이스 88,2020.07.08.,383
6414,자유게시판,하루 일과 (주절 주절),둥둥파,2020.07.08.,282
6417,회원나눔(공짜는 아닙니다),펜벤다졸 나눔합니다.,vm852341,2020.07.08.,576
6418,이버맥틴자가임상후기,전이암이 모두 다 커졌습니다.,된다하면된다,2020.07.08.,"2,235"
6419,가입 인사,가입인사 드립니다,그리운바다,2020.07.08.,124
6420,구매정보게시판(물건배송확인후),이버맥틴 판매 및 펜벤다졸정과 교환가능이요..,와우와우 쩝,2020.07.08.,343
6422,질문과 대답(QnA),양성종양은  알벤+니타조사나이드가   젤  효과적?,완치,2020.07.08.,630
6423,기타 자가임상 후기,항암구충제 복용후기[2],예쁜별,2020.07.08.,933
6426,자유게시판,대학병원 검사,ne0221,2020.07.08.,406
6427,질문과 대답(QnA),안녕하세요.,여우비얌,2020.07.08.,261
6428,회원나눔(공짜는 아닙니다),인도산 이버멕톨 12mg 구합니다.,inon,2020.07.09.,509
6432,담비,비소세포폐암_아르테수네이트_카보플라틴_2020년,담비,2020.07.09.,212
6433,자유게시판,안부,헤라,2020.07.09.,241
6436,정보 공유,항암의 진실-많은 환자들이 결국 아사로 죽습니다,러뷰어거스트,2020.07.09.,"1,305"
6437,질문과 대답(QnA),니클로사마이드 복용하려고 하는데,아빠힘내힘내자,2020.07.09.,502
6438,질문과 대답(QnA),도와주세요!!!,놀러와,2020.07.09.,729
6439,회원나눔(공짜는 아닙니다),니타조사나이드 여유 있으신분 찾습니다.,건강한 몸과 정신,2020.07.09.,254
6440,기타 자가임상 후기,알벤다졸 항문을 통한 투약.,테일러,2020.07.09.,"1,238"
6441,자유게시판,지금 육종암 2차수술 끝나고 폐전이,Sicario,2020.07.09.,436
6443,질문과 대답(QnA),알벤이 폐암에 효과 있나요?,처음부터 시직이다,2020.07.09.,657
6446,자유게시판,메벤다졸 구입문의,달님별,2020.07.09.,297
6448,자유게시판,헤라님  이버멕틴  휴지기 이신가요 ?,미스치,2020.07.09.,699
6449,질문과 대답(QnA),종양수치,건강찾기,2020.07.09.,387
6450,이버맥틴자가임상후기,6살 뇌간교종 메벤+이버 복용후기-2,은솔이 아빠DIPG,2020.07.09.,"1,149"
6451,니타조사나이드,니타조사나이드의 모든것 ver 2.0,설금홍,2020.07.09.,"2,046"
6452,자유게시판,구충제복용 하고 있는데 한번 봐주세요,노원 상우아빠,2020.07.09.,697
6453,기타 자가임상 후기,니타조사나이드 복용후 느낀점?,달군,2020.07.09.,"1,262"
6454,질문과 대답(QnA),니클로사아미드 질문드려요.,된다하면된다,2020.07.09.,709
6457,가입 인사,에이씨씨 가입합니다.,에이씨씨,2020.07.09.,277
6459,질문과 대답(QnA),cbd복용,M스린,2020.07.09.,345
6460,질문과 대답(QnA),폐에 물이,미소랑,2020.07.09.,365
6462,질문과 대답(QnA),폐에흉수,M스린,2020.07.09.,404
6463,정보 공유,알벤 메벤 복용후 부작용 겪으신분,관대한 ㅇㅁ,2020.07.09.,662
6465,자유게시판,구충제 복용시 식사,k751217,2020.07.09.,573
6467,기생충정보,작은와포자충-암 유발 기생충. 정수기 수돗물에도 살아있다,설금홍,2020.07.09.,579
6468,질문과 대답(QnA),코로나에 효과적인 구충제는 감기에 잘 듣겠죠?,스트롱맨,2020.07.09.,332
6469,자유게시판,오늘 쪽지 다 썼네요!,러뷰어거스트,2020.07.09.,675
6471,가입 인사,안녕하세여,꽃길5454,2020.07.09.,88
6472,유투브방송 링크나눔,못생김주의/ 표준의학의 씁쓸함/ 암에대한 경각심/ 의사선생님부탁드려요/ 주절주절/ 췌장암/ 췌장암3기에서4기로/ 간전이/ 젊은암환자/ 30대암환자/ 령자매/ 큰령/ 아만자,신풍생각,2020.07.09.,"1,024"
6473,질문과 대답(QnA),니클로마사이드 복용관련,유방암환자보호자,2020.07.10.,986
6474,이버맥틴자가임상후기,이버 +메벤 한달....휴지기,조은데이,2020.07.10.,"1,013"
6476,자유게시판,구충제부작용 게시글들에 대해,궁을,2020.07.10.,753
6477,이버맥틴자가임상후기,이버멕틴  온가족 스케줄,헤라,2020.07.10.,"1,525"
6478,자유게시판,안부,헤라,2020.07.10.,143
6479,이버맥틴자가임상후기,직장암호전사례,헤라,2020.07.10.,"1,520"
6480,자유게시판,브라질 상파울로시에서 코로나 치료재로 이버멕틴 무료로 배포합니다.,시 우,2020.07.10.,404
6481,질문과 대답(QnA),이버맥틴 12미리 용량 8일분 분양 부탁드립니다,바로생각언릉,2020.07.10.,258
6482,자유게시판,왜 자꾸 혈변이 나올까요? ㅠㅠ,된다된다,2020.07.10.,534
6483,보관창고,이버 부작용으로 언급했던 이야기 보완합니다,러뷰어거스트,2020.07.10.,781
6484,질문과 대답(QnA),열이 일주일째,자야자야,2020.07.10.,402
6486,자유게시판,눈에 뭔지 봐주세요~,힘내11,2020.07.10.,585
6487,자유게시판,항암치료와 구충제 병행하시는 분들의 의견 부탁드립니나,hairu4457,2020.07.10.,341
6489,자유게시판,"궁을님, 설금홍님, 담비님, 개별 게시판이 신설 되었습니다.",분홍앵초,2020.07.10.,442
6491,기타 자가임상 후기,흡수율 높이는 방법을 공유해 주셨으면 좋겠습니다.,테일러,2020.07.10.,872
6492,정보 공유,항암 치료의 진실(2)-위산억제제에 대해,러뷰어거스트,2020.07.10.,862
6493,자유게시판,백혈구 회복에 황기,hairu4457,2020.07.10.,330
6494,자유게시판,구충제 구입하고 싶은데 구입할수 있는 곳좀 알려주세요,마리한나,2020.07.10.,426
6495,자유게시판,니타조사나이드 500mg씩 이틀 복용 후 느낌.,스트롱맨,2020.07.10.,643
6498,가입 인사,많은 정보를 얻고 싶습니다. _가입인사,맥스63,2020.07.10.,93
6500,질문과 대답(QnA),항암과 구충요법중인데 야채수 드셔도 되나요?,까꿍이아빠,2020.07.10.,350
6501,설금홍,[기사] 이버멕틴과 covid-19 치료/왜 세계는 주목하지 않는가?,설금홍,2020.07.10.,560
6502,자유게시판,의사들도 다 아는 구충제의 항암효과,솔비,2020.07.10.,977
6503,자유게시판,이버멕틴 만진 손으로 눈 만지면 ㅡㅡ,된다된다,2020.07.10.,"1,006"
6504,자유게시판,위암 헬리코박터치료 질문이에요~,jasgil,2020.07.10.,342
6506,질문과 대답(QnA),소변줄,아빠힘내힘내자,2020.07.10.,426
6509,정보 공유,장내세균총 장내건강이 폐암과도 관련이 깊네요.호흡면역계~,설금홍,2020.07.10.,469
6510,질문과 대답(QnA),항암후 후유증인듯한 심한변비시 응급조치 조언부탁해요.,까꿍이아빠,2020.07.10.,354
6512,궁을,면역계와 소통하는 세균,궁을,2020.07.10.,418
6514,자유게시판,타트체리주스 간청소,롱롱이닫,2020.07.10.,607
6516,질문과 대답(QnA),오늘 샀어요,놀러와,2020.07.10.,526
6517,자유게시판,저희 엄마께서도 내일부터 펜벤 드시기로 했는데요.,나는야파랑이,2020.07.10.,447
6518,질문과 대답(QnA),독시+아지+리포조말 비타민씨 용량 아실까요 ^^,우린이,2020.07.11.,345
6521,자유게시판,안부,헤라,2020.07.11.,304
6522,설금홍,각종 암치료에 이버멕틴용량 산출한 근거와 IC50의 중요성,설금홍,2020.07.11.,856
6523,가입 인사,반갑습니다^^,웃자,2020.07.11.,93
6524,담비,베르베린005-끝분절효소활성-결론-500,담비,2020.07.11.,478
6525,질문과 대답(QnA),디스토시드와 간약을 함께 먹어도 될까요?,축구야 놀자,2020.07.11.,275
6526,정보 공유,피 한방울로 발견 힘든 ‘폐암 1기’ 30분 만에 찾는다,제리호야,2020.07.11.,474
6527,질문과 대답(QnA),구충제 시너지주는 보조제 뭐가있을까요,노스페이스 88,2020.07.11.,775
6528,질문과 대답(QnA),울트라셋+벤다졸,M스린,2020.07.11.,214
6529,질문과 대답(QnA),간수치가 높을땐  간청소 하면  안되나요?,완치,2020.07.11.,313
6532,질문과 대답(QnA),디스토시드 구할 수 있는 방법,암극복5,2020.07.11.,352
6533,질문과 대답(QnA),암수치 문의드려요,하오이,2020.07.11.,486
6534,질문과 대답(QnA),펜벤+이버맥틴+비타민e,M스린,2020.07.11.,541
6535,자유게시판,니클로사마이드 효과가 좋네요,노스페이스 88,2020.07.11.,"1,505"
6536,기타 자가임상 후기,폐암4기. 두번째CT 결과,알랑짱구,2020.07.11.,"1,676"
6537,기타 자가임상 후기,첫 베이킹소다 경험.,테일러,2020.07.11.,"1,218"
6538,질문과 대답(QnA),cbd 오일 온라인으로 주문해서 받으려다 세관에서 걸리면,유레테,2020.07.11.,610
6540,자유게시판,펜벤필요하신분,dragon6182,2020.07.11.,290
6541,질문과 대답(QnA),답변 부탁드닙니다,리모컨,2020.07.11.,294
6542,암 호전사례 정보,알벤다졸 3개월 복용후 CT상 암이 보이지 않는다고 합니다.-(안아파요TV  전화통화),신풍생각,2020.07.11.,"1,874"
6543,기타 자가임상 후기,급해서  여쭤봅니다  디스토스드  복용후,기적이야,2020.07.11.,781
6544,구매정보게시판(물건배송확인후),독시싸이클린있으신분 구합니다!,와우와우 쩝,2020.07.11.,458
6547,유투브방송 링크나눔,정림박 TV   42일   이버멕틴후기,헤라,2020.07.12.,789
6548,자유게시판,안부,헤라,2020.07.12.,241
6549,질문과 대답(QnA),fugacar 메벤다졸 가격좀 한번 봐주세요.,까꿍이아빠,2020.07.12.,565
6550,자유게시판,2017년 작성된 논문 : 구충제 IVERMECTIN의 항암 신약 재창출 최종보고서,러뷰어거스트,2020.07.12.,787
6551,암 호전사례 정보,림프암 뇌종양/알벤다졸,혜연,2020.07.12.,"1,600"
6552,가입 인사,가입 인사드립니다^^,헬레나,2020.07.12.,102
6554,자유게시판,시메티딘 처방전 있어야하나요?,주나모,2020.07.12.,272
6557,기타 자가임상 후기,복수가 다시 차오르네요,초고속,2020.07.12.,"1,248"
6559,자유게시판,팔래오 노니쥬스 나눠먹어요,댕기,2020.07.12.,260
6560,자유게시판,피르비늄을 어디서 구하면 제가격에 안전하게 구매할수 있을까요??,볼매,2020.07.12.,376
6561,자유게시판,구충을 하면서 나오는 바이오필름 궁금증?,쎈삥,2020.07.12.,887
6562,질문과 대답(QnA),cbd복용후 뭉침,M스린,2020.07.12.,339
6563,자유게시판,복용 질문 드립니다,보니파시오,2020.07.12.,419
6564,자연치유.민간요법,니클로사마이드와 니타조사나이드,우주아부지,2020.07.12.,750
6565,구매정보게시판(물건배송확인후),알벤다졸과 메벤다졸이나 펜벤다졸알벤다졸 섞어서 먹어도..,와우와우 쩝,2020.07.12.,600
6566,자유게시판,"이버멕틴,메벤,펜벤,알벤,니클로사마이드 중에서 녹내장에 안좋은 구충제가 있나요? 여러 고수님들의 의견 듣고싶습니다",아스트라,2020.07.12.,523
6567,자유게시판,휴지기 들갑니다.,하늘별섬,2020.07.12.,685
6568,가입 인사,안녕하세요 가입인사합니다.,Hk9988,2020.07.13.,109
6570,질문과 대답(QnA),소아 양성 뇌간종양 아이을 둔 아빠입니다.  조언바랍니다.,Hk9988,2020.07.13.,585
6571,질문과 대답(QnA),니타조사나이드 호전반응이 빨리 나타나는 편인가요? 늦게 나타나는 편인가요?,스트롱맨,2020.07.13.,544
6573,자유게시판,안부,헤라,2020.07.13.,264
6575,자유게시판,잘때 약간의 허리 통증,남자폴,2020.07.13.,345
6576,구매정보게시판(물건배송확인후),이버멕틴12그람 펜벤다졸및 메멘다졸교환및 판매해요,와우와우 쩝,2020.07.13.,281
6577,회원나눔(공짜는 아닙니다),"니클로사미드, 니타조사나이드 여유 있는 분 계신가요~?",된다하면된다,2020.07.13.,253
6578,회원나눔(공짜는 아닙니다),펜벤 캡슐,rlaghddhr577,2020.07.13.,372
6579,자유게시판,구충제 6개월 복용후 ct결과 입니다,주사랑,2020.07.13.,"1,683"
6580,가입 인사,니타조사나이드 구매방법  알려주세요,폴로,2020.07.13.,420
6582,설금홍,"정상대사과정과 암의 대사, 이버멕틴의 작용기전 요약",설금홍,2020.07.13.,926
6583,가입 인사,가입인사,One and only,2020.07.13.,200
6584,강직성 척추염(척수염),니타 15일 복용 마치고 다시 트리클라벤다졸로 도전 합니다,투게더투,2020.07.13.,947
6585,가입 인사,안녕하세요,부산ㅣ배철수,2020.07.13.,201
6586,질문과 대답(QnA),니클로사마이드 첫복용,건강찾기,2020.07.13.,881
6587,자유게시판,녹즙야채 어디서 다들 사시나요?,반지2,2020.07.13.,337
6588,질문과 대답(QnA),경구용 표적항암제 알레센자...구충제 같이 복용해보신분 계신가요?,희망이사랑이,2020.07.13.,176
6590,자유게시판,이버 복용 중 증상..,차분침착맨,2020.07.13.,821
6591,암 관해사례 정보,안아파요tv 완전관해사례,에벤에셀,2020.07.13.,"1,434"
6592,질문과 대답(QnA),"멜라토닌 제품,어떤거 드시나요?",축복받은자,2020.07.13.,391
6593,자유게시판,박테리아 (바이오필름) 가 암을 일으키는가??,루니드,2020.07.13.,"1,052"
6594,암 관해사례 정보,빡시다 TV가 왜 완치되었는지..새겨들을 필요가 있습니다.. 7월9일자 방송입니다.,신풍생각,2020.07.13.,"1,818"
6595,자유게시판,구충제 복용후 나오는 이거( 협오사진),댕기,2020.07.13.,855
6596,자유게시판,벤다졸과 미토콘드리아,콜라너구리,2020.07.14.,734
6597,정보 공유,이버멕틴이 사람에 미치는 영향에 관한 저널 입니다,러뷰어거스트,2020.07.14.,"1,055"
6598,질문과 대답(QnA),"자궁경부이형성증과 구충제, 통합치료",경이,2020.07.14.,336
6599,담비,암줄기세포_Big5_2020,담비,2020.07.14.,541
6600,자유게시판,안부,헤라,2020.07.14.,228
6601,자유게시판,복수가 차서 힘들어 하네요~,안산아주매,2020.07.14.,833
6602,자유게시판,폐암 74세 구충제+이레사  중간 결과 알려드려요,번쩍번쩍 빛나는,2020.07.14.,"1,269"
6603,질문과 대답(QnA),복용문의,뚜루맘,2020.07.14.,373
6604,자유게시판,'방사선 기존의 10분의1' 디지털 X레이 개발,풀꽃,2020.07.14.,272
6606,궁을,오메가3와 오메가6에 관한 진실,궁을,2020.07.14.,450
6608,가입 인사,가입했습니다,chc80 서울,2020.07.14.,102
6609,가입 인사,가입인사,2020새콤달콤,2020.07.14.,90
6610,정보 공유,항암의 진실(3)-위산과 역류성식도염 관계에 대해,러뷰어거스트,2020.07.14.,"1,304"
6611,기타 자가임상 후기,알벤다졸 복용후 탈모,JEON,2020.07.14.,"1,006"
6612,회원나눔(공짜는 아닙니다),"인도산 이버메틴, 니클로사마이드 구매하고 싶습니다",믿음안에서,2020.07.14.,487
6613,정보 공유,다이오프 증상 ㅡ기생충 곰팡이 세균 바이러스들이 죽으면서 일어나는 신체의 반응,행복나무,2020.07.14.,"1,204"
6616,자유게시판,니클로사마이드 조언부탁드립니다.,Sicario,2020.07.14.,740
6619,질문과 대답(QnA),명상 질문 드립니다.,카운터사이드,2020.07.14.,255
6620,가입 인사,안녕하세요,정글북스,2020.07.14.,143
6621,자유게시판,이런 기사가 났네요,멋진친구,2020.07.14.,984
6622,질문과 대답(QnA),고용량 복용중 입맛없어진분 식욕올릴수 있는방법있을까요.??,조은데이,2020.07.15.,362
6623,신풍 생각,옥수수의 습격,신풍생각,2020.07.15.,869
6624,신풍 생각,탄소농법의 중요성을 또 느끼게 합니다.. 육식의 반란.. 분뇨의 문제등...,신풍생각,2020.07.15.,434
6625,질문과 대답(QnA),베이킹소다 &amp; 구연산,우린이,2020.07.15.,562
6626,자유게시판,표적항암제 지오트립 부작용 대처법,나이야가라,2020.07.15.,391
6628,자유게시판,안부,헤라,2020.07.15.,184
6631,자유게시판,이버멕틴 구해요.,팔찌녀,2020.07.15.,320
6633,자유게시판,"기쁜 소식 어제 안아파요 티비 담도, 간암 완전 관해 사례",hairu4457,2020.07.15.,758
6634,자유게시판,스피리루나,ceyby2779335,2020.07.15.,290
6635,구매정보게시판(물건배송확인후),이버맥틴12미리 판매및 펜벤다졸정교환가능이요,와우와우 쩝,2020.07.15.,243
6636,궁을,장내 대장균이 숙주 수명 늘리는 경로 찾았다,궁을,2020.07.15.,334
6637,자유게시판,이버맥틴의 부작용인가요?,eikona,2020.07.15.,588
6638,벤지미다졸 질문 게시판,2달전 양쪽 고관절을 인공관절로 교체후 증상,선지국,2020.07.15.,301
6639,질문과 대답(QnA),니타조사나이드 구매,One and only,2020.07.15.,471
6641,질문과 대답(QnA),니타조사나이드 8일째 복용 괜찮아짐.,스트롱맨,2020.07.15.,594
6642,가입 인사,가입인사 드립니다,신동방,2020.07.15.,92
6647,질문과 대답(QnA),폐에 물,미소랑,2020.07.15.,334
6648,자유게시판,"안녕, 내 마음",밀로,2020.07.15.,231
6651,질문과 대답(QnA),복수해결  어떻게 하면좋을까요?,할수있어,2020.07.15.,525
6652,회원나눔(공짜는 아닙니다),니타조사나이드 판매나 교환 가능하신 분,건강한 몸과 정신,2020.07.15.,273
6654,자유게시판,니클로사마이드 국내개발 현황,크로버맨,2020.07.15.,839
6655,질문과 대답(QnA),중증환자 등록 관련 질문드립니다.,카운터사이드,2020.07.15.,282
6656,자유게시판,항암 구충 1차 종료합니다.,하늘별섬,2020.07.15.,"1,156"
6657,구매정보게시판(물건배송확인후),옴니쿠어 과립혐150그랑짜리 통으로 들은거구해요!,와우와우 쩝,2020.07.15.,312
6658,정보 공유,기생충과 관계된 책들로 공부중ㅡ책 추천부탁드려요,행복나무,2020.07.15.,391
6659,자유게시판,"당조고추 판매해요.^^ , 풋고추도..(마감합니다.^^)",머름골농장봉화,2020.07.15.,277
6661,가입 인사,가입인사 드립니다.,gdahn2003,2020.07.15.,151
6662,자유게시판,이버멕틴구합니다.,gdahn2003,2020.07.15.,274
6663,질문과 대답(QnA),구충제 효과 : 단일복용과 조합으로 복용 할 때?,스트롱맨,2020.07.16.,608
6664,자유게시판,아이쿠 저도 출산을ㅎㅎ,스테나,2020.07.16.,792
6665,신풍 생각,자가임상 계속중 변경.니타조사나이드 500mg과 이버맥틴 20mg 복용시작합니다.,신풍생각,2020.07.16.,"1,152"
6666,신풍 생각,이버맥틴 무료나눔.(몇달전에 혹시 무료나눔 하면 부탁하신 수녀님 연락주세요),신풍생각,2020.07.16.,836
6667,질문과 대답(QnA),소변에서 하얀거,또롱,2020.07.16.,874
6668,자유게시판,니클로사마이드 를 이제 시작하려고합니다.,뱃살공주,2020.07.16.,694
6669,자유게시판,안부,헤라,2020.07.16.,216
6670,궁을,건강에 대해,궁을,2020.07.16.,349
6673,구매정보게시판(물건배송확인후),이버맥틴 복용기 구입기,신풍생각,2020.07.16.,"1,430"
6674,자유게시판,잘모르겠어요,우루사야,2020.07.16.,377
6675,질문과 대답(QnA),궁금합니다!!!한번 봐주세요,뚜루맘,2020.07.16.,521
6676,자유게시판,두마리 고양이 이버멕틴 복용,들잔디,2020.07.16.,"1,201"
6677,자유게시판,뜸금없는 연락,너구리님,2020.07.16.,740
6680,질문과 대답(QnA),피검사 결과가 나왔습니다,산하,2020.07.16.,"1,011"
6681,가입 인사,안녕하세요?,백두산,2020.07.16.,161
6684,궁을,기적은 있습니다,궁을,2020.07.16.,866
6685,질문과 대답(QnA),펜밴복용후의 증상입니다,놀러와,2020.07.16.,723
6686,가입 인사,가입인사드립니다.,삼남매엄마,2020.07.16.,91
6687,자유게시판,산초기름,너는내것,2020.07.16.,683
6688,질문과 대답(QnA),커피관장 재료는  어디서  사시나요?,완치,2020.07.16.,466
6689,자연치유.민간요법,타트체리,rlaghddhr577,2020.07.16.,437
6690,질문과 대답(QnA),문의 드립니다.,여우비얌,2020.07.16.,374
6691,자연치유.민간요법,구충제 흡수윻 높이는방법과 일반복용 비교 후기 알려주세요,우주아부지,2020.07.16.,632
6692,자유게시판,2주후 피검결과 간수치 내려갔습니다,아빠는내가살린다,2020.07.17.,619
6693,구매정보게시판(물건배송확인후),허브캐치 도착,zzangtwo,2020.07.17.,667
6694,담비,비소세포폐암_알벤다졸_2017년,담비,2020.07.17.,489
6695,자유게시판,[청원동의부탁드립니다]중추성통각과민 증상을 투병중인 환아엄마입니다.,남쪽,2020.07.17.,246
6696,자유게시판,안부,헤라,2020.07.17.,194
6697,질문과 대답(QnA),구충제와 비타민씨 복용법 문의,kakim,2020.07.17.,365
6699,구매정보게시판(물건배송확인후),"호주산니클로도구하고, 이버맥틴으로 펜벤다졸정500미리교환도 원해요 필요하시면 판매도하구요",와우와우 쩝,2020.07.17.,313
6700,자유게시판,혼선을드려 죄송합니다..다시 알아보았습니다.,너는내것,2020.07.17.,811
6701,질문과 대답(QnA),니타 조사나이드 2통 팝니다,인천바다짠물,2020.07.17.,420
6703,자유게시판,간청소 궁금증,쎈삥,2020.07.17.,377
6704,자유게시판,암이 더 커졌데요..ㅎ;,꼭살아야해,2020.07.17.,"1,465"
6706,이버맥틴자가임상후기,신장암4기 (폐암전이) 구충제 복용과정 (1),agnes9212,2020.07.17.,842
6707,이버맥틴자가임상후기,신장암 4기(폐암전이) 구충요법(2)  -시티결과,agnes9212,2020.07.17.,"1,326"
6708,회원나눔(공짜는 아닙니다),푸가카 정리  합니다,huidong55,2020.07.17.,488
6709,유투브방송 링크나눔,정림박tv ct결과,헤라,2020.07.17.,"1,134"
6710,질문과 대답(QnA),문의드립니다,열심히살자야,2020.07.17.,295
6711,가입 인사,가입인사 드립니다,영미,2020.07.17.,87
6714,자유게시판,이버를 펜벤과 교환하실분 있으신가요,반디아,2020.07.17.,168
6715,가입 인사,가입 인사 드립니다..,늙은앙마,2020.07.17.,71
6716,이버맥틴자가임상후기,"체중 40kg, 이버멕틴 36mg 23일 복용 끝.",웃는돌땡이,2020.07.17.,"1,427"
6717,자유게시판,후코이단  추천 부탁 드립니다,늙은앙마,2020.07.17.,386
6719,자유게시판,오늘 충이 나온거 같아요 진심신기신기,아빠힘내힘내자,2020.07.17.,710
6721,암 호전사례 정보,안아파요tv 7월 17일 금요일 오늘 방송 ㅡ유방암 호전사례(수술 항암 방사선 아무것도 안함),행복나무,2020.07.17.,719
6722,정보 공유,기생충 살인자 Ivermectin은 암 약물 저항을 막습니다,설금홍,2020.07.17.,"1,053"
6726,가입 인사,자문 부탁드려요,소리,2020.07.18.,310
6727,자유게시판,안부,헤라,2020.07.18.,185
6728,자유게시판,축하드립니다.,월수금,2020.07.18.,345
6729,암 호전사례 정보,안아파요tv 병원치료 없이 유방암 호전사례 대단한 분입니다,에벤에셀,2020.07.18.,721
6733,자유게시판,CBD 오일 구매정보 공유해요,수아아빠,2020.07.18.,517
6734,기타 자가임상 후기,알벤다졸 한달 복용후,야호,2020.07.18.,"1,167"
6735,자유게시판,인도산이버멕틴 복용 문의,자몽,2020.07.18.,600
6739,가입 인사,안녕하세요,이기리라,2020.07.18.,67
6742,자유게시판,의사에게 살해 당하지 않는 47 가지방법 이란 책을낸 일본인의사의 이야기를 숀리박사가 풀어서 이야기해주시는데요..암수술에 70%는 하지않아도 되는수술이다...,상대원,2020.07.18.,653
6743,설금홍,벤지미다졸(탁솔계열)과 이버맥틴의 병용질문 ; 버팔론 ; 국립암센터논문 ; thelogs님 글,설금홍,2020.07.18.,727
6744,자유게시판,니클로사마이드,돌고래,2020.07.18.,602
6745,가입 인사,가입인사드립니다,낙동,2020.07.18.,77
6746,질문과 대답(QnA),질문 있습니다,아자아자,2020.07.18.,249
6749,자유게시판,커큐민 펜벤다졸 구해봅니다,극복하자아자아자,2020.07.18.,372
6750,자유게시판,아는언니 딸이 어제 멀리 떠났어요,시골여자,2020.07.18.,"1,127"
6751,가입 인사,안녕하세요.,경기 A타입,2020.07.18.,178
6754,질문과 대답(QnA),니타조사나이드 + 니클로사마이드 조합으로 복용 중이신 분 계신가요?,된다하면된다,2020.07.18.,573
6756,자유게시판,이런경우 어떻게 해야 하는지요?,어데서나,2020.07.18.,713
6757,자유게시판,지나가다 한마디..,뱃살공주,2020.07.19.,659
6759,유투브방송 링크나눔,정림박tv  이버멕틴 복용량공개,헤라,2020.07.19.,"1,646"
6760,유투브방송 링크나눔,안부,헤라,2020.07.19.,293
6761,자유게시판,비가 오기전 산촌마을 풍경~,미룸,2020.07.19.,251
6764,가입 인사,안녕하세요!!,나무11,2020.07.19.,139
6765,자유게시판,커큐민 질문드려요,극복하자아자아자,2020.07.19.,405
6766,질문과 대답(QnA),유방암통증이 갑자기 심해지고..,암낫는다,2020.07.19.,"1,466"
6768,질문과 대답(QnA),교반기 사용 중이신 분 계실까요?,된다하면된다,2020.07.19.,313
6769,질문과 대답(QnA),니클로사마이드 명현반응 또는 부작용,된다하면된다,2020.07.19.,984
6771,자유게시판,커큐민  소개해준곳   구매하기 너무어려워,극복하자아자아자,2020.07.19.,420
6772,자유게시판,"췌장암 선항암후 수술, 간전이",남편이작가,2020.07.19.,566
6773,가입 인사,가입인사드립니다,콩이맘,2020.07.19.,107
6775,가입 인사,가입인사 드립니다.,sopuung,2020.07.19.,93
6776,자유게시판,항암 구충제에 대해서,마유미,2020.07.19.,533
6777,가입 인사,가입인사와 자가임상후기,kakim,2020.07.19.,611
6778,자유게시판,펜벤다졸 구입할때..,주나모,2020.07.19.,740
6781,설금홍,HER2양성 유방암과 항암구충제,설금홍,2020.07.19.,687
6782,자유게시판,이버멕틴 을 복용중에 20 시간안에 125mg 를 복용하게 됬네요.. 시야가 조금 뿌옇게 보이는데 약간뜬 느낌도 나고요...,상대원,2020.07.20.,987
6783,가입 인사,가입인사드립니다.,bearskin2,2020.07.20.,220
6784,질문과 대답(QnA),coc 프로토콜 하시는분 계신가요?,엄마딸,2020.07.20.,564
6785,자유게시판,안부,헤라,2020.07.20.,229
6786,자유게시판,펜벤다졸  500mg  알약으로 구해봅니다,극복하자아자아자,2020.07.20.,287
6787,질문과 대답(QnA),니클로사마이드,경가연연,2020.07.20.,393
6788,기타 자가임상 후기,구충제복용후 간수치 3배 상승후 우루사1개월 복용후기,kimsh7605,2020.07.20.,"1,566"
6789,정보 공유,같이 먹어도 되나요?,감사해,2020.07.20.,345
6790,정보 공유,&#65279;이버멕틴의 작용 기전과 안전성에 대한 글입니다!,러뷰어거스트,2020.07.20.,"1,514"
6791,회원나눔(공짜는 아닙니다),이버맥틴으로 메벤다졸500미리교환이나 판매도가능합니다~,와우와우 쩝,2020.07.20.,206
6792,자유게시판,선배님들 조언이 필요해요.,삼남매엄마,2020.07.20.,437
6793,질문과 대답(QnA),메벤다졸 종류?,Kims,2020.07.20.,436
6794,자유게시판,프라지콴텔의 항암효과에 대한 동영상 입니다.,분홍앵초,2020.07.20.,448
6795,설금홍,HER2양성 유방암의 라파티닙 내성에 니클로사마이드의 효과,설금홍,2020.07.20.,302
6796,질문과 대답(QnA),전자렌지가 문제를 일으킬까요? ( 호르몬계 암관련 ),테일러,2020.07.20.,595
6797,정보 공유,도움이 필요합니다,블루버드,2020.07.20.,365
6798,가입 인사,가입인사 드립니다~,호호줌마 화이팅,2020.07.20.,343
6801,질문과 대답(QnA),DCA,혜연,2020.07.20.,339
6802,자유게시판,포포셀 필요하신분께 판매합니다.,길위의몽상가,2020.07.20.,221
6803,가입 인사,가입인사 드립니다.,밝은생각2,2020.07.20.,148
6805,자유게시판,후코이단,ne0221,2020.07.20.,354
6807,이버맥틴자가임상후기,베트남산 2개월후 호전되서 중국산갈려고합니다,트레이드레이텍,2020.07.20.,"1,080"
6808,자유게시판,대학병원 쓰레기짓으로 가슴이 찢어집니다,fedor11,2020.07.20.,"1,112"
6809,가입 인사,가입인사 드립니다.,아기공룡틀2,2020.07.20.,110
6810,자유게시판,일반인들도 알벤구충제 복용시 암예방이될까요?,행운이1980,2020.07.20.,996
6811,자유게시판,지금쯤이면 호전이 되는 사례가 꽤나 자주 올라와야 하지않나요?/,완치로,2020.07.20.,"1,603"
6812,이버맥틴자가임상후기,회춘 했습니다.,모모,2020.07.20.,"1,443"
6814,질문과 대답(QnA),담석증..,헵시바717,2020.07.21.,493
6815,자유게시판,안부,헤라,2020.07.21.,194
6818,기타 자가임상 후기,3개월차인데도 아직도 기생충이..,테일러,2020.07.21.,"1,470"
6819,자유게시판,고박사의 아프지 말고,겐도,2020.07.21.,658
6821,질문과 대답(QnA),근력운동,카운터사이드,2020.07.21.,460
6822,자유게시판,안녕하세요~,elly,2020.07.21.,158
6823,설금홍,"항암치료, 나무만 보고 숲은 못본다는 사실.",설금홍,2020.07.21.,867
6825,이버맥틴자가임상후기,이버멕틴4월5일부터 현재까지~♡,헤라,2020.07.21.,"2,386"
6827,보관창고,인도산 이버멕틴 400정 있어요. 한알에 2천원 판매합니다,슈우가아,2020.07.21.,145
6828,자유게시판,몸이 산성이 되어가요,함께하는 아침,2020.07.21.,845
6829,신풍 생각,구충제 복용 휴지기를 가지려고합니다,신풍생각,2020.07.21.,"1,363"
6830,자유게시판,기능의학병원,Rachael71,2020.07.21.,508
6832,자유게시판,수원시청역 2번출구에서 파나쿠어 13000원,사랑해꼬미,2020.07.21.,312
6833,자유게시판,헬리코박터 결과,jasgil,2020.07.21.,423
6834,가입 인사,가입인사올려요,바이올렛그녀,2020.07.21.,89
6835,질문과 대답(QnA),이버멕틴  처음 시도,건강찾기,2020.07.21.,416
6836,자유게시판,지방종,깜새,2020.07.21.,493
6838,자유게시판,이버맥틴,ne0221,2020.07.21.,453
6839,자유게시판,보조제 어떻게 먹어야 할까요?,어데서나,2020.07.21.,414
6840,질문과 대답(QnA),유산균 문의드려요,까꿍이아빠,2020.07.21.,464
6841,자유게시판,유방암 환우분들,노스페이스 88,2020.07.21.,570
6842,자유게시판,에어프라이어 암환자용 요리 뭐가 좋을까요?,헤븐리 힐링,2020.07.21.,414
6843,자유게시판,이버멕틴 복용후 생리 지연 현상..,드림걸즈77,2020.07.22.,810
6844,자유게시판,오늘부터 이버멕틴 복용량을 75mg 로 올려볼까 합니다...,상대원,2020.07.22.,942
6845,자유게시판,베이킹 소다 를복용하면 몸의 산성성분을 알칼리화 시켜준다고 알고 있었는데 항균 작용이라고 하네요...,상대원,2020.07.22.,983
6846,자유게시판,안부,헤라,2020.07.22.,190
6847,대장암,Ivc 해야 하는지,문철기,2020.07.22.,548
6849,질문과 대답(QnA),급합니다 타이레놀,제이밍,2020.07.22.,579
6851,기타 자가임상 후기,알벤다졸 효과,혜연,2020.07.22.,"2,341"
6852,자유게시판,니타조사나이드 특이한 증상,스트롱맨,2020.07.22.,621
6853,가입 인사,골수형성이형증,건강나무,2020.07.22.,242
6854,자유게시판,피검사 결과,마유미,2020.07.22.,456
6855,질문과 대답(QnA),이버와독시필요하신분,grandpark42,2020.07.22.,441
6856,자유게시판,국산 이버멕틴(25mm) 저렴한 구입처 정보부탁드립니다.,희망바래기,2020.07.22.,707
6857,회원나눔(공짜는 아닙니다),인도산 이버멕틴 12mg 있습니다.,슈우가아,2020.07.22.,382
6858,가입 인사,니클로사마이드,건강나무,2020.07.22.,643
6860,질문과 대답(QnA),생ㄹ 중에는   커피관장하면  안되나요?,완치,2020.07.22.,322
6861,질문과 대답(QnA),교모세포종,kakim,2020.07.22.,483
6862,자유게시판,구충제 복용후 두통,좋은날오길,2020.07.22.,716
6863,회원나눔(공짜는 아닙니다),이버맥틴12미리그람 인도산으로 펜벤500정이나메멘500정교환합니다~,와우와우 쩝,2020.07.22.,181
6864,자유게시판,자가임상,우루사야,2020.07.22.,474
6865,설금홍,"종양미세환경 Tumor microenvironment, TME",설금홍,2020.07.22.,448
6867,자연치유.민간요법,베르베린,rlaghddhr577,2020.07.22.,754
6869,회원나눔(공짜는 아닙니다),펜0벤0다~,가태파파,2020.07.22.,370
6871,자유게시판,이버멕틴 인도산이 맞는지봐주세요,진징아,2020.07.22.,847
6872,질문과 대답(QnA),경피배액술 중 구충제복용 괜찮을까요?,제이밍,2020.07.22.,173
6874,자유게시판,면역항암 후유증,안아프고이겨내자,2020.07.22.,412
6875,자유게시판,안녕하세요 도움 부탁드릴께요..,금은동,2020.07.22.,582
6876,자유게시판,비소세포폐암  목전이 뇌전이..목 변화,carming,2020.07.22.,"1,163"
6878,정보 공유,암 미생물 군 - 공부하실분을 찾습니다^^,설금홍,2020.07.23.,425
6879,자유게시판,안부,헤라,2020.07.23.,122
6880,자유게시판,이버멕틴 75mg 복용 하고 대퇴부 바이러스 발진이 많이 나아지고 있어요...하루복용량. 이버75mg.알벤3알.니클1000mg.입니다..,상대원,2020.07.23.,849
6882,질문과 대답(QnA),이버맥틴,퇴직농사꾼,2020.07.23.,762
6883,자유게시판,비가오기전~~~~~,미룸,2020.07.23.,147
6884,가입 인사,가입인사,아꾸사랑,2020.07.23.,79
6885,회원나눔(공짜는 아닙니다),"호주산,중국산 니클로사마이드구해봐요~",와우와우 쩝,2020.07.23.,204
6887,질문과 대답(QnA),구충제 복용후 눈에 염증 생기신분 계신가요?,유주히,2020.07.23.,690
6889,회원나눔(공짜는 아닙니다),"(판매완료)파나쿠어, 니클로사마이드 판매합니다",희재,2020.07.23.,533
6890,설금홍,이버멕틴 관련 월경 불규칙현상에 대하여,설금홍,2020.07.23.,886
6893,가입 인사,안녕하세요   혈액검사 LDH수치  상승.,건강나무,2020.07.23.,525
6895,회원나눔(공짜는 아닙니다),인도산 이버멕틴 팔아요,슈우가아,2020.07.23.,668
6896,질문과 대답(QnA),알벤다졸드시는분들? 속쓰림이살짝있나요?,와우와우 쩝,2020.07.23.,437
6899,질문과 대답(QnA),뜨거운 물에 파인애플 넣어먹는것이 궁금합니다,우루사야,2020.07.23.,590
6902,자유게시판,구충제 디스크 호전사례 있나요?,에벤에셀,2020.07.23.,704
6903,자유게시판,안부,헤라,2020.07.24.,145
6904,자유게시판,펜벤구입,남자폴,2020.07.24.,296
6905,기타 자가임상 후기,구충제별 당뇨수치변화,별총총,2020.07.24.,602
6906,담비,대장암_루테올린_2019년,담비,2020.07.24.,267
6907,자유게시판,아침. 이버50mg . 알벤1알. 점심.니클 1000mg . 저녁복용 은 없어요. 오늘은 두끼만먹고 말았네요...,상대원,2020.07.24.,534
6908,설금홍,암세포의 미토콘드리아 호기성 대사 에 대한 FDA 승인 항미생물제의 효과,설금홍,2020.07.24.,358
6909,자유게시판,이버맥틴 복용시 독시사이클린 복용하여야 하나요?,의암호,2020.07.24.,837
6910,자유게시판,이놈의 고사리어쩌면좋아요~~~,미룸,2020.07.24.,525
6911,질문과 대답(QnA),혈압이 높아요 (구충요법 가능할까요?),바로생각언릉,2020.07.24.,391
6912,질문과 대답(QnA),파라캅 엘정 이라는 구충제에 대하여 아시나요?,테일러,2020.07.24.,978
6913,정보 공유,대장유착 경험하신분 조언부탁합니다,블루버드,2020.07.24.,340
6916,질문과 대답(QnA),혈액검사(혈소판)결과 문의드립니다.,신선77,2020.07.24.,362
6917,자유게시판,일생에 제일  후회되는 일...,하늘별섬,2020.07.24.,"1,379"
6920,질문과 대답(QnA),커피관장시  궁금증,완치,2020.07.24.,514
6922,이버맥틴,성분,레베카ㅎ,2020.07.24.,330
6923,이버맥틴,치료 어려운 '악성 뇌종양' 진행 핵심물질 찾았다  이버맥틴,신풍생각,2020.07.24.,"1,340"
6924,이버맥틴,"[2015 노벨 생리의학상, 왜 그들이 받았나]年 2억 명에게 희망 - 이버맥틴",신풍생각,2020.07.24.,903
6925,질문과 대답(QnA),구충제 반응인가요? 약용량을 더 올려야할까요?,추추랑 아리,2020.07.25.,980
6926,가입 인사,가입 인사 드립니다.,밤해,2020.07.25.,103
6927,질문과 대답(QnA),개의 심장사상충 지식백과보고 많은 생각을 하게 합니다.,바로생각언릉,2020.07.25.,504
6928,질문과 대답(QnA),불면증에 이버멕틴 효과 있을까요?,알랑짱구,2020.07.25.,767
6929,자유게시판,안부,헤라,2020.07.25.,223
6931,담비,진행 암 4단계라도 두렵지 않아-서적번역,담비,2020.07.25.,844
6932,자유게시판,어제는 이버75mg .니클.1000 .알벤1. 복용 움직일땐 괜찬은데 누워서 테블릿만 보면 꿈나라로 직행이네요...,상대원,2020.07.25.,682
6933,회원나눔(공짜는 아닙니다),(완료)알벤 정리합니다,새로운운,2020.07.25.,574
6934,가입 인사,가입인사 드림니다,해피드림 남 62,2020.07.25.,143
6935,질문과 대답(QnA),메벤다졸과 알벤다졸 비교좀 부탁드립니다.,바로생각언릉,2020.07.25.,840
6937,자유게시판,마지막으로 시도해볼려고 합니다,미리내3,2020.07.25.,694
6938,질문과 대답(QnA),무식한 질문 좀..할께요,완치,2020.07.25.,988
6939,이버맥틴,이거 드셔보신분 계신가요?,별이엄마에요,2020.07.25.,971
6943,가입 인사,가입인사드립니다,samgjh,2020.07.25.,170
6946,자유게시판,안부,헤라,2020.07.26.,192
6947,자유게시판,구충제 복용후 왜 입맛이 더 떨어지는지...... 후...,완치로,2020.07.26.,558
6948,질문과 대답(QnA),구충제복용시 영양제,쩡이들맘,2020.07.26.,435
6949,자유게시판,만성기침환자에 도움되는 조언을 구하고져...,희망바래기,2020.07.26.,455
6950,질문과 대답(QnA),혹시 포포(paw paw) 드시는분 있어요~??,다듬이,2020.07.26.,244
6951,설금홍,이버멕틴 흡수와 분포 P-GP에 대한 효과,설금홍,2020.07.26.,412
6954,가입 인사,가입인사 드립니다.,임하나,2020.07.26.,141
6955,가입 인사,니타조사나이드 구매하고자  합니다,폴로,2020.07.26.,312
6956,자유게시판,눈 간지러움,롱롱이닫,2020.07.26.,321
6958,자유게시판,김철민씨 소식이...,서래말,2020.07.26.,920
6960,암에대한통합정보,가축에서 이버 멕틴의 약동학 및 신진 대사,신풍생각,2020.07.26.,599
6961,질문과 대답(QnA),메벤다졸 복용법 가르쳐주세요,즐거운 시간,2020.07.26.,628
6962,자유게시판,2020 COC 약물 및 보조제 복용량,콜라너구리,2020.07.26.,718
6963,질문과 대답(QnA),신우요관암수술뒤(알벤다졸),jayounggo45,2020.07.26.,315
6964,정보 공유,"앞으로 두 달이 고비, 통증 심해져""…김철민 안타까운 근황 전해왔다",신풍생각,2020.07.26.,"1,355"
6966,가입 인사,안녕하세요,아빠 힘내,2020.07.26.,135
6967,자유게시판,이버멕틴 먹는후기,헤라,2020.07.26.,"1,795"
6968,질문과 대답(QnA),메벤다졸 고용량은 유럽형 100mg로 아니면 푸가카 500mg로?,스트롱맨,2020.07.26.,324
6969,자유게시판,요로 결석에 걸린 지인이 일주일정도 이약초를 다려먹고 요로결석이 배출 되었다고 합니다. ( 어성초  항균. 항암.작용도 있다고합니다).,상대원,2020.07.26.,348
6971,설금홍,암수술시 발기부전약과 독감백신의 유효한 효과,설금홍,2020.07.26.,173
6972,설금홍,"젖산대사억제, 즉 MCT억제가 암을 치료하는 핵심일 수 있다",설금홍,2020.07.26.,393
6973,자유게시판,"이버맥틴, 니클로사마이드(요메산) 구입처 문의드립니다",newlsy21c,2020.07.26.,390
6975,자유게시판,"[공유] 어성초효능 10가지, 어성초 먹는법 부작용",상대원,2020.07.26.,226
6977,질문과 대답(QnA),cbd 오일 궁금해서 질문 드립니다.,밤해,2020.07.27.,378
6979,정보 공유,말라리아 사상충-보이지 않는 기생충이 위험한 이유,러뷰어거스트,2020.07.27.,645
6980,자유게시판,니타조사나이드 를복용후 매일아침 시원하게 보던변을 보기힘들고 배에개스가 차고답답 하네요...,상대원,2020.07.27.,765
6981,유투브방송 링크나눔,정림박tv    이버멕틴 후기네요~~^^,헤라,2020.07.27.,699
6982,자유게시판,안부,헤라,2020.07.27.,137
6983,질문과 대답(QnA),COC 프로토콜 복용중 증상,행복합니다,2020.07.27.,318
6984,질문과 대답(QnA),이버멕틴 저렴하게 못 구할까요?,비바,2020.07.27.,593
6985,질문과 대답(QnA),중국산 이버멕틴 질문이요,비바,2020.07.27.,383
6986,자유게시판,펜벤 500미리 구입처,남자폴,2020.07.27.,246
6987,질문과 대답(QnA),파라캅 엘정 복용후.,테일러,2020.07.27.,729
6988,자유게시판,이버언고,만점신용kwang7850,2020.07.27.,384
6989,질문과 대답(QnA),비타민 C 추천 요망,One and only,2020.07.27.,428
6991,질문과 대답(QnA),혹시 니타조사나이드를 드시고 간수치 오른적 있으신가요?,분홍앵초,2020.07.27.,829
6993,자유게시판,제가 보유한구충제 할인판매합니다,브니엘,2020.07.27.,755
6994,자유게시판,오늘 간청소 예정인데 디스토시드 같이 먹어도 되나요?,보석여왕,2020.07.27.,357
6995,회원나눔(공짜는 아닙니다),이버멕틴 구합니다.,엄마딸,2020.07.27.,596
6996,가입 인사,가입 인사 드립니다.,월드유,2020.07.27.,116
6997,자유게시판,이버멕틴 동물용 복용중이신분 계신가요 ?,무서유,2020.07.27.,642
6999,질문과 대답(QnA),Ivermectin,One and only,2020.07.27.,438
7000,자유게시판,기능의학병원..실망입니다. 예약취소하세요.,하늘별섬,2020.07.27.,"1,448"
7001,자유게시판,이런 상태는 구충제 복용 어찌해야하는지 알려주세요,달고나야,2020.07.27.,972
7002,질문과 대답(QnA),안녕하세요,뚜꺼비,2020.07.27.,211
7004,자유게시판,이베이에서 구매한 알벤다졸이 왔네요,스테나,2020.07.27.,338
7005,가입 인사,안녕하세요,디자인닷컴,2020.07.27.,163
7006,자유게시판,오늘 저녁은 이걸로...^^,유니맘쓰,2020.07.27.,405
7007,자유게시판,기생충이 암을 유발할수 있다는 유튜브 영상,행복나무,2020.07.27.,513
7010,담비,췌장암_알벤다졸_방사선_2020년,담비,2020.07.28.,663
7011,회원나눔(공짜는 아닙니다),이버멕틴연고,만점신용kwang7850,2020.07.28.,339
7012,자유게시판,안부,헤라,2020.07.28.,135
7013,자유게시판,내일 검진이있어요,뱃살공주,2020.07.28.,502
7014,자유게시판,설사 5번에 속을완전히 비우고나니 편하네요. 어제 하루복용량. 이버 80mg. 니타2 알. 니클 2알..,상대원,2020.07.28.,645
7015,자유게시판,조언구합니다,남자폴,2020.07.28.,185
7017,질문과 대답(QnA),이약 용량문의 드립니다,까꿍이아빠,2020.07.28.,334
7019,자유게시판,식용베이킹소다+ 비타민c,댕기,2020.07.28.,579
7020,질문과 대답(QnA),이버맥틴필요하신분,grandpark42,2020.07.28.,505
7021,기생충사진공유,배출추정기생충 이전고환극구흡충,말콥,2020.07.28.,"1,026"
7022,회원나눔(공짜는 아닙니다),이버맥틴12미리로 니클로사마이드교환이요!,와우와우 쩝,2020.07.28.,158
7024,자유게시판,이버맥틴과 니클로마사이드 복용 문의,의암호,2020.07.28.,640
7028,기타 자가임상 후기,아부지가  새벽에  변이아닌  덩어리가..,극복자,2020.07.28.,"1,496"
7029,자유게시판,지오트립 구입 희망합니다.꼭 좀,신전떡볶이 가가,2020.07.28.,177
7030,자유게시판,맨발로 걷지 않기 ...,하늘별섬,2020.07.28.,787
7031,폐암,항암+구충후 뇌 MRI 결과,예민아씨,2020.07.28.,"1,755"
7033,회원나눔(공짜는 아닙니다),새싹멤버의 판매글 지웁니다..,신풍생각,2020.07.28.,630
7035,자유게시판,병원 옮길까 하는데 추천 부탁합니다,묘주,2020.07.28.,585
7036,정보 공유,대장암 다발성간.폐전이,qnddn003,2020.07.28.,670
7037,질문과 대답(QnA),당뇨를 잡을수있는 구충제 추천부탁드립니다.,완전관해,2020.07.28.,915
7039,정보 공유,이버멕틴과 치사량-과다복용으로 죽을 수도 있을까?,러뷰어거스트,2020.07.28.,"1,330"
7041,자연치유.민간요법,파킨슨 병,redboy1221,2020.07.28.,445
7043,질문과 대답(QnA),니클로사마이드 태국산 이 두제품은 괜찮은지 궁금합니다.,밤해,2020.07.29.,637
7044,자유게시판,안부,헤라,2020.07.29.,168
7046,질문과 대답(QnA),카페보면 이버멕틴을 자주 복용하는거 같은데,그만해1,2020.07.29.,590
7047,자유게시판,누님께서 디스토시드 드시고 힘들까봐 안드시고 계세요. 벤다졸 계열약과 디스토시드.반알을 드시게해도 될까요...,상대원,2020.07.29.,349
7048,자유게시판,어제 영양제와 보조제를 한꺼번에 다 복용했더니 속이 쓰려서 점심.저녁. 속쓰림 약을먹었네요,상대원,2020.07.29.,227
7049,가입 인사,안녕하세요.,초록나무,2020.07.29.,157
7050,자유게시판,현재 상황 전해봅니다~,jasgil,2020.07.29.,805
7052,회원나눔(공짜는 아닙니다),국내산이버,샐리,2020.07.29.,426
7053,자유게시판,아빠상태는 좋지는 않지만 누워서  잘버티세요,아빠힘내요,2020.07.29.,786
7054,자유게시판,이버 복용량을 조금내릴까 했는데 가려움과 약한 발진이있어 80mg 오늘도 복용합니다...,상대원,2020.07.29.,529
7056,가입 인사,알베다졸중에 알킬정 질문...,그냥막,2020.07.29.,432
7057,질문과 대답(QnA),이거 무엇일까요?,바로생각언릉,2020.07.29.,840
7058,회원나눔(공짜는 아닙니다),이버맥틴12미리 한박스로 옴니쿠어150과립형구합니다,와우와우 쩝,2020.07.29.,228
7059,자유게시판,버물리대신 사용하는 알벤이버 에센스,행복나무,2020.07.29.,387
7061,자유게시판,기능의학병원 불신으로 혈액검사 다시해야하는데..,하늘별섬,2020.07.29.,370
7066,설금홍,벤즈이미다졸계약물-알벤다졸의 혈당강하에 대하여,설금홍,2020.07.29.,428
7067,질문과 대답(QnA),니클로마사이드 복용법 알고 싶습니다.,의암호,2020.07.29.,"2,004"
7069,폐암,펫시티 경과보고,예민아씨,2020.07.29.,"1,159"
7070,질문과 대답(QnA),알벤다졸 어떤 브렌드를 사드시나요?,별빛마을,2020.07.29.,483
7071,암 호전사례 정보,비인두암4기 간전이 구충제 한달복용 ct결과,박둥가,2020.07.29.,"1,206"
7073,자유게시판,86세 간암 폐전이 환자 아들입니다,gunswin,2020.07.29.,589
7074,질문과 대답(QnA),인삼과 홍삼,kakim,2020.07.29.,349
7075,기생충사진공유,기생충 맞을까요?,화창한봄날,2020.07.29.,"1,216"
7076,질문과 대답(QnA),안아파요 티비,건강찾기,2020.07.29.,673
7077,질문과 대답(QnA),표준항암시 구충제복용,나르는걸,2020.07.29.,446
7078,정보 공유,이버멕틴 복용후 통증,qnddn003,2020.07.29.,850
7080,질문과 대답(QnA),이버맥틴을 먹는방법을 알고 싶어요.,bearskin2,2020.07.30.,795
7081,기타 자가임상 후기,천연구충제와 아로마오일복용,배다별,2020.07.30.,"1,025"
7082,자유게시판,전립선암 3기 울 아버지,토마토가좋아,2020.07.30.,572
7083,신풍 생각,자신있게 자가임상 조언합니다. 림프에는 이버맥틴 기본.. 위암에는 알벤다졸이 도움이 됨.,신풍생각,2020.07.30.,"2,633"
7086,자유게시판,안부,헤라,2020.07.30.,226
7087,자유게시판,대퇴부 바이러스 발진이 다시 가렵고 조금 심해지네요..  알벤을 추가하고 이버를 조금 내림니다..,상대원,2020.07.30.,592
7088,자유게시판,coc에 대한 궁금증..,모모,2020.07.30.,383
7089,질문과 대답(QnA),독시사이클린만 남았습니다^^,이즈,2020.07.30.,490
7090,기타 자가임상 후기,파라캅 엘정 4일차에 4종류의 기생충 배출을 확인 하였습니다.,테일러,2020.07.30.,"1,038"
7091,회원나눔(공짜는 아닙니다),"파나쿠어,알킬정,coc한달푼 내놔요",도하은빠,2020.07.30.,575
7094,궁을,'빈민가의 기적' 인도 뭄바이서 코로나19 집단면역(상보),궁을,2020.07.30.,597
7095,질문과 대답(QnA),하지정맥,달로와요,2020.07.30.,448
7096,이버맥틴자가임상후기,폐암4기인 어머니 CT결과 보고 왔습니다.,엄마꼭살린다,2020.07.30.,"1,807"
7100,질문과 대답(QnA),니타조사나이드 고용량 하시는 분들은 하루에 얼마?,스트롱맨,2020.07.30.,711
7102,질문과 대답(QnA),고디바님 계신가요??,자야자야,2020.07.30.,567
7103,자유게시판,푸가카/베르베린(버버린) 팔아요~,Prisca,2020.07.30.,458
7104,자유게시판,제2차 항암은 균제거입니다.,하늘별섬,2020.07.30.,912
7106,질문과 대답(QnA),이베멕틴 구해봅니다,그만해1,2020.07.31.,355
7107,자유게시판,안부,헤라,2020.07.31.,189
7108,자유게시판,암대사치료까페에서 이버멕틴 관련 글을 비판한 것에 대한 제 생각입니다,설금홍,2020.07.31.,"1,069"
7110,질문과 대답(QnA),니클로사마이드 복용중 가슴 답답함 느끼신분 계시나요?,바로생각언릉,2020.07.31.,504
7111,질문과 대답(QnA),뼈전이에 효과있는 구충제가 있을까요?,일어나자,2020.07.31.,855
7112,기타 자가임상 후기,Ct결과 많이 좋아졌대요,초고속,2020.07.31.,"1,307"
7113,이버맥틴자가임상후기,췌장암(담도암)......,정진화,2020.07.31.,"1,414"
7114,자유게시판,펜벤드시면서 비타민씨 간격 얼마나 두시나요?,하나님나라,2020.07.31.,325
7115,질문과 대답(QnA),옴니쿠어 조언을 구해봅니다. 댓글 꼭 부탁드려요.,별빛마을,2020.07.31.,362
7120,가입 인사,대장암 4기,기도해,2020.07.31.,455
7121,자유게시판,알리가 엄청 빨리 배송 됬어요,한오백년,2020.07.31.,359
7122,가입 인사,안녕하세요?,DJ맘,2020.07.31.,228
7123,자유게시판,옴니♡어 필요하신분,뱃살공주,2020.07.31.,319
7125,자유게시판,새벽 6시쯤 산에 가면 나무에서 이산화탄소 나오나요?,아이스,2020.07.31.,639
7126,기타 자가임상 후기,유방암2기입니다,즐거운 시간 만들기,2020.07.31.,"1,408"
7129,자유게시판,현미에 비소가 많다는데 어떻게들 드시나요?,시골여자,2020.07.31.,554
7131,신풍 생각,헬리코박터 제균치료 2차까지 가서 제균성공,신풍생각,2020.07.31.,"1,037"
7134,설금홍,이버멕틴은 항암제 약물내성을 극복한다. 역전시킨다.,설금홍,2020.08.01.,793
7135,자유게시판,안부,헤라,2020.08.01.,128
7137,자유게시판,다시 시작 하는 8월~~~,미룸,2020.08.01.,197
7138,자유게시판,약의 이중성,배다별,2020.08.01.,457
7139,자유게시판,2015년 노벨 생리의학상은 기생충퇴치약물 개발자들에게 돌아갔다,배다별,2020.08.01.,346
7140,담비,난소암_프로프라놀롤_2020년,담비,2020.08.01.,255
7141,질문과 대답(QnA),"벤지미다졸 계열 중에 본인에 잘 맞는 거, 안 맞는 거는?",스트롱맨,2020.08.01.,402
7142,기타 자가임상 후기,오늘도 많은 기생충을 변에서 확인.,테일러,2020.08.01.,"1,080"
7143,자유게시판,비타민C 먹어도 될까요?,뽀미마미,2020.08.01.,485
7146,자유게시판,항암구충제 보관방법?,웅이아빠,2020.08.01.,433
7150,자유게시판,검진결과.,뱃살공주,2020.08.01.,"1,119"
7151,자유게시판,폐선암 구충제 이렇게 복용하면 어떨까요?,의암호,2020.08.01.,377
7153,자유게시판,붕어 곰탕은 먹어도 될까요?,Syaloon,2020.08.01.,261
7155,자유게시판,알벤다졸과 펜벤다졸이 쉽게 설명되어 있어요,배다별,2020.08.01.,576
7157,회원나눔(공짜는 아닙니다),(무료나눔완료) 힐** 매직컵 무료나눔 드립니다 (배송비만 본인부담),니크바드새로미,2020.08.01.,572
7158,자유게시판,힘들어 여쭤봅니다,어데서나,2020.08.01.,877
7159,자유게시판,펌) 어릴 때 엄마가 보여준 최고의 사랑.,화창한오후,2020.08.01.,507
7161,설금홍,베타차단제 프로프라놀올 상품명 인데놀의 난소암 효과,설금홍,2020.08.02.,252
7163,자유게시판,펜벤500미리 나눔하실분 안계실까여?,남자폴,2020.08.02.,180
7164,자유게시판,구충제와 비타민c관계,자몽,2020.08.02.,430
7165,자유게시판,안부,헤라,2020.08.02.,172
7167,질문과 대답(QnA),마그밀 연속 며칠까지 복용 괜찮나요?,유주히,2020.08.02.,368
7168,가입 인사,안녕하세요,러블리,2020.08.02.,106
7169,회원나눔(공짜는 아닙니다),이버 펜벤 파나쿠어c 마지막 물량 넘겨요 판매종료,흥분한당근,2020.08.02.,411
7172,질문과 대답(QnA),비타민E 어떤거 드시나요,노스페이스 88,2020.08.02.,228
7173,자유게시판,케톤식 식단 어렵지 않아요.,혜연,2020.08.02.,466
7174,가입 인사,안녕하세요,아빠 힘내자,2020.08.02.,136
7179,자유게시판,비타민D 문의드립니다,아카시아,2020.08.02.,374
7180,질문과 대답(QnA),메벤다졸 복용해보고 싶은데 분양 좀 부탁드립니다.,바로생각언릉,2020.08.02.,182
7181,회원나눔(공짜는 아닙니다),이버맥틴12미로 펜벤다졸정이나그외교환해요~,와우와우 쩝,2020.08.02.,176
7187,자유게시판,아주냥 거의 이삿짐 수준 짐싸서 산속에 있는 새로운 아지트로 왔습니다,니크바드새로미,2020.08.02.,808
7188,질문과 대답(QnA),아래 이버멕틴이 lverFast-12정확히원지 구충목적으로 먹는 방법부탁해요.,우주06,2020.08.02.,312
7189,자유게시판,성실멤버 등업됐어요♡,배다별,2020.08.02.,233
7190,가입 인사,교모세포종,joung2963,2020.08.02.,272
7192,질문과 대답(QnA),식이요법과 관장이 암치료에 효과가 없나요?,완전관해,2020.08.02.,"1,171"
7194,가입 인사,이버맥틴과 메밴,joung2963,2020.08.02.,538
7195,회원나눔(공짜는 아닙니다),이버 6mg 정리합니다,얀센LTD,2020.08.03.,344
7197,자유게시판,안부,헤라,2020.08.03.,198
7198,자유게시판,빈혈 때문에 고민이예요. 조언 부탁드려요~,안산아주매,2020.08.03.,416
7199,질문과 대답(QnA),골반근육통의 이유? 가 기생충 시체 때문일수 있나요?,테일러,2020.08.03.,663
7200,가입 인사,반가워요,우리엄마,2020.08.03.,134
7201,자유게시판,알벤다졸 복용 후 미열이나요.,초록나무,2020.08.03.,472
7202,질문과 대답(QnA),바이오 필름 제거제 복용,One and only,2020.08.03.,"1,023"
7203,가입 인사,반가워요,우리엄마,2020.08.03.,180
7204,암 호전사례 정보,"하루하루 기적을 써가요,",극복자,2020.08.03.,975
7205,설금홍,소화시스템의 암 치료를 위한 구충제 약물의 재배치,설금홍,2020.08.03.,602
7206,가입 인사,가입인사 드립니다.,MOZZI2020,2020.08.03.,85
7207,기타 자가임상 후기,대장암4기 간전이,카운터사이드,2020.08.03.,781
7210,가입 인사,이버맥틴과 메밴,럭키공주,2020.08.03.,224
7211,가입 인사,이버12미리 정리합니다,럭키공주,2020.08.03.,691
7212,자유게시판,(완료)무료나눔 (배송만 본인부담이요) 혹시 홀로 투병중에 계신 분 중에,니크바드새로미,2020.08.03.,660
7215,자유게시판,완전관해님께 경고합니다.,분홍앵초,2020.08.03.,"2,101"
7217,질문과 대답(QnA),항암구충제 복용중 선학초 먹어도될까요??,웅이아빠,2020.08.03.,332
7218,가입 인사,가입 인사드립니다,절대적완치,2020.08.03.,105
7219,회원나눔(공짜는 아닙니다),이버멕틴정리  칸디다정리,럭키공주,2020.08.03.,840
7220,질문과 대답(QnA),호산구 수치 증가 어떤 사인인가요?,청성임,2020.08.03.,815
7221,회원나눔(공짜는 아닙니다),베트남산 이버멕틴 6mg 정리합니다,gunswin,2020.08.03.,510
7222,자유게시판,이버멕틴 드시고 설사,췌장공부,2020.08.03.,463
7224,질문과 대답(QnA),간 안좋으신분들은 구충제요법 휴약기 가지시나요?,빼미,2020.08.03.,762
7227,질문과 대답(QnA),통증이 암 사멸과 연관있을까요?,뽁,2020.08.04.,690
7228,자유게시판,안부,헤라,2020.08.04.,190
7229,자유게시판,이제 어떻게 하면 좋을까요?,복실엄마,2020.08.04.,949
7231,자유게시판,니클로마사이드 복용법,의암호,2020.08.04.,607
7232,기타 자가임상 후기,오늘도 배출된 기생충들. ( 사진 없슴 ),테일러,2020.08.04.,"1,119"
7233,설금홍,유방암 관리를 위한 보완적 또는 대안적 접근법으로서의 케톤성 대사 요법의 고려,설금홍,2020.08.04.,285
7235,신풍 생각,"니타조사나이드 복용 자가임상(5개월2주복용후 검사결과,B형간염)",신풍생각,2020.08.04.,"1,430"
7236,자유게시판,알려주세요 이버멕틴,보석여왕,2020.08.04.,660
7237,질문과 대답(QnA),미열이 계속 있어요. 이런 경우 있으세요?,둥둥파,2020.08.04.,348
7238,질문과 대답(QnA),알벤다졸,아빠힘내힘내자,2020.08.04.,582
7240,플라이패치_자가임상,췌장암 폐전이 목임파전이  경추전이로인한어깨통증과등통증,행복한삶,2020.08.04.,498
7242,회원나눔(공짜는 아닙니다),인도서도착한약들....펜덴다졸은 정리,nam4913,2020.08.04.,386
7243,자유게시판,제가쓴글은 또 한분때문에 싸움판될거같아 삭제합니다.,까꿍이아빠,2020.08.04.,749
7244,만성질환자가임상나누기,"가려움, 왜 낫지 않을까?",건강한 몸과 정신,2020.08.04.,780
7245,회원나눔(공짜는 아닙니다),중국 알리이버맥틴,희망과꿈,2020.08.04.,354
7246,회원나눔(공짜는 아닙니다),국내산 이버있어요,초록빛,2020.08.04.,797
7247,질문과 대답(QnA),cbd 오일 한번 더 여쭤봅니다.,밤해,2020.08.04.,620
7248,질문과 대답(QnA),구충제 2가지를 동시 복용?,그만해1,2020.08.04.,493
7249,암 호전사례 정보,간암 구충제 후기와 검사결과 올립니다,초고속,2020.08.04.,"1,843"
7252,질문과 대답(QnA),뇌막통과 우수한 구충제는?,그만해1,2020.08.04.,520
7254,질문과 대답(QnA),안녕하세요 디스토시드 질문좀드릴게요,제니79,2020.08.04.,407
7256,자유게시판,기다리던 이버멕틴/펜벤다졸 인도 제품도착했습니다.,나이야가라,2020.08.04.,741
7257,자유게시판,신장청소,롱롱이닫,2020.08.04.,369
7262,자유게시판,폐선암4기,효원지원네,2020.08.05.,540
7263,자유게시판,안부,헤라,2020.08.05.,160
7265,"벤지미다졸체험기, 희망나누기",저희어머니가 췌장암 2기에서 3기 넘어간다는 판정받으셨는데 많이좋아지셨어요,우리엄마,2020.08.05.,"1,109"
7267,자유게시판,(힐** 배찜질기 나눔완료)혹시 이곳에 개척교회 목회자님의 사모님께서 환우로 회원 이신분 계실지요?,니크바드새로미,2020.08.05.,574
7268,회원나눔(공짜는 아닙니다),펜벤다졸,가태파파,2020.08.05.,390
7270,가입 인사,안녕하세요.,림돌,2020.08.05.,140
7271,질문과 대답(QnA),섬망증세 심할경우 구충제 요법. 고견 부탁드립니다..,림돌,2020.08.05.,520
7272,자유게시판,아버지가돌아가셨어요,봉이,2020.08.05.,959
7273,자유게시판,육종암에서 폐전이 구충제 복용법,Sicario,2020.08.05.,560
7274,자유게시판,여쭤보아요.,댕기,2020.08.05.,520
7275,설금홍,소화 시스템의 암 치료를위한 구충제 약물의 재배치-본문 요약정리,설금홍,2020.08.05.,586
7278,그외암,자궁암과 부인과 악성종양 개요와 치료,설금홍,2020.08.05.,488
7279,자유게시판,질문이 있습니다.,소리,2020.08.05.,279
7281,질문과 대답(QnA),베르베린,qnddn003,2020.08.05.,760
7282,암 호전사례 정보,전립선암 검사결과,단비네,2020.08.05.,"1,077"
7285,회원나눔(공짜는 아닙니다),인도산 이버 멕틴 외 여러가지 정리,라일락꽃내음,2020.08.05.,725
7286,자유게시판,구충제 복용시 알로홀 복용하시나요?,의암호,2020.08.05.,356
7287,질문과 대답(QnA),유방암 프로트콜 문의합니다.,둘로스65,2020.08.06.,628
7288,이버맥틴,이버멕틴이 꼬추서는 성분이 있나요?,꿀꿀이2,2020.08.06.,"1,586"
7289,회원나눔(공짜는 아닙니다),12미리 이버맥틴 펜벤다졸정교환및판매도 합니다,와우와우 쩝,2020.08.06.,215
7290,자유게시판,안부,헤라,2020.08.06.,154
7294,자유게시판,인도 이버 5/6주문 8/4도착,푸른빛토마토,2020.08.06.,385
7295,가입 인사,안녕하세요,여니아빠,2020.08.06.,124
7296,질문과 대답(QnA),구충제 치료 관련해서 궁금합니다.,여니아빠,2020.08.06.,532
7297,자유게시판,옥수수 수확을 포기합니다,궁을,2020.08.06.,542
7298,자유게시판,알벤 필요해요,joung2963,2020.08.06.,339
7299,자유게시판,장아찌용 자연산 산초열매 예약받습니다,궁을,2020.08.06.,363
7302,가입 인사,안녕하세요.,흔흔흔남,2020.08.06.,183
7305,자유게시판,<산초의 효능> 소개해 올립니다,궁을,2020.08.06.,272
7306,회원나눔(공짜는 아닙니다),이버멕틴 필요하신분 연락주세요,산수유짱,2020.08.06.,712
7307,가입 인사,가입인사 드립니다.,아무데도못가,2020.08.06.,108
7308,자유게시판,베트남이버맥틴,봉이,2020.08.06.,327
7310,질문과 대답(QnA),국산과 외국산의 이버멕틴 효능차이좀 알려주세요,고길동,2020.08.06.,405
7312,질문과 대답(QnA),펜벤 알벤 메벤을 구입했는데요..도와주세요ㅠㅠ,제니79,2020.08.06.,385
7313,질문과 대답(QnA),이버맥틴,양준,2020.08.06.,637
7316,자유게시판,진통제 복용....이데로 괜찮은지....,안산아주매,2020.08.06.,466
7317,질문과 대답(QnA),디클로로 아세트산 나트륨 (DCA) 복용질문,극복자,2020.08.06.,394
7319,자유게시판,구충제 계속 먹어야될까요?,여우,2020.08.07.,"1,001"
7320,자유게시판,야채수 드시는 분 조언 부탁할게요,하나님나라,2020.08.07.,397
7322,간암,미세기생충과 곰팡이균,간지킴이,2020.08.07.,659
7323,자유게시판,안부,헤라,2020.08.07.,158
7324,자유게시판,이버가 혈당을올리기도 하나요?,팔찌녀,2020.08.07.,517
7327,암 호전사례 정보,거의 다 나으신거같아요,극복자,2020.08.07.,"1,999"
7328,가입 인사,가입인사,juneh7,2020.08.07.,93
7329,암 호전사례 정보,거의 다 나으신거같아요,하면된다,2020.08.07.,223
7330,자유게시판,우리들의 자가 임상후기는,분홍앵초,2020.08.07.,791
7331,질문과 대답(QnA),이버먹는양,양준,2020.08.07.,618
7333,질문과 대답(QnA),중국산 이버맥틴 있으신분 구해봐요~,와우와우 쩝,2020.08.07.,319
7334,질문과 대답(QnA),커큐민,안경,2020.08.07.,460
7335,질문과 대답(QnA),트리클라벤다졸 드신분들께 질문있어요..,드림걸즈77,2020.08.07.,"1,412"
7337,자유게시판,산초 장아찌 이렇게 담아 보세요~,궁을,2020.08.07.,427
7339,유투브방송 링크나눔,"자연치유로 유방암, 자궁 근종, 통풍 완치한 사례",Daniel,2020.08.07.,802
7340,가입 인사,안녕하세요,danny7730,2020.08.07.,135
7341,자유게시판,췌장암 구충제 한번봐주세요,췌장공부,2020.08.07.,572
7343,질문과 대답(QnA),안아파요 방송?,일어나자,2020.08.07.,999
7344,질문과 대답(QnA),"지인에게 간청소를 권유했는데, 쓸개가 없다네요.",꼼다비튜드,2020.08.07.,704
7345,자유게시판,교모세포종이신분들 효과보셨나요?,Prisca,2020.08.08.,628
7347,질문과 대답(QnA),시이버님 팔이 본인의 의지와 상관없이 움직여요,크크별,2020.08.08.,443
7348,유투브방송 링크나눔,정림박tv   이버멕틴  피검사결과,헤라,2020.08.08.,769
7349,자유게시판,안부,헤라,2020.08.08.,172
7350,담비,갑상선암_제니스테인_2019년,담비,2020.08.08.,359
7354,자유게시판,선물 받았다는 곰  인형!,니크바드새로미,2020.08.08.,337
7355,회원나눔(공짜는 아닙니다),인도산 이버맥틴12미리 한박스하고조금더 펜벤다졸정으로 교환이나 판매요~,와우와우 쩝,2020.08.08.,302
7356,회원나눔(공짜는 아닙니다),[마감] 필요하신분께 나눔 되어 마감 합니다.,다음통과,2020.08.08.,392
7360,췌장암,암을 일으키는 곰팡이가 있다,배다별,2020.08.08.,"1,086"
7362,가입 인사,안녕하세요,나홀로,2020.08.08.,164
7364,질문과 대답(QnA),복수가 차는데 어떻게 해야 할지?,마유미,2020.08.08.,516
7365,설금홍,"피르비늄 파모에이트, 항암제로서의 그 명성, 각종암에 피르비늄의 효과",설금홍,2020.08.08.,695
7366,자유게시판,니클로사마이드 개발현황 언론사제보,크로버맨,2020.08.08.,690
7367,질문과 대답(QnA),"간암4기(폐로전이), 면약항암주사도 효과가 없다는데, 구충제 어떻게 시작해야할까요?",마음은 이미 부자,2020.08.08.,459
7368,가입 인사,가입했습니다.,마음은 이미 부자,2020.08.09.,75
7369,정보 공유,뇌종양과 싸우시는 분들께 힘이 됐으면 하는 영상 첨부합니다,러뷰어거스트,2020.08.09.,874
7370,기생충사진공유,이것도 기생충 인가요??,보석여왕,2020.08.09.,868
7372,질문과 대답(QnA),니타조사나이드 복용후  배에  가스찬  느낌,완치,2020.08.09.,361
7373,궁을,[공유] 상추 5장의 의미 - 질산염,궁을,2020.08.09.,413
7374,질문과 대답(QnA),췌장암 통증,정진화,2020.08.09.,651
7376,자유게시판,어떤 상상~,혜연,2020.08.09.,510
7377,자유게시판,안부,헤라,2020.08.09.,216
7379,질문과 대답(QnA),ct촬영 결과지 내용 해석 가능하신분 계실지요.,까꿍이아빠,2020.08.09.,538
7380,질문과 대답(QnA),니클로사마이드는 부작용이 거의 안나타나네요.,스트롱맨,2020.08.09.,832
7381,질문과 대답(QnA),고용량 구충제+ 보조제 복용중입니다. 여기에 coc 약들 추가하려 합니다 도움 말씀 부탁드립니다.,희망이사랑이,2020.08.09.,693
7382,자유게시판,유산균 추천 부탁,어데서나,2020.08.09.,300
7383,질문과 대답(QnA),구충제가 허리 협착증 통증에도 효과 있을까요?,유주히,2020.08.09.,585
7384,질문과 대답(QnA),여명 얼마 남지않았다고 진단받으면 갈수록 안좋아지나요?,까꿍이아빠,2020.08.09.,769
7385,회원나눔(공짜는 아닙니다),펜벤이나알벤으로 이버멕틴 교환원합니다,제니79,2020.08.09.,228
7386,질문과 대답(QnA),구충제 치료중  혈변은 좋은건가요?,극복자,2020.08.09.,520
7387,기생충사진공유,기생충 증상 낭미충증,말콥,2020.08.09.,"1,103"
7389,자유게시판,이버맥틴 추천부탁드립니다.,구암스토커,2020.08.09.,421
7391,신풍 생각,암은 큰 산업이다? - 버진스키 다큐,신풍생각,2020.08.09.,608
7392,신풍 생각,니타조사나이드 개발한 로마크제약사도 e항원뿐 아니라 s항원을 없에고 항체를 생기는지 임상한다고 하니 먼저 해 봐야죠.,신풍생각,2020.08.09.,719
7394,자유게시판,펜벤다졸 처분,잘가내사랑,2020.08.10.,519
7395,자유게시판,안부,헤라,2020.08.10.,154
7396,회원나눔(공짜는 아닙니다),니타조사나이드 있어요,안나,2020.08.10.,660
7397,질문과 대답(QnA),령튜브 운영자 큰령님 부고소식에 ㅜㅜ,청성임,2020.08.10.,"7,032"
7398,자유게시판,베트남이버맥틴 나눔,봉이,2020.08.10.,240
7399,자유게시판,호르텐스 급구흡충이 다량으로 배출되었습니다.,테일러,2020.08.10.,877
7400,자유게시판,어떤게 답일까요,지혜난초,2020.08.10.,342
7401,췌장암,췌장에서 곰팡이가 암을 유발하다,배다별,2020.08.10.,820
7402,질문과 대답(QnA),유방암 문의,모두건강,2020.08.10.,244
7403,설금홍,"HER2 양성 유방암치료제와  이버멕틴, 니클로사마이드, 벤즈이미다졸계의 상승 효과-완결",설금홍,2020.08.10.,569
7404,자유게시판,8월달 피검사했어요~^^,즐거운 시간 만들기,2020.08.10.,442
7405,질문과 대답(QnA),파라캅과 안텔민 같은 약인가요?,바로생각언릉,2020.08.10.,232
7406,신풍 생각,암 #1: 암은 큰 산업이다!,신풍생각,2020.08.10.,489
7408,질문과 대답(QnA),베트남당뇨인 홈피 아시는 분,처음부터 시직이다,2020.08.10.,673
7409,기타 자가임상 후기,"알벤,메벤, 이버치료 9개월",All Bright,2020.08.10.,"1,483"
7411,회원나눔(공짜는 아닙니다),이버멕틴과 니클로사마이드 교환원합니다.,진토일미,2020.08.10.,274
7414,자유게시판,비타민e,남자폴,2020.08.10.,180
7415,자유게시판,니타조사나이드 구입했습니다.,정상인,2020.08.10.,439
7416,자유게시판,진통을 잡아야 할텐데 걱정입니다,주나모,2020.08.10.,518
7419,자유게시판,어떤글은 스텝만 볼수있게 제한되는건?,미다스캉,2020.08.10.,440
7421,가입 인사,가입인사,이스트만,2020.08.10.,84
7422,자유게시판,우리 카페는 판매를 금지합니다.,신풍생각,2020.08.10.,702
7423,질문과 대답(QnA),이버맥틴 추천해주세요,여니아빠,2020.08.10.,442
7424,가입 인사,더 이상 치료법이 없다네요,잠탱이공주,2020.08.10.,"1,061"
7425,질문과 대답(QnA),니클로사마이드 드시고 어떠신가요,우린이,2020.08.10.,587
7427,신풍 생각,"암 #2: FDA 승인된 항암제 조건?! (기능의학,영양의학)",신풍생각,2020.08.10.,380
7430,자유게시판,구충제(카라캅엘)과 신경안정제 함께 먹어도 될까요?,시골여자,2020.08.11.,192
7432,자유게시판,응급실 입원했어요 임종준비도 하라고 하시더라구요,아빠힘내요,2020.08.11.,"1,109"
7434,자유게시판,안부,헤라,2020.08.11.,116
7435,암 호전사례 정보,미국 한인아줌마들 싸이트에서 퍼온글,이상한 나라의 앨리스,2020.08.11.,"1,737"
7436,자유게시판,모든것은 법칙혹은 확율로 돌아간다.,건행만,2020.08.11.,276
7437,가입 인사,안녕하세요,낌또,2020.08.11.,145
7438,자유게시판,이런경우 계신분 알려주세요,어데서나,2020.08.11.,396
7439,암 호전사례 정보,병원 다녀왔어요(유방암4기),화사함,2020.08.11.,"1,279"
7441,질문과 대답(QnA),전립선암 통증 잡으신분 알려주세요 부탁드립니다,에벤에셀,2020.08.11.,261
7443,담비,이버멕틴_유방암_난소암_2020년,담비,2020.08.11.,718
7445,자유게시판,니클로사마이드 흡수율 높이는 제조법에 대하여...,제리호야,2020.08.11.,814
7447,자유게시판,비가 그쳣어요~~,미룸,2020.08.11.,162
7448,질문과 대답(QnA),이제는 호스피스 알아보라고 하시네요..ㅠ,주유공,2020.08.11.,"1,400"
7449,기타 자가임상 후기,파라캅엘정 먹고,시골여자,2020.08.11.,816
7450,자유게시판,아빠가 내곁을 떠나갔습니다,아빠힘내요,2020.08.11.,"1,248"
7453,자유게시판,피부암,joung2963,2020.08.11.,327
7455,자유게시판,책소개 - 기생충의 부활,행복나무,2020.08.11.,459
7456,자유게시판,직장암문의드립니다,구충제러버,2020.08.11.,294
7457,정보 공유,구연산이 방부제로 쓰이는군요.,신풍생각,2020.08.11.,611
7458,자유게시판,전립선비대증,ne0221,2020.08.11.,364
7459,자유게시판,욕심..,뱃살공주,2020.08.11.,746
7460,자유게시판,니클로마사이드(포접) 1일 복용량을  3~4회 분할하여 복용하면 혈중 농도가 낮아지는 것 아닐까요?,의암호,2020.08.11.,532
7462,질문과 대답(QnA),메벤다졸 이 제품으로 먹어도 상관없는 건가요?,일어나자,2020.08.12.,386
7463,질문과 대답(QnA),췌장암 4기  환자 가족입니다. 답답해서 여쭙니다,커피가맛나구나,2020.08.12.,753
7464,자유게시판,기침.,뱃살공주,2020.08.12.,474
7465,암 호전사례 정보,놀라운  이버멕틴,꿀꿀이2,2020.08.12.,"1,869"
7466,질문과 대답(QnA),이버맥틴 복용 후에 장과 피부에 주는 영향은?,스트롱맨,2020.08.12.,537
7468,자유게시판,의견 공유하고 싶습니다,남자폴,2020.08.12.,203
7470,가입 인사,구충제복용입문,나미야,2020.08.12.,184
7472,질문과 대답(QnA),어떤걸로 시작하는게 좋을까요?,로즈맨,2020.08.12.,545
7473,질문과 대답(QnA),암환우 아녀도 디스토시드 먹어도 되나요?,까꿍이아빠,2020.08.12.,635
7474,자유게시판,박테리오 파지에 관한 소개 영상 입니다. 가볍게 보세요.,러뷰어거스트,2020.08.12.,296
7475,자유게시판,구충제효과를 보기위한  좋은컨디션은 ...,극복자,2020.08.12.,566
7476,자유게시판,검사 결과가 나왔네요,정상인,2020.08.12.,597
7477,질문과 대답(QnA),파라캅엘 3500원 하네요,바로생각언릉,2020.08.12.,513
7478,질문과 대답(QnA),비타민e와 커큐민 어떤거 드시고 계시나요?,번쩍번쩍 빛나는,2020.08.12.,205
7479,자유게시판,이버맥틴 이거 복용해도 되나요?,나는야파랑이,2020.08.12.,439
7480,설금홍,"여러 구충항암제가 작용하는 암종류와 작용기전들, 메벤다졸, 니클로사마이드, 피르비늄, 이버멕틴, 니타조사나이드.",설금홍,2020.08.12.,"1,710"
7481,자유게시판,진통제 타진 드시는분 계시나요?,주나모,2020.08.12.,250
7482,자유게시판,위암치료로 옴니쿠어 시작하려는데요,나미야,2020.08.12.,313
7484,자유게시판,구충제 어떤게 좋을까요?,가을이 좋아,2020.08.12.,440
7485,질문과 대답(QnA),구충제 섭취시 통증이 잡히는 이유가 왜일까요?,와우와우 쩝,2020.08.12.,735
7486,가입 인사,가입인사,혜서,2020.08.12.,69
7487,회원나눔(공짜는 아닙니다),(과거 공지입니다) ·앞으로 나눔글은 이글의 댓글로만 허용하겠습니다.(구매정보게시판의 공지에 올려놓겠습니다.),신풍생각,2020.08.12.,"6,414"
7488,암 관해사례 정보,신우암 여쭈어봅니다,jayounggo45,2020.08.12.,476
7490,질문과 대답(QnA),올리브오일 맛이 왜이래요?,제니79,2020.08.12.,420
7493,질문과 대답(QnA),이버메틴과 니클로사마이드,잠탱이공주,2020.08.13.,669
7494,자유게시판,아지스로 마이신 복용은 어떻게 하면 좋을까요?,하나님나라,2020.08.13.,165
7496,자유게시판,안부,헤라,2020.08.13.,284
7498,자유게시판,암에 걸리는 이유...,쟈스길,2020.08.13.,"1,110"
7499,자유게시판,저에게도 귀한 나눔을 베푸신 귀한분들과 하늘에 감사드립니다,니크바드새로미,2020.08.13.,722
7500,자유게시판,구충제가 수술상처회복과 관계있을까요?,라푼젤,2020.08.13.,397
7502,보관창고,장루 무료나눔합니다. (많이있어요),전자과오,2020.08.13.,395
7504,질문과 대답(QnA),베트남 이버랑 인도산 이버의 차이는?,처음부터 시직이다,2020.08.13.,"1,132"
7505,질문과 대답(QnA),"이버멕틴,니클로사마이드 구입질문?",로즈맨,2020.08.13.,570
7508,자유게시판,유산균과 독시사이클린,건강한신체,2020.08.13.,712
7511,자유게시판,림프종 알벤다졸 자가임상,달고나야,2020.08.13.,687
7513,보관창고,"구충제(파나쿠어C), 블랙시드오일 양도 하려합니다.",흔흔흔남,2020.08.13.,344
7518,자유게시판,새로 시작시 어떻게 해야 할까요?,어데서나,2020.08.14.,380
7519,자유게시판,지극히 무식한 글이예요..,냥가,2020.08.14.,640
7520,자유게시판,지극히 무식한 글 ..2탄.,냥가,2020.08.14.,686
7522,자유게시판,안부,헤라,2020.08.14.,204
7524,담비,항암제 종류_간이 작용기전_01,담비,2020.08.14.,296
7525,질문과 대답(QnA),구충제 복용후(수정),건강찾기,2020.08.14.,561
7526,이버맥틴자가임상후기,이버 메벤 한달복용,조은데이,2020.08.14.,"1,484"
7527,자유게시판,변비가있는환자간청소어떻게하나요,ㅁlㄴr,2020.08.14.,262
7529,자유게시판,옴니쿠어 분말 구합니,처음부터 시직이다,2020.08.14.,273
7531,자유게시판,이버멕틴 복용중 목에 혹. 갑상선암 의심된다네요,보석여왕,2020.08.14.,835
7532,질문과 대답(QnA),궁금 합니다 혹시 SB주사에 대해 아시나요,20201학기중급4신봉근,2020.08.14.,180
7533,설금홍,이버멕틴 (ivermectin)은 혈당과 콜레스테롤 수치를 낮추는 새로운 FXR 리간드,설금홍,2020.08.14.,420
7534,자유게시판,"펜벤, 알벤 판매 합니다.",다둥이아빠,2020.08.14.,275
7537,질문과 대답(QnA),구충제 고용량 복용중입니다 앉았다 일어날때 너무 어지럽습니다.,희망이사랑이,2020.08.14.,942
7538,자유게시판,시메티딘 구합니다,hawkky,2020.08.14.,182
7541,질문과 대답(QnA),이 두가지 차이점 여쭐께요,뽀미마미,2020.08.14.,365
7542,질문과 대답(QnA),다이오프증상,바람,2020.08.14.,439
7543,설금홍,Farnesoid X Receptor의 활성화는 유방암 관련 섬유 아세포의 종양 촉진 기능을 손상시킵니다,설금홍,2020.08.14.,192
7544,기타 자가임상 후기,니타조사나이드 두번먹었는데 설사증상,궁금궁금궁금이,2020.08.14.,652
7545,질문과 대답(QnA),이동훈동물병원보시요,멜론,2020.08.14.,"2,210"
7546,질문과 대답(QnA),DCA  복용질문~,극복자,2020.08.15.,396
7549,자유게시판,[서프라이즈 티비] 기생충 관련 사례,스칼렛베리쨈,2020.08.15.,426
7551,자유게시판,안부,헤라,2020.08.15.,146
7553,가입 인사,안녕하세요?,카페올리,2020.08.15.,191
7555,암환우 자가임상 추천해 주세요,췌장암 4기이고 구충제복용 고려중입니다.,그냥천천히,2020.08.15.,687
7560,신풍 생각,이론으로 떠드는 사람들을 잠재우는 방법.... ﻿진짜가 나타나 이 암산업이 모두 망했으면 좋겠습니다.,신풍생각,2020.08.15.,"1,342"
7562,자유게시판,구강작열감증후군을 치유한 사례가.....,희망바래기,2020.08.15.,302
7564,암 호전사례 정보,아부지가 이제는 하루에 변을 2번 ~,극복자,2020.08.15.,800
7565,자유게시판,유방암 수술 연기했습니다.,둘로스65,2020.08.15.,"1,029"
7566,질문과 대답(QnA),저는 자궁경부암 환우입니다.   자가임상앞두고   질문드려요,송이짱맘,2020.08.15.,641
7567,가입 인사,안녕하세요 가입인사드립니다,무념무상,2020.08.15.,151
7568,자유게시판,꼭 한번 보세요,둘로스65,2020.08.15.,888
7570,질문과 대답(QnA),5일간 항암한다는데...,푸르름10,2020.08.15.,623
7572,질문과 대답(QnA),암성 악액질 질문,ㅁlㄴr,2020.08.15.,784
7573,암 호전사례 정보,원발성 복막암 악성중피종 어머니 병원진단.,까꿍이아빠,2020.08.16.,629
7574,암 호전사례 정보,또 한번 놀라는 이버멕틴,새벽빛이었던 그는,2020.08.16.,"1,798"
7575,정보 공유,코로나에 이버멕틴 삼중요법이 효과가 있답니다. 이버멕틴-독시사이클린-아연,설금홍,2020.08.16.,967
7576,자유게시판,안부,헤라,2020.08.16.,147
7577,유투브방송 링크나눔,정림박tv 이버멕틴 후기,헤라,2020.08.16.,"1,073"
7579,자유게시판,펜벤 복용중 살 빠짐 .,ne0221,2020.08.16.,481
7580,자유게시판,유산균 추천좀 부탁드려요,뱃살공주,2020.08.16.,389
7581,자유게시판,구연산 디에틸카바마진(DEC)을 구하고 있습니다.,무념무상,2020.08.16.,359
7582,구매정보게시판(물건배송확인후),안녕하세요 인도 해외직구 구입방법 공유해드려요 ㅎ,꿈과희망,2020.08.16.,"1,176"
7583,기생충사진공유,이거 자두 껍질 일까요?,유레테,2020.08.16.,"1,018"
7585,기타 자가임상 후기,파라캅엘 먹고 눈주위 눈꺼플에 있던 비립종이,시골여자,2020.08.16.,"1,050"
7586,췌장암,췌장암말기복막전이  환우,배다별,2020.08.16.,"1,773"
7587,기생충사진공유,은행알,바람,2020.08.16.,503
7589,질문과 대답(QnA),한시가 급해 염치불구하고 질문합니다..,ㄴㄹㄹㄱ,2020.08.16.,705
7590,질문과 대답(QnA),파라캅엘정  구입문의,완치,2020.08.17.,507
7591,질문과 대답(QnA),알벤 고용량으로,처음부터 시직이다,2020.08.17.,"1,361"
7592,질문과 대답(QnA),구충제 복용후,건강찾기,2020.08.17.,746
7593,자유게시판,안부,헤라,2020.08.17.,202
7594,자유게시판,오후만 되면 체온이37.5도 나,정진화,2020.08.17.,736
7596,궁을,가장 좋은 먹거리의 기준에 대해,궁을,2020.08.17.,417
7597,질문과 대답(QnA),수액 질문 드립니다.,된다하면된다,2020.08.17.,201
7599,이버맥틴,이버멕틴주사,럭키공주,2020.08.17.,628
7600,자유게시판,장마비,가을이 좋아,2020.08.17.,185
7602,질문과 대답(QnA),구충제 하루중  언제  복용하는게 효과적일까요?,극복자,2020.08.17.,766
7603,자유게시판,니타조사나이드,폴로,2020.08.17.,514
7606,자유게시판,항암제가 암 환자를 죽인다,풀꽃,2020.08.17.,683
7607,질문과 대답(QnA),혼합제제(파라캅엘정)가  효과가  더  뛰어날까요?,완치,2020.08.17.,468
7609,설금홍,이버멕틴은 유방암에서 PAK1/AKT축을 차단하여 세포성 자가포식을 유도합니다,설금홍,2020.08.17.,570
7616,유투브방송 링크나눔,구충제를 더 자주 챙겨먹어야 하는 사람들은?,멋진친구,2020.08.17.,430
7618,담비,종양학에서 신약재창출-업데이트,담비,2020.08.17.,367
7619,질문과 대답(QnA),니클로사마이드와 밀크시슬(제품) 질문 좀 드립니다.,밤해,2020.08.18.,399
7620,자유게시판,간청소후 항문에 생긴 알맹이ㅜㅜ,쎈삥,2020.08.18.,616
7621,자유게시판,안부,헤라,2020.08.18.,106
7622,유투브방송 링크나눔,이버멕틴  시력을고치다,헤라,2020.08.18.,"1,676"
7625,궁을,"명현반응, 고열 몇도 까지 괜찮은가?",궁을,2020.08.18.,469
7627,설금홍,메트포르민의 암에 대한 효능.  Mechanism of Metformin,설금홍,2020.08.18.,668
7628,가입 인사,안녕하세요.,여름,2020.08.18.,104
7631,기타 자가임상 후기,안녕하세요 달군입니다.  CT 결과후 간단히 흔적 남겨 봅니다,달군,2020.08.18.,"1,154"
7632,자유게시판,어머니 CT 및 MRI 종합 검진 결과입니다...,완치로,2020.08.18.,696
7633,자유게시판,이버12미리. 니타조사나이드 복용후기,달님별,2020.08.18.,958
7635,벤지미다졸 질문 게시판,페암이후 간전이되어 치료잘 받아오시다가 최근 뇌전이 되어 파나쿠어 치료해보려고 합니다.,여름,2020.08.18.,492
7637,질문과 대답(QnA),구충제복용중CT검사,안평골 Jcabukyung,2020.08.18.,676
7640,자유게시판,독보적 암 과학자가 14년 암투병하며 알게 된 것들 “몸에서 많은 게 사라진 만큼 마음의 자유를 얻었다” 신동아 2020년 9월호,붐붐112,2020.08.18.,562
7641,보관창고,이버멕틴과 니클로마사이드 교환하고 싶습니다,아카시아,2020.08.18.,269
7642,질문과 대답(QnA),대동맥 주변 림프절이 커졌다고 전이 의심하네요,청성임,2020.08.18.,660
7643,질문과 대답(QnA),베르베린 질문,까꿍이아빠,2020.08.18.,758
7644,자유게시판,이버멕틴3미리 왔어요,벼리맘,2020.08.18.,487
7645,가입 인사,안녕하세요,어닉부기,2020.08.18.,206
7647,자유게시판,8월 11 일  피검사를  했어요.,분홍앵초,2020.08.18.,"1,438"
7648,질문과 대답(QnA),구충제 복용시 소화가 힘들때. .,극복자,2020.08.18.,493
7650,자유게시판,안부,헤라,2020.08.19.,151
7651,질문과 대답(QnA),구충제 복용후 증상 문의 드려요~,열심히살자야,2020.08.19.,784
7652,자유게시판,저 내년부터 약대 들어갑니다. 미쳤네요 ㅎㅎ,완치로,2020.08.19.,"1,075"
7653,자유게시판,알벤 종류,남자폴,2020.08.19.,295
7656,자유게시판,[공유] ‘완치 판정’ 박현 교수 “한국만 ‘완치자’ 표현…후유증 심각”,luckycho0615,2020.08.19.,469
7657,자유게시판,건선비듬 알벤 하고있어요,달고나야,2020.08.19.,332
7659,자유게시판,코로나19 비타민C로 극복,globica,2020.08.19.,318
7660,자유게시판,구충제항암 부작용(?),globica,2020.08.19.,964
7661,질문과 대답(QnA),질문 좀 드립니다 현재 상황이 판단이 잘서지 않네요,우루사야,2020.08.19.,614
7663,자유게시판,기나긴 장마가 지나가고 무더위가 찾아 왔내요ㅠ,갸웃갸웃,2020.08.19.,235
7666,정보 공유,코로나19에 니타조사나이드가 효과가 있다고 믿고 있습니다.,신풍생각,2020.08.19.,"1,059"
7668,정보 공유,니타조사나이드 임상--- 의료 종사자의 COVID-19 및 기타 바이러스 성 호흡기 질환 (VRI)의 노출 후 예방을위한 Nitazoxanide (NTZ)의 효능 및 안전성 평가 시험,신풍생각,2020.08.19.,524
7669,자유게시판,보험 회사에서 보험금을 납입을  거부한 사건인데요. 병원에서 치료한 치료제가 어머님 폐암에 사용하는 치료제가 아니어서 보험금 지급을 거부 한 사건입니다.,분홍앵초,2020.08.19.,501
7671,질문과 대답(QnA),폐암,grandpark42,2020.08.19.,440
7672,자유게시판,반가운소식 전합니다,감사해,2020.08.19.,"1,036"
7674,질문과 대답(QnA),니타조사나이드만  먹으면..,완치,2020.08.19.,"1,167"
7675,질문과 대답(QnA),혈압때문에,아빠힘내힘내자,2020.08.19.,483
7678,질문과 대답(QnA),구충제 복용시 왼쪽아랫배통증!,극복자,2020.08.20.,833
7679,자유게시판,안부,헤라,2020.08.20.,147
7680,유투브방송 링크나눔,구충제  니타조사나이드소식코로나,헤라,2020.08.20.,928
7681,가입 인사,가입인사,아프지말자,2020.08.20.,114
7684,자유게시판,이버멕틴 급하게 구입 하고싶습니다!!!,단도리,2020.08.20.,468
7685,자유게시판,아빠는 잘보내 주었어요 열심히 이버멕틴 구충해보려구요,아빠힘내요,2020.08.20.,826
7686,자유게시판,혹시 메벤 구하시는 분 계시나요?,제니79,2020.08.20.,429
7689,자유게시판,공동 구매에 관한 저의 소견입니다.,분홍앵초,2020.08.20.,"1,177"
7690,자유게시판,구충제 4개월 연속복용중 고민입니다,여나,2020.08.20.,"1,169"
7691,가입 인사,안녕하세요,하늘,2020.08.20.,265
7692,자유게시판,통증,남자폴,2020.08.20.,445
7693,질문과 대답(QnA),파랍캅엘정이,그만해1,2020.08.20.,481
7694,질문과 대답(QnA),니타조사나이드,혜연,2020.08.20.,670
7695,질문과 대답(QnA),피부가 갑자기 짓물러요 ㅜ,청성임,2020.08.21.,627
7696,질문과 대답(QnA),3개월 피검 결과 굿  그런데 림프전이의심하네요,청성임,2020.08.21.,681
7697,자유게시판,안부,헤라,2020.08.21.,146
7698,가입 인사,안녕하세요,경아,2020.08.21.,239
7699,설금홍,"니클로사마이드와 각종 암에 대한 효과, 관련 논문 모음, niclosamide, 니크로사미드.",설금홍,2020.08.21.,"1,051"
7700,신경 교종세포암,교모세포종 구충제 한달 복용후기 입니다,열심히살자야,2020.08.21.,"1,192"
7701,담비,항암제 종류_간이 작용기전_02,담비,2020.08.21.,244
7702,자유게시판,엽산 ㅡ 드시는 분들,시골여자,2020.08.21.,290
7703,정보 공유,펌 / 비타민D의 암세포 사멸 메커니즘,제리호야,2020.08.21.,569
7704,질문과 대답(QnA),대변 점액? 바이오필름?,김김,2020.08.21.,557
7706,질문과 대답(QnA),3번의 ct결과 해석부탁드립니다.,까꿍이아빠,2020.08.21.,545
7707,자유게시판,알벤다졸,정삿갓,2020.08.21.,781
7708,질문과 대답(QnA),알벤+파라캅엘정   동시  복용해도  되나요?,완치,2020.08.21.,450
7709,질문과 대답(QnA),췌장암말기 전이환자 (장폐색),ㅁlㄴr,2020.08.21.,800
7711,자유게시판,갑상선 초음파 판독 가능하신분 부탁드립니다.,구암스토커,2020.08.21.,306
7712,정보 공유,와포자충 감염으로 인한 설사 치료용으로 승인받은 유일한 약은 니타조사나이드(NTZ) 입니다.,신풍생각,2020.08.21.,632
7714,담비,암환자의 개구충제 복용에 관한 대중의 태도: 온라인 뉴스 댓글 테마분석,담비,2020.08.21.,648
7715,자유게시판,안부,헤라,2020.08.22.,219
7716,질문과 대답(QnA),독시사이클린 어디서 구하나요?,감사35,2020.08.22.,375
7717,가입 인사,췌장암4기 간병인 남편 입니다.,황혼의열정,2020.08.22.,573
7718,기타 자가임상 후기,또 나왔습니다.,바로생각언릉,2020.08.22.,771
7720,보관창고,나눔 글 강제 삭제 하는 이유가 궁금 합니다.,공작단풍,2020.08.22.,706
7721,질문과 대답(QnA),(급합니다 )췌장암말기전이환자,ㅁlㄴr,2020.08.22.,755
7722,자유게시판,암크기가 열흘만에 높이가 절반으로 줄어들었습니다.,둘로스65,2020.08.22.,"2,058"
7723,자유게시판,니타조사나이드  복용시,하루,2020.08.22.,744
7724,가입 인사,안녕하세요...,애플소녀,2020.08.22.,181
7725,자유게시판,"완료)비타민C,MSM식이유황 판매합니다",브니엘,2020.08.22.,344
7727,이버맥틴자가임상후기,눈에 지그재그 표시?(이버멕틴 먹은후...),옥토,2020.08.22.,"1,033"
7728,질문과 대답(QnA),14일간 마지막으로 정말 수술 항암 하기싫어요,청성임,2020.08.22.,752
7729,질문과 대답(QnA),메벤다졸 푸가카 정품/가품 질문 좀 드립니다.,밤해,2020.08.22.,376
7730,자유게시판,구충제  드시고 다리부종,어데서나,2020.08.22.,496
7731,정보 공유,독시사이클린+아지스로마이신+비타민 C (DAV),콜라너구리,2020.08.23.,734
7732,정보 공유,진통제 소염제 신경안정 수면제 복용조심,가든홀릭,2020.08.23.,436
7733,가입 인사,안녕하세요~!  반갑습니다~^^,여름엔여름엔,2020.08.23.,129
7734,자유게시판,폐암 뇌전이  도와주세요,k751217,2020.08.23.,791
7735,기생충사진공유,니클로사마이드복용중입니다,건강나무,2020.08.23.,690
7736,기생충사진공유,니클복용 두번째  사진,건강나무,2020.08.23.,"1,525"
7737,자유게시판,안부,헤라,2020.08.23.,151
7739,자유게시판,(판매완료)생고구마순 판매합니다.,암낫는다,2020.08.23.,414
7740,자유게시판,열의 원인 알았어요,정진화,2020.08.23.,961
7741,기타 자가임상 후기,교모세포종 구충제복용 방법,내사랑엄마,2020.08.23.,452
7744,담비,삼중음성유방암_로바스타틴_2020년,담비,2020.08.23.,359
7745,유투브방송 링크나눔,이버맥틴에 관한 동영상입니다.,일어나자,2020.08.23.,705
7746,유투브방송 링크나눔,정림박tv이버멕틴복용후기네요^~^,헤라,2020.08.23.,824
7747,질문과 대답(QnA),니클로사마이드  혈액암복용법,건강나무,2020.08.23.,516
7749,자유게시판,안부,헤라,2020.08.24.,136
7750,가입 인사,가입인사,snookers,2020.08.24.,93
7752,이버맥틴자가임상후기,이버맥틴 복용과 주사의 차이 비교 분석,홍콩 박,2020.08.24.,993
7754,설금홍,"신장암, 신세포암 대사 특이성과 타켓약물, 천연물보조제 총정리. 이버멕틴,니클로사미드,메트포르민.",설금홍,2020.08.24.,557
7756,자유게시판,리포조말 비타민C 직접 제조하기,globica,2020.08.24.,322
7758,질문과 대답(QnA),니클로사마이드  혈액암복용법,럭키공주,2020.08.24.,267
7759,유투브방송 링크나눔,정림박tv이버멕틴복용후기네요^~^,럭키공주,2020.08.24.,288
7762,자유게시판,베트남 메벤다졸 500미리,미스치,2020.08.24.,362
7763,자유게시판,집사람 설득이 어렵네요..ㅠㅠ,로즈맨,2020.08.24.,"1,009"
7764,질문과 대답(QnA),이런 상황이면 어찌해야할까요..,여름,2020.08.24.,675
7765,자유게시판,"이버12미리+메벤, 그리고 베르베린이요",벼리맘,2020.08.24.,504
7766,질문과 대답(QnA),복용법 궁금해요,지혜난초,2020.08.24.,348
7767,자유게시판,coc프로토콜 시 백혈구수치,hawkky,2020.08.24.,321
7769,질문과 대답(QnA),탈모가 너무  심한데  어떻게  해야 하나요?,완치,2020.08.24.,632
7770,자유게시판,니타조사나이드복용법 아시는분?,할수잇다,2020.08.24.,580
7772,질문과 대답(QnA),니클로사마이드  복용하신 분들께 문의드립니다.,oasis03y,2020.08.24.,645
7773,자유게시판,신약 임상들어갑니다,트레이드레이텍,2020.08.25.,610
7774,자유게시판,말린채소 어때요 ?,당근맨123,2020.08.25.,309
7775,자유게시판,안부,헤라,2020.08.25.,144
7776,자유게시판,간흡충 대량 배출. 니타조 사나이드 효과?,테일러,2020.08.25.,"1,496"
7779,기타 자가임상 후기,"뇌종양 호전사례,(83세,항암 안함,알벤만 복용)",신풍생각,2020.08.25.,"1,324"
7780,자유게시판,만성췌장염,수원줴이,2020.08.25.,363
7781,질문과 대답(QnA),강아지 심장관련..,뽀미마미,2020.08.25.,195
7782,자유게시판,담도암/ 간수치 상승 처방,나이야가라,2020.08.25.,454
7784,질문과 대답(QnA),메벤 버목스,달로와요,2020.08.25.,311
7787,자유게시판,외부로 담즙을 빼고있는데 불순물이 엄청 나오네요.. 췌장암 / 구충제시작후,고라니융융,2020.08.25.,677
7788,가입 인사,안녕하세요 구충제 공부하고 복용준비중입니다,아두진,2020.08.25.,430
7789,가입 인사,반갑습니다,이즈비,2020.08.25.,73
7791,자유게시판,존스홉킨스 뇌종양 임상,Prisca,2020.08.25.,596
7792,질문과 대답(QnA),이버멕틴이랑 니클로사마이드 부작용,건강행복,2020.08.26.,"1,471"
7793,자유게시판,싸와디닷컴에서  니클  구매했는데  안와요,돌고래,2020.08.26.,"1,947"
7794,자유게시판,안부,헤라,2020.08.26.,161
7795,가입 인사,가입인사,참다함,2020.08.26.,74
7796,질문과 대답(QnA),간수치 1200까지 올라갔는데 무엇이 원인인지 모르겠습니다.,현숙,2020.08.26.,"1,077"
7798,질문과 대답(QnA),옴니쿠어 가루로 된거 용량 궁금해요,청성임,2020.08.26.,299
7799,보관창고,인권존중을 해야 한다는 이유로 일방적인 학대를 당하는 아이들,꿈꾸는그녀,2020.08.26.,311
7800,자유게시판,암세포가 죽으면 어떻게 배출되나요?,테일러,2020.08.26.,"1,617"
7801,질문과 대답(QnA),펜벤다졸인 판콤(정)과 파나쿠어c 효능은 같나요?,까꿍이아빠,2020.08.26.,356
7802,플라이패치_자가임상,플라이  패치 써보신분,초록빛,2020.08.26.,591
7803,자유게시판,구충제 복용하면 관장 등  기생충 사체배출을 위한 조치가 꼭 필요한지요?,의암호,2020.08.26.,936
7804,질문과 대답(QnA),항암 중 구충제 복용(이버),푸르름10,2020.08.26.,719
7805,자유게시판,Nk세포활성도 검사,감사한 하루를 삽시다,2020.08.26.,441
7807,자유게시판,모두 태풍 피해없으시길바래요.,뱃살공주,2020.08.26.,166
7808,가입 인사,안녕하세요,BJ,2020.08.26.,139
7809,질문과 대답(QnA),이버멕틴6mg과 메벤다졸,BJ,2020.08.26.,425
7810,자유게시판,이버멘틱과 메벤타졸 구입,BJ,2020.08.26.,634
7811,가입 인사,안녕하세요~,마더,2020.08.26.,116
7813,질문과 대답(QnA),요로법..?,ㅁlㄴr,2020.08.27.,371
7814,자유게시판,안부,헤라,2020.08.27.,158
7815,자유게시판,알로홀 드셔보신분 계신가요?,주나모,2020.08.27.,708
7816,가입 인사,안녕하세요?,조금만더가자,2020.08.27.,151
7817,설금홍,"이버멕틴, 유방암치료, 면역체크포인트 봉쇄와 함께 시너지 효과를 준다",설금홍,2020.08.27.,559
7819,질문과 대답(QnA),감마 비타민E 구매가능할까요?,조금만더가자,2020.08.27.,204
7820,담비,교모세포종_ 커큐민_2020년,담비,2020.08.27.,376
7822,자유게시판,마음을 다잡고 다시 시작할 때..?,뱃살공주,2020.08.27.,487
7824,정보 공유,폐ㅇ기침에~,안미연,2020.08.27.,258
7827,자유게시판,폐암인데 4~5센치 기침을 전혀안해요,지원지이맘,2020.08.27.,539
7829,자유게시판,8개월차 구충제 복용결과,극복하자아자아자,2020.08.27.,"1,033"
7830,궁을,텃밭 있으신 분들은 이 나무 한그루씩 심어 놓으시면 좋습니다,궁을,2020.08.27.,602
7831,자유게시판,암과 염증,우주아부지,2020.08.27.,544
7832,자유게시판,죽겄어요. 피르비늄,하늘별섬,2020.08.27.,976
7833,질문과 대답(QnA),니클다음 복용법 궁금해요,옹달샘,2020.08.27.,434
7835,질문과 대답(QnA),암환자는 음식냄새에  민감한가요 ..,극복자,2020.08.27.,525
7837,자유게시판,엄마 그리고 유방암.(구충제 정보 무),냥가,2020.08.28.,642
7838,자유게시판,시아버님의 대장암과 방광암.,냥가,2020.08.28.,692
7839,질문과 대답(QnA),비타민 D주사후,그만해1,2020.08.28.,461
7840,자유게시판,안부,헤라,2020.08.28.,170
7842,자유게시판,아침에 깜놀,수원줴이,2020.08.28.,"1,203"
7843,질문과 대답(QnA),간수치 내리는 방법있을까요?,엄마딸,2020.08.28.,748
7848,질문과 대답(QnA),네이버에 암극복의길찾사 쳐도 이카페가,시골여자,2020.08.28.,"1,104"
7849,질문과 대답(QnA),펜벤 파나쿠어 옴니쿠어 구합니다,처음부터 시직이다,2020.08.28.,468
7850,자유게시판,어머니 돌아가셨네요,skystar4129,2020.08.28.,"1,027"
7851,자유게시판,코로나때문에 병원진료가기가 두렵네요,번쩍번쩍 빛나는,2020.08.28.,316
7852,질문과 대답(QnA),mms와 구충제 소다 같이 겸용으로 하시는분있으실까요?,와우와우 쩝,2020.08.28.,456
7853,질문과 대답(QnA),파라캅엘 장기복용 하시는 분들도 디스토시드 복용?,스트롱맨,2020.08.28.,570
7854,자유게시판,"혹시 복수에 늙은호박,옥수수수염 내린물로 효과보신분 있나요?",고라니융융,2020.08.28.,343
7855,방사선 항암치료 후기,어떻게 해야되는지...,jayounggo45,2020.08.28.,411
7856,질문과 대답(QnA),목이 이상해요ㅠ,아빠힘내힘내자,2020.08.28.,543
7858,질문과 대답(QnA),이버멕틴 복용질문입니다.,아두진,2020.08.29.,601
7861,자유게시판,안부,헤라,2020.08.29.,107
7862,질문과 대답(QnA),동물용 이버매틴 복용법 궁금합니다,고길동,2020.08.29.,392
7864,담비,암용어설명001-Notch,담비,2020.08.29.,216
7865,질문과 대답(QnA),구충제 먹은 후 반응이 없네요?,로즈맨,2020.08.29.,845
7866,자유게시판,나와라~song,제리호야,2020.08.29.,194
7868,자유게시판,알벤다졸 통증,남자폴,2020.08.29.,436
7870,자유게시판,이버멕틴 & 파라캅,제리호야,2020.08.29.,"1,168"
7872,자유게시판,공유해주세요,샤랄라공주,2020.08.29.,249
7873,질문과 대답(QnA),복수가있는상태에 베이킹소다,ㅁlㄴr,2020.08.29.,355
7874,자유게시판,피르비늄 구할수있을까요,극복하자아자아자,2020.08.29.,157
7875,가입 인사,구충제 효과 개인체험과 난소암확진아내 수술대기중,차사랑,2020.08.29.,695
7876,자유게시판,이버먹고 수포 ㅜㅜ,벼리맘,2020.08.29.,782
7880,자유게시판,피르비늄  이건 일본산 인가요?,극복하자아자아자,2020.08.29.,347
7881,구매정보게시판(물건배송확인후),이버멕틴 구입,여유,2020.08.29.,"1,117"
7882,질문과 대답(QnA),니타조사나이드 1달복용후 혈압이 떨어졌어요,라일락,2020.08.29.,709
7883,보관창고,이트라코나졸 필요하신분,예자매맘,2020.08.29.,300
7884,자유게시판,기사 -기생충을 잡아야 병 잡는다,몽치,2020.08.29.,592
7886,자유게시판,안부,헤라,2020.08.30.,155
7887,설금홍,면역과 암치료. 리서치UK,설금홍,2020.08.30.,456
7889,자유게시판,몸 부터 돌바줘야 육신이 제데로 일을한다.,건행만,2020.08.30.,277
7890,가입 인사,안녕하세요 함께   이겨냅시다,뭉치맘,2020.08.30.,151
7892,자유게시판,제가 저번에 뱅기타고 오면서 창가에 앉게 되었어요,시골여자,2020.08.30.,407
7893,자유게시판,플루벤다졸 아이먹였어요,달고나야,2020.08.30.,401
7894,기타 자가임상 후기,알벤다졸만 단독으로 먹으니 변이 너무,시골여자,2020.08.30.,878
7895,자유게시판,펜벤 복용 시 비타민 e 드시고 계신가요?,별님처럼,2020.08.30.,233
7897,질문과 대답(QnA),유방암에 차가벗분말을 먹어도 되는지요?,별빛마을,2020.08.30.,245
7898,질문과 대답(QnA),유방암에 어떤 기생충약이 효과 좋을까요?,별빛마을,2020.08.30.,670
7899,자유게시판,효과적이고 용이한 코로나 예방...치료까지도,globica,2020.08.30.,293
7900,질문과 대답(QnA),몇칠전 알벤다졸,아빠힘내힘내자,2020.08.30.,424
7901,질문과 대답(QnA),구충제 치료중 혈변..,극복자,2020.08.30.,456
7902,질문과 대답(QnA),아내가 유방암 뇌전이 판정 받았습니다,진이영이사랑,2020.08.30.,743
7903,질문과 대답(QnA),장루수술한 암환자 구충제복용시,ㅁlㄴr,2020.08.30.,298
7904,정보 공유,국내산 이버멕틴(동물용)과 비타민C 복용에 대하여....,제리호야,2020.08.30.,876
7905,질문과 대답(QnA),혹시  해독차(배독차)드시는분  계신가요?,완치,2020.08.30.,249
7906,자유게시판,증상 한번 봐주세요 ㅠㅠ,푸른,2020.08.30.,639
7907,질문과 대답(QnA),클로르퀸과 하이드록시클로르퀸 차이점?,한오백년,2020.08.30.,525
7910,자유게시판,뇌전이,k751217,2020.08.31.,584
7911,자유게시판,안부,헤라,2020.08.31.,120
7914,자유게시판,(완료)옴니쿠어 구해놓았던것 필요하신분 있나요,elly,2020.08.31.,277
7915,설금홍,이버멕틴 임상시험을 스페인과 스위스에서 시행 했었군요,설금홍,2020.08.31.,678
7919,담비,Jeffery Hergenrather박사-CBD오일소개,담비,2020.08.31.,337
7920,자유게시판,혜라님 안보인사처럼  잔치를 벌려 볼려구요 (펌),분홍앵초,2020.08.31.,424
7921,자유게시판,제가 매일 듣는 네분의 남자분들~~~~ 오늘은 노래 잔치도 벌려 봅니다.,분홍앵초,2020.08.31.,514
7922,자유게시판,구충제가 항암이네요,지혜난초,2020.08.31.,"1,379"
7923,질문과 대답(QnA),9개월차  복용중인데  아직도..,완치,2020.08.31.,897
7929,자유게시판,바이오 필름은 무엇이며 이를 배출하기 위한 약을 무엇인지요?,의암호,2020.08.31.,"1,013"
7930,자유게시판,어머니가 모레 수술합니다.,까꿍이아빠,2020.08.31.,450
7931,이버맥틴자가임상후기,건강검진 결과...,웃는돌땡이,2020.09.01.,973
7932,질문과 대답(QnA),알벤다졸 복용후 귀가 너무 먹먹해요,부릉부릉0,2020.09.01.,728
7933,자유게시판,안부,헤라,2020.09.01.,156
7935,자유게시판,약을 써보기도 전에...,빵두야,2020.09.01.,579
7936,자유게시판,"알벤다졸 호중구,백혈구 감소 없으신가요?",리리안란,2020.09.01.,565
7938,자유게시판,메벤다졸&디스토시트(프라지콴텔) 의 조합 복용후.........(파라캅),제리호야,2020.09.01.,"1,427"
7942,질문과 대답(QnA),항암 중 구충제 복용,된다하면된다,2020.09.01.,425
7943,자유게시판,내일 퇴원을 앞두고 항암고민,정진화,2020.09.01.,398
7944,자유게시판,혹시 콩팥이 나빠지는 경우도 있나요?,갸웃갸웃,2020.09.01.,699
7945,자유게시판,자주 채팅창에 구충제를 고용량 복용하면 부작용 없나요?,분홍앵초,2020.09.01.,834
7946,자유게시판,알벤다졸 3일복약후 부작용???,차사랑,2020.09.01.,738
7948,신풍 생각,[종합자료]기생충 잡아야 병 잡는다 (카페 필 독서),신풍생각,2020.09.02.,"1,718"
7949,질문과 대답(QnA),디클로로아세테이트 급하게 구합니다,건강한신체,2020.09.02.,207
7950,자유게시판,안부,헤라,2020.09.02.,106
7952,자유게시판,변비증상 이후 다량의 기생충 배출.,테일러,2020.09.02.,"1,164"
7953,자유게시판,알벤->이버 경험 & 커피관장 질문,수원줴이,2020.09.02.,512
7954,가입 인사,안녕하세요,롤링맨,2020.09.02.,91
7955,자유게시판,피르비늄  복용하시는분들,극복하자아자아자,2020.09.02.,415
7956,설금홍,암을 공격하기 위한 MCT억제제. 암과 젖산대사의 역할,설금홍,2020.09.02.,380
7957,가입 인사,안녕하세요,lily013,2020.09.02.,70
7958,자유게시판,니클로사마이드 흡수율을 높이는 방법,사랑하는사람들과함께,2020.09.02.,778
7959,가입 인사,안녕하세요,수안보굼벵이,2020.09.02.,72
7961,자유게시판,아이 플루벤다졸 먹고,달고나야,2020.09.02.,337
7962,자유게시판,구충제복용하면서 관장 안하시는 분 계신가요?,의암호,2020.09.02.,953
7965,자유게시판,우리회원 모두에게~~~,미룸,2020.09.02.,290
7967,자유게시판,췌장암4기... 도움부탁드립니다,애플소녀,2020.09.02.,502
7968,자유게시판,철분제 섭취 문의합니다,몽치,2020.09.02.,299
7969,질문과 대답(QnA),니클로사마이드도 혈당에 영향이 클까요,hope1,2020.09.02.,532
7971,자유게시판,오늘 8시간의 대수술 잘 마쳤습니다.,까꿍이아빠,2020.09.02.,647
7972,자유게시판,그동안 감사했습니다,자야자야,2020.09.02.,"1,069"
7974,질문과 대답(QnA),"구충제 복용 후에 혈압, 콜레스테롤, 혈당 등이 좋아진 후에 계속 유지가 되는 지?",스트롱맨,2020.09.02.,300
7975,자유게시판,구충제복용중 스테로이드 복용은 어떻게하나요?,뱃살공주,2020.09.02.,407
7976,자유게시판,안부,헤라,2020.09.03.,113
7977,자유게시판,메벤다졸은 국내꺼는 못구하나요?,이겨내자무조건,2020.09.03.,352
7978,질문과 대답(QnA),파라캅엘정,임하나,2020.09.03.,771
7980,담비,전립선암_퀘르세틴_2020년,담비,2020.09.03.,350
7981,기타 자가임상 후기,안녕하세요,욱맘,2020.09.03.,241
7982,질문과 대답(QnA),해독에  좋은게  어떤게  있을까요?,완치,2020.09.03.,677
7985,자유게시판,오랜만에 근황보고,미야뿡,2020.09.03.,957
7987,자유게시판,결국  구충제 요법만 남았네요,아두진,2020.09.03.,"1,185"
7990,췌장암,파라캅엘정 복용,그냥천천히,2020.09.04.,625
7991,자유게시판,안부,헤라,2020.09.04.,131
7992,자유게시판,방사선 치료중 회복에 도움되는것 추천 부탁드립니다.,러키,2020.09.04.,229
7993,질문과 대답(QnA),독감주사... 어떡해 하세요?,뽀미마미,2020.09.04.,269
7995,자유게시판,펜벤다졸 복용량,하루,2020.09.04.,296
7997,자유게시판,갱년기징후 난소판정및 수술 및 회복1일차,차사랑,2020.09.04.,367
7998,자유게시판,푸념.,테일러,2020.09.04.,425
7999,기생충사진공유,림프종 알벤하다가 플벤,달고나야,2020.09.04.,628
8001,질문과 대답(QnA),coc프로토콜 휴지기에 대하여..,아자아자,2020.09.04.,353
8002,질문과 대답(QnA),ph 낮은 수치를 빠르게 올리는 방법 있을까요?,별빛마을,2020.09.04.,305
8006,가입 인사,좋은정보 공유하고 싶음니다.,농장주,2020.09.04.,159
8007,자유게시판,기다리던 니타조사나이드가 도착했습니다.,운전기사짱가,2020.09.04.,646
8008,질문과 대답(QnA),스티바가와 이버멕틴 괜찮으신가요?,아빠직장암폐전이,2020.09.04.,171
8009,설금홍,메벤다졸  NIH 임상에서 투여되는 용량은 얼마일까요?,설금홍,2020.09.04.,383
8010,자유게시판,메벤다졸 먹고 어지러운 분 있나요?,이겨내자무조건,2020.09.04.,332
8011,가입 인사,안녕하세요,거리에서,2020.09.04.,100
8013,질문과 대답(QnA),알벤 드시는분들은 많이 없으신가봐요ㅠ,시간아멈춰다오v,2020.09.04.,"1,077"
8014,가입 인사,안녕하세요,깡미,2020.09.04.,170
8016,자유게시판,안부,헤라,2020.09.05.,140
8017,질문과 대답(QnA),표적항암 복용중 메벤복용 괜찮을까요,지니형이,2020.09.05.,443
8018,자유게시판,과일 드실 때 참고하세요,좋은날좋은날,2020.09.05.,945
8021,질문과 대답(QnA),"밀크시슬, 우루사 등 간보호제도 부작용이 좀 있나요?",스트롱맨,2020.09.05.,752
8024,질문과 대답(QnA),다들 열나시면 어떻게하나요?,아빠힘내힘내자,2020.09.05.,320
8025,담비,캐나다-이르베사르탄-대장암-관해사례,담비,2020.09.05.,767
8026,가입 인사,가입인사,미니민이,2020.09.05.,130
8027,질문과 대답(QnA),컨디션이 안좋은 환우인데요. 이버멕틴 어떻게 먹을까요?,미니민이,2020.09.05.,684
8032,가입 인사,인사 ᆢ항암 유산균질문요,희비니,2020.09.06.,301
8033,자유게시판,안부,헤라,2020.09.06.,132
8034,질문과 대답(QnA),복수도않빠지고...붓기는점점더심해지고,ㅁlㄴr,2020.09.06.,687
8035,자유게시판,프로토콜 추가할게 있을까요?,아두진,2020.09.06.,335
8036,자유게시판,"개복수술(난소, 자궁 등 절제 등등) 후 회복에 도움되는 게 뭐가 있을까요.",까꿍이아빠,2020.09.06.,292
8037,유투브방송 링크나눔,"부산암병원,암스터디 이버멕틴",jireh,2020.09.06.,686
8038,자유게시판,혼자해본 생각,까꿍이아빠,2020.09.06.,561
8039,자유게시판,피르비늄.효과짱이고요.(부작용으로 머리카락 음청빠집니다),하늘별섬,2020.09.06.,"1,764"
8041,설금홍,ast/alt 비율의 중요성// 간기능검사수치 AST(GOT)와  ALT(GPT),설금홍,2020.09.06.,456
8042,자유게시판,통증완화 방법을 구합니다,현병돈,2020.09.07.,524
8044,이버맥틴자가임상후기,이버와 니클로사마이드는 알벤다졸과는 다른차원인거 같습니다.,울트라소닉붐,2020.09.07.,"1,660"
8045,유투브방송 링크나눔,정림박tv  이버멕틴 복용후 ct결과,헤라,2020.09.07.,"1,396"
8046,유투브방송 링크나눔,안부,헤라,2020.09.07.,138
8047,자유게시판,70년대 이후 구충제 복용을 하지않는 사람들이 늘어나고 있고 암환자도 빠르게 늘고 있습니다.  해외여행과 음식.물.의섭취로 인한 감염이...,상대원,2020.09.07.,559
8048,정보 공유,"(사진 혐오)칸디다 폭격, 바이오필름 제거",진동벨,2020.09.07.,"3,416"
8053,질문과 대답(QnA),영양주사 괜찮나요?,극복자,2020.09.07.,310
8054,가입 인사,안녕하세요~ 잘부탁드립니다.,느낌처첨,2020.09.07.,144
8055,가입 인사,안녕하세요?,영희,2020.09.07.,181
8057,질문과 대답(QnA),레몬관장하고  피가 휴지에  묻어나는데...,완치,2020.09.07.,404
8058,설금홍,각종 용도변경약물의 항암기전과 공격전략. 구충항암제는 다기능 항암기전을 가진 멀티플레이어!,설금홍,2020.09.07.,"1,123"
8059,자유게시판,구충제,미래미,2020.09.07.,498
8061,자유게시판,안부,헤라,2020.09.08.,139
8063,질문과 대답(QnA),제프  구매방법알고싶습니다,희망과꿈,2020.09.08.,265
8064,자유게시판,2달 지나고 또 병원 다녀왔습니다.,번쩍번쩍 빛나는,2020.09.08.,831
8065,기타 자가임상 후기,메벤다졸 3일 복용,달고나야,2020.09.08.,628
8066,가입 인사,안녕하세요,건강최고주의,2020.09.08.,129
8067,기타 자가임상 후기,고용량 4개월 먹었네요..,웅이아빠,2020.09.08.,"2,151"
8069,자유게시판,이버맥틴 용량,남자폴,2020.09.08.,513
8070,질문과 대답(QnA),베르베린 제품에 관하여,믿음안에서,2020.09.08.,844
8071,담비,비소세포폐암_EGCG_메트포르민_2017년,담비,2020.09.08.,422
8072,질문과 대답(QnA),육종암. 구충제 먹어도 될지 싶어서요.,jang229700,2020.09.08.,602
8073,질문과 대답(QnA),종양 피검사에서,그만해1,2020.09.08.,494
8074,가입 인사,안녕하세요,마루솔,2020.09.08.,157
8075,기생충사진공유,기생충인지 아닌지.. 분홍앵초님 감사합니다^^,시간아멈춰다오v,2020.09.08.,934
8077,자유게시판,알벤 종류,남자폴,2020.09.09.,292
8078,자유게시판,안부,헤라,2020.09.09.,113
8079,자유게시판,이버맥틴 종류,남자폴,2020.09.09.,687
8080,정보 공유,돈에 미쳐 기생충에 죽는지도 모르고 사는 미련한 사람들 편 (인도 다큐),코알라의 고향,2020.09.09.,954
8081,자유게시판,더욱 더 건강하세요~~,이노님,2020.09.09.,172
8083,질문과 대답(QnA),구충제 간보호제를 동시에 복용 아니면 휴식기에 복용?,스트롱맨,2020.09.09.,456
8084,자유게시판,구충제,양준,2020.09.09.,835
8085,궁을,"장내 미생물, 마이크로바이옴, 대변 이식 한 방 정리!",궁을,2020.09.09.,547
8087,질문과 대답(QnA),씨디판독결과 싸이즈는 커지고 색은 까메진..,풍경채 편지,2020.09.09.,635
8088,정보 공유,아직 까진 면역력이 구충제 보다는 훨씬 더 강력하단 증거,코알라의 고향,2020.09.09.,"1,187"
8089,유투브방송 링크나눔,암스터디 37강 : 니클로사마이드,jireh,2020.09.09.,418
8090,이버맥틴,인도산 이버멕틴과 베트남 이버멕틴 구입처 알수있나요??,비소세포폐암아버지,2020.09.09.,888
8091,가입 인사,안녕하세요,원주아들,2020.09.09.,126
8092,질문과 대답(QnA),선배님들 조언 부탁드립니다.,극복자,2020.09.09.,479
8093,질문과 대답(QnA),속이쓰려요 속쓰릴때 보조제 어떤거 드세요?,진이영이사랑,2020.09.09.,348
8094,신풍 생각,코로나19에 임상중인 구충제들...구충제 복용하는 우리 암환우님들은 코로나에 대한 걱정을 조금은 덜어줍니다.,신풍생각,2020.09.09.,788
8095,질문과 대답(QnA),이버멕틴을 다시 드시기 시작하면서,주근깨왕,2020.09.10.,"1,197"
8096,자유게시판,안부,헤라,2020.09.10.,155
8097,가입 인사,안녕하세요...,가을의전설,2020.09.10.,153
8098,가입 인사,안녕하세요,선향지,2020.09.10.,149
8099,플라이패치_자가임상,패치~통증이 줄어들었어요,뱃살공주,2020.09.10.,"1,110"
8100,암 호전사례 정보,유방암 4기(림프전이 폐결절로 폐전이의심)→3기(폐깨끗..림프전이안보임),sunflower10,2020.09.10.,"2,242"
8102,자유게시판,난소암 3기 아내수술후 회복중 심경,차사랑,2020.09.10.,735
8104,기타 자가임상 후기,구충제 먹기전 제주에서 작년과 올해 구충제 먹고,시골여자,2020.09.11.,666
8105,설금홍,암치료와 항산화제 좋은 점 나쁜 점,설금홍,2020.09.11.,706
8106,자유게시판,안부,헤라,2020.09.11.,142
8107,자유게시판,얼굴 아토피에 어떤게 좋을까요?,영희,2020.09.11.,459
8108,자유게시판,니클로사마이드,kakim,2020.09.11.,618
8109,담비,벤지미다졸계_신약재창출_2020년,담비,2020.09.11.,579
8110,자유게시판,B형간염과 니타조사나이드,정상인,2020.09.11.,789
8111,질문과 대답(QnA),디로넷,수원W홍홍,2020.09.11.,190
8113,자유게시판,감식초 효능,hairu4457,2020.09.11.,461
8117,자유게시판,신풍생각?? 전자DIY신바람?? 같은분이신가요??,깡미,2020.09.11.,450
8119,자유게시판,이런이버멕틴드시는분..계신가요?,췌장공부,2020.09.11.,401
8122,자유게시판,인생은 선택의 연속,차사랑,2020.09.12.,394
8123,자유게시판,안부,헤라,2020.09.12.,143
8125,질문과 대답(QnA),알벤다졸 부작용중 가스 차는 것도 있습니까?,냥가,2020.09.12.,531
8127,자유게시판,니타조 7일 복용후 달라진점,다솜,2020.09.12.,864
8128,질문과 대답(QnA),저희 엄마가 악성 흑생종입니다,꿁쁅,2020.09.12.,340
8129,궁을,쌈채소의 시식,궁을,2020.09.12.,290
8130,자유게시판,어머니가 악성 뇌종양(교모세포종) 투병중입니다. 조언좀 부탁드립니다 ㅠㅠ,원주아들,2020.09.12.,595
8133,자유게시판,장청소약 드셔보셨나요?,수연사랑2004,2020.09.12.,439
8134,자유게시판,베이킹소다. 암. 치료법 기존에 알고있던 방법과 새로운 방법이 있는데 자가임상을 시도하신분이 있는지요..,상대원,2020.09.12.,912
8137,자유게시판,판매글은 아래 링크글의 댓글로...구매자분들도 이링크의 댓글로 하세요,신풍생각,2020.09.12.,349
8138,자유게시판,구충제 먹고 느끼는 몸상태..좋아야 좋은 걸까요 나빠야 좋은 걸까요,옥토,2020.09.12.,445
8140,질문과 대답(QnA),항암과의 전쟁에서 이기고 싶읍니다.,농장주,2020.09.12.,367
8142,자유게시판,어머니께 메벤다졸 복용시켜드릴 결심했습니다.,원주아들,2020.09.12.,573
8144,자유게시판,구충제 먹고 잘때 침(가래) 고임,옥토,2020.09.13.,278
8146,정보 공유,암 환자 곰팡이 진균 꼭 잡아야 사는 이유,코알라의 고향,2020.09.13.,"2,274"
8148,자유게시판,인도산 제네릭 구충제 가격,나이야가라,2020.09.13.,614
8149,자유게시판,6개월이상 구충하다보니,함께하는 아침,2020.09.13.,"1,116"
8150,자유게시판,안부,헤라,2020.09.13.,138
8151,자유게시판,어제 동생 보내주고 왔어요..,미니민이,2020.09.13.,766
8152,폐암,내성ᆢ조직검사,rlaghddhr577,2020.09.13.,527
8153,질문과 대답(QnA),악성 흑색종 간전이,꿁쁅,2020.09.13.,367
8154,자유게시판,페이스북에 펜벤다졸 후기,아빠힘내힘내자,2020.09.13.,550
8155,정보 공유,조언부탁드립니다,인스토리,2020.09.13.,203
8156,가입 인사,안녕하세요,edpm1268,2020.09.13.,97
8157,질문과 대답(QnA),그 원래받았던 병원약인 타쎼바 와 지오트립 남은게 적당히 있는데 이런건 처리 어떻게들 하세요?,edpm1268,2020.09.13.,164
8158,자유게시판,모소위 대나무처럼 기다림이 필요하다.(펌),분홍앵초,2020.09.13.,168
8159,질문과 대답(QnA),파나쿠어c 가루,아빠힘내힘내자,2020.09.13.,247
8161,벤지미다졸 질문 게시판,home lab 펜벤다졸,우린이,2020.09.13.,254
8163,정보 공유,드디어 간청소를 시작할려고 준비중입니다,행복나무,2020.09.13.,"1,122"
8164,자유게시판,개복수술 대수술 이후 구충제 언제 다시시작할지 고민입니다.,까꿍이아빠,2020.09.13.,199
8165,자유게시판,암치료 투병 중 가장 중요한건 뭘까...,극복자,2020.09.13.,505
8166,질문과 대답(QnA),베이킹소다 어떻게 드시나요,노스페이스 88,2020.09.13.,608
8167,자유게시판,방광암에 좋은 구충제 아시는 분,83세까지,2020.09.14.,218
8168,자유게시판,숯가루,양준,2020.09.14.,456
8169,자유게시판,습관이 정한다,건행만,2020.09.14.,146
8170,기생충사진공유,이건 뭘까요??,깡미,2020.09.14.,597
8171,기타 자가임상 후기,식도암모친을,All Bright,2020.09.14.,466
8172,자유게시판,안부,헤라,2020.09.14.,109
8173,자유게시판,"구충제의 작용,,,",옥토,2020.09.14.,464
8174,설금홍,암 수술 : 전이 유발 요인과 수술 전후 복용하거나 할 일,설금홍,2020.09.14.,707
8175,질문과 대답(QnA),헬리코박터균은 없애야 되는게 맞지요?,로즈맨,2020.09.14.,575
8176,자유게시판,무려 50배 차이 ㅠ,겐도,2020.09.14.,626
8177,자유게시판,도와주세요 .....이버멕틴(사람용)/메벤다졸 얀센 유럽/알로홀/적정가와 구입처 공유좀 부탁드립니다.,원주아들,2020.09.14.,434
8178,설금홍,[도입] 아쉬아간다. 위다니아 솜니페라를 아시나요? 위다놀라이드. withanolide. 위다페린. withaferin,설금홍,2020.09.14.,260
8179,정보 공유,"'암세포 에너지원은 지방산'..국립암센터, 세계 최초 규명",혜통,2020.09.14.,675
8180,기타 자가임상 후기,자가임상,아빠힘내힘내자,2020.09.14.,335
8181,자유게시판,"[기사]""간암 환자에 면역 항암제 투여하면 암 급성 진행""",토토로,2020.09.14.,311
8182,자유게시판,이대서울병원 성숙한 교수님,미니미니,2020.09.14.,343
8183,가입 인사,안녕하세요,100년,2020.09.14.,62
8184,질문과 대답(QnA),췌장암 보호자 입니다. 구충제 질문드려요..,100년,2020.09.14.,305
8185,자유게시판,태국산 이버멕틴인데요 드셔보신분계세요?,오래오래건강하자,2020.09.14.,214
8188,자유게시판,국산 동물용 이버멕틴 25mg 좀 싸게 구입할 곳 좀 알려주세요 ㅠ ㅠ,눈보라궁전,2020.09.14.,618
8189,자유게시판,구충제 복용량이 약한가요?,의암호,2020.09.14.,547
8190,자유게시판,분홍앵초님 너무 고맙습니다 ㅠㅠ,눈보라궁전,2020.09.14.,631
8191,자유게시판,동태간속 기생충,수국이 있는 풍경,2020.09.14.,960
8192,자유게시판,감사합니다.,원주아들,2020.09.14.,246
8193,가입 인사,안녕하세요,크론병환자12,2020.09.14.,98
8194,가입 인사,안녕하세요,문닫기강의,2020.09.14.,91
8196,자유게시판,유산균도 종류도 여러개있습니다. 유산균 추천합니다.,하이로,2020.09.15.,746
8197,정보 공유,암환자 적절한 구충항암치료 + 면역력 복구 치료 병행 + 건강보조식품보조 + 곰팡이 진균제거 + 그러나 ( ? ) 이게 빠지면 모든게 다 수포로 돌아갈 수 있다.,코알라의 고향,2020.09.15.,897
8198,자유게시판,안부,헤라,2020.09.15.,104
8199,자유게시판,구연산 포화용액,사랑하는사람들과함께,2020.09.15.,193
8200,자유게시판,어떤 선택을 하실런가요???,옹달샘,2020.09.15.,597
8201,담비,미국-EGCG(녹차추출물)-만성림프구백혈병-관해사례,담비,2020.09.15.,314
8202,질문과 대답(QnA),베이킹소다 구연산  같이먹어도될까요?,감사35,2020.09.15.,351
8203,자유게시판,구충제 먹으면서 살이찌네요!!,로즈맨,2020.09.15.,654
8206,기타 자가임상 후기,안녕하세요 달군 입니다.^^ 항암구충제 하면서 엄청난 부작용을 겪고 있습니다,달군,2020.09.15.,"1,448"
8208,설금홍,아쉬아간다. 위타니아 솜니페라(Withania somnifera)의 항암 활성,설금홍,2020.09.15.,259
8209,자유게시판,유방암 폐전이환우입니다,발리여신,2020.09.15.,847
8210,질문과 대답(QnA),니클로사마이드 제품 추천 부탁드립니다.,공부할,2020.09.15.,495
8211,자유게시판,수연사랑 2004님!,분홍앵초,2020.09.15.,369
8212,자유게시판,수술 후 13일째 입원중인 엄마 보고 왔네요.,까꿍이아빠,2020.09.15.,365
8213,질문과 대답(QnA),전혀 감이 잡히지 않아요,민성s바다,2020.09.15.,416
8216,자유게시판,1주일째 입원중이세요..,웅이아빠,2020.09.15.,574
8217,기타 자가임상 후기,[약혐] 피부에 수시로 올라오는 것들,옥토,2020.09.15.,490
8218,가입 인사,안녕하세요,휴휴,2020.09.15.,120
8219,정보 공유,마음이 불안하면 스트레스 UP 면역력 DOWN,코알라의 고향,2020.09.15.,256
8220,기타 자가임상 후기,파라캅엘정 문의,임하나,2020.09.15.,561
8222,질문과 대답(QnA),선배님들 조언부탁드립니다.,극복자,2020.09.15.,337
8224,질문과 대답(QnA),"어머니께서 장이 안움직임, 하복부 통증",오메가36,2020.09.15.,509
8225,자유게시판,"폐암 신약정보, egfr변이 양성자 희소식입니다",나이야가라,2020.09.15.,458
8227,기타 자가임상 후기,알벤다졸ㅡ(非)암환자 3주차복용 후기입니다.,오래오래건강하자,2020.09.15.,"1,066"
8229,자유게시판,안부,헤라,2020.09.16.,139
8233,가입 인사,안녕하세요-가입인사드립니다,gyunpyo,2020.09.16.,182
8234,설금홍,다발성 골수종 Multiple Myeloma,설금홍,2020.09.16.,248
8237,정보 공유,암환자 잠을 못자면 면역력 복구가 불가능하고 암치료가 안되는 이유 !,코알라의 고향,2020.09.16.,755
8238,회원나눔(공짜는 아닙니다),이버맥틴,뚱굴이,2020.09.16.,606
8239,가입 인사,안녕하세요,스카이,2020.09.16.,206
8240,자유게시판,제발 제 글좀 읽어주세요..제발부탁드려요...,오래오래건강하자,2020.09.16.,972
8241,정보 공유,[공유]담비님의 EGCG성분의 암관해 실험논문글 댓글 보충Epigallocatechin gallate 이미지,성윤엄마,2020.09.16.,233
8242,질문과 대답(QnA),간수치.. 구충제 복용 질문드립니다.,라미레스,2020.09.16.,509
8243,자유게시판,면역력이 떨어지면 위험하다,아빠힘내힘내자,2020.09.16.,412
8244,기타 자가임상 후기,이버멕틴과 베이킹소다,옥토,2020.09.16.,"1,100"
8245,정보 공유,암의 주 에너지원이 지방산이라네요..,이단비,2020.09.17.,462
8246,자유게시판,어쩌라는 건지..,하늘별섬,2020.09.17.,741
8247,자유게시판,지방산 기사내용을 공유해준분에게 감사합니다.,하이로,2020.09.17.,419
8248,자유게시판,구충제 드시면서 변비가 생겨서고민이신 분들이 간혹보이는데요..감자전분이 해결해 준다고 합니다...,상대원,2020.09.17.,623
8249,질문과 대답(QnA),배는 임산부 만삭 & 두발은 통통 어떻게 치료를 시작 하면은 될까요?,gyunpyo,2020.09.17.,625
8250,자유게시판,안부,헤라,2020.09.17.,102
8251,자유게시판,위로가 되고 좋은정보 소통이 잘되는,시골여자,2020.09.17.,262
8252,자유게시판,구충제로 새인생을 사는기분입니다.(니타조사나이드 파라캅엘 동시복용법좀 알려주시면 감사하겠습니다.),울트라소닉붐,2020.09.17.,"1,487"
8253,신풍 생각,헬리코박터 제균은 순차투여로.. 그리고 제균치료약 복용방법 참고자료,신풍생각,2020.09.17.,284
8254,자유게시판,"알벤다졸+재퍼,기생충 제거된다는 느낌이 없어요",스카이,2020.09.17.,699
8255,신풍 생각,"팩트 체크 -- 암세포 에너지원은 지방산 -- 국립암센터,세계최초 규명..  진짜인가..?",신풍생각,2020.09.17.,796
8256,질문과 대답(QnA),암 환자 고기 섭취 문제,고길동,2020.09.17.,789
8257,설금홍,"아쉬아간다. 위타니아 솜니페라의 각종 효과 요약. 위타놀라이드,위타페린.",설금홍,2020.09.17.,314
8258,가입 인사,가입인사,다람쥐,2020.09.17.,77
8259,신풍 생각,궁을 농장에서 가을 쌈채소가 나왔군요.,신풍생각,2020.09.17.,374
8260,가입 인사,안녕하세요,선향지,2020.09.17.,105
8261,질문과 대답(QnA),"혹시 유방암치료(수술,방사선)로 인해 림프부종도 효과있을까요?",까꿍이아빠,2020.09.17.,263
8264,질문과 대답(QnA),니클로사마이드 이거 맞지요?,까꿍이아빠,2020.09.17.,365
8265,질문과 대답(QnA),니타조사마이드 효과가 좋네요(조언부탁드립니다),극복자,2020.09.17.,926
8266,자유게시판,대구 동구쪽 물에서 기생충 나오네요..,무념무상,2020.09.17.,438
8267,이버맥틴자가임상후기,6달이 되가네요,노스페이스 88,2020.09.17.,709
8268,질문과 대답(QnA),자궁근종 질문드립니다.,카운터사이드,2020.09.18.,456
8270,자유게시판,변비탈출..마그밀 복용하기 (치질.치루에) 항문속에 알벤다졸 투입하기,상대원,2020.09.18.,730
8272,자유게시판,안부,헤라,2020.09.18.,102
8275,담비,췌장암_우르솔산_2020년,담비,2020.09.18.,506
8278,자유게시판,알벤다졸ㅡ(非)암환자 4주차복용 후기입니다ㅡ바이오필름을 보았습니다!!!,오래오래건강하자,2020.09.18.,691
8279,이버맥틴자가임상후기,이버복용후 어질어질,정삿갓,2020.09.18.,"1,066"
8281,기타 자가임상 후기,구충제 복용량에 따른 부작용 여쭙니다.,의암호,2020.09.18.,710
8282,정보 공유,[공유]간장게장 기생충이 뇌까지,시골여자,2020.09.18.,"1,046"
8285,자유게시판,"[공유] [단독] 개 구충제 복용하던 김철민 ""항암 효과 없어 중단""",까꿍이아빠,2020.09.18.,894
8287,궁을,자연재배형 베란다텃밭 만들기,궁을,2020.09.18.,142
8288,궁을,"안전한 먹거리, 직접 재배해먹자(1)",궁을,2020.09.18.,169
8290,기타 자가임상 후기,"구충제 복용5개월 후, 내시경검사",봉이따님,2020.09.18.,"2,148"
8291,신풍 생각,김철민씨 소식을 듣고 다시한번 생각 .,신풍생각,2020.09.19.,"2,546"
8292,자유게시판,시방새언론 너무하네요,hairu4457,2020.09.19.,692
8293,자유게시판,안부,헤라,2020.09.19.,115
8295,자유게시판,"니타조복용후 심한변비,기립성 빈혈이 거의 없어졌어요.",다솜,2020.09.19.,682
8296,질문과 대답(QnA),이 사진속 물질이 여러분들은 어떻게 보이세요?,배다별,2020.09.19.,672
8298,궁을,자연재배형 베란다텃밭 만들기(2),궁을,2020.09.19.,175
8299,설금홍,위타놀라이드와  이버멕틴.  강력한 WNT-TCF 차단제,설금홍,2020.09.19.,360
8300,기타 자가임상 후기,펜벤요법 항암치료 후기2,벅찬감동,2020.09.19.,"1,004"
8301,질문과 대답(QnA),혹시,건강찾기,2020.09.19.,450
8304,가입 인사,안녕하세요,클로이씨,2020.09.19.,139
8305,가입 인사,가입등업 부탁드립니다,shinys0831,2020.09.19.,88
8307,자유게시판,"국회에서 열린 ""암환자를 위한 정책토론회""/이종성의원, 한국폐암환우회 공동주최",의암호,2020.09.19.,193
8311,정보 공유,"폐암 위험, 사망율 감소 연구결과 발표",의암호,2020.09.19.,384
8315,자유게시판,아픈 사람들에게 흔히 나타나는 생각들,서울 불닭볶음면,2020.09.20.,485
8317,자유게시판,안부,헤라,2020.09.20.,152
8320,질문과 대답(QnA),길을 잃었습니다.,하고은,2020.09.20.,747
8321,정보 공유,미국판 기생충 다큐 (내몸 안에 괴물이 산다) 구충제 안믿으시는 분들께 꼭 보여주세요.,코알라의 고향,2020.09.20.,"1,063"
8322,자유게시판,저는 직장암3기인데 선항암없이 구충제요법하고 있습니다.,스카이,2020.09.20.,363
8323,궁을,상추도 충분히 약이 될 수 있습니다,궁을,2020.09.20.,344
8324,기타 질병,드디어 장벽을 허물다.... 끝없는 전쟁,달군,2020.09.20.,641
8327,동영상링크(중요자료),재난 의료비 지원금,헤라,2020.09.20.,474
8329,질문과 대답(QnA),알벤다졸에 항 진균효과가 있다는데 잘 아는분 계신가요??,아잇,2020.09.20.,667
8330,암 관해사례 정보,산채이야기-대장암 치유사례(구충제복용),차사랑,2020.09.20.,795
8333,자유게시판,전립선암 뼈전이 환자 보호자입니다 질문좀..,가평남자,2020.09.20.,462
8334,자유게시판,양배추 비타민u파괴온도 공유합니다.,하이로,2020.09.20.,329
8336,궁을,(주문마감했습니다) 자연재배 가을 쌈채소 꾸러미,궁을,2020.09.20.,434
8337,가입 인사,가입합니다,새이83,2020.09.20.,117
8338,자유게시판,안아파요tv 근황 아시는 분?,우주우주진리,2020.09.20.,689
8340,자유게시판,항암1일전(투병일기1 잡썰),차사랑,2020.09.21.,483
8342,자유게시판,베이킹소다 2개월복용 후기 .속쓰림 완화.역류성시도염.장염에 효과.피로감완하. 그외 효과... 구취와 몸에서나는 냄새 (동영상),상대원,2020.09.21.,664
8343,자유게시판,30십년전에 경험했던 .독시싸이클린. 부작용 혹시지금은 괜찬을까 하고 한알복용후 다시부작용이...,상대원,2020.09.21.,811
8344,자유게시판,안부,헤라,2020.09.21.,108
8345,자유게시판,구충제복용 이력,귀인을 만나러 왔수다,2020.09.21.,595
8347,질문과 대답(QnA),복수가 차는건지 확인 방법,주나모,2020.09.21.,430
8349,자유게시판,식사법으로 먹으면 암세포로 영양분이 가지 않는다고 한다.,송송송,2020.09.21.,623
8350,질문과 대답(QnA),이버멕틴 구입할려고 하는데 검색하다 모르는 부분이 있어서 질문 드립니다.,밤해,2020.09.21.,653
8352,자유게시판,암 치료와 수술,벅찬감동,2020.09.21.,351
8356,질문과 대답(QnA),초6 축농증,임하나,2020.09.21.,334
8359,자유게시판,안아파요tv 오늘 방송 하시네요.,우주우주진리,2020.09.21.,435
8361,질문과 대답(QnA),구충제  복용후 고혈압으로 되신것같은데,크크별,2020.09.21.,439
8362,자유게시판,8월 10일에 요양병원,귀인을 만나러 왔수다,2020.09.21.,296
8364,질문과 대답(QnA),"혹시,치질출혈 멈출 방법  아신분 계실까요?",다솜,2020.09.21.,371
8365,질문과 대답(QnA),비소세포폐암 4기입니다.,아버지미안해요,2020.09.21.,327
8366,신풍 생각,우리승희 님 글을 보니 카페취지와 맞지 않습니다.,신풍생각,2020.09.21.,"1,091"
8367,질문과 대답(QnA),cbd 오일을 아버지에게 드릴려고 하는데....(아버지 아이디로 딸이 작성중),gyunpyo,2020.09.21.,285
8368,암 호전사례 정보,위암4기 호전사례 (20년 5월 18일 후속),푸른마당,2020.09.21.,"1,157"
8370,자유게시판,식사법 찾는 방법 1,송송송,2020.09.22.,335
8371,자유게시판,식사법 찾는 방법 2,송송송,2020.09.22.,238
8372,자유게시판,식사법 찾는 방법 3,송송송,2020.09.22.,236
8373,자유게시판,고맙습니다,다람쥐,2020.09.22.,202
8374,자유게시판,식사법 찾는 방법 4,송송송,2020.09.22.,225
8375,자유게시판,복용 프로토콜의 단계별 변화,나이야가라,2020.09.22.,711
8377,자유게시판,안부,헤라,2020.09.22.,83
8378,자유게시판,집사람이 복용을 시작했습니다!,로즈맨,2020.09.22.,570
8379,질문과 대답(QnA),어머니가 뇌간종양 이십니다,거리에서,2020.09.22.,227
8380,자유게시판,관장,귀인을 만나러 왔수다,2020.09.22.,363
8381,자유게시판,구충제는 신의 선물!이다.,송송송,2020.09.22.,486
8382,자유게시판,천연항암제 뭐뭐드시나요?,하나님나라,2020.09.22.,535
8383,자유게시판,숯가루 드셔보신분들있나요?,하이로,2020.09.22.,382
8391,보관창고,참다가 못 참겠어서 올립니다.,주근깨왕,2020.09.22.,318
8392,자유게시판,숯가루 병행으로 간암 완치한 내용 공유합니다.,하이로,2020.09.22.,482
8394,질문과 대답(QnA),니클 복용법과 용량 문의드립니다,여나,2020.09.22.,548
8395,기타 자가임상 후기,안녕하세요 달군 입니다. 5월부터 오늘까지의 암과의 동행중....ing,달군,2020.09.22.,"1,245"
8397,자유게시판,논쟁은  다를수있어요,헤라,2020.09.22.,498
8398,질문과 대답(QnA),간수치가 58로 높게 나오다?,스카이,2020.09.22.,439
8399,설금홍,항암구충약물의 체내흡수율을 높이기 위한 방법과 나노입자시스템,설금홍,2020.09.22.,497
8400,설금홍,기생충이 일으키는 각종 질환과 치료옵션(표),설금홍,2020.09.22.,679
8402,자유게시판,제가보는 김철민씨.,테일러,2020.09.22.,"1,470"
8403,회원나눔(공짜는 아닙니다),알킬정,너는내것,2020.09.22.,328
8404,신풍 생각,한사람이 너무 많이 글을 도배하면 활동정지 시키겠습니다.,신풍생각,2020.09.22.,850
8406,질문과 대답(QnA),폐암4기 간4곳과 늑막전이 림프전이인데 구충제 복용 괜찮을까요,십년더건강하게살게,2020.09.22.,468
8407,자유게시판,시클로덱스트린&니클 포접 관련,주근깨왕,2020.09.23.,593
8409,가입 인사,반갑지만 않은 가입인사드립니다.,쑤파파,2020.09.23.,452
8410,자유게시판,안부,헤라,2020.09.23.,152
8411,정보 공유,니클로사마이드의 항암원리,김그,2020.09.23.,675
8414,자유게시판,"오랜만입니다, 디스토시드 드세요! (+암 전염 됩니다!)",러뷰어거스트,2020.09.23.,"1,904"
8415,설금홍,약의 흡수. 항암구충제 복용법,설금홍,2020.09.23.,"1,101"
8417,질문과 대답(QnA),햄프씨드오일 먹어도 될까요?,스카이,2020.09.23.,264
8418,질문과 대답(QnA),알벤다졸로 흡충제거 경험하신분 계신가요,울트라소닉붐,2020.09.23.,714
8419,질문과 대답(QnA),목 통증 가래,달로와요,2020.09.23.,470
8423,질문과 대답(QnA),구충제 복용후 체중변화 있나요?,야호,2020.09.23.,448
8424,자유게시판,요즘 카페 분위기가,그만해1,2020.09.23.,738
8425,질문과 대답(QnA),알벤다졸과 파라켑엘정,야호,2020.09.23.,401
8426,질문과 대답(QnA),선배님들 조언해주세요  니타조사나이드 부작용,극복자,2020.09.23.,859
8428,자유게시판,안부,헤라,2020.09.24.,116
8429,질문과 대답(QnA),발바닥이 저리다는데...어떤현상일까요?,로즈맨,2020.09.24.,607
8430,자유게시판,위암..메벤다졸 임상실패,겐도,2020.09.24.,704
8431,질문과 대답(QnA),"니타, 니클, 디스 구입방법",임하나,2020.09.24.,426
8432,질문과 대답(QnA),안녕하세요?,남바완,2020.09.24.,525
8433,이버맥틴자가임상후기,췌장암이나 바터 팽대부암 환우에게서 이버맥틴 3.15% 3IU-5IU 주사와 기생충알 배출,홍콩 박,2020.09.24.,930
8434,자유게시판,꾸준히 복용하고 있습니다,초고속,2020.09.24.,488
8435,자유게시판,거품?,하늘별섬,2020.09.24.,354
8436,질문과 대답(QnA),프라지콴텔 디스토시드 관련 문의드립니다,믿음안에서,2020.09.24.,538
8437,자유게시판,coc 프로토콜 항암과 병행안하면 소용없을까요?,주근깨왕,2020.09.24.,437
8438,암 호전사례 정보,유방암 호전사례(안아파요TV: 20년 9월 23일 수요일),푸른마당,2020.09.24.,944
8439,정보 공유,기생충 재감염의 또 다른 원인 가능성,코알라의 고향,2020.09.24.,720
8440,자유게시판,백혈구의 소중함을 알려주는 자료입니다.,하이로,2020.09.24.,321
8441,기타 자가임상 후기,어쩔 수 없이 휴지기....ㅠㅠ,정삿갓,2020.09.24.,650
8442,질문과 대답(QnA),알로홀 좀 봐주세요,달로와요,2020.09.24.,305
8444,자유게시판,야호~~~열심멤버 됐어요~~,극복자,2020.09.24.,246
8445,기타 자가임상 후기,수술해야할까요,봉이따님,2020.09.24.,"1,138"
8446,정보 공유,건강 생채식 강사 활동,비타민00,2020.09.25.,135
8447,정보 공유,프라지콴텔의 내성 여부와 담관암 발생 가능성에 대한 자료 및 결론,코알라의 고향,2020.09.25.,769
8448,벤지미다졸정보나누기,뇌척수,천사3,2020.09.25.,264
8449,자유게시판,안부,헤라,2020.09.25.,112
8450,질문과 대답(QnA),항문에 가끔 피가 묻어 나와요,gyunpyo,2020.09.25.,688
8451,기생충사진공유,이런건 뭘까요?,야생화1,2020.09.25.,859
8452,질문과 대답(QnA),베르베린,달로와요,2020.09.25.,469
8453,자유게시판,니클 펜벤 조합 괜찮은가요?,하루,2020.09.25.,330
8454,설금홍,알벤다졸은 HIF-1α 를 억제하며 췌장암세포의 방사선 감수성을 조절합니다.,설금홍,2020.09.25.,322
8455,질문과 대답(QnA),방사선 식도 후유증 치료방법 없을까요,하고은,2020.09.25.,302
8456,자유게시판,구충제 먹는 순서를 바꾼후 기생충 방출.,테일러,2020.09.25.,"1,314"
8457,가입 인사,가입인사 드립니다.,아무르강,2020.09.25.,77
8458,질문과 대답(QnA),파라캅엘정 구입경로 문의,아무르강,2020.09.25.,348
8459,자유게시판,난소암1차 항암입원 3박4일(투병기2),차사랑,2020.09.25.,416
8460,자유게시판,도대체 코로나...,하늘별섬,2020.09.25.,319
8461,자유게시판,혹시 요새 아르테미시닌 영양제 못사나요?,하나님나라,2020.09.25.,360
8462,기타 자가임상 후기,개회충 감염과 치료. 구충제 복용을 상당히 했는데도 나오네요 ㅠ,설금홍,2020.09.25.,661
8463,기생충사진공유,2차멸충 알벤2주기 아침.저녁 한알(하루2알) 11일차(하단떵사진극혐주의!!!)-일반인 임상,차사랑,2020.09.25.,"1,021"
8464,질문과 대답(QnA),홀다클락,크크별,2020.09.25.,402
8465,설금홍,"기생충감염, 발암 및 인간 악성 종양 2016. (특정암의 원인이 기생충)",설금홍,2020.09.25.,647
8466,자유게시판,맨땅에  헤딩한지 9개월차,완치,2020.09.25.,730
8467,기생충사진공유,기생충증상 개회충,말콥,2020.09.25.,"1,150"
8468,자유게시판,안부,헤라,2020.09.26.,105
8469,신풍 생각,코로나 19에 대한 생각..,신풍생각,2020.09.26.,777
8471,자유게시판,암 오프라벨 약품 복용기준(김약사 블러그에서 퍼옴),의암호,2020.09.26.,479
8472,질문과 대답(QnA),공진단,기도해,2020.09.26.,539
8473,설금홍,2020년도 기생충감염병 관리지침-질병관리청,설금홍,2020.09.26.,457
8475,질문과 대답(QnA),방구가 자주 나오는 증상은 어떤가요?,로즈맨,2020.09.26.,951
8476,자유게시판,저도  도착했어요^^,달로와요,2020.09.26.,504
8478,자유게시판,피부사상균. 칸디다균. 효모. 곰팡이. 기타진균에 바르는 항진균제 (카네스텐)크림,상대원,2020.09.26.,483
8479,자유게시판,이버멕틴 부작용 문의,둘로스65,2020.09.26.,"1,117"
8481,자유게시판,피라맥스 항암,hairu4457,2020.09.27.,585
8482,자유게시판,안부,헤라,2020.09.27.,109
8483,자유게시판,2월 28일부터 하루에 알벤2알복용 30일후 손등절반에서 손가락 끝까지 까막게 변색이 되었던 기록입니다. ..,상대원,2020.09.27.,"1,061"
8484,궁을,발송되고 있는 쌈채소의 종류입니다,궁을,2020.09.27.,339
8485,자유게시판,암환우 가사초짜남편 집안일하기(남편할일),차사랑,2020.09.27.,417
8486,자유게시판,요즘들어서...,아빠힘내힘내자,2020.09.27.,460
8488,정보 공유,오늘 간질충에게 아마겟돈을 선사 했습니다.,코알라의 고향,2020.09.27.,"1,848"
8489,자유게시판,손톱 깨지는 현상,남자폴,2020.09.27.,509
8490,기생충사진공유,기생충 증상 리슈만편모충(증),말콥,2020.09.27.,"1,036"
8493,정보 공유,"아스피린, 스타틴, 메포민 함께 복용하신 분 계신지요?",의암호,2020.09.27.,438
8494,질문과 대답(QnA),휴지기 없이 먹는분들 조심하세요,아잇,2020.09.28.,"1,042"
8496,자유게시판,안부,헤라,2020.09.28.,185
8498,기타 자가임상 후기,파라켑엘정,야호,2020.09.28.,499
8499,자유게시판,고민이네요,남자폴,2020.09.28.,319
8500,암 호전사례 정보,구충제 약9개월 복용결과는...,즐거운 시간 만들기,2020.09.28.,"2,012"
8501,자유게시판,화학항암  완전히 끊었습니다.,qnddn003,2020.09.28.,"1,075"
8503,자유게시판,이제 주위 사람들에게 구충제 얘기 안할라고요,김그,2020.09.28.,891
8504,기타 자가임상 후기,이트라코나졸,야호,2020.09.28.,629
8505,자유게시판,소변줄에서,아빠힘내힘내자,2020.09.28.,633
8506,정보 공유,암환자 ( ? ) 이거 자주 먹으면 암세포가 순식간에 자란다 !,코알라의 고향,2020.09.28.,"1,894"
8507,자유게시판,왼쪽팔이 계속 커지는 희귀병,행복나무,2020.09.28.,620
8508,자유게시판,구충제요법 좀 가르쳐주시게요,이거시,2020.09.28.,514
8509,자유게시판,[공유] 항암 치료제인 에시악(essiac)의 역사적 배경과 효능,아빠힘내힘내자,2020.09.29.,396
8510,자유게시판,안부,헤라,2020.09.29.,106
8511,자유게시판,구충제 말고 다른 영양제 드시나요??,아잇,2020.09.29.,449
8512,자유게시판,니타조가 이버보다 더 반응이 센데요,울트라소닉붐,2020.09.29.,785
8513,궁을,[공유] 다이어트에 좋은 소고기 고르는 법 (ft. 목초 소고기 판매처),궁을,2020.09.29.,321
8515,자유게시판,알벤종류,남자폴,2020.09.29.,307
8516,질문과 대답(QnA),간수치가 많이 나왔네요,로즈맨,2020.09.29.,"1,236"
8517,자유게시판,남편에 앞서 제가 먼저 체험 시작했어요~,소나무정원,2020.09.29.,798
8518,질문과 대답(QnA),축농증에 효과본 구충제 있으신분,승리하시길바랍니다,2020.09.29.,482
8519,설금홍,이버멕틴은 유방암세포에서 암줄기세포를 먼저 억제한다,설금홍,2020.09.29.,"1,010"
8520,질문과 대답(QnA),자궁경부암,양준,2020.09.29.,658
8521,자유게시판,안부,헤라,2020.09.30.,135
8522,자유게시판,일주일의 기적,둘로스65,2020.09.30.,"1,117"
8524,질문과 대답(QnA),전해질 불균형에 대해서,마유미,2020.09.30.,369
8525,질문과 대답(QnA),니클로사마이드,돌고래,2020.09.30.,470
8526,가입 인사,유방암 14년차입니다,가을사랑2,2020.09.30.,"1,105"
8527,질문과 대답(QnA),이거 드시는분 계실까요,돌고래,2020.09.30.,411
8529,질문과 대답(QnA),알벤다졸 복용후 오른쪽 아랫배 통증,원샷원킬,2020.09.30.,884
8530,자유게시판,뼈전이 통증,아빠힘내힘내자,2020.09.30.,549
8531,질문과 대답(QnA),이버멕틴 구매방법,가을사랑2,2020.09.30.,631
8532,자유게시판,독시사이클린구해요,kang1104,2020.09.30.,386
8533,자유게시판,림프쪽이 아프신데...,아빠힘내힘내자,2020.09.30.,443
8534,자유게시판,이것은 본능?,하늘별섬,2020.10.01.,452
8535,질문과 대답(QnA),폐암이신분들중에,아빠힘내힘내자,2020.10.01.,661
8536,자유게시판,안부,헤라,2020.10.01.,139
8537,자유게시판,코알라고향  활동정지,헤라,2020.10.01.,"1,582"
8541,질문과 대답(QnA),83세 할머니 기운없고 식사못하시고 누워만 계세요,크크별,2020.10.01.,474
8544,자유게시판,힘 내십시오^^~~,BJ,2020.10.01.,214
8545,자유게시판,식용숯가루 한농제약꺼.. 곰팡이제거 효과 장난아니네요..,하이로,2020.10.01.,"1,068"
8546,정보 공유,로푸드 라이프,비타민00,2020.10.01.,188
8547,자유게시판,명절분위기가,해피드림,2020.10.01.,488
8548,자유게시판,알벤다졸 괜찮을까여,남자폴,2020.10.01.,676
8550,질문과 대답(QnA),신장암4기,욱맘,2020.10.01.,581
8552,자유게시판,안부,헤라,2020.10.02.,193
8555,자유게시판,바이오필름 분해제 얼마나 먹어야되나요??,아잇,2020.10.02.,397
8556,자유게시판,회원 한분 한분이 모두 소중한 분들이고 경혐담을 올리신글들이 모두다 소중합니다. ..,상대원,2020.10.02.,404
8557,기생충사진공유,기생충인지 바이오필름인지 뭘까요..,레몬긍정,2020.10.02.,"1,232"
8558,자유게시판,눈 가려울때 투명한 긴 눈꼽이 계속 나오는데요,시골여자,2020.10.02.,529
8559,궁을,대장암 안 걸리려면..프랑스 연구진이 약·영양소·식품 권고,궁을,2020.10.02.,679
8560,자유게시판,소화제,하나님나라,2020.10.02.,404
8561,자유게시판,"다 아시는 뉴스입니다만, 우리나라 마스크를  착용을 반대하고 흉보던 트럼프~!",분홍앵초,2020.10.02.,711
8562,자유게시판,나홀로 가정이라...,하늘별섬,2020.10.02.,961
8563,자유게시판,니타조사나이드 한달 복용 후기,운전기사짱가,2020.10.03.,"1,217"
8565,자유게시판,안부,헤라,2020.10.03.,138
8566,질문과 대답(QnA),갑상선 결절이 있을 경우 자세한 구충제(알벤 등)복용법 알고 싶습니다.,좋은열매2,2020.10.03.,535
8567,자유게시판,난소암수술후 1차항암 환자상태.첫외래진료[감염내과.산부인과],차사랑,2020.10.03.,403
8568,암 호전사례 정보,커피관장 후 좌훈을 하고있습니다.,온리유,2020.10.03.,862
8569,자유게시판,구충제 복용 초보예요,서은,2020.10.03.,468
8570,자유게시판,간청소 후기..이것도 사람 차별하나봅니다.,하늘별섬,2020.10.03.,962
8571,자유게시판,면역항암제의 1차 치료제 급여화 촉구 기고문(조선일보에서 퍼옴),의암호,2020.10.03.,367
8572,자유게시판,어떻게해야할지,jayounggo45,2020.10.04.,380
8573,자유게시판,안부,헤라,2020.10.04.,128
8574,자유게시판,허벅지 근육통증~,다솜,2020.10.04.,541
8575,자유게시판,남자의 눈물...살면서 세번 울어라???,차사랑,2020.10.04.,488
8576,자유게시판,맥시부펜드시면,아빠힘내힘내자,2020.10.04.,285
8577,자유게시판,암세포의 저격수 비타민B17  암세포를 파괴시키는 비타민 이라고하는데 수입을 막아서 구할수가 없다네요...,상대원,2020.10.04.,625
8578,자유게시판,암이없는 세상 아미그달린.   레이어트릴.  비타민b17.   암을알고 암을 이겨내시는데 도움이 되셨으면 해서 영상을 올려드림니다..,상대원,2020.10.04.,506
8579,자유게시판,항암 끊고 구충제 복용하시면 병원 검사는 어떻게 하시는지요?,의암호,2020.10.04.,633
8580,질문과 대답(QnA),"니클로사마이드에 대한 쇼핑몰, 제품 여쭤봅니다.",공부할,2020.10.04.,582
8581,유투브방송 링크나눔,좋은 음악,보호자 창원언니,2020.10.04.,121
8582,질문과 대답(QnA),동물용니클로사마이드,희망과꿈,2020.10.04.,446
8583,질문과 대답(QnA),레몬관장후  흰가루?,완치,2020.10.04.,342
8584,기타 자가임상 후기,흑염소진액  (한약재 VS한약빼고달임),크크별,2020.10.05.,411
8585,자유게시판,안부,헤라,2020.10.05.,108
8586,질문과 대답(QnA),초음파..어디로 가야할까요?,하늘별섬,2020.10.05.,347
8587,유투브방송 링크나눔,발바닥 지압...다리부종에도움됫어요,조은데이,2020.10.05.,218
8588,정보 공유,니타조사나이드 소변색 변화 정상인가요?,가평남자,2020.10.05.,423
8589,설금홍,난소암에 효과 있는 드 노보 드럭. 난소암 환우분들 연구해 보십시요,설금홍,2020.10.05.,332
8590,자유게시판,옴니쿠어 가격?,globica,2020.10.05.,245
8591,이버맥틴자가임상후기,뇌간종양딸후기,헤라,2020.10.05.,"1,653"
8592,기생충정보,머리 아파 병원 갔더니 뇌 속에 기생충이 가득   기사입력 2020.10.05. 오후 4:50,신풍생각,2020.10.05.,783
8593,질문과 대답(QnA),기생충의 수명은 몇살까지 일까요??,너는내것,2020.10.05.,331
8594,이버맥틴자가임상후기,회춘후기,헤라,2020.10.05.,"1,107"
8595,질문과 대답(QnA),파라캅+알벤다졸,플라세보,2020.10.05.,502
8596,이버맥틴자가임상후기,눈에 염증있는딸,헤라,2020.10.05.,"1,214"
8597,이버맥틴자가임상후기,유방암있던  뽀삐 근황,헤라,2020.10.05.,"1,335"
8599,자유게시판,풋고추 팔아 봅니다.^^,머름골농장봉화,2020.10.05.,376
8600,자유게시판,"[공유] 25세 女바리스타 7년 두통, 알고 보니 뇌에 기생충이 가득",뱃살공주,2020.10.05.,635
8601,가입 인사,큰딸이 뇌간 종양 판정 받았어요,아라맘,2020.10.06.,"1,180"
8602,자유게시판,안부,헤라,2020.10.06.,101
8604,자유게시판,코로나 조심합시다.,다사조,2020.10.06.,233
8605,자유게시판,코로나예방..22살아들후기,헤라,2020.10.06.,686
8607,자유게시판,다음주 ct와 내시경을 해보자 하시네요.,로즈맨,2020.10.06.,451
8608,판매자 신청,남아있는 구충제 정리합니다,프리라이더,2020.10.06.,723
8609,이버맥틴자가임상후기,지방간 서방님 후기,헤라,2020.10.06.,"1,124"
8610,자유게시판,판독좀 부탁합니다,남자폴,2020.10.06.,411
8611,자유게시판,바이오셀리움 벡스 ...,ne0221,2020.10.06.,"2,115"
8614,자유게시판,자가임상후기  많이 써주세요^^,헤라,2020.10.06.,386
8615,자유게시판,CT 촬영의 위험성. 한번의 ct 촬영은 400번의 x선 촬영과 같고 한번의ct 촬영으로 암이 걸릴수있다고 합니다...  (동영상),상대원,2020.10.06.,439
8616,자유게시판,방사선 치료의 위험성. 암치료율은 2% . 98%는 병원에서 죽는다. 그들은왜 죽을수 밖에 없는가...  (동영상),상대원,2020.10.06.,487
8617,자유게시판,살구씨의 효능   (약초방송  동영상),상대원,2020.10.07.,233
8618,자유게시판,살구씨 부작용과 사용 방법. . 항암작용을 한답니다. .(독성을 중화 시켜서 드시기 바람니다),상대원,2020.10.07.,263
8619,자유게시판,안부,헤라,2020.10.07.,82
8620,설금홍,특정암에 특정박테리아가 존재한다? 8개 고형암에 대한 조사,설금홍,2020.10.07.,674
8623,궁을,장아찌/피클용/고추부각용 자연재배 풋고추 판매합니다(주문완료 합니다. 감사합니다^^),궁을,2020.10.07.,173
8624,질문과 대답(QnA),독시사이클린+아지스로마이신+비타민c 복용에 대한 도움 요청드립니다,믿음안에서,2020.10.07.,654
8625,가입 인사,가입인사 드립니다~,로즈가든,2020.10.07.,98
8626,자유게시판,구충제 복용법 문의,주니여니애비,2020.10.07.,542
8627,자유게시판,인사,고딩이,2020.10.07.,91
8628,암 호전사례 정보,전립선암 검사결과2,단비네,2020.10.07.,538
8629,자유게시판,비타민c가 표적 항암제 역활도 한답니다. . 정맥주사와 경구복용도 필요하답니다. ..  (지혜와 성실님. 동영상),상대원,2020.10.07.,471
8630,자유게시판,머리카락같은 기생충보신분?,수연사랑2004,2020.10.07.,455
8631,기타 자가임상 후기,폐암 4기. 뇌전이. 근황,알랑짱구,2020.10.07.,"1,116"
8632,자유게시판,림프절전이 (또은 림프혹 등) 에 대한 질문,무서유,2020.10.07.,546
8633,이버맥틴자가임상후기,칼로 후비는것같은 치통,너는내것,2020.10.07.,798
8636,자유게시판,비타민c 의 부작용 .위장관에. 속쓰림. 설사. 구역질. 이 있으신분은 섭취량이 2그람. 증상에 따른 복용량이 다릅니다. .,상대원,2020.10.07.,235
8637,질문과 대답(QnA),항암약 복용중 알레르기,엄마딸,2020.10.07.,183
8638,가입 인사,안녕하세요,내조왕,2020.10.07.,126
8639,설금홍,미생물 군집과 암 1부,설금홍,2020.10.08.,342
8640,자유게시판,안부,헤라,2020.10.08.,82
8641,자유게시판,경구 비타민c 의 부작용에 대해서 알아보고 드셔야 하겠습니다..,상대원,2020.10.08.,387
8642,자유게시판,비타민c 정맥주사 효소검사를 하시고 투약 하셔야 한답니다. .  (고농도는 희석해서 체온과 비슷한 온도로),상대원,2020.10.08.,185
8643,자유게시판,다량의 폐흡충 ( 흑미충) 배출.,테일러,2020.10.08.,"1,124"
8644,정보 공유,초보입니다 이버멕틴 알벤다졸 약국에도있나요,내조왕,2020.10.08.,645
8646,자유게시판,맛있는 밤고구마,총이,2020.10.08.,408
8647,질문과 대답(QnA),폐에 물이찾다고합니다,안평골 Jcabukyung,2020.10.08.,670
8649,가입 인사,난소암4기 입니다,코피맛사탕,2020.10.08.,760
8650,질문과 대답(QnA),로얄제리 복용해도될까요?,희망과꿈,2020.10.08.,327
8651,자유게시판,항암제와  구충제의 암이 줄어드는 차이,노스페이스 88,2020.10.08.,664
8653,질문과 대답(QnA),칸디다있는사람은  맥주효모 먹으면  안되나요?,완치,2020.10.08.,360
8654,자유게시판,이게 뭔말일까요?(간청소시),하늘별섬,2020.10.09.,590
8657,자유게시판,안부,헤라,2020.10.09.,124
8658,질문과 대답(QnA),폐암 뇌전이 도와주세요,그만해1,2020.10.09.,668
8659,자유게시판,비타민c 드시고 속이쓰리신분 이렇게하면 치료 된답니다...,상대원,2020.10.09.,477
8662,자유게시판,(광고아님)  칸디다 곰팡이균이 일으키는 질병의 설명과 사진이 있네요..,상대원,2020.10.09.,768
8663,질문과 대답(QnA),이트라코나졸은 어떻게 구하시는지요?,산하,2020.10.09.,358
8665,자유게시판,한글날은 누가 필요없다 했는지...,미다스캉,2020.10.09.,305
8666,자유게시판,약 복용법을 어떻게 바꿔야할지 조언 부탁드립니다,예쁜별,2020.10.09.,699
8667,질문과 대답(QnA),도와주세요ㅜ,마젠타핑크,2020.10.09.,450
8668,자유게시판,암환우 간청소 (의사들도 모르는 기적의 간청소),하늘별섬,2020.10.09.,"1,449"
8670,자유게시판,안부,헤라,2020.10.10.,157
8671,자유게시판,직장암 구충제 복용 후 검사 결과,구충제러버,2020.10.10.,778
8672,설금홍,미생물 군집과 암 2부-각론,설금홍,2020.10.10.,703
8674,질문과 대답(QnA),폐섬유증 호전사례 있으신 분 !!,uma2016,2020.10.10.,610
8675,질문과 대답(QnA),제 증상엔 어떤 구충제가 제일 효과가 있을까요...제발 도와주세요ㅠ,피치리,2020.10.10.,"1,837"
8676,자유게시판,구충제 무료로 드립니다,싶다살리고,2020.10.10.,584
8678,정보 공유,탁솔 메벤다졸 병용,shin,2020.10.10.,420
8680,방사선 항암치료 후기,항암을 앞두고 고민중입니다,나미야,2020.10.10.,824
8681,니클로사미드,니클로사마이드,파도,2020.10.11.,"1,030"
8682,자유게시판,안부,헤라,2020.10.11.,103
8684,질문과 대답(QnA),간암  간문맥 페전이 환자 입니다간수치 봐주세요 구충제 복용 무리 일까요,기적이야,2020.10.11.,365
8686,설금홍,종양학에서 약물 재배치 ; 각종 암 치료에 응용되는 약과 임상시험,설금홍,2020.10.11.,971
8687,자유게시판,알벤다졸 비타민c 같이먹어도 되나요??,아잇,2020.10.11.,438
8688,자유게시판,이버멕틴 구입하고 싶습니다,단도리,2020.10.11.,358
8689,자유게시판,[공유] 중국에서 받은 크라이오 냉동요법에 대해 말씀 드립니다. (지혜와성실님 동영상),상대원,2020.10.11.,308
8690,자유게시판,알벤복용후 대변을 많이 보네여,남자폴,2020.10.11.,502
8692,자유게시판,새우젓을 찾아요.,분홍앵초,2020.10.11.,587
8695,자유게시판,칸디다균은 바이오필름의 보호막으로 보호되서 퇴치가 어려워요.. 말콥님 께서 제거 방법을 올려주셨네요.. (칸디다균 제거하기 최종편),상대원,2020.10.11.,981
8698,자유게시판,안부,헤라,2020.10.12.,98
8699,회원나눔(공짜는 아닙니다),커큐민 비타민e  실리마린(밀크시슬),너는내것,2020.10.12.,342
8700,설금홍,마약성진통제 (Opioids)와  암수술.  암전이와의 관계(결론만),설금홍,2020.10.12.,340
8701,질문과 대답(QnA),트리클 벤다졸 동물용은 괜찮을까요?,산하,2020.10.12.,213
8702,암 호전사례 정보,간암 4기 호전 후기 올립니다(항암x),초고속,2020.10.12.,"2,067"
8703,이버맥틴자가임상후기,이버멕틴54일복용,앨리스의 나라,2020.10.12.,"2,071"
8704,자유게시판,야채수,양준,2020.10.12.,480
8705,자유게시판,머리가 복잡합니다.,남자폴,2020.10.12.,522
8706,자유게시판,왜 의사들이 유충이행증을 정신과로 몰아가는지 알려드립니다.,대전소생,2020.10.12.,583
8707,설금홍,마약성진통제와 면역억제 및 발암촉진관련 (암수술. 암전이와의 관계),설금홍,2020.10.12.,338
8708,질문과 대답(QnA),손톱색깔,아라맘,2020.10.12.,375
8709,자유게시판,오늘은 저의 사생활 이야기 입니다.,분홍앵초,2020.10.12.,990
8710,자유게시판,"[공유] (사진 혐오)칸디다 폭격, 바이오필름 제거 ( 9월 7일 진동벨님의 후기입니다)",상대원,2020.10.12.,742
8712,정보 공유,生돼지 먹은 뒤 '우측 시야 장애'… 국내 첫 보고​,로즈가든,2020.10.12.,411
8713,자유게시판,야채수로 암완치,양준,2020.10.13.,777
8714,자유게시판,안부,헤라,2020.10.13.,87
8715,질문과 대답(QnA),커큐민  대신,건강찾기,2020.10.13.,488
8716,담비,식도암_니클로사마이드_파클리탁셀_2020년,담비,2020.10.13.,369
8717,가입 인사,반갑습니다.,망고씨,2020.10.13.,109
8718,기타 자가임상 후기,파라켑엘정 후기,야호,2020.10.13.,690
8719,벤지미다졸정보나누기,이버멕틴12mg max있어요.,환I생명나무,2020.10.13.,474
8720,자유게시판,양쪽발 엄지발가락두개 외 네개 더 발톱무좀입니다.,우주아부지,2020.10.13.,354
8722,자유게시판,페암4기 도움 요청드립니다.,모든암정복,2020.10.13.,599
8726,회원나눔(공짜는 아닙니다),피르비늄 필요하신분....일본산 파목산입니다..,루니드,2020.10.13.,525
8727,자유게시판,내일 방영될  환경성 질환에 대한 방송 꼭 보시길 권해드립니다,니크바드,2020.10.13.,241
8729,가입 인사,안녕하세요,jungkih13,2020.10.13.,97
8730,질문과 대답(QnA),아버지 간암3기입니다 세브란스에서색전하자는데,jungkih13,2020.10.13.,412
8731,정보 공유,이버맥틴 저렴하게 구입방법아시는분 있으시면 부탁드립니다,jungkih13,2020.10.13.,611
8732,자유게시판,안부,헤라,2020.10.14.,74
8733,질문과 대답(QnA),유방암 예방차원에서 플루벤다졸과 알벤다졸만 먹는건 어떨까요?,천사토끼맘,2020.10.14.,629
8734,질문과 대답(QnA),"산사나무열매, 까치밥 열매",산하,2020.10.14.,183
8735,설금홍,장내미생물을 이용한 대변이식과 암치료 임상.,설금홍,2020.10.14.,325
8736,자유게시판,오늘은 뻘건 간흡충이 많이 나왔습니다.,테일러,2020.10.14.,"1,121"
8739,질문과 대답(QnA),안녕하세요 담도암 환우분들 정보 부탁합니다.,갱둥이,2020.10.14.,215
8740,자유게시판,기생충과 혈허,배다별,2020.10.14.,370
8741,설금홍,"뼈 전이를 표적으로 하는 치료법, 엑스지바, 이베니티",설금홍,2020.10.14.,849
8742,자유게시판,오늘은 동영상으로 찍어 봤어요.,시골여자,2020.10.14.,430
8743,자유게시판,알벤다졸,렉돌냥이,2020.10.14.,411
8744,질문과 대답(QnA),파나쿠어정 복용문의,임하나,2020.10.14.,251
8745,자유게시판,네이버 (구충제 단어로 검색했을때) 검색기능이 약간 바뀐거 같아요..,드림걸즈77,2020.10.15.,351
8746,자유게시판,사촌동생이 골육종 말기 시한부 판정 받았습니다 조언 부탁드립니다,티벳스님,2020.10.15.,520
8747,궁을,먹는 음식이 곧 몸이 되고 마음이 된다,궁을,2020.10.15.,360
8748,자유게시판,안부,헤라,2020.10.15.,69
8749,자유게시판,생로병사의 비밀 (쌓이면 독이 된다) 환경성질환 ㅡ,니크바드,2020.10.15.,336
8750,궁을,화장품 냄새가 나는 자연재배 토종고추,궁을,2020.10.15.,226
8753,자유게시판,",마음을 못 잡겠네요, 도와주세요",남자폴,2020.10.15.,451
8754,질문과 대답(QnA),베이킹소다,건강찾기,2020.10.15.,428
8755,기타 자가임상 후기,구충제와 난소 제자리암 이야기 후기,소나무처럼,2020.10.15.,648
8756,질문과 대답(QnA),피검사 결과 좀 봐주셔요,야호,2020.10.15.,287
8757,이버맥틴,구입방법,J4568,2020.10.15.,393
8758,이버맥틴,이버멕틴,즐거운날,2020.10.15.,652
8759,질문과 대답(QnA),파라캅엘정^^,달로와요,2020.10.15.,646
8760,가입 인사,안녕하세요🧏‍♀️,피치리,2020.10.15.,351
8761,질문과 대답(QnA),니타 추가로 먹으려 하는데요,주근깨왕,2020.10.15.,491
8762,질문과 대답(QnA),인도큐어 물건 괜찮은가요?,하늘별섬,2020.10.15.,458
8763,자유게시판,믿을만한 인도 제네릭 판매상 아시는분 있나요?,그만해1,2020.10.15.,392
8764,자유게시판,주열기 효과 어떤가요?,가을사랑2,2020.10.16.,627
8765,자유게시판,안부,헤라,2020.10.16.,125
8766,자유게시판,기생충종류와 다양한 치료법이 나와있습니다. 제가 선택한 천연치료제가 이중에있는 약재가 혼합되어있는 제품이었네요. 동물용구충제 절대금지는 않믿어요^^,배다별,2020.10.16.,568
8771,자유게시판,CT결과..,뱃살공주,2020.10.16.,592
8772,질문과 대답(QnA),피검사결과... 어떤선택을 해야할까요?,행복할꺼야,2020.10.16.,404
8773,궁을,질산염 김치를 피하는 방법에 대한 고민,궁을,2020.10.16.,387
8774,이버맥틴자가임상후기,배가 아파요,qnddn003,2020.10.16.,697
8777,담비,영국-항바이러스제-소포림프종-관해사례,담비,2020.10.16.,328
8778,자유게시판,또 나왔네요,아빠힘내힘내자,2020.10.16.,518
8779,궁을,자연재배 배추는 절여지지 않네요,궁을,2020.10.16.,338
8780,자유게시판,폐흡충,하루,2020.10.16.,418
8782,자유게시판,대장암과 함께한 1년..,루니드,2020.10.16.,814
8783,자유게시판,이트라코나졸 구해요,티벳스님,2020.10.17.,370
8784,자유게시판,그동안 감사했습니다,뽀도리,2020.10.17.,789
8785,궁을,항진균제 이트라코나졸의 항암 효능,궁을,2020.10.17.,405
8786,정보 공유,"담낭암, 담도암",라스알코어,2020.10.17.,203
8788,자유게시판,안부,헤라,2020.10.17.,97
8789,자유게시판,림프종 재시도,내모든것,2020.10.17.,348
8792,설금홍,"프로프라놀올, 유방암과 췌장암에 유용해 보입니다",설금홍,2020.10.17.,374
8793,자유게시판,의사들의 항암에 대해 말할 때 주의,라스알코어,2020.10.17.,836
8794,가입 인사,잘 부탁드립니다.,강한용사,2020.10.17.,152
8795,질문과 대답(QnA),알리 동물용 이버멕틴 효과보신분 있으신가요?,대구II접니다,2020.10.17.,683
8796,자유게시판,간청소2,하늘별섬,2020.10.17.,694
8797,질문과 대답(QnA),하루 만보걸음,완치,2020.10.17.,406
8800,질문과 대답(QnA),선배님들 도와주세요(악액질관련),극복자,2020.10.17.,694
8801,자유게시판,안부,헤라,2020.10.18.,97
8802,기타 자가임상 후기,디스토시드 후기,웃는돌땡이,2020.10.18.,"1,563"
8803,자유게시판,당나귀가 종양 암이 있어요,풀꽃,2020.10.18.,494
8804,이버맥틴자가임상후기,갑상선암 구충제복용,럭키공주,2020.10.18.,"1,151"
8806,자유게시판,국산연어 먹다 고래회충 먹은 유튜버,로즈가든,2020.10.18.,620
8807,가입 인사,안녕하세요. 가입인사 올립니다.(__),체조 광주,2020.10.18.,115
8810,자유게시판,단풍 드는 사과밭 봉화(무농약 사과),머름골농장봉화,2020.10.18.,268
8812,자유게시판,일주일로는 구충이 안되는게 대부분일까요..?ㅠ,피치리,2020.10.18.,"1,359"
8818,질문과 대답(QnA),베르베린,건강찾기,2020.10.19.,779
8819,자유게시판,안부,헤라,2020.10.19.,112
8821,설금홍,인간 기생충 목록 - 위키피디아참조,설금홍,2020.10.19.,499
8822,설금홍,이노신과 면역체크포인트 억제제. 장내미생물과 항암 면역요법.,설금홍,2020.10.19.,185
8824,췌장암,췌장암 4기의사의 관해 사례,배다별,2020.10.19.,"1,464"
8827,질문과 대답(QnA),진단서에 대해서,아라맘,2020.10.19.,338
8828,회원나눔(공짜는 아닙니다),무료로 나눔합니다( 부산 ) 마감,뽀도리,2020.10.19.,485
8830,자유게시판,샴푸 냄새만 맡아도 기절? 다중화학물질 과민증 그리고 암도 겪은 저 입니다,니크바드,2020.10.19.,479
8834,자유게시판,안부,헤라,2020.10.20.,140
8835,질문과 대답(QnA),니클로사마이드는 어디서 저렴하게 사나요?,그만해1,2020.10.20.,528
8836,설금홍,"잠재적인 항암제 이버멕틴, 각종 암에 임상이 실시되길 바람~",설금홍,2020.10.20.,683
8838,질문과 대답(QnA),프로폴리스 드시고 NK세포 수치 올라가신 분있으시면 답변좀부탁드려요..,하이로,2020.10.20.,397
8839,궁을,암을 이긴 산중생활,궁을,2020.10.20.,625
8841,자유게시판,활성산소수치 문의드립니다.,주니여니애비,2020.10.20.,252
8842,정보 공유,고용량 비타민c 맞고있습니다.,개미로얄 안양,2020.10.20.,508
8843,질문과 대답(QnA),알리 동물용이버멕틴에서 이상한 종이용지 같은게 나왔습니다.,대구II접니다,2020.10.21.,505
8844,자유게시판,안부,헤라,2020.10.21.,79
8845,자유게시판,10월의 어느 멋진 날에~,배다별,2020.10.21.,147
8846,궁을,산양삼+생강청 연구(시험1),궁을,2020.10.21.,209
8849,구매정보게시판(물건배송확인후),조금이나마 저렴한곳 있어 추천합니다,벨벳밀크,2020.10.21.,"1,163"
8850,벤지미다졸 질문 게시판,펜벤다졸 뭘로 드시나요?,하나님나라,2020.10.21.,580
8852,자유게시판,"""암치유를 위한 1년간의 치병일지""    프로토콜 ""FF"" 변경",나이야가라,2020.10.21.,"1,746"
8853,자유게시판,이버복용할려고합니다  난소암,렉돌냥이,2020.10.21.,340
8854,회원나눔(공짜는 아닙니다),"메벤,파나쿠어,,등 여러가지 보조제 정리합니다.",써니,2020.10.21.,535
8855,질문과 대답(QnA),배에서 꿈틀거림,야호,2020.10.21.,607
8856,가입 인사,가입합니다,산호초,2020.10.21.,92
8857,자유게시판,10 월 3주차 꾸러미,머름골농장봉화,2020.10.21.,242
8858,질문과 대답(QnA),파나쿠어 복용량,달고나야,2020.10.21.,312
8859,질문과 대답(QnA),점심때 다 토하고,아라맘,2020.10.21.,394
8860,자유게시판,병원에서 항암을 중단했어요 궁금합니다,봉이따님,2020.10.21.,"1,016"
8861,담비,구강편평세포암_니클로사마이드_2017년,담비,2020.10.21.,455
8862,자유게시판,안부,헤라,2020.10.22.,97
8863,자유게시판,메벤종류,남자폴,2020.10.22.,181
8865,자유게시판,오늘은  항암끝난지 2 년되는날입니다.,분홍앵초,2020.10.22.,911
8866,자유게시판,어제 의사쌤 만나고 왔습니다,따뜻한봄,2020.10.22.,630
8868,기타 자가임상 후기,1년만에 병원에 다녀왔습니다.,웃는돌땡이,2020.10.22.,834
8869,자유게시판,암도 그러고 보면 기생충과 비슷하네요,김그,2020.10.22.,527
8870,자유게시판,간장게장,양준,2020.10.22.,450
8871,자유게시판,김ㅊㅁ씨.... 국감까지....,주근깨왕,2020.10.22.,873
8873,자유게시판,생강 수확,머름골농장봉화,2020.10.22.,313
8874,자유게시판,급해서양평인데 문의드립니다(마이폴캡슐),내조왕,2020.10.22.,195
8876,자유게시판,프로바이오틱스(유산균)과 프리바이오틱스 복용 경험,혜통,2020.10.22.,353
8877,자유게시판,"생활 속에 유해성 화학물질 가득, 애용하실 건가요?",니크바드,2020.10.22.,310
8878,자유게시판,안부,헤라,2020.10.23.,75
8879,질문과 대답(QnA),갑자기 팔목 안쪽에 하얀 선이 죽죽 생겼어요,피치리,2020.10.23.,"1,129"
8881,자유게시판,"[공유] 암투병 김철민, 국감서 “개 구충제 먹고 암 더커졌다”",알벤펜벤다졸,2020.10.23.,901
8882,자유게시판,미국정부주도~ 구충제 임상시험,알벤펜벤다졸,2020.10.23.,537
8883,자유게시판,제가 사용중인 안전한 주방세제  정보와 구입처정보 원하시는 분 계실까요 ~?,니크바드,2020.10.23.,405
8884,질문과 대답(QnA),"이버멕틴 인도산 샀는데, 괜찮은제품일까요",김주현2,2020.10.23.,743
8886,자유게시판,안전한 암치료,도깨비5,2020.10.23.,461
8887,자유게시판,거머리도 기생충이었군요.,하늘별섬,2020.10.23.,557
8888,가입 인사,가입합니다,하누달,2020.10.23.,56
8889,자유게시판,프로바이오틱스와 프리바이오틱스,하늘별섬,2020.10.23.,488
8890,자유게시판,니클로사마이드 이거 맞죠?,아자 화이팅,2020.10.23.,369
8892,자유게시판,구충제 먹을 때랑 안먹을 때 컨디션 차가 너무 큽니다.,플라세보,2020.10.23.,"1,078"
8893,자유게시판,어머니 조영제 CT 맞고 갑자기 오른쪽 견갑골이 엄청 붓더니 통증이 너무 심하다네요. 구충제 먹이고 있는데 먹었을때에 몇시간은 괜찮으세요.,여누,2020.10.23.,381
8896,자유게시판,"발암물질이 되는 케미컬, 그리고 MCS 질환을 알립니다",니크바드,2020.10.23.,275
8898,질문과 대답(QnA),복막전이암,바람,2020.10.23.,620
8899,질문과 대답(QnA),약복용 방법 및 궁금사항입니다,코피맛사탕,2020.10.24.,263
8901,자유게시판,안부,헤라,2020.10.24.,99
8902,자유게시판,저선량 CT 촬영은  일반ct 촬영의 7분에 1의 피폭량 이라고 합니다..,상대원,2020.10.24.,408
8903,질문과 대답(QnA),간암4기 식도정맥류 결찰술 후 펜벤요법 시작 질문 드립니다(__),체조 광주,2020.10.24.,390
8905,자유게시판,"구충제, 수면",cscsooo,2020.10.24.,620
8906,질문과 대답(QnA),암치료중 실크단백질 혹시 드시는 분 계신가요~?,유레테,2020.10.24.,276
8907,자유게시판,니클 복용후,따뜻한봄,2020.10.24.,692
8908,가입 인사,엑스지바,ne0221,2020.10.24.,233
8909,질문과 대답(QnA),이버맥틴,양준,2020.10.24.,840
8910,질문과 대답(QnA),어깨부터 팔까지,주근깨왕,2020.10.24.,341
8911,자유게시판,기가 막히는 군요..   ﻿병원에서 부검에서 원인 미상이면 독감백신 때문인 것이죠.(다른 이유를 찾을수 없고 백신 맞은 후 돌아가셨다면..).,신풍생각,2020.10.24.,903
8912,질문과 대답(QnA),담도암 2기 후반 림프절 1곳 전이(답변 좀 부탁드려요),수목원,2020.10.24.,366
8913,질문과 대답(QnA),니타조사나이드 니클로사미드 질문입니다,코피맛사탕,2020.10.24.,474
8914,궁을,[공유] 운동과 건강한 식단이 장미생물 다양성을 증가시킨다,궁을,2020.10.25.,139
8915,궁을,건강한 장이 사람을 살린다,궁을,2020.10.25.,369
8916,질문과 대답(QnA),복수있는데 펜벤 먹어도 되나요?,아자아자,2020.10.25.,407
8917,궁을,sbs스페셜 <장내 세균 혁명>,궁을,2020.10.25.,405
8918,자유게시판,안부,헤라,2020.10.25.,113
8919,자유게시판,"""GMO 를 숨겨라""",로즈가든,2020.10.25.,421
8920,질문과 대답(QnA),니타조 사나이드,달로와요,2020.10.25.,614
8921,판매자 신청,유기농 생강 판매합니다 5키로에 택포 25000원입니다,냐옹이 엄마,2020.10.25.,500
8922,질문과 대답(QnA),항암치료중 체중감소,원샷원킬,2020.10.25.,407
8923,자유게시판,"시메티딘, 날트렉손 구해봅니다!",주근깨왕,2020.10.25.,215
8924,질문과 대답(QnA),유산균,건강찾기,2020.10.25.,296
8926,질문과 대답(QnA),오른쪽 견갑골 쪽이 엄청나게 부어있었는데 그 붓기가 점점 내려오더니 가슴 옆과 옆구리로 내려왔습니다 이게 뭘까요?,여누,2020.10.25.,403
8927,회원나눔(공짜는 아닙니다),이버맥틴 니클로사마이드 정리합니다,뽀도리,2020.10.25.,709
8928,자유게시판,안부,헤라,2020.10.26.,87
8929,질문과 대답(QnA),티센트릭-아바스틴 항암주사에 대해 여쭙고 싶습니다.,체조 광주,2020.10.26.,431
8930,질문과 대답(QnA),급해요 영상판독지  해석부탁드려요,아라맘,2020.10.26.,197
8931,기타 자가임상 후기,과산화수소 활용법(저는 이렇게 사용해 봤습니다.),플라세보,2020.10.26.,492
8932,설금홍,인도 생약 Liv 52의 간에 대한 효과.,설금홍,2020.10.26.,705
8933,자유게시판,약먹고 소변,내모든것,2020.10.26.,371
8934,자유게시판,구충요법 하시는 뇌간종양 환우분들 보세요,아라맘,2020.10.26.,659
8935,질문과 대답(QnA),아지스로 드시는 분들은 500미리를 매일 드시나요??,이젠고고야,2020.10.26.,188
8939,기타 자가임상 후기,직장암4기  구충치료 4개월째,극복자,2020.10.26.,"1,757"
8940,자유게시판,췌장암 림프 및 폐전이 문의,xingger,2020.10.26.,403
8941,질문과 대답(QnA),복수가 차면...,바람,2020.10.27.,371
8942,자유게시판,이버멕틴주사,사랑하는사람들과함께,2020.10.27.,458
8943,자유게시판,안부,헤라,2020.10.27.,91
8945,질문과 대답(QnA),수술하신 분들의 조언을 듣고싶네요,로즈맨,2020.10.27.,417
8946,질문과 대답(QnA),꽃사과로 효소 담그실 분 데려가세요,산하,2020.10.27.,213
8948,자유게시판,인생은 선택이다 (펌),분홍앵초,2020.10.27.,239
8949,자유게시판,제가 이글을 안쓸려고 했는데요.로즈맨님 글을 보고 그냥  알려 드려야겠다 그런마음에서,분홍앵초,2020.10.27.,"1,107"
8950,판매자 신청,유기농생강 판매합니다(판매완료),냐옹이 엄마,2020.10.27.,275
8951,자유게시판,커피관장을 시도하여 보려는데요~  질문?,테일러,2020.10.27.,465
8952,회원나눔(공짜는 아닙니다),이버맥틴. 메벤다졸 정리합니다,뚱굴이,2020.10.27.,515
8953,질문과 대답(QnA),"췌장암(폐전이, 임파선 전이) 구충제 복용 관련 질의",xingger,2020.10.27.,379
8955,설금홍,수술 전 후 기간을 잘 활용해야 장기적인 암 결과를 개선한다,설금홍,2020.10.27.,396
8957,자유게시판,안녕 내 마음,밀로,2020.10.27.,168
8959,자유게시판,구충제복용시 신장에무리,렉돌냥이,2020.10.27.,707
8961,기타 자가임상 후기,니타조 2알씩 8일 복용 하셨는데,주근깨왕,2020.10.28.,790
8962,궁을,마이크로바이옴과 의학패러다임의 전환,궁을,2020.10.28.,153
8963,자유게시판,안부,헤라,2020.10.28.,102
8965,가입 인사,가입인사드립니다,워니영이,2020.10.28.,62
8966,이버맥틴,이버맥틴,즐거운날,2020.10.28.,460
8967,자유게시판,강아지 이버멕틴 주사제 용량을 올린글이 있네요..  (네이버검색)  【11월1일 동물이버멕틴 주사제. 글올려드려요.안전하다고 합니다 】,상대원,2020.10.28.,214
8968,질문과 대답(QnA),알벤 복용 털빠짐에 대해,freejet,2020.10.28.,281
8969,기타 자가임상 후기,이버멕틴,야호,2020.10.28.,689
8970,자유게시판,관장 + 니타조 사나이드 + 파라캅엘정= 엄청난 효과.,테일러,2020.10.28.,"1,130"
8971,자유게시판,니클로사마이드 설명,하루애,2020.10.28.,263
8972,자유게시판,니클로사마이드 요메산 고르는 요령,하루애,2020.10.28.,261
8973,자유게시판,독일직구 롯트콜레 파나쿠어 먹어보신분요,아자 화이팅,2020.10.28.,278
8975,자유게시판,항암과 코로나에 도움되는 비타민C 메가도스요법 관련 책 소개,globica,2020.10.28.,267
8976,가입 인사,인사드려요,돌돌이 맘,2020.10.28.,184
8977,설금홍,담관암 Cholangiocarcinoma (CCA),설금홍,2020.10.28.,545
8979,자유게시판,김철민씨의 국정감사에 대한 저의 생각입니다.,분홍앵초,2020.10.28.,"1,271"
8980,자유게시판,혹시독시싸이클린드시고 구토하신경유도있나요?,행복한삶,2020.10.29.,338
8981,자유게시판,안부,헤라,2020.10.29.,70
8983,질문과 대답(QnA),베르베린  구입,건강찾기,2020.10.29.,470
8984,자유게시판,프로토콜 조언 부탁드립니다.,주니여니애비,2020.10.29.,509
8985,자유게시판,어제 병원에서 인수치 정상이고 칼슘수치는,시골여자,2020.10.29.,318
8986,질문과 대답(QnA),"메벤과 펜벤먹을때는 탈모증상이 거의없었는데 알벤복용후 탈모증상과, 당섭취는 어떻게들하시나요?",와우와우 쩝,2020.10.29.,404
8988,자유게시판,GlioX 정보 올려봅니다.,주니여니애비,2020.10.29.,300
8993,궁을,"자연재배 토종생강, 생강청 판매합니다.",궁을,2020.10.29.,667
8994,가입 인사,가입인사드립니다.,맘스토리,2020.10.29.,102
8995,가입 인사,가입햇어요,포포풍,2020.10.29.,66
8996,자유게시판,암 환자의【복수】어떻게 다스리나 암성 복수를 다스리는 방법.  (월간암 의 글을 올려드려요),상대원,2020.10.30.,388
8997,자유게시판,안부,헤라,2020.10.30.,86
8998,궁을,생강청에 사용되는 설탕에 대해,궁을,2020.10.30.,393
8999,자유게시판,커큐민구합니다,joung2963,2020.10.30.,242
9000,자유게시판,내몸도  아팠나봐요,아빠힘내요,2020.10.30.,426
9001,자유게시판,퇴행성 관절염 환자가  연골에 줄기세포(자가지방 이식과 배양) 시술하면 암 발생 가능성 잇을까요?,아이스,2020.10.30.,157
9002,질문과 대답(QnA),약을 바꾸려구요 도움 부탁드려요,뽀미마미,2020.10.30.,220
9003,자유게시판,구충제 (니타조사나이드) 항바이러스를 넘어. B. c.형간염 치료효과 와 코로나19 치료효과가 있다고 합니다. (코로나온 충사진도 올립니다) 【하루구충제 20알 4일복용 후기포함】,상대원,2020.10.30.,520
9005,질문과 대답(QnA),먹는항암제 관련되어 질문드림니다,코피맛사탕,2020.10.30.,238
9006,자유게시판,흡충이 장내에 기생하면서 장내벽을 깨물어 피를내고 영양분을 섭취하는 영상입니다.,상대원,2020.10.30.,728
9008,가입 인사,잘부탁드려요. 모두 힘내세요.,더블미라클,2020.10.30.,124
9009,정보 공유,구충제 대체 건강식품(아이허브),혜통,2020.10.30.,523
9011,가입 인사,안녕하세요.,행복해보장,2020.10.30.,77
9012,가입 인사,가입인사,라미이,2020.10.30.,57
9013,질문과 대답(QnA),안녕하세요.,행복해보장,2020.10.30.,131
9015,자유게시판,베이킹소다+메이플시럽,하늘별섬,2020.10.30.,"1,182"
9016,정보 공유,췌장과 췌도를 망가트리는 췌질과 참굴큰입흡충 !,코알라의 고향,2020.10.30.,"1,026"
9017,자유게시판,"니클로사마이드 구합니다,",ne0221,2020.10.31.,306
9018,자유게시판,안부,헤라,2020.10.31.,92
9019,자유게시판,제초제 질문,내모든것,2020.10.31.,202
9020,자유게시판,관장후에 기생충이 너무 많이 나와요..,테일러,2020.10.31.,"1,589"
9021,질문과 대답(QnA),ct검사 결과지 해석부탁합니다,로즈맨,2020.10.31.,434
9025,자유게시판,아놔참...,하늘별섬,2020.10.31.,396
9027,자유게시판,4개월만에 김치찌개를 드심 ㅠㅠ,극복자,2020.10.31.,638
9028,자유게시판,고주파 온열기 써보신분,너는내것,2020.10.31.,389
9029,궁을,토종생강 잘 받으셨나요?,궁을,2020.10.31.,287
9030,가입 인사,안녕하세요,촌로,2020.10.31.,575
9031,질문과 대답(QnA),글이 좀 길지만 잘 봐주시면 감사하겠습니다.,촌로,2020.10.31.,"1,274"
9032,자유게시판,ㄱㅊㅁ씨 상태 엄청 악화됐나봐요,우주우주진리,2020.10.31.,791
9033,자유게시판,파나쿠어 4g 정리,ne0221,2020.11.01.,208
9034,자유게시판,(이버멕틴)의 약리작용은 세포의염소농도를 높여서 충의신경을 마비시키고 척추동물인 인간은 염소채널이 없어서 안전하다고 함니다,상대원,2020.11.01.,342
9035,자유게시판,쵀장관을 막고있는 간질충을 제거하는 영상입니다. .,상대원,2020.11.01.,493
9037,자유게시판,안부,헤라,2020.11.01.,60
9038,설금홍,2018년 이후 유방암 치료를 위한 STAT3를 억제하는 약물들,설금홍,2020.11.01.,275
9039,자유게시판,구충제 복용 16일만에 복통 설사 ㅠㅠ,미토콘드리아,2020.11.01.,563
9040,가입 인사,니클사마이드,ne0221,2020.11.01.,472
9041,자유게시판,■1분 달리기로 폐병을 치료한다,김주현2,2020.11.01.,530
9042,자유게시판,구충제내성,사랑하는사람들과함께,2020.11.01.,913
9044,기타 자가임상 후기,생리혈이 좀 다른거 같아서요,시골여자,2020.11.01.,515
9045,자유게시판,산소치료 관련 식용과산화수소 요법 하시는분 있으신가요?,기생충킬러,2020.11.01.,194
9048,자유게시판,소리없이 내몸에 쌓이는 독성물질 정보 입니다,니크바드,2020.11.01.,492
9049,자유게시판,컴파운드케이/우벤자임 필요하신 분,ran5710747,2020.11.01.,182
9050,질문과 대답(QnA),직장암 아스피린,주근깨왕,2020.11.01.,514
9052,자유게시판,안부,헤라,2020.11.02.,92
9054,자유게시판,"파나쿠어c, 감마e, 테라큐민 저렴하게 정리합니다",슈또리,2020.11.02.,319
9055,설금홍,약용 식물계 '신데렐라'가 유방암 치료에 대한 해답이 될 수있다,설금홍,2020.11.02.,367
9057,자유게시판,비타민C 메가도스와 리포조말 비타민C제조방법 소개 전자책,globica,2020.11.02.,259
9058,자유게시판,유해환경물질의 노출에 대한 정보 동영상 입니다,니크바드,2020.11.02.,113
9059,정보 공유,"삼성서울병원 임재훈 교수 ""미나리가 기생충 감염 숙주 첫 확인""",로즈가든,2020.11.02.,"1,045"
9061,질문과 대답(QnA),파라캅엘정과 이버멕틴,노스페이스 88,2020.11.02.,625
9062,자유게시판,아로마닥터 김석준선생님의  엣센셜오일이 침입자의 세포에 미치는 영향(분자구조학적인측면) 공유합니다https://m.blog.naver.com/ksj313425/22152314829,배다별,2020.11.02.,238
9063,자유게시판,"오늘은 장내에있는 흡충을 기계적 시술로 제거하는 동영상 입니다,",상대원,2020.11.03.,330
9064,자유게시판,안부,헤라,2020.11.03.,68
9065,자유게시판,이버맥틴 !!,ne0221,2020.11.03.,533
9066,질문과 대답(QnA),니클로사마이드와 니타조사나이드 교환 원합니다,산하,2020.11.03.,247
9067,가입 인사,가입인사,sunny198606,2020.11.03.,57
9068,질문과 대답(QnA),구연산을 매일 드시고 계신 분 있으신지요?,건강한 몸과 정신,2020.11.03.,520
9069,자유게시판,암환우분께만 판매합니다(이버멕틴),최선을 다해보자,2020.11.03.,327
9070,자유게시판,무좀이 없어지셨어요,노스페이스 88,2020.11.03.,625
9071,질문과 대답(QnA),아르테미시닌 복용후 증상 문의,믿음안에서,2020.11.03.,441
9073,질문과 대답(QnA),너무 늦은 걸까요?,엄마화이팅사랑해요,2020.11.03.,417
9074,가입 인사,가입인사,산호초,2020.11.03.,64
9075,자유게시판,cbd오일  공항통관에  대하여...,인천댁,2020.11.03.,369
9076,자유게시판,구충제의 신묘한 힘,플라세보,2020.11.03.,889
9077,자유게시판,"인간의 사망원인중 기생충에 의한 원인이 80%  100여종의 기생충중 개회충알은 위에서 알껍질이 위산에 녹아 부화한 충들은 혈액과 림프를 타고 온몸으로 퍼져,,",상대원,2020.11.03.,563
9078,회원나눔(공짜는 아닙니다),cbc오일 70ml정리합니다(완료),뽀도리,2020.11.03.,300
9081,자유게시판,다리에힘이없으시다네요  혹시?,행복한삶,2020.11.04.,243
9082,질문과 대답(QnA),입안이 헐었어요,아라맘,2020.11.04.,215
9083,질문과 대답(QnA),항암 부작용 부종,트리,2020.11.04.,182
9084,질문과 대답(QnA),관장이 소장까지 영향을 줄까요?,건강한 몸과 정신,2020.11.04.,325
9085,자연치유.민간요법,췌장암 3기로 수술받은지  12일차 구충제 요법문의,배달통,2020.11.04.,366
9086,자유게시판,안부,헤라,2020.11.04.,62
9088,질문과 대답(QnA),이버멕틴 3mg은 몇개를 먹어야하나요?,이상한 나라의 앨리스,2020.11.04.,281
9089,자유게시판,엄마가 소천하셨어요.약정리해요.,하하맘,2020.11.04.,635
9090,자유게시판,cbd오일 나눔,아자 화이팅,2020.11.04.,241
9092,설금홍,유방암 치료약 : 승인된 약과 용도 변경된 치료약,설금홍,2020.11.04.,470
9094,질문과 대답(QnA),니클로사마이드제품,건강찾기,2020.11.04.,276
9095,가입 인사,안녕하세요,수수우,2020.11.04.,122
9097,정보 공유,대장암 항암치료가 암을 더 악화시켰다는 사실..,신풍생각,2020.11.04.,625
9098,기타 자가임상 후기,파라캅엘정 후기,달로와요,2020.11.04.,903
9103,유방암,질문해요~,삼남매엄마,2020.11.04.,294
9105,유투브방송 링크나눔,의학채널 비온뒤에서 유방암치료의 명의 김성원 원장님과 함께 하는 시간입니다.,Badasarang,2020.11.04.,160
9106,가입 인사,인사드립니다~~,PJ운정,2020.11.04.,160
9107,자유게시판,인도큐어 이버멕틴  믿을수있나요??,도화촌,2020.11.04.,441
9108,설금홍,triphala 트리팔라와  ROS. 산화스트레스로 암 사멸,설금홍,2020.11.04.,439
9109,질문과 대답(QnA),목초액 드시는분 계세요?,뽁,2020.11.04.,364
9110,질문과 대답(QnA),아이허브 할인코드 아시는분 계세요?,혜통,2020.11.04.,267
9111,자유게시판,우리가 사용하는 인공향에 유기화합물에 대한 정보 입니다 (발암물질이죠),니크바드,2020.11.04.,165
9113,자유게시판,달콤한 향기 ? 발암물질 !,니크바드,2020.11.04.,276
9114,자유게시판,일본인 의사들의 항암제를 보는생각 항암제는 10%의 환자들에게 효과가있고 항암제를 두가지이상 복용하면 않좋다고 합니다.(미국정부는90년에.3대암요법의.무효성을인정),상대원,2020.11.05.,353
9115,자유게시판,안부,헤라,2020.11.05.,64
9116,자유게시판,[공유] 일본 의사의 충격적인 고백,상대원,2020.11.05.,937
9117,자유게시판,소변색이 변하는 구충제,소나무처럼,2020.11.05.,388
9118,자유게시판,Interfase plus 복용법 질문드립니다.,웃는돌땡이,2020.11.05.,479
9119,담비,폐암_알파리포산_2020년,담비,2020.11.05.,329
9121,자유게시판,효소치료와 효소제품,배다별,2020.11.05.,263
9122,자유게시판,초유에서 추출하는 면역력에 가장 좋은 락토페린의 항암효과,하루애,2020.11.05.,325
9123,질문과 대답(QnA),대사 차단제 복용후기,에벤에셀,2020.11.05.,372
9124,정보 공유,"안현필 삼위일체 건강법, 다이어트 불변의법칙  도서 추천",혜통,2020.11.05.,174
9125,자유게시판,효심,나이야가라,2020.11.05.,217
9126,이버맥틴자가임상후기,뇌간종양구충제1년  ~~,헤라,2020.11.05.,"1,847"
9127,동영상링크(중요자료),이버멕틴  시력을고치다,헤라,2020.11.05.,"1,114"
9128,가입 인사,가입인사 드려요,ERIN80,2020.11.06.,65
9129,정보 공유,바이오필름 먼저 제거해야 기타 질병과 암치료 성공 확률 높아진다 !,코알라의 고향,2020.11.06.,"2,203"
9130,자유게시판,전뇌방사 머리카락,yonngg04,2020.11.06.,199
9131,자유게시판,암 전문의사의 고백 시한부 3개월은 거짓말이다.,상대원,2020.11.06.,889
9133,자유게시판,안부,헤라,2020.11.06.,84
9134,자유게시판,바이오필름제거후 플루코나졸과 이트라코나졸 복용,사랑하는사람들과함께,2020.11.06.,920
9136,자유게시판,오늘 유튜브 장한준 박사 발암물질 내용 요약,하이로,2020.11.06.,625
9137,질문과 대답(QnA),피르비늄 구입에..,촌로,2020.11.06.,517
9138,자유게시판,요렇게 생긴 충이있을까요? 있다면  요건뭘까요?,초록나무,2020.11.06.,582
9139,질문과 대답(QnA),혹시. Niclosam 회사 제품 니콜사미드 경험해보신분 계신가요?,꿈많은사람,2020.11.06.,409
9140,질문과 대답(QnA),관장에 대해서,건강한 몸과 정신,2020.11.06.,431
9141,자유게시판,메벤다졸 주실분 계신지요?,진이영이사랑,2020.11.06.,447
9142,자유게시판,"유방암 뼈,간전이",스마일,2020.11.06.,574
9143,질문과 대답(QnA),만성B형간염 및 간경화 있으신분들께 여쭤봅니다,차우맘,2020.11.06.,464
9144,질문과 대답(QnA),알벤다졸,건강미인,2020.11.06.,620
9145,자유게시판,안부,헤라,2020.11.07.,128
9146,자유게시판,약처분합니다,브니엘,2020.11.07.,485
9147,질문과 대답(QnA),관장 하면서 생긴 여러 의문점들입니다.,건강한 몸과 정신,2020.11.07.,664
9151,췌장암,췌장암으로 인한 혈전치료와 이버멕틴,배다별,2020.11.07.,"1,056"
9152,자유게시판,바이오필름 제거제 종류는 무엇인가요?,김주현2,2020.11.07.,571
9153,자유게시판,아이허브 2만원쿠폰주네요,노스페이스 88,2020.11.08.,264
9154,자유게시판,안부,헤라,2020.11.08.,62
9155,질문과 대답(QnA),관장 대신 구충사체 배출 할수있을까요?,모든암정복,2020.11.08.,418
9156,질문과 대답(QnA),췌장암 구충제등 질문드려요,xingger,2020.11.08.,247
9157,자유게시판,ct 촬영 방사선물질이 몸에쌓이고 유전자 변형을 일으켜..,상대원,2020.11.08.,202
9158,자유게시판,ct 촬영시 피폭된 방사선 염색체 변형을. 암발생 위험도 증가..,상대원,2020.11.08.,275
9159,질문과 대답(QnA),항암과 간시술..,촌로,2020.11.08.,476
9160,정보 공유,암치료 선택은 자유.. 다만..,코알라의 고향,2020.11.08.,"1,107"
9162,가입 인사,가입인사~,카키,2020.11.08.,218
9163,자유게시판,카페에 오면서...,촌로,2020.11.08.,791
9164,궁을,자연재배 생강으로 생강청만들기,궁을,2020.11.08.,351
9165,가입 인사,안녕하세요,새출발,2020.11.08.,178
9167,자유게시판,안부,헤라,2020.11.09.,135
9168,질문과 대답(QnA),독시싸이클린있으신분 계신가요~,와우와우 쩝,2020.11.09.,197
9171,자유게시판,머위뿌리즙,엄마딸,2020.11.09.,313
9174,기생충사진공유,커피 알벤 관장 4주동안 매일 아침 저녁으로 쏟아집니다,에벤에셀,2020.11.09.,"1,024"
9175,자유게시판,옴니쿠어,globica,2020.11.09.,253
9177,질문과 대답(QnA),파라캅엘정이요,노스페이스 88,2020.11.09.,513
9178,보관창고,니클로사마이드 필요하신분 연락주셔요,jungho,2020.11.09.,291
9179,질문과 대답(QnA),항생제 같이 먹어도 될까요?,아라맘,2020.11.09.,223
9180,자유게시판,면역 항암제 티센트릭주사와 구충제 병용에 대해 여쭙니다.,의암호,2020.11.09.,215
9181,가입 인사,가입인사드립니다,꼭 나을거야0,2020.11.10.,120
9182,자유게시판,iherb 22% 할인행사 하네요,배다별,2020.11.10.,294
9183,궁을,생강의 효능과 부작용(이런 분들은 생강드실 때 조심하세요),궁을,2020.11.10.,570
9184,궁을,<효소 포텐셜이론>을 소개합니다,궁을,2020.11.10.,263
9185,자유게시판,안부,헤라,2020.11.10.,104
9187,질문과 대답(QnA),식사를 아예 못하시는데 구충제 효과가 있을까요?,꼭 나을거야0,2020.11.10.,572
9190,질문과 대답(QnA),대장암 환자임니다,건강찾기,2020.11.10.,460
9193,자유게시판,인도큐어 배송,나이야가라,2020.11.10.,429
9194,가입 인사,구연산농축액,ne0221,2020.11.10.,380
9195,질문과 대답(QnA),조심스레 올려봅니다.,촌로,2020.11.10.,995
9196,기타 자가임상 후기,폐육종암이 안보인다네요.,추추랑 아리,2020.11.11.,"3,263"
9198,자유게시판,안부,헤라,2020.11.11.,106
9199,질문과 대답(QnA),메벤다졸 복용 2일째 설사 및 복통,갱이짱짱,2020.11.11.,536
9200,보관창고,이버맥틴 남은거팔아요(완료),렉돌냥이,2020.11.11.,304
9201,질문과 대답(QnA),비타민씨 관장,건강한 몸과 정신,2020.11.11.,225
9202,기생충사진공유,혐오사진인대 이게 무언지~ 비위약한분은  열지 마시기 바랍니다.,배다별,2020.11.11.,968
9203,자유게시판,젤콤가격 동네마다 다른가요?,한만조,2020.11.11.,370
9204,자유게시판,건강검진,분홍앵초,2020.11.11.,509
9205,자유게시판,(피라칸샤스 열매의 효능) 위염을 치료하고 소화를돕고 이뇨 작용도 있다고 합니다. . 자궁출혈. 어혈제거 효과.,상대원,2020.11.11.,168
9206,궁을,쌈채소 꾸러미 회원님들께 알립니다,궁을,2020.11.11.,267
9209,자유게시판,두터운 바이오필름에 싸인 기생충을 보면서,배다별,2020.11.12.,990
9210,자유게시판,안부,헤라,2020.11.12.,88
9212,궁을,농사를 권합니다,궁을,2020.11.12.,390
9213,담비,미국-IP6이노시톨-흑색종-관해사례,담비,2020.11.12.,389
9214,자유게시판,항암을 계속해야 될지 고민입니다,hairu4457,2020.11.12.,509
9215,정보 공유,바이오필름 분해제 및 선택과 구매정보 다시 정리해서 올려드립니다.,코알라의 고향,2020.11.12.,"2,021"
9218,자유게시판,그라비올라.노니 무료나눔(완료),초록빛,2020.11.12.,166
9219,자유게시판,모낭충.  모낭염.  여드름.   지루성피부염.  두피가려움 을설명해주는 영상을 올려드립니다.,상대원,2020.11.12.,462
9220,자유게시판,가짜 고혈압 환자 .....,눈보라궁전,2020.11.12.,421
9221,자유게시판,엄마가 보고싶네요,자야자야,2020.11.12.,368
9222,가입 인사,가입인사,오르비스,2020.11.12.,77
9223,자유게시판,카페를 여러군데에 서 활동도 했었지만,촌로,2020.11.12.,"1,140"
9226,질문과 대답(QnA),마이폴 캡슐과 앱스트랄 설하정 이버맥틴과 펜벤다졸 혼용해도 괜찮을까요?,맹꽁,2020.11.13.,121
9228,자유게시판,안부,헤라,2020.11.13.,70
9230,설금홍,"벤즈이미다졸의 항암작용 종합. 알벤다졸, 메벤다졸, 펜벤다졸, 플루벤다졸",설금홍,2020.11.13.,"1,009"
9234,자유게시판,두렵 ㅜ,그럴지도,2020.11.13.,753
9235,질문과 대답(QnA),관장중 물구나무를 선다면 어떻게 될까요?,건강한 몸과 정신,2020.11.13.,399
9236,이버맥틴,이버멕틴 이버넘(ivernom) 구입기,깨달음,2020.11.13.,"1,831"
9237,기타 자가임상 후기,수치가 올랐어요,주근깨왕,2020.11.13.,775
9238,자유게시판,동물용 간질충 구충제인 파시넥스 판매처 혹시 아시는 분 있나요?,근원,2020.11.13.,195
9239,자유게시판,[공유] [웰빙] 암 환자  유명 연예인 극복 법 심리치료,건강장수1,2020.11.13.,513
9240,질문과 대답(QnA),구충제 박사님들 이렇게 복용하는거 괜찮을까요??,꼭 나을거야0,2020.11.13.,665
9241,자유게시판,나의 항암구충법,나이야가라,2020.11.14.,"1,337"
9242,질문과 대답(QnA),이버멕트 압도적인 가격차이?,하늘별섬,2020.11.14.,771
9243,자유게시판,숙면,건강장수1,2020.11.14.,191
9244,자유게시판,엄청난 가려움.,건강한 몸과 정신,2020.11.14.,571
9245,자유게시판,안부,헤라,2020.11.14.,56
9246,자유게시판,펜벤다졸과 니클로사마이드는 서로 상호작용이 있습니다.,하이로,2020.11.14.,808
9247,자유게시판,"입원, 퇴원 초 스피드..........글이 엄청 길어요.. 죄송합니다.",촌로,2020.11.14.,573
9248,정보 공유,"[기사] HER2 과발현 유방암, 위암, 비소세포폐암 등을 타깃으로 하는 임상중인 치료약물 SBT6050",설금홍,2020.11.14.,195
9250,궁을,토종생강  생강청 만들 때 주의사항,궁을,2020.11.14.,253
9251,자유게시판,관장용 유기농커피 싸게 팝니다.,지호맘,2020.11.14.,256
9253,자유게시판,쌍계란,양준,2020.11.14.,219
9254,자유게시판,당신은 어떤 병이 있습니까  ???,지혜완성,2020.11.14.,368
9255,회원나눔(공짜는 아닙니다),"이버멕틴, 메벤다졸, 니클로사마이드 정리해요. -판매완료-",말해줘,2020.11.14.,523
9256,궁을,[공유] 마이크로바이옴과 자폐증 / 면역치료제 기능,궁을,2020.11.14.,162
9257,자유게시판,[공유] 각종 검사 결과지(의무기록지) 해석하는 방법 : 네이버 블로그,상대원,2020.11.14.,395
9258,질문과 대답(QnA),어저께 병원 다녀와서,촌로,2020.11.14.,529
9259,궁을,가슴 먹먹한... 우리들의 모습같은 노래,궁을,2020.11.14.,270
9260,자유게시판,다시 시작합니다.,건강한 몸과 정신,2020.11.15.,324
9261,자유게시판,안부,헤라,2020.11.15.,74
9262,궁을,'똥차트'를 아시나요?,궁을,2020.11.15.,517
9263,자유게시판,요메산 파실분,ne0221,2020.11.15.,178
9264,자유게시판,커피관장,qnddn003,2020.11.15.,341
9265,자유게시판,비타민e,남자폴,2020.11.15.,287
9266,정보 공유,"""설탕 많이 먹으면 암 전이 빨라진다""",로즈가든,2020.11.15.,536
9267,정보 공유,관장시 물구나무를 서보니.,건강한 몸과 정신,2020.11.15.,341
9268,자유게시판,비염치료,donganan,2020.11.15.,499
9269,자유게시판,아토피 치료 장내의 세균 바이러스 기생충의 박멸과 생활속 진드기 제거.,상대원,2020.11.15.,303
9271,자유게시판,구충제 추천부탁드립니다.,미루짱,2020.11.15.,386
9272,자유게시판,한약 처방으로 변이 잘 나왔다고 합니다.,꿈많은사람,2020.11.15.,256
9273,궁을,설탕은 무해하다,궁을,2020.11.15.,"1,243"
9274,질문과 대답(QnA),복수가 차고 간수치가 계속 올라가고 있어요.,늘보리,2020.11.15.,625
9275,자유게시판,독시 사이클린 급하게 구합니다ㅠㅠ,아빠 힘내자,2020.11.16.,255
9276,자유게시판,나의 건강 선언문,건강한 몸과 정신,2020.11.16.,210
9277,자유게시판,고주파랑 비타민c 기전이 달라 같은 날 하면 안되나요?,두부,2020.11.16.,143
9278,궁을,"조화로운 삶, 공생",궁을,2020.11.16.,163
9279,자유게시판,안부,헤라,2020.11.16.,77
9280,자유게시판,지금 장한준 유튜브 보고있습니다.,하이로,2020.11.16.,466
9282,질문과 대답(QnA),뼈에도 기생충이 있나요?,나 자신을 이기자,2020.11.16.,470
9283,보관창고,저렴히 드려요,아자 화이팅,2020.11.16.,319
9284,자유게시판,국내처방 메트포르민 해외직구 메트포르민 궁금해요,아빠힘내요,2020.11.16.,"1,014"
9285,자유게시판,당성분은 환우나 일반인이나 다 안좋은거네요,워니영이,2020.11.16.,335
9286,자유게시판,아몰랑~,하늘별섬,2020.11.16.,696
9287,담비,피부편평세포암_알벤다졸_2019년,담비,2020.11.16.,321
9288,회원나눔(공짜는 아닙니다),차가버섯원물 누사푸어 베르베린 사우나돔 정리합니다,뽀도리,2020.11.16.,287
9289,설금홍,알벤다졸의 ROS 생성은 유방암 치료를 위한 약물 재배치,설금홍,2020.11.16.,477
9291,자유게시판,안부,헤라,2020.11.17.,73
9292,자유게시판,치매 발병원인,건강장수1,2020.11.17.,364
9293,자유게시판,어쩔ᆢ,행복합니다,2020.11.17.,308
9294,자유게시판,먹거리,촌로,2020.11.17.,500
9297,자유게시판,"2015년에 ct 부작용 으로 사망사고가 있었네요, 부작용 사레가 많이있나봅니다,",상대원,2020.11.17.,397
9298,자유게시판,병원갔다왔네요!!,로즈맨,2020.11.17.,796
9299,자유게시판,아지스트로마이신 구할수있을까요,아빠 힘내자,2020.11.17.,297
9301,질문과 대답(QnA),배에 덩어리같은게 있어요,건강하자모두,2020.11.17.,470
9303,자유게시판,방사선 피폭의 위험성 설명합니다..  암 발생률이 높아진다. 특히여성에게..,상대원,2020.11.17.,294
9304,자유게시판,CT 촬영시 받는 방사선 피폭량을 도표로 보고 설명합니다. .,상대원,2020.11.17.,386
9306,가입 인사,가입했습니다.,나의 희망,2020.11.18.,200
9307,자유게시판,안부,헤라,2020.11.18.,77
9308,자유게시판,갈수록 길어지는 갈고리촌충,감사한 하루를 삽시다,2020.11.18.,587
9309,자유게시판,이버맥틴 복용하면서,보니파시오,2020.11.18.,865
9310,자유게시판,비타민C 메가도스,globica,2020.11.18.,445
9311,질문과 대답(QnA),CT 얼마나 자주 찍으시나요?,초고속,2020.11.18.,437
9312,자유게시판,만추의 결실,건강장수1,2020.11.18.,133
9313,자유게시판,천연항생제 아카시아꽃과 야생 아로니아 천연발효효소식초 거름,건강장수1,2020.11.18.,135
9315,설금홍,알벤다졸이 유방암 및 흑색종 세포주에 미치는 세포 독성 효과,설금홍,2020.11.18.,417
9316,정보 공유,운동치료로 완치하라. ﻿걷기운동: 제대로 걸어야 한다,혜통,2020.11.18.,447
9317,자유게시판,트리클라벤다졸,그럴지도,2020.11.18.,759
9320,자유게시판,방사선 피폭(방사선종양학과 교수 글 펌),목은,2020.11.18.,364
9321,자유게시판,ct 조영제 부작용 . 신장이 안좋거나. 알레르기가 있는 분들은 조심하세요. .,상대원,2020.11.18.,218
9322,자유게시판,서울대 의과대학박사 김익중교수의 방사능과 암발생 최종편.방사능피폭과 암발생은 비례한다. 논란의여지가없는 결론이다.수십년간 연구조사추적 관찰의결과.,상대원,2020.11.18.,254
9323,자유게시판,펜벤다졸 가루약만 3일차ㅡ혈색이도세요 좋은징조겠죠?,오래오래건강하자,2020.11.19.,475
9324,자유게시판,아이허브 바이오필름 디펜스 써보신분 계실까요?,쎈삥,2020.11.19.,289
9326,자유게시판,아르테미시닌에 대해 궁금증요~!,하나님나라,2020.11.19.,257
9327,자유게시판,안부,헤라,2020.11.19.,70
9328,자유게시판,암환자 느무느무 바쁜일상입니다.,하늘별섬,2020.11.19.,609
9329,회원나눔(공짜는 아닙니다),이트라코나졸 소량 구해봅니다,너는내것,2020.11.19.,431
9330,자유게시판,20020년 수능예상문제)   인생은  (           )입니다.,건강한 몸과 정신,2020.11.19.,251
9333,질문과 대답(QnA),니클로사마이드 복용시 흡수율 증대를 위한 시클로덱스트린 복용건,믿음안에서,2020.11.19.,408
9334,가입 인사,안녕하세요,럭키공주,2020.11.19.,131
9335,질문과 대답(QnA),어머니 폐암..항암10개월오늘 뇌전이.,미니미니,2020.11.19.,996
9336,자유게시판,암환자에 있어서 ct촬영등 방사선피폭은 어디까지 안전할까. 항암의 표준치료는. 우리카페의 매니저이신.신풍생각님이 올려주신 영상입니다.,상대원,2020.11.19.,326
9337,질문과 대답(QnA),"🌿중국인 의사의 암처방전(이라기 보다는, 임시 방편)입니다. 한자 입니다.🌿 끝판왕👍❤️",꿈많은사람,2020.11.19.,617
9338,가입 인사,가입했습니다,승이엄마,2020.11.19.,202
9339,자유게시판,안부,헤라,2020.11.20.,92
9340,질문과 대답(QnA),비타민c 요법 하지 말라네요,아라맘,2020.11.20.,"1,083"
9341,자유게시판,"암치료에 효과좋은【에시악차】 만들기 지혜와 성실님의 소개글이 있네요, (자세하게 설명한 동영상포함)",상대원,2020.11.20.,313
9342,자유게시판,한국 날씨가 않좋다고 해서.. 시드니는 아주 좋아요. 시드니 일상,꿈많은사람,2020.11.20.,302
9343,자유게시판,혹시 고혈압에 좋은 구충제 있을까요?,장조은,2020.11.20.,399
9344,자유게시판,"흔들리면, 저는 이 문장을 되새깁니다.",건강한 몸과 정신,2020.11.20.,527
9346,질문과 대답(QnA),"🧪마지막편 🌿중국인 의사의 암처방전(이라기 보다는, 임시 방편). 한자 입니다.🌿 각자료들 사진 첨부했슴:",꿈많은사람,2020.11.20.,164
9347,자유게시판,부정과 긍정의차이...,촌로,2020.11.20.,467
9349,질문과 대답(QnA),고용량 구충제 복용후 잠이 많이 오는게 좋은증상 인가요?,늘보리,2020.11.20.,560
9350,자유게시판,안부,헤라,2020.11.21.,60
9351,자유게시판,바르게 사는것과 착하게 사는 차이를  아십니까  ???,지혜완성,2020.11.21.,300
9352,설금홍,획기적인 항암제,설금홍,2020.11.21.,"1,056"
9353,자유게시판,처음으로 글을 적네요,엘리꼬까,2020.11.21.,327
9354,자유게시판,담관파열로 인한 담즙이 흘러나와 오염,qnddn003,2020.11.21.,326
9355,자유게시판,히말라야 감초 개봉기....,그냥막,2020.11.21.,203
9357,자유게시판,공유 합니다^^,단디,2020.11.21.,179
9358,가입 인사,안녕하세요,나오,2020.11.21.,117
9359,자유게시판,이버멕틴 구할 수 있을까요?,나오,2020.11.21.,354
9361,가입 인사,자가 임상,파라001장훙,2020.11.21.,468
9362,정보 공유,의학적 관점의 구충제 항암효과,건강장수1,2020.11.21.,587
9363,정보 공유,이 영상보고 현대의학에 대한 제 불신지수가 더 높아졌습니다.,건강한 몸과 정신,2020.11.21.,622
9364,질문과 대답(QnA),혹시.. 퓨어지(Pur z) 가지고계신분 계실까요...,올바른생활,2020.11.21.,128
9365,자유게시판,구충제와 cbd오일 등 정리하려구요.,백아나,2020.11.22.,749
9367,자유게시판,베이비 세대는 정신 차려야  한국이  ................,지혜완성,2020.11.22.,347
9368,자유게시판,안부,헤라,2020.11.22.,126
9369,기생충정보,노니발효주스후 기생충사체...,옹달샘,2020.11.22.,"1,148"
9370,자유게시판,이버맥틴 해외 직구  성공적으로  이용하신 분 사이트  좀 알려주세요,의암호,2020.11.22.,480
9371,질문과 대답(QnA),고민입니다.,코피맛사탕,2020.11.22.,380
9372,정보 공유,퍼스트 셀,옹달샘,2020.11.22.,215
9373,자유게시판,고혈압 기준치를 계속 내리고 있어요..고혈압의 충격적인 진실,파라001장훙,2020.11.22.,479
9374,자유게시판,어머니 고혈압 정상으로..,소박한 삶,2020.11.22.,818
9375,자유게시판,"구충제 기본부터 공부하려다가, 발견(?)한  내용이",꿈많은사람,2020.11.22.,763
9376,자유게시판,구충하고 관장을 하는데 이런게나와요  담석같은데..한번봐주세요!,오래오래건강하자,2020.11.23.,624
9377,자유게시판,안부,헤라,2020.11.23.,97
9378,기생충사진공유,이게 기생충사체 맞나요 ?^^,Jhyo,2020.11.23.,863
9379,담비,암_바이칼레인_2016년,담비,2020.11.23.,232
9381,정보 공유,노니주스복용후..2탄,옹달샘,2020.11.23.,531
9382,자유게시판,종양크기가 줄었다고 합니다,주니여니애비,2020.11.23.,"1,401"
9383,이버맥틴,이버맥틴  갈아서 들기름에 타서 먹으면 어떤지요?,의암호,2020.11.23.,944
9385,질문과 대답(QnA),암환자는 아닙니다만 몸에 종양이 잘 나오는 체질인데 수치를 낮추는 구충제나 보조제가 있을까요?,그린마일,2020.11.23.,371
9386,정보 공유,로푸드 강사 코스,비타민00,2020.11.24.,100
9387,질문과 대답(QnA),커피관장을 혼자서  할수  있나요?,크크별,2020.11.24.,308
9388,자유게시판,안부,헤라,2020.11.24.,91
9389,질문과 대답(QnA),세라팹타제가 바이오필름을 제거할 수 있는지 여쭤봅니다,대전소생,2020.11.24.,530
9390,기생충사진공유,기생충 사체 사진,옹달샘,2020.11.24.,"1,028"
9391,자유게시판,어저께 병원 표적치료....,촌로,2020.11.24.,619
9392,정보 공유,안드레아스 모리츠의**건강과  치유의 비밀** 2020년 11월11일초판,옹달샘,2020.11.24.,182
9393,질문과 대답(QnA),이버멕틴 24mg,알벤펜벤다졸,2020.11.24.,571
9394,자유게시판,화요일 시드니 오후 일상,꿈많은사람,2020.11.24.,252
9395,가입 인사,늦게 가입 인사 드립니다,가람향기 육종4기,2020.11.24.,144
9397,유방암,유방암 초기,안평골 Jcabukyung,2020.11.24.,"1,107"
9398,자유게시판,그냥 하소연입니다.,하늘,2020.11.24.,920
9399,자유게시판,구충제별 효능효과 약리작용 부작용은 거의없네요...,상대원,2020.11.25.,430
9400,자유게시판,안부,헤라,2020.11.25.,67
9401,궁을,[단독] “치료제 내년 초 시판…한국이 세계 첫 ‘코로나 청정국’ 될 것”,궁을,2020.11.25.,321
9402,자유게시판,에시악차에 들어가는 대황. 국내산은 약효가 틀려서 쓰임새가 틀린지요. 소루쟁이가 대체가능한지요..,상대원,2020.11.25.,122
9403,질문과 대답(QnA),구충제요법 저용량은 효과가 없을까요?,천사토끼맘,2020.11.25.,515
9404,자유게시판,상대를 얄밉게 볼때와  불쌍하게 볼때의 차이점은 ???,지혜완성,2020.11.25.,225
9405,자유게시판,세라펩타아제를 복용한지 4일째인데.. 기생충이 또 나옵니다.,테일러,2020.11.25.,"1,158"
9406,질문과 대답(QnA),디스토시드 니타 니클 처방,surrender,2020.11.25.,421
9407,자유게시판,이버맥틴이 다 떨어져 가는데..국내 약국 구매처  아시는분 계실까요?,테일러,2020.11.25.,"1,111"
9408,정보 공유,등통증이 말해주는 몸속병...,제리호야,2020.11.25.,462
9409,질문과 대답(QnA),혹시 산양유단백질 섭취해보신분 계신지요?,그린마일,2020.11.25.,363
9410,설금홍,이버멕틴은 유방암에서 종양미세환경을 조절하여 종양 세포의 죽음을 촉진할 수 있다.,설금홍,2020.11.25.,607
9411,질문과 대답(QnA),안보이던 덩어리들이 니클로사마이드 먹고 갑자기 보이네요,늘보리,2020.11.25.,"1,026"
9412,자유게시판,해발800 청정자연 야생 자연산 주목나무 천연발효효소식초 담금,건강장수1,2020.11.25.,135
9413,자유게시판,유산균,동이맘2,2020.11.25.,283
9414,질문과 대답(QnA),댓글 삭제이유,하늘,2020.11.25.,531
9415,정보 공유,커피관장 팁  (제일도움될듯),크크별,2020.11.25.,652
9416,질문과 대답(QnA),안아파요티비 7월13일 방송중,밥알동동,2020.11.25.,303
9417,질문과 대답(QnA),어머니 췌장암 뼈전이 구충요법으로 더 추가할것이 있는지 체크 부탁드려요.,그린마일,2020.11.25.,417
9418,자유게시판,오르락내리락 하는 혈압을 이상혈압이라며,시골여자,2020.11.26.,183
9419,자유게시판,단백질분해효소에 대한 빠른 가이드,배다별,2020.11.26.,299
9420,자유게시판,필요하신분 연락주세요~,행복으로,2020.11.26.,333
9421,자유게시판,목요일 호주 시드니 일상,꿈많은사람,2020.11.26.,196
9422,궁을,운동호르몬 이리신(irisin)을 아시나요?,궁을,2020.11.26.,202
9423,자유게시판,안부,헤라,2020.11.26.,74
9424,질문과 대답(QnA),이버멕틴도 기름과함께 먹나요,미니미니,2020.11.26.,358
9425,자유게시판,구충제 복용 후 찌는살?,행복4,2020.11.26.,296
9426,자유게시판,칸디다균 죽이기를 위한 이 복용법은 어떤지 봐주세요.,여호와라파 감사,2020.11.26.,552
9427,자유게시판,경고하는 미국 의사,분홍앵초,2020.11.26.,568
9428,질문과 대답(QnA),니타조사나이드 복용하고 아무 증상이 안나타나는 분들도 계실까요?,스트롱맨,2020.11.26.,532
9429,질문과 대답(QnA),디스토시드,달로와요,2020.11.26.,276
9430,질문과 대답(QnA),구충제 기름과 복용시 부작용 해결 방법에 대해 알려주세요.,봉쨩,2020.11.26.,572
9431,자유게시판,그나마 올해 내가 잘한거~,즐거운 시간 만들기,2020.11.26.,692
9432,자유게시판,"세라펩타아제 ㅡ바이오필름제거제 도착했어요,",김주현2,2020.11.26.,994
9433,회원나눔(공짜는 아닙니다),알로홀 150개,너는내것,2020.11.26.,393
9434,자유게시판,안부,헤라,2020.11.27.,73
9435,설금홍,실험동물 용량 환산 똑바로 하십시요 (인간 용량 환산하는 방법),설금홍,2020.11.27.,511
9436,자유게시판,천연허브 암치료제 (에시악)차를 소개합니다.,상대원,2020.11.27.,283
9437,회원나눔(공짜는 아닙니다),mms판매합니다~,와우와우 쩝,2020.11.27.,302
9438,자유게시판,[완료] 에시악 허브원액 등 정리합니다,백아나,2020.11.27.,373
9439,질문과 대답(QnA),니타조를 복용하면 잠이 많이 오신기도 하나요?,산하,2020.11.27.,341
9440,질문과 대답(QnA),간수치가 너무 많이 올랐어요,초고속,2020.11.27.,896
9441,자유게시판,"섬유근통증후군 - 구충제, 항생제, 고용량 비타민 복용 후기",주주맘샘,2020.11.27.,496
9442,자유게시판,썹2님~~~~!,분홍앵초,2020.11.27.,338
9443,가입 인사,가입 인사 드립니다.,시골촌장,2020.11.27.,94
9444,담비,펜벤다졸-일반사항,담비,2020.11.27.,293
9445,자유게시판,직구시 의약품 6통 이상건,이삭줍기,2020.11.27.,266
9446,자유게시판,"🥺 웃어야 할지, 🤣울어야 할지? 저의 장에 변이 가득하다는데 ㅋㅋ🤣🤣",꿈많은사람,2020.11.27.,723
9447,질문과 대답(QnA),설사 구충제 부작용일까요,승이엄마,2020.11.27.,331
9448,설금홍,이버멕틴의 최고복용량과 부작용. 백혈병에 작용하는 기전,설금홍,2020.11.27.,616
9449,질문과 대답(QnA),바이오 필름제거제 궁금중..,디자인닷컴,2020.11.27.,724
9450,질문과 대답(QnA),신장수치상승후 알벤다졸복용,원샷원킬,2020.11.27.,293
9451,자유게시판,비소세포암 4기 구충제 복용 도와주세요,루엔코,2020.11.27.,467
9452,기생충사진공유,생선에서 나온건데 기생충일까요?,항상감사,2020.11.28.,538
9454,자유게시판,사기 치는 것과 사기 당하는 것중 어느쪽이 우매할까요 ?????,지혜완성,2020.11.28.,226
9455,자유게시판,안부,헤라,2020.11.28.,72
9456,자유게시판,이버맥틴 저렴하게 파실분 계신가요,jungkih13,2020.11.28.,314
9457,질문과 대답(QnA),처음 구충제 해봅니다,승이엄마,2020.11.28.,386
9458,자유게시판,"CEA  수치가 553이나 나왔네요, ,ㅠㅠ",극복자,2020.11.28.,649
9459,자유게시판,드디어 올랐습니다. ☀️☀️☀️♨️🏜️🔥🌡️,꿈많은사람,2020.11.28.,280
9460,자유게시판,어떻게 해야 할까요?,두부,2020.11.28.,367
9461,자유게시판,취직을  하게되었습니다.,촌로,2020.11.28.,568
9462,자유게시판,일본 의사의 충격적  고백~! 우리가 아는 글이지만 다시 올려봅니다.,분홍앵초,2020.11.28.,"1,185"
9463,질문과 대답(QnA),"열은 없고 정상인데 염증수치(백혈구,호중구)는 왜 높을까요?",극복자,2020.11.28.,304
9464,질문과 대답(QnA),기침 멈추는 자연치료 없을까요,승이엄마,2020.11.28.,252
9466,질문과 대답(QnA),기침 멈추는 자연치료법 공유요,승이엄마,2020.11.28.,352
9476,자유게시판,제 의견을 올립니다 !!!!!,지혜완성,2020.11.28.,480
9477,자유게시판,7000명  감사합니다,헤라,2020.11.28.,532
9479,자유게시판,필요하신분 드릴께요,해바라기17,2020.11.28.,414
9480,가입 인사,가입 허락 해주셔서 감사드립니다.,아내사랑,2020.11.28.,413
9481,자유게시판,좋은내용같아 퍼왓어요,극복하자아자아자,2020.11.29.,309
9482,자유게시판,안부,헤라,2020.11.29.,72
9483,궁을,유산균의 진실(2),궁을,2020.11.29.,400
9484,자유게시판,서울 성인병 환자 개회충 양성율이 65%?,말콥,2020.11.29.,461
9485,질문과 대답(QnA),제가 먹고 있는 것...,촌로,2020.11.29.,585
9486,자유게시판,"야채스프, 비타민씨 메가도스 등의 경험담 공유합니다.",천사토끼맘,2020.11.29.,920
9487,질문과 대답(QnA),암이 더 커졋어요ㅠㅠ,할수잇다,2020.11.29.,"1,595"
9488,자유게시판,돈 버는 것과  돈 쓰는 것중 어느쪽이 어려울 까요  ?????,지혜완성,2020.11.29.,330
9489,자유게시판,구충제(암환자)는 언제 끊어야 할까요?,라미레스,2020.11.29.,"1,289"
9491,자유게시판,디스토시드 구하고싶은데요,james1953,2020.11.29.,337
9492,설금홍,교모세포종에 이버멕틴이 효과가 있다는 연구들,설금홍,2020.11.29.,446
9493,자유게시판,"해발800 야생 아로니아, 다래 천연발효효소식초 담금",건강장수1,2020.11.29.,157
9494,정보 공유,프락토올리고당 유산균 추천해주세요....,옹달샘,2020.11.29.,175
9495,자유게시판,마음의 준비,qnddn003,2020.11.29.,821
9496,질문과 대답(QnA),신풍님 답변좀 부탁드립니다.,caca0407,2020.11.29.,450
9498,자유게시판,달군  ~그동안수고하셨어요.,헤라,2020.11.29.,886
9499,자유게시판,안부,헤라,2020.11.30.,68
9500,질문과 대답(QnA),"여러분들, 이 과자를 어떻게 보세요?",건강한 몸과 정신,2020.11.30.,541
9501,자유게시판,천연구충제 종류 써보셨나요?,김주현2,2020.11.30.,375
9503,자유게시판,알로홀 판매해요,똥만이여라,2020.11.30.,169
9505,정보 공유,순도 99.791% 니클로사마이드 분말 구입-짝퉁일수도 있음,설금홍,2020.11.30.,430
9508,기타 자가임상 후기,피브리늄 임상,하늘별섬,2020.11.30.,877
9510,정보 공유,펌 / 장내 서식 진균이 췌장암 발병 위험 높인다,제리호야,2020.11.30.,213
9511,정보 공유,"펌 / ""내장 곰팡이, 췌장으로 이동해 암 유발""",제리호야,2020.11.30.,547
9512,자유게시판,피브리늄 어디에서 구매할 수 있을까요,아이스 유방암ㅣ보,2020.11.30.,286
9513,보관창고,제  생각을  올립니다  !!!!!,지혜완성,2020.11.30.,333
9514,가입 인사,가입했어요,예경,2020.11.30.,180
9518,자유게시판,L-glutamine은 아미노산 일종인데 복용을 하면 안될까요 ?,무서유,2020.11.30.,174
9522,자유게시판,펜벤다졸 구할수 있을까요?,무조건건강건강,2020.11.30.,222
9523,질문과 대답(QnA),구충제와 같이 드셔도 괜찮을까요?,늘보리,2020.12.01.,343
9524,자유게시판,안부,헤라,2020.12.01.,96
9525,자유게시판,항암과 수술 거부 후...,촌로,2020.12.01.,722
9526,자유게시판,니타조사나이드가 도착했네요,차우맘,2020.12.01.,341
9527,설금홍,"이버멕틴과 교모세포종, BBB문제로 이버멕틴 사용 고민하시는 분들께",설금홍,2020.12.01.,574
9528,질문과 대답(QnA),림프종 백혈병,예은맘사랑,2020.12.01.,314
9529,질문과 대답(QnA),니타조사이드 물로 복용해도 괜찮겠죠?,스트롱맨,2020.12.01.,508
9530,질문과 대답(QnA),건강즙 괜찮을까요?,로즈맨,2020.12.01.,317
9531,질문과 대답(QnA),전립선암 아버지 기생충 메벤,롱롱이닫,2020.12.01.,352
9532,질문과 대답(QnA),뇌암 표적치료제 문의드립니다,건강한 일상,2020.12.01.,306
9533,기생충사진공유,촌충 감염사례 공유/기생충 학회자료 (혐오사진 유의),말콥,2020.12.01.,606
9535,회원나눔(공짜는 아닙니다),CBD오일 나눔합니다,평강,2020.12.01.,480
9536,자유게시판,메트포르민...,촌로,2020.12.01.,598
9537,궁을,"건강에 대한 깨달음, 그리고 나눔",궁을,2020.12.01.,340
9538,정보 공유,"펌 / 몸속 비타민D 활성화될수록, 장 건강 '튼튼'",제리호야,2020.12.01.,341
9539,정보 공유,암환자나 성인들 우유 또는 가공된 유제품이 수명을 재촉한다 !,코알라의 고향,2020.12.01.,"1,139"
9541,자유게시판,"케르세틴은 커큐민, EGCG 녹차추출물과 더불어 최고의 항암 보조제입니다.",하루애,2020.12.02.,447
9542,자유게시판,안부,헤라,2020.12.02.,95
9543,질문과 대답(QnA),직장암3기 선항암(방사선25회+경구 젤로다) 을 끝내고 수술고민,스카이,2020.12.02.,351
9544,설금홍,"피라맥스, 아르테수네이트, 아르테미시닌의 항암효과",설금홍,2020.12.02.,951
9545,정보 공유,펌 / 무좀약이 담도암에 치료 효과,제리호야,2020.12.02.,440
9546,질문과 대답(QnA),기생충배출,에벤에셀,2020.12.02.,359
9547,자유게시판,폐암잘하는 병원 추천부탁드려요,행복합니다,2020.12.02.,321
9548,자유게시판,오늘 호주 신문 뉴스에 제가 요즈음 공부하는 것과 관련된 '어처구니 없는 사건' 기사가 나와서 ... 이곳 카페 사람들은 다 아는...,꿈많은사람,2020.12.02.,696
9549,자유게시판,사진속 이버멕틴  1알이 12mg 인가요?,김주현2,2020.12.02.,326
9550,자유게시판,항암구충제 복용 후기라고 하기에는...,촌로,2020.12.02.,769
9551,자유게시판,이걸 질문이라고 해서 죄송합니다만...,하늘별섬,2020.12.02.,666
9552,자유게시판,우유의 불편한 진실,우로보로스,2020.12.02.,566
9553,자유게시판,기생충시키,따뜻한봄,2020.12.03.,366
9554,자유게시판,안부,헤라,2020.12.03.,107
9557,설금홍,"암 수술, 전이를 막을순 없을까?",설금홍,2020.12.03.,570
9559,질문과 대답(QnA),해외결제 도움 부탁드려요,하늘,2020.12.03.,213
9560,자유게시판,암이 없는 사람이 예방차원에서 메벤이나 펜벤.알벤을 먹을시 얼만큼 먹으면 좋을까요?,오래오래건강하자,2020.12.03.,364
9561,정보 공유,질병관리본부 인수공통감염병관리과 -2020기생충감염병관리지침최종.pdf,꿈많은사람,2020.12.03.,183
9562,자유게시판,간암이나 간전이 비타민c. 커큐민 ×,댕기,2020.12.03.,498
9563,자유게시판,(웃어보아요) 부부마술,혜통,2020.12.03.,268
9564,질문과 대답(QnA),바이오필름에 대한 질문입니다,라일락,2020.12.03.,"1,118"
9566,자유게시판,msm이 진통작용 좋다고 하는데,아이스 유방암ㅣ보,2020.12.04.,667
9567,자유게시판,안부,헤라,2020.12.04.,91
9568,자유게시판,이 영양제는 어떻게 복용하나요?,라미레스,2020.12.04.,326
9570,가입 인사,안녕 하세요 가입 인사 올립니다,독대짱짱,2020.12.04.,146
9571,자유게시판,태국산 알벤,남자폴,2020.12.04.,222
9573,자유게시판,호스피스에서 요양병원으로,qnddn003,2020.12.04.,"1,000"
9574,자유게시판,이버맥틴,예경,2020.12.04.,544
9575,질문과 대답(QnA),양배추 기생충,푸르른마음,2020.12.05.,558
9576,궁을,<미세기생충>이 아니라 <기생미생물>입니다,궁을,2020.12.05.,749
9577,자유게시판,안부,헤라,2020.12.05.,80
9579,질문과 대답(QnA),이버멕틴 고용량 복용후 눈에 나타나는 증상,건강한 몸과 정신,2020.12.05.,952
9580,이버맥틴자가임상후기,내게 맞는 구충제는 뭘까?,럭키공주,2020.12.05.,"1,738"
9581,자유게시판,제 증상좀 봐주세요,산과들,2020.12.05.,570
9582,설금홍,미세기생충이 아니라 기생미생물이다(설금홍 편),설금홍,2020.12.05.,712
9583,자유게시판,유방 혹 이 세포.......,정삿갓,2020.12.05.,600
9585,질문과 대답(QnA),구충요법 하려구하는데 어떻게  해야할까요,승이엄마,2020.12.05.,482
9586,정보 공유,코로나 치료의 실상...   외래진료로 치료가 가능한데..,신풍생각,2020.12.05.,508
9587,자유게시판,화초로 키우는 농작물과 잡풀하나...,우로보로스,2020.12.05.,177
9588,정보 공유,병원과 제약회사 그리고 자본가들이 결코 말하지않는 암의진실!!!!,noor23,2020.12.06.,460
9589,자유게시판,안부,헤라,2020.12.06.,80
9591,자유게시판,국내 위암 환자가 미국보다 10배 많은 이유,덤앤더머,2020.12.06.,957
9592,회원나눔(공짜는 아닙니다),"이버, 펜벤 나눔합니다",천수,2020.12.06.,450
9593,자유게시판,제 아내의 3종음성 유방암과 뇌종양 치료책을 찾아 가는중에 발견한 것들이라...혹시나 해서 서로 도움이 될까 해서 올려봅니다.,아내사랑,2020.12.06.,"1,922"
9594,기타 자가임상 후기,자가임상 중간보고,예민아씨,2020.12.06.,994
9595,질문과 대답(QnA),과산화수소수 요법 해보신분 계세요?,혜통,2020.12.06.,533
9596,질문과 대답(QnA),피루비늄 어떤 구충제인가요?,후반기,2020.12.06.,524
9598,자유게시판,호주 시드니 일상 - 절에 다녀옮. 그리고 바닷가. 하늘은 푸르나 마음에는 비가 내림,꿈많은사람,2020.12.06.,188
9599,질문과 대답(QnA),소금 사용량에 대해 묻고 싶습니다.,늘푸른행복나무,2020.12.06.,607
9600,자유게시판,촌로가 죽으려고 아주..............,촌로,2020.12.06.,608
9601,자유게시판,촌로가 사랑? 하고 아끼는 것들.,촌로,2020.12.06.,524
9602,자유게시판,알벤다졸,양준,2020.12.07.,287
9603,질문과 대답(QnA),니클로사마이드 상자없이 받아서 성분을 모르겠어요.,늘보리,2020.12.07.,294
9604,궁을,누룽지와 탄소,궁을,2020.12.07.,390
9605,자유게시판,안부,헤라,2020.12.07.,49
9606,설금홍,"암 치료제 아르테미시닌. 피라맥스(아르테수네이트, 피로나리딘)  각 암종별 효과",설금홍,2020.12.07.,768
9607,기생충사진공유,눈의 질병과 기생충,말콥,2020.12.07.,861
9608,자유게시판,간수치가 갑자기 높아졌어요.,라미레스,2020.12.07.,593
9609,질문과 대답(QnA),"프라지콴텔, praziquantel , 호주에서 제조한것인데요. 먹어도 되겠죠?",꿈많은사람,2020.12.07.,179
9610,자유게시판,중국산 이버멕틴,혜통,2020.12.07.,595
9612,자유게시판,안녕하세요~아빠가 비소세포암 4기입니다,솔로몬의 지혜,2020.12.07.,309
9614,보관창고,라무몰에서 구충제 구매하고 계신분 계세요? 공구하면 좋을것 같아요.,혜통,2020.12.07.,602
9615,자유게시판,치열수술 후 상처 치료?,두부,2020.12.07.,143
9616,자유게시판,이버멕틴 첫직구 구매성공,하늘,2020.12.07.,"1,202"
9617,자유게시판,"왕태 조선콩 메주, 각종 약초 천연발효효소식초, 굴참나무 표고목",건강장수1,2020.12.07.,183
9618,정보 공유,"혹시, 호주에서 약품 또는 구충제 구매시, 🔍더 자세한 정보를 알아 볼려면 여기를 참고하세요",꿈많은사람,2020.12.07.,249
9619,자유게시판,무료나눔을 받은  후...,극복자,2020.12.07.,447
9620,질문과 대답(QnA),간수치가 이렇게 나왔는데요,승이엄마,2020.12.07.,485
9621,궁을,"자연재배 생강청, 2차 판매합니다",궁을,2020.12.08.,280
9622,자유게시판,안부,헤라,2020.12.08.,77
9623,자유게시판,"힘들고 지칠 때,",건강한 몸과 정신,2020.12.08.,315
9624,자유게시판,구충제 복용시 혈중농도와 지속시간과의 관련 곡선,나이야가라,2020.12.08.,343
9625,자유게시판,입속세균정보 공유합니다.,배다별,2020.12.08.,526
9626,자유게시판,고용량 구충제와 파상풍 예방주사 관련하여,온리유 HER2양성3,2020.12.08.,319
9627,질문과 대답(QnA),어머니 뼈전이 검사결과가 안좋게 나왔네요.,그린마일,2020.12.08.,666
9628,질문과 대답(QnA),전뇌방사 후 휴약기 필요한가요?,내가해,2020.12.08.,163
9629,자유게시판,피라맥스 구입처 알수 있을까요?,하나님나라,2020.12.08.,736
9631,자유게시판,오늘 일하다가 경찰관이...,촌로,2020.12.08.,733
9632,자유게시판,[공유]부작용 조심하면 ..실보다 득인 아스피린 어떻게 생각하세요,시골여자,2020.12.08.,272
9633,설금홍,"의사이면서 췌장암 4기 환자 관해 사례 : 파리칼시톨, 하이드록시 클로로퀸",설금홍,2020.12.08.,"1,082"
9634,질문과 대답(QnA),아시는분 계신가요?,뽀미마미,2020.12.08.,331
9636,자유게시판,개수박,혜통,2020.12.08.,180
9637,자유게시판,혈압을 약을 써서 억지로 내리면 온몸에 영양이 운반되지 않는다,시골여자,2020.12.08.,318
9640,자유게시판,코로나치료제로 개발중인 니클로사마이드현황,크로버맨,2020.12.09.,"1,160"
9641,정보 공유,나눔판매합니다,양준,2020.12.09.,251
9642,자유게시판,이트라코나졸 구매할려고합니다,배달통,2020.12.09.,253
9643,자유게시판,식후 과일섭취 단점,건강장수1,2020.12.09.,319
9644,자유게시판,안부,헤라,2020.12.09.,90
9645,자유게시판,무서운새 정답,촌로,2020.12.09.,377
9646,자유게시판,또 간만에 글 남깁니다.,갸웃갸웃,2020.12.09.,506
9647,질문과 대답(QnA),장루착용중 관장?,희망과꿈,2020.12.09.,168
9648,질문과 대답(QnA),피검사 결과 좀 봐주세요~,예민아씨,2020.12.09.,273
9649,자유게시판,나타족사나이드. 독시사이클린 팔아요.,바다,2020.12.09.,433
9650,질문과 대답(QnA),비타민 정맥주사는 보통 얼마나하나요?,로즈맨,2020.12.09.,421
9651,자유게시판,[공유] 내몸 치유력 높히는법,건강장수1,2020.12.09.,389
9652,자유게시판,알벤 차이,남자폴,2020.12.09.,259
9653,자유게시판,40년 경력 일본의사의 견해,건강장수1,2020.12.09.,537
9655,자유게시판,니클로사마이드 구해요,kang1104,2020.12.09.,298
9656,가입 인사,가입하게 되어 감사합니다(흑색종 4기),하늘매발톱,2020.12.09.,338
9657,자유게시판,소풍가신분이 있으시네요.ㅠㅜ,미다스캉,2020.12.10.,972
9659,자유게시판,비타민c 정보 공유합니다.,하이로,2020.12.10.,298
9661,자유게시판,구충제 복용결과 및 문의,수원줴이,2020.12.10.,823
9662,자유게시판,암 치료 믿음에 대한 고찰과 결과 !,코알라의 고향,2020.12.10.,862
9663,담비,대장암_퀘르세틴_2020년,담비,2020.12.10.,292
9664,자유게시판,안부,헤라,2020.12.10.,138
9665,자유게시판,신풍제약 알벤,남자폴,2020.12.10.,524
9667,자유게시판,문의 드립니다,산과들,2020.12.10.,224
9668,자유게시판,꼭 레아님만 보시기 바랍니다.,촌로,2020.12.10.,477
9670,자유게시판,비타민B12 꼭 체크하세요~~!!,극복자,2020.12.10.,652
9671,자유게시판,요즘,그럴지도,2020.12.11.,291
9672,자유게시판,안부,헤라,2020.12.11.,72
9673,질문과 대답(QnA),이버멕틴 고용량으로 인한 눈의 반응,건강한 몸과 정신,2020.12.11.,921
9674,자유게시판,촌로 여명이..........,촌로,2020.12.11.,924
9675,자유게시판,저희는 치료목적보다,내조왕,2020.12.11.,404
9676,자유게시판,간수치가 330까지 치솟았지만 구충항암 다시 시작했습니다,초고속,2020.12.11.,847
9677,설금홍,암 줄기세포를 박멸하는 삼중요법 다시 정리해 올립니다,설금홍,2020.12.11.,834
9678,설금홍,유방암 치료를 위한 대체약물 repurposing drugs,설금홍,2020.12.11.,438
9679,설금홍,췌장암 치료를 위한 대체약물 repurposing drugs,설금홍,2020.12.11.,292
9680,자유게시판,"알벤다졸과 프라지콴텔~! 울 카페분들은 다 아시는 사실입니다만,",분홍앵초,2020.12.11.,692
9681,자유게시판,베이킹 소다,녹차향,2020.12.11.,739
9682,자유게시판,혹시 척추신경속에 사는 기생충 이름들과 이것을 죽이는 구충제종류가 어떤 것이 있는지요?,아내사랑,2020.12.11.,648
9683,자유게시판,[공익정보] 소송인단 모집 (아름다운동행 카페에서 온열밸트를 구매한 환우 및 보호자),ebluemoon,2020.12.11.,442
9684,질문과 대답(QnA),음식을 조금만 먹어도 1~2시간후에 가스가 가득찹니다. 의사는 가스 않차는 음식을 먹으라고만 하는데 ㅠ.ㅠ,꿈많은사람,2020.12.11.,785
9687,자유게시판,암이  계속 커지네요ㅠ,힘내자힘내자,2020.12.12.,891
9688,자유게시판,안부,헤라,2020.12.12.,81
9690,자유게시판,메시마 10,댕기,2020.12.12.,187
9691,질문과 대답(QnA),변비가 심한 경우 구충제 복용,내가해,2020.12.12.,476
9692,설금홍,피르비늄 용량 물어보신 분???,설금홍,2020.12.12.,642
9693,자유게시판,검사결과,정삿갓,2020.12.12.,407
9694,자유게시판,따뜻한 물의 효능 ?,이삭줍기,2020.12.12.,567
9695,정보 공유,호흡기질환,혜통,2020.12.12.,328
9696,자유게시판,바이오필름 복용 1주일,디자인닷컴,2020.12.12.,483
9697,자유게시판,카페가 이렇게 되면 안되는데....,촌로,2020.12.12.,851
9698,자유게시판,호주 시드니 일상 - 가까운 산책로 - 그리고 번쩍이는 아이디어 ✨,꿈많은사람,2020.12.12.,291
9699,질문과 대답(QnA),소변염도 측정치에 대해서 질문합니다,행복합니다,2020.12.13.,151
9703,자유게시판,안부,헤라,2020.12.13.,90
9704,자유게시판,시간이 흐르면 잊혀진다.,촌로,2020.12.13.,488
9705,질문과 대답(QnA),구충제 복용방법에 대해 (연속or쉼),다듬이,2020.12.13.,849
9706,정보 공유,베이킹 소다의 진실  / 시몬치니 박사 (파리장군님 동영상),제리호야,2020.12.13.,452
9707,기타 자가임상 후기,비소세포암 선암4기 구충제 복용,푸른푸른,2020.12.13.,468
9708,질문과 대답(QnA),트리클리벤다졸 구입처 알려주세요~,이겨냅시다,2020.12.13.,166
9709,자유게시판,방사선 하는 날 비타민c 정맥주사 맞아도 되는지요?,두부,2020.12.13.,165
9711,설금홍,입증되지 않았거나 증명되지 않은 암 치료제 목록,설금홍,2020.12.13.,655
9712,자유게시판,눈다운 눈,건강장수1,2020.12.13.,203
9713,정보 공유,📝카페 이용법 시즌 1 - 1 카페에서 검색만 잘해도 나는 벌써 암 극복 - 검색 기초편,꿈많은사람,2020.12.13.,962
9716,자유게시판,Cbd오일 있으신분계세요?,joung2963,2020.12.14.,338
9717,자유게시판,안부,헤라,2020.12.14.,60
9718,궁을,농사를 권합니다(2),궁을,2020.12.14.,378
9719,자유게시판,플벤액상구입,함께나눠요,2020.12.14.,217
9720,담비,구강암_리코펜_2020년,담비,2020.12.14.,193
9721,자유게시판,어떻게 해야할까여,남자폴,2020.12.14.,391
9722,질문과 대답(QnA),비타민C 경구  투여 안하고,촌로,2020.12.14.,704
9723,자유게시판,나타족사나이드 62알/동물용 이버맥틴2mg12알,바다,2020.12.14.,401
9724,설금홍,난소암 치료를 위한 대체약물들,설금홍,2020.12.14.,503
9725,자유게시판,알벤 맛,남자폴,2020.12.14.,254
9726,자유게시판,병원 입원했습니다.,극복자,2020.12.14.,613
9729,질문과 대답(QnA),동물용 이버멕틴 드시는 분 있으신지요?,건강한 몸과 정신,2020.12.15.,641
9730,자유게시판,니클,따뜻한봄,2020.12.15.,307
9731,자유게시판,안부,헤라,2020.12.15.,67
9732,암 호전사례 정보,암 확진 1년 지난 현재,나이야가라,2020.12.15.,"1,517"
9733,자유게시판,[공유] 먹는 비타민C로 암세포를 없앨 수 있다.1편,사랑하는사람들과함께,2020.12.15.,625
9734,궁을,2020 가을 쌈채소꾸러미 잘~ 마무리 했습니다. 감사드립니다.,궁을,2020.12.15.,144
9736,자유게시판,CBD 오일을 판매하는 아임유어스킨에서 신제품을 소개합니다.,하루빨리나을래,2020.12.15.,372
9737,자유게시판,탄화미,배다별,2020.12.15.,326
9739,설금홍,비타민C 복용과 IVC는 선택의 대상이 아닙니다,설금홍,2020.12.15.,750
9740,자유게시판,이버멕틴 확인 부탁드립니다,주니여니애비,2020.12.15.,449
9742,궁을,생채소를 먹어야 하는 이유,궁을,2020.12.16.,377
9743,궁을,거슨요법,궁을,2020.12.16.,247
9744,자유게시판,안부,헤라,2020.12.16.,75
9745,질문과 대답(QnA),염치불구하고 조언 부탁 드립니다.,갸웃갸웃,2020.12.16.,528
9746,자유게시판,도와주세요,남자폴,2020.12.16.,417
9747,정보 공유,간기능 보호제/ Liv.52 DS,나이야가라,2020.12.16.,397
9750,자유게시판,메시마,댕기,2020.12.16.,187
9751,질문과 대답(QnA),다이오프 증상 해결책좀 알려주세요,고길동,2020.12.16.,407
9752,질문과 대답(QnA),니타조사나이드 드셔보신 분들..,차우맘,2020.12.16.,716
9753,자유게시판,2탄.... 모텔,촌로,2020.12.16.,488
9754,회원나눔(공짜는 아닙니다),메트포르민 있으신분 계실까요?,와우와우 쩝,2020.12.16.,228
9755,정보 공유,"💌 기생충 관련 책들 중에서, 임상 기생충학 무료로 읽기 그리고 카페에 추천된 책들 정리",꿈많은사람,2020.12.16.,566
9757,자유게시판,호스피스 병동으로 옮겼습니다.,극복자,2020.12.16.,799
9758,질문과 대답(QnA),기침이 멈춰지지않아요,승이엄마,2020.12.16.,474
9759,질문과 대답(QnA),암 치료시 꼭 첵크해야 할 사항 종합 정리 ! (남자폴님 문답 포함),코알라의 고향,2020.12.16.,"1,455"
9761,자유게시판,메트포르민 어디서 구매하시나요?,하나님나라,2020.12.17.,233
9762,자유게시판,저염식? 무염식?,혜통,2020.12.17.,319
9763,자유게시판,안부,헤라,2020.12.17.,73
9764,담비,난소암_메벤다졸_2020년,담비,2020.12.17.,373
9765,자유게시판,혹시ㅜ피라맥스 가지고 계신분 있나요,jungkih13,2020.12.17.,381
9766,가입 인사,유방판정받음,엄지공주,2020.12.17.,604
9767,질문과 대답(QnA),검사 결과 나왔습니다.,갸웃갸웃,2020.12.17.,708
9768,정보 공유,펌 / 유방암 표준 화학요법에 키트루다 추가시 생존기간 향상,제리호야,2020.12.17.,211
9769,회원나눔(공짜는 아닙니다),이버멕틴 외 정리,aney0917,2020.12.17.,543
9770,질문과 대답(QnA),질문 드립니다,동이맘2,2020.12.17.,340
9771,자유게시판,cbd 오일 10% 영국산,엄마l사랑해,2020.12.17.,450
9772,정보 공유,"펌 / '키트루다', 삼중음성유방암 적응증 국내 진입 예고",제리호야,2020.12.17.,351
9774,질문과 대답(QnA),"바이오필름분해제 복용법(세라펩타제,칸덱스)",트루핑크,2020.12.17.,480
9775,정보 공유,다이오프(Die-off) 반응 설명 자료 입니다.,말콥,2020.12.17.,"1,347"
9777,자유게시판,안부,헤라,2020.12.18.,65
9778,자유게시판,테라큐민,사랑하는사람들과함께,2020.12.18.,363
9782,질문과 대답(QnA),충주에 비타민씨 메가도스 주사 해주는 병원을 찿습니다.,요술나무,2020.12.18.,257
9783,자유게시판,이버멕틴,환우엄마,2020.12.18.,415
9784,자유게시판,모텔...3탄,촌로,2020.12.18.,404
9785,자유게시판,너는내것님  공구하시는데..보세요,헤라,2020.12.18.,431
9786,자유게시판,"췌장암4기,혈관,복막전이 구충제요법 문의드려보아요.",미즈밥,2020.12.18.,262
9787,회원나눔(공짜는 아닙니다),공구취소합니다..저에게 보내주신분 계좌보내주세요 환불해드립니다..,너는내것,2020.12.18.,655
9788,회원나눔(공짜는 아닙니다),Life 토코페놀 3통(공짜❌),천수,2020.12.18.,237
9789,자유게시판,공동구매  관련하여,헤라,2020.12.18.,565
9790,자유게시판,브라카 1변이 유전자,천사토끼맘,2020.12.18.,582
9792,자유게시판,생명력이 없는 ................,촌로,2020.12.19.,521
9793,질문과 대답(QnA),코로나 관련 몇 가지 질문.,냥가,2020.12.19.,397
9794,자유게시판,안부,헤라,2020.12.19.,112
9795,자유게시판,따라하기 쉬운 스쿼트 입니다,산하,2020.12.19.,335
9796,가입 인사,가입했습니다,아름다운 삶,2020.12.19.,109
9797,자유게시판,🙏 시드니 일상 미리(약간)보기 - 병원 수술,꿈많은사람,2020.12.19.,485
9798,자유게시판,메벤다졸 500mg 구할수있을까요?,초록향기,2020.12.19.,385
9801,회원나눔(공짜는 아닙니다),파라캅엘 있으신분,초록빛,2020.12.19.,435
9803,정보 공유,식품등급 과산화수소와 규소수 구매처,혜통,2020.12.19.,358
9804,자유게시판,유산균,cscsooo,2020.12.20.,275
9805,질문과 대답(QnA),피 검사...,촌로,2020.12.20.,401
9806,자유게시판,우리 모두 후딱 완쾌해서......,촌로,2020.12.20.,437
9807,자유게시판,안부,헤라,2020.12.20.,100
9808,자유게시판,우리 후딱 완쾌되길 바라면서  이런날이 오기를 ~2,댕기,2020.12.20.,227
9809,자유게시판,일요일 갈 곳도 없고 야동도 질리고 도배나..,촌로,2020.12.20.,436
9810,자유게시판,저렴한 규소수 정보,혜통,2020.12.20.,237
9811,자유게시판,오랜만예요,작은할배,2020.12.20.,333
9812,설금홍,브라카변이에 대한 대책.,설금홍,2020.12.20.,289
9816,자유게시판,그리울때 그립다 하고 보고싶을때 보고싶다 못하니..,촌로,2020.12.20.,439
9817,가입 인사,아버지의 암으로 이 카페를 알게 되었습니다.,두딸엄마홧팅,2020.12.20.,240
9819,정보 공유,이버멕틴 3mg 128정 판매해요.,gyunpyo,2020.12.20.,383
9820,정보 공유,메벤다졸 c형 500mg 60정 판매해요,gyunpyo,2020.12.20.,370
9822,자유게시판,"이버맥틴,마벤다졸,메트로포민,독시사이클린  공유부탁드리니다.",미즈밥,2020.12.21.,544
9823,자유게시판,안부,헤라,2020.12.21.,66
9824,자유게시판,책 구합니다,엄지공주,2020.12.21.,223
9825,담비,Merry Christmas....,담비,2020.12.21.,136
9826,자유게시판,코로나치료제,헤라,2020.12.21.,602
9828,기생충사진공유,기생충인지 바이오필름인지 뭘까요..,엄지공주,2020.12.21.,263
9829,자유게시판,맨발걷기 어떻게 생각하세요?,천사토끼맘,2020.12.21.,604
9830,가입 인사,마음,마음경,2020.12.21.,100
9831,기생충사진공유,흡충 배출 ??  일까요 -- 오랜만에 올립니다,투게더투,2020.12.21.,974
9832,강직성 척추염(척수염),30년간 -- 통증으로 잠을 설치다-- 요즘 날아갈듯 합니다,투게더투,2020.12.21.,"1,021"
9833,자유게시판,MSM,엄지공주,2020.12.21.,590
9834,설금홍,췌장암 치료를 위한대체약물 종합편,설금홍,2020.12.21.,317
9835,자유게시판,팬벤다졸 필요하신분,카페아줌마 No II,2020.12.21.,367
9836,가입 인사,많은 조언 부탁드립니다.  담도암.,햇살되고파,2020.12.21.,319
9837,자유게시판,소확행,하늘별섬,2020.12.21.,329
9838,보관창고,파목산(피르비늄) 구입,동이맘2,2020.12.22.,317
9839,자유게시판,안부,헤라,2020.12.22.,68
9841,정보 공유,암 대사치료/ 기능의학병원 리스트,나이야가라,2020.12.22.,405
9842,가입 인사,안녕하세요,나무바를정,2020.12.22.,68
9846,정보 공유,암 대사치료/ COC 약물 및 구충제,나이야가라,2020.12.22.,355
9847,자유게시판,메트포르민 소량 구매,아름다운 삶,2020.12.22.,246
9848,질문과 대답(QnA),독시사이클린... 여쭐께요,뽀미마미,2020.12.22.,458
9849,자유게시판,검사결과 듣고 나왔습니다,로즈맨,2020.12.22.,838
9851,자유게시판,방사선 하는 날 메벤다졸 복용해도 되나요?,두부,2020.12.22.,234
9852,질문과 대답(QnA),"이버맥틴 드시는 분들, 혹시 이가 누래지지 않나요~?",유레테,2020.12.22.,432
9853,자유게시판,호스피스 1주일 생활기 ~~,극복자,2020.12.22.,752
9854,가입 인사,반갑습니다...,파워하준,2020.12.22.,79
9855,설금홍,우벤자임과 효소제제-말콥님 숙제,설금홍,2020.12.22.,509
9856,자유게시판,간수치에 대해서..,봉쨩,2020.12.22.,329
9857,가입 인사,가입합니다,CEO10,2020.12.22.,106
9858,질문과 대답(QnA),아스피린에 대해 알고싶어요,승이엄마,2020.12.22.,281
9860,기타 자가임상 후기,디스토시드 3일 복용 후기,열심히공부,2020.12.22.,863
9861,정보 공유,켈리의 영양대사 치료법/췌장효소가 궁금했던 계기입니다.,말콥,2020.12.23.,511
9862,자유게시판,liv히말라야 복용하신 분 효과 있나요,cscsooo,2020.12.23.,355
9863,질문과 대답(QnA),구충제 복용중,건강찾기,2020.12.23.,461
9864,자유게시판,안부,헤라,2020.12.23.,62
9865,가입 인사,가입인사,법우,2020.12.23.,52
9866,자유게시판,먹거리를 가까이 두어라.,촌로,2020.12.23.,408
9867,자유게시판,KBS1 6시 내고향 청산에 살리라 방송출연,건강장수1,2020.12.23.,327
9868,자유게시판,국산 메벤과 이버 구입 문의요..,완치해야지,2020.12.23.,282
9869,담비,소세포폐암_레스베라트롤_2020년,담비,2020.12.23.,221
9870,가입 인사,인사드립니다,제석산,2020.12.23.,211
9872,질문과 대답(QnA),골수이형성증후군~~~,제석산,2020.12.23.,679
9873,자유게시판,"피르비늄, 메벤다졸, 니클로사마이드 구입가격 문의",호크아트,2020.12.23.,691
9875,질문과 대답(QnA),디스토시드,별총총,2020.12.23.,467
9876,질문과 대답(QnA),이버멕틴 문의드립니다.,짚신찾아삼만리,2020.12.23.,637
9877,자유게시판,콜레스테롤 수치,양준,2020.12.23.,307
9878,자유게시판,유방암보존수술 예약,엄지공주,2020.12.23.,509
9879,가입 인사,안녕하세요,이은주,2020.12.23.,188
9880,자유게시판,안부,헤라,2020.12.24.,96
9881,자유게시판,의사가 실력이 이 정도인가?,촌로,2020.12.24.,876
9882,자유게시판,이버맥틴 구매,남자폴,2020.12.24.,565
9887,질문과 대답(QnA),배가 불록하게,건강찾기,2020.12.24.,291
9888,자유게시판,비타민 의원을 다녀와서..,촌로,2020.12.24.,540
9889,자유게시판,안녕하세요..,건강하개,2020.12.24.,201
9890,질문과 대답(QnA),니클로사마이드  복용 후,CEO10,2020.12.24.,559
9891,정보 공유,아이허브 21% 할인 코드 THANKU21 입니다.,혜통,2020.12.24.,297
9892,자유게시판,♥Merry Christmas and Happy New Year♥,행복나무,2020.12.25.,134
9893,질문과 대답(QnA),엄마의.편도암,이은주,2020.12.25.,299
9894,자유게시판,안부,헤라,2020.12.25.,96
9895,자유게시판,왜 그럴까요,남자폴,2020.12.25.,362
9896,자유게시판,궁금한게 있어 글 올립니다,이은주,2020.12.25.,383
9898,자유게시판,"니클, 이버 구매",남자폴,2020.12.25.,306
9899,자유게시판,"포비든요오드 ㅡ만능이네요,,여러개 미리미리 사다놓으면 좋을것같아요",김주현2,2020.12.25.,"3,849"
9902,자유게시판,이거 괜찮나여,남자폴,2020.12.25.,235
9903,자유게시판,축성탄 ! 뜻 깊은 연말과 기쁜 새해 되세요,니크바드,2020.12.25.,90
9904,자유게시판,이버 니타조 피르비늄  니클로   메벤C형 구합니다.,아스트랄,2020.12.25.,114
9906,회원나눔(공짜는 아닙니다),"이버멕틴(인도12mg), 펜벤다졸4g가루, 토코페놀",천수,2020.12.25.,345
9907,자유게시판,정식으로 인사드립니다.,내려놓기,2020.12.25.,419
9909,자유게시판,성탄절 밤에...^^,제리호야,2020.12.25.,116
9912,정보 공유,"[공유] 암 세부 에너지 대사 경로, 거대세포흡수작용 Macropinocytosis [아주 아주 쉬운 대사치료]",나이야가라,2020.12.26.,171
9913,자유게시판,안부,헤라,2020.12.26.,46
9914,정보 공유,차세대 대사항암제의 기전/구충제,나이야가라,2020.12.26.,253
9916,니클로사미드,니클 구매 방법  조언 부탁드려요,의암호,2020.12.26.,375
9917,자유게시판,진급 했습니다.!,촌로,2020.12.26.,404
9918,궁을,(판매완료. 감사합니다^^)   자연재배 옥수수가루 판매,궁을,2020.12.26.,220
9920,자유게시판,세라펩타아제 후 출혈.,테일러,2020.12.26.,751
9921,자유게시판,그의 생각,니크바드,2020.12.26.,188
9923,자유게시판,메벤다졸 니클로사마이드 구합니다,제석산,2020.12.26.,320
9925,자유게시판,"비타민,MSM  어떤거 드시나요?",노원 상우아빠,2020.12.26.,562
9926,질문과 대답(QnA),바이오필름 분해제의 부작용 그리고 복용량과 복용기간 (테일러님 문답 포함),코알라의 고향,2020.12.26.,"1,832"
9929,자유게시판,클로로퀸 구해봅니다,내려놓기,2020.12.26.,265
9931,자유게시판,안부,헤라,2020.12.27.,79
9932,자유게시판,우유 추천,촌로,2020.12.27.,464
9933,암 호전사례 정보,폐암4기 호전사례/ Off Label Drugs,나이야가라,2020.12.27.,660
9934,자유게시판,도배1,촌로,2020.12.27.,275
9935,자유게시판,비타민B컴플렉스,사랑하는사람들과함께,2020.12.27.,404
9937,자유게시판,메벤다졸 500mg 구입방법 좀 알수있을까요?,미라클,2020.12.27.,576
9938,정보 공유,Off Label Drugs / 이해,나이야가라,2020.12.27.,251
9939,가입 인사,안녕하세요.,enjoy8801,2020.12.27.,97
9940,질문과 대답(QnA),헬리코박터 처방,촌로,2020.12.27.,382
9941,질문과 대답(QnA),잠을 못잘때 방법문의,xingger,2020.12.27.,435
9942,자유게시판,알부민 수치 낮아도 구충제 먹어도 되나요?,둥히,2020.12.28.,209
9944,정보 공유,산불 연기속에도 세균 미생물 곰팡이 득실 !,코알라의 고향,2020.12.28.,374
9945,자유게시판,안부,헤라,2020.12.28.,69
9946,자유게시판,도배2.,촌로,2020.12.28.,304
9947,궁을,유익균을 늘리는 좋은 습관,궁을,2020.12.28.,542
9948,기타 자가임상 후기,칸디다균제거 + 베르베린+알벤다졸 복용 3일차+커피관장,뾰미뽀미,2020.12.28.,"2,178"
9949,설금홍,비타민 D와 암,설금홍,2020.12.28.,748
9950,설금홍,육종암 Chondrosarcoma. 혈관육종 anigiosarcoma 대체치료약물,설금홍,2020.12.28.,254
9951,설금홍,신경병성 통증에 이버멕틴의 효과,설금홍,2020.12.28.,796
9954,기타 구충제,인간 간질충증  치료에 사용되는 Triclabendazole : 리뷰,투게더투,2020.12.28.,594
9955,가입 인사,반갑습니다,goldgold7779,2020.12.28.,121
9957,질문과 대답(QnA),대장내시경 할때 쓰는 하제?,이삭줍기,2020.12.28.,505
9959,자유게시판,안부,헤라,2020.12.29.,71
9960,자유게시판,도배3..,촌로,2020.12.29.,292
9961,정보 공유,(영상) 가장 과학적인 코로나 예방 비타민 D 복용법,제리호야,2020.12.29.,352
9962,질문과 대답(QnA),위암 2기 복용량 의견 좀 주세요.,짚신찾아삼만리,2020.12.29.,416
9963,폐암,씨티결과 해석 좀 부탁드립니다,예민아씨,2020.12.29.,395
9964,질문과 대답(QnA),코로나 검사 관련 아시는분 답변좀 부탁합니다.,진이영이사랑,2020.12.29.,209
9967,자유게시판,옴니쿠어,엄지공주,2020.12.29.,245
9968,자유게시판,시드니 일상 - 병원 수술과 입원 - 시설 위주 - 그냥 재미(^^)로 읽어 주세요 1편,꿈많은사람,2020.12.30.,176
9970,대장암,대장암 말기 우리엄마께도  구충항암 해 드리고 싶어요,sayme813,2020.12.30.,440
9971,자유게시판,비대면회식 - 정말 이게 가능한가요 😁😃😄,꿈많은사람,2020.12.30.,245
9972,자유게시판,안부,헤라,2020.12.30.,59
9974,회원나눔(공짜는 아닙니다),메벤다졸(푸카카)펜벤다졸(500)포포셀,aney0917,2020.12.30.,376
9976,궁을,구충제 드시면서 생강(청) 드시는 분들 참고하세요,궁을,2020.12.30.,559
9977,자유게시판,오랫만에 쏟아져 나온 기생충. ( 사진은 없어요 ),테일러,2020.12.30.,934
9978,질문과 대답(QnA),아쉬아간다 복용시 변비오신분 계신가요?,조은데이,2020.12.30.,179
9980,정보 공유,영어권 암 관련 커뮤니티 (페이스북 계정 필요) - 대사항암제 및 기생충 관련 기타 등등 (수정 update ),꿈많은사람,2020.12.30.,155
9981,정보 공유,비타민c 경구 복용. 제가 얼마전부터 사용하는것.,테일러,2020.12.30.,378
9982,자유게시판,이건 뭔가요?,분홍앵초,2020.12.30.,371
9983,자유게시판,테일러님 한번 보세요. 그리고 99% 순도 제품들 해외 구매시 확인 부탁 드립니다.,꿈많은사람,2020.12.30.,373
9984,담비,구강편평세포암_이트라코나졸_2020,담비,2020.12.30.,203
9985,기생충정보,밥벡재퍼와 노니 그리고 혈액기생충,말콥,2020.12.30.,797
9986,설금홍,일반적인 기생충이 전립선의 질병을 감염시키고 촉진시킬 수 있음을 발견,설금홍,2020.12.30.,556
9988,자유게시판,안부,헤라,2020.12.31.,81
9989,자유게시판,아침식전에 사과하나 ?,이전처럼지내자,2020.12.31.,376
9990,가입 인사,가입인사드립니다.,AmenDazole,2020.12.31.,83
9992,가입 인사,가입인사드립니다.,일등,2020.12.31.,80
9993,설금홍,대장암치료 대체약 정리했습니다,설금홍,2020.12.31.,622
9994,자유게시판,"아버지 입원, 항암 방사선치료 중입니다",갸웃갸웃,2020.12.31.,280
9995,이버맥틴자가임상후기,대장암 간전이,트루핑크,2020.12.31.,685
9996,자유게시판,"시드니는 불꽃놀이, 우리 다 같이 비대면회식해요! 제가 큰 상 하나 차렸습니다. 여러분 댓글로 음식/술/과자 드시고 계신 사진들 올려주세요",꿈많은사람,2020.12.31.,226
9997,자유게시판,새해 덕담 댓글 릴레이..새해 복많이 받으세요,신풍생각,2020.12.31.,275
9999,암 호전사례 정보,미분화 췌장암 말기에서 굶겨죽이기에 거의 성공한 사례입니다.,홍콩 박,2020.12.31.,"1,191"
10000,자유게시판,새해 복많이  받으세요~꾸벅,헤라,2021.01.01.,128
10002,질문과 대답(QnA),알벤다졸 드시는 분들,유레테,2021.01.01.,621
10003,자유게시판,리포조말 비타민C,노원 상우아빠,2021.01.01.,477
10004,자유게시판,파라캅엘정을 오랫만에 복용. 2일차에 시커먼 미역 같은것이 배출 되었습니다.,테일러,2021.01.01.,701
10005,질문과 대답(QnA),관절 통증 여쭤요,뽀미마미,2021.01.01.,257
10006,질문과 대답(QnA),말틸톨을 아시는분 혹은 드시는분.,하늘별섬,2021.01.01.,254
10007,질문과 대답(QnA),저메틸화치료?,제석산,2021.01.01.,276
10008,질문과 대답(QnA),원발부위불명암(소세포암) 구충제복용문의,미싱토끼,2021.01.01.,255
10009,자유게시판,안부,헤라,2021.01.02.,66
10010,자유게시판,지금 심부전 치료 받고 있는데 기생충약 메벤다졸과 이버맥틴,heg6402,2021.01.02.,326
10011,가입 인사,가입 인사 드립니다.,아미타,2021.01.02.,77
10012,설금홍,메트포르민 보면 볼수록 대단한 약이네요^^,설금홍,2021.01.02.,974
10013,정보 공유,어떤 회사의 비타민C 제품을 선택해야 하는가?,아무르강,2021.01.02.,325
10014,자유게시판,구충제 복용  조언구합니다,의암호,2021.01.02.,354
10016,간암,간암에 효과 있었던 프로토콜 올려주셔요 효과보신 분~,cscsooo,2021.01.02.,474
10017,자유게시판,구충제 효과 솔직하게 얘기해봐요.,촌로,2021.01.02.,"1,441"
10018,자유게시판,비타민B12,두부,2021.01.02.,241
10019,자유게시판,영어권 커뮤니티의 호전 사례 키워드 분석으로 대표적인 2 곳을 비교 했습니다. 구충제 (조티펜스) vs 대사 치료(제인),꿈많은사람,2021.01.02.,286
10020,질문과 대답(QnA),구충제와 독시+아지+비타민c 복용법,그린마일,2021.01.02.,365
10022,암에대한통합정보,구충제가 진정 효과가 없는것인가?,로사장,2021.01.03.,"1,515"
10023,자유게시판,안부,헤라,2021.01.03.,66
10025,설금홍,전립선암 치료를 위한 대체약 정리했습니다.,설금홍,2021.01.03.,346
10027,자유게시판,자~ 충제효과고 뭐고 오늘 일요일 즐겁게 갑시다.!!!!!,촌로,2021.01.03.,328
10028,암 호전사례 정보,1년동안 구충제복용결과~,즐거운 시간 만들기,2021.01.03.,"1,333"
10031,암 호전사례 정보,"[해외] 미국  Arielle 아버지 식도암 ( 2019년 12월 ), 2020년 12월 PET결과 호전됨, 조티펜스 프로토콜 적용 (펜벤다졸)",꿈많은사람,2021.01.03.,503
10033,자유게시판,파나쿠어-C 판매합니다..,Susan1125,2021.01.03.,226
10034,자유게시판,지인이 비인두암이 이번에 폐로 전이됐답니다~ ㅠ,heg6402,2021.01.03.,420
10036,질문과 대답(QnA),삼중음성 유방암 뇌전이,내가해,2021.01.03.,672
10037,자유게시판,안부,헤라,2021.01.04.,67
10038,자유게시판,이버맥틴,남자폴,2021.01.04.,452
10040,설금홍,갑상선기능저하증에는 아쉬아간다 복용하지 마세요,설금홍,2021.01.04.,252
10041,자유게시판,펜벤이랑 이버 같이드시는분들 있으신가요?,힘내자힘내자,2021.01.04.,480
10043,가입 인사,안녕하세요?,분홍신발 2012,2021.01.04.,104
10044,벤지미다졸정보나누기,펜밴 사실분,준파,2021.01.04.,246
10045,담비,이트라코나졸_간암_2020년,담비,2021.01.04.,374
10046,자유게시판,항암시 너무 기운이 없을 때?,완치가능,2021.01.04.,331
10047,질문과 대답(QnA),원적외선 온열치료기,카페올리,2021.01.04.,362
10048,자유게시판,채팅을 띄워서 좋은 구충법을 알려 주시는 것은 고마운입니다.,분홍앵초,2021.01.04.,521
10049,자유게시판,후덜덜~~(펌),분홍앵초,2021.01.04.,356
10050,자유게시판,호스피스 정보 좀 얻고 싶습니다.,지아군,2021.01.04.,245
10051,자유게시판,모텔 4탄..,촌로,2021.01.04.,312
10052,질문과 대답(QnA),건강유지 목적으론 구충제를 얼마나 먹어야는지요.,경남 이제곧새벽이야,2021.01.04.,379
10053,암 호전사례 정보,"[해외] 뉴질랜드 Mary HER2 양성 유방암 4기, 가슴/척추/폐전이 (2016년 4월) , 2020년 6월 25일 CT검사 결과 호전됨, 조티펜스 프로토콜 적용 (펜벤다졸)",꿈많은사람,2021.01.05.,707
10054,자유게시판,어제 아버지 퇴원시키고 왔어요,갸웃갸웃,2021.01.05.,361
10056,자유게시판,안부,헤라,2021.01.05.,67
10057,암 호전사례 정보,"[해외] 미국 francine 남편 폐암 (2016년 3월), 2021년 1월 4일 호전 all clear, 조티펜스 프로토콜",꿈많은사람,2021.01.05.,358
10058,자유게시판,이버멕틴으로 코로나 치료,jungheonlee,2021.01.05.,450
10060,기타 자가임상 후기,메트포민 설사...참고하세요,조은데이,2021.01.05.,398
10061,자유게시판,"해발800 야생 들깨, 엉컹퀴 즙,  헛개열매, 복령과 복신 등 귀물 행운",건강장수1,2021.01.05.,158
10062,정보 공유,"한경에서 좀더 자세하게 다루었군요,,""구충제 이버멕틴, 코로나19에 효과 있다…치사율 80% 낮춰""",신풍생각,2021.01.05.,409
10063,자유게시판,[뉴스] 제2의 구충제 사태(?)…약국가 '이버멕틴' 문의 '어떡하지',스마트퓨쳐,2021.01.05.,442
10065,자유게시판,홍제천의 동장군,분홍앵초,2021.01.05.,161
10066,자유게시판,뜬금없는 음식 이야기. 만들어 먹는 낫토 파스타.,테일러,2021.01.05.,234
10067,자유게시판,이버맥틴 파시는분,빅토리한,2021.01.05.,340
10068,설금홍,이버멕틴은 covid-19 사망률을 낮춘다-미국 의사들이 임상을 했군요,설금홍,2021.01.05.,617
10071,자유게시판,수술꼭해야하나요?,봉이따님,2021.01.05.,575
10072,자유게시판,아르테미시닌아르테미시닌,만점신용kwang7850,2021.01.05.,283
10073,질문과 대답(QnA),신풍선생님 림프종을 치료하는방법이....,caca0407,2021.01.05.,530
10076,질문과 대답(QnA),msm 복용에 관하여,믿음안에서,2021.01.06.,531
10080,자유게시판,DCA lab 333mg 처분하려고 합니다.,뇌종양 션트,2021.01.06.,131
10081,정보 공유,이버멕틴과 독시사이클린 병용 효과,나이야가라,2021.01.06.,850
10082,자유게시판,안부,헤라,2021.01.06.,70
10084,기생충사진공유,이 납작한 것이 7개월째 계속 나오는데..무슨 기생충인지요?,테일러,2021.01.06.,"1,309"
10087,설금홍,위암 Gastric cancer 치료를 위한 대체항암약 정리했습니다,설금홍,2021.01.06.,390
10089,자유게시판,항생제의 무서움?,촌로,2021.01.06.,478
10090,질문과 대답(QnA),니트조사나이드 구입,제석산,2021.01.06.,331
10091,정보 공유,코로나19 백신 국내 공급가능성,나이야가라,2021.01.07.,190
10092,정보 공유,코로나19 백신접종시 확인사항,나이야가라,2021.01.07.,306
10093,가입 인사,안녕하세요?,egoist,2021.01.07.,136
10094,자유게시판,안부,헤라,2021.01.07.,118
10096,기생충사진공유,기생충사체..??..의문의벌레?? 사진포함,조은데이,2021.01.07.,778
10097,자유게시판,파킨슨 치유 황규백씨  나는자연인이다 방송 참고하세요,건강장수1,2021.01.07.,380
10098,정보 공유,양수로도 감염 되는군요 ㅠ ㅠ,시골여자,2021.01.07.,368
10099,자유게시판,"은혜, 고마움",촌로,2021.01.07.,395
10101,자유게시판,함암과 방사선치료,엄지공주,2021.01.07.,398
10102,가입 인사,안녕하세요,바닫,2021.01.07.,260
10103,자유게시판,항암약 젤로다 복용량,donganan,2021.01.07.,193
10104,질문과 대답(QnA),자궁내막 수술전에,하하,2021.01.07.,745
10105,자유게시판,안부,헤라,2021.01.08.,54
10106,정보 공유,암 굶겨 죽이는 치료,나이야가라,2021.01.08.,974
10108,질문과 대답(QnA),한번 봐주세요  ㅎ,제석산,2021.01.08.,500
10111,가입 인사,가입인사와 질문,Juno,2021.01.08.,165
10112,자유게시판,구충제 복용후 탈모약 중단 1년째,쎈삥,2021.01.08.,665
10113,자유게시판,인도큐어 사이트 사라졌네요.,근원,2021.01.08.,521
10115,자유게시판,안부,헤라,2021.01.09.,85
10116,궁을,이화종의 벽난로 구들방 소개,궁을,2021.01.09.,190
10117,정보 공유,"CBD의 업그레이드 버전, CBG를 만나보세요!",하루빨리나을래,2021.01.09.,312
10118,담비,포도막흑색종_아르테수네이트_2018년,담비,2021.01.09.,141
10120,자유게시판,정인이 수사 재 수사 해 달라는 청와대 청원글입니다. 너무나 작은 인원의 청원입니다. 참여 부탁드립니다.,분홍앵초,2021.01.09.,105
10121,자유게시판,국민 모두가 공분하고 있는 정인이 사건입니다. 청원 부탁드립니다.,분홍앵초,2021.01.09.,214
10122,자유게시판,니클로사마이드,행복으로,2021.01.09.,342
10123,자유게시판,장누수시 바이오필름제거제를 먹을 경우 문제점이 없을까요?,아내사랑,2021.01.09.,729
10124,질문과 대답(QnA),소변으로도 나오나요?,하하,2021.01.09.,410
10125,자유게시판,정인아 미안해 (정인이 국민청원 도와주세요),따니,2021.01.09.,129
10126,자유게시판,식용 과산화수소수,바닫,2021.01.09.,312
10127,암 호전사례 정보,"[해외] 미국 Be*** 4기 삼중음성 유방암 triple negative breast cancer, 2020년 6월과 10월 PET 검사 결과 비교로 호전사례, 조티펜스 프로토콜",꿈많은사람,2021.01.10.,441
10128,자유게시판,심평원청원.민원넣기,chang 오뚜기,2021.01.10.,384
10129,자유게시판,안부,헤라,2021.01.10.,56
10130,자유게시판,선배님들께 고견 부탁드립니다..,바닫,2021.01.10.,452
10133,자유게시판,1월장~~말날~된장만들기,헤라,2021.01.10.,228
10134,자유게시판,도와주세요 여러분! 환우분들에게 있어서 요즘 응급실 상황 남의 일이 아닙니다.,달바다,2021.01.10.,495
10135,자유게시판,복용시간 문의,바닫,2021.01.10.,268
10136,설금홍,비인두 암종과 이버멕틴,설금홍,2021.01.10.,515
10137,자유게시판,맥 빠지는...,촌로,2021.01.10.,717
10138,자유게시판,구충제 1년 이상 쓰신분 계시나요?,의암호,2021.01.10.,879
10139,가입 인사,안녕하세요~,생각나면,2021.01.10.,199
10140,자유게시판,안부,헤라,2021.01.11.,65
10141,궁을,암환자가 생강을 꼭 먹어야 할 4가지 이유,궁을,2021.01.11.,532
10143,암 호전사례 정보,[해외] 미국 65세 2020년 3월 자궁내막암 4기 폐전이 호전사례 (몇시간전에 올라옴) - COC 프로토콜 + 제인 대사치료법,꿈많은사람,2021.01.11.,448
10145,설금홍,1년에 CT 몇번 찍으시나요???,설금홍,2021.01.11.,358
10146,질문과 대답(QnA),세라펲타제 복용질문입니다!,딸기농장,2021.01.11.,627
10149,자유게시판,대체항암제 판매 계시글,나이야가라,2021.01.11.,420
10150,자유게시판,피르비늄 드시고,갸웃갸웃,2021.01.11.,606
10153,질문과 대답(QnA),"알벤, 플루벤다졸 부작용?",하하,2021.01.11.,748
10154,자유게시판,니타조사나이드부작용,chang 오뚜기,2021.01.11.,698
10155,기타 자가임상 후기,림프종 진행중,고즈,2021.01.11.,"1,107"
10156,자유게시판,모텔 5탄..,촌로,2021.01.12.,279
10157,자유게시판,여동생(47살)  아직 미혼이지만 b형간염 수직간염으로 인한 만성B형간염인데 작년 9월경에 몸 상태가 안좋아서  병원갔더니 간경화에 간암3기였습니다. 지금은 몸상태가,불곡산,2021.01.12.,603
10158,자유게시판,안부,헤라,2021.01.12.,33
10159,동영상링크(중요자료),니타조사나이드  b형간염에대해서,헤라,2021.01.12.,305
10160,질문과 대답(QnA),"전립선, 난소종양에 구충제 복용",밥풀이,2021.01.12.,286
10161,자유게시판,디스토시드 복용후 간흡충이 나왔습니다,테일러,2021.01.12.,"1,132"
10162,자유게시판,베이킹소다 추천희망,바닫,2021.01.12.,399
10163,설금홍,이버멕틴 투여량 그리고 클로로퀸과의 병용문제,설금홍,2021.01.12.,314
10164,질문과 대답(QnA),유방암 괴사에는 이버멕틴을 어떻게 먹어야할까요,암낫는다,2021.01.12.,622
10166,정보 공유,브라이트스카이 CBD오일 다다익선 3+1 이벤트 진행중,하루빨리나을래,2021.01.12.,143
10167,질문과 대답(QnA),약물 복용 순서 조언부탁드립니다.,바닫,2021.01.12.,321
10168,질문과 대답(QnA),항생제 복용할때 구충제 괜찮을까요?,천사토끼맘,2021.01.12.,264
10169,자유게시판,"피르비늄및 니클, 니타에 관한 신풍생각님의 동영상 입니다, 꼭 보시고  유튜브 댓글도 부탁드립니다.",분홍앵초,2021.01.12.,362
10170,자유게시판,췌장효소,사랑하는사람들과함께,2021.01.12.,308
10171,질문과 대답(QnA),급 어지러움,바닫,2021.01.12.,367
10173,자유게시판,이것이 어떤충이며 어떤구충약이 필요할까요,산과들,2021.01.12.,322
10175,담비,커큐민001-서언-유방암,담비,2021.01.12.,266
10176,자유게시판,너무 추워서 동면들어가고싶군요.,하늘별섬,2021.01.12.,280
10177,자유게시판,폐흡충,힘내자힘내자,2021.01.12.,475
10178,질문과 대답(QnA),니콜로사마이드 구합니다,농장주,2021.01.12.,239
10179,정보 공유,톡소포자충과 희귀 뇌암(CNN 기사),말콥,2021.01.12.,355
10180,정보 공유,녹차 ECGC,촌로,2021.01.12.,314
10181,자유게시판,의사들의 무지한 생각.,촌로,2021.01.12.,617
10182,자유게시판,이버멕틴은 위대합니다^^,배다별,2021.01.13.,"1,209"
10183,자유게시판,안부,헤라,2021.01.13.,71
10184,질문과 대답(QnA),msm추천 부탁드립니다,바닫,2021.01.13.,433
10185,암 호전사례 정보,미분화 췌장암 말기에서 최종적 검사 결과가 나왔습니다. 이제 맘 편히 회사생활과 쌍둥이 키우기에 몰두해도 되겠습니다.,홍콩 박,2021.01.13.,"1,068"
10186,질문과 대답(QnA),메벤다졸과 알로홀 복용법 여쭤봅니다.,봉봉경북,2021.01.13.,732
10187,자유게시판,먹어야 사는 현실이....,촌로,2021.01.13.,678
10188,자유게시판,메벤 팔아요,jungkih13,2021.01.13.,293
10189,가입 인사,반갑습니다,광탑,2021.01.14.,126
10191,자유게시판,안부,헤라,2021.01.14.,91
10192,담비,커큐민002-폐암-혈액암,담비,2021.01.14.,413
10193,자유게시판,조언을 구합니다,빚나리,2021.01.14.,223
10196,자유게시판,더 좋은 모습으로 만나고 싶습니다,처음부터 시작이다,2021.01.14.,489
10197,자유게시판,안부,헤라,2021.01.15.,62
10198,정보 공유,이버멕틴의 암세포 에너지 공급경로 차단 및 암 줄기세포 사멸관련 논문,나이야가라,2021.01.15.,501
10200,자유게시판,기생충이 주요 원인인가 봅니다....,주니여니애비,2021.01.15.,508
10201,자유게시판,고용량 디스토시드 와 여러 구충제 복용후 다량의 기생충 배출.  전립선암 저의 치료 상황 .,테일러,2021.01.15.,"1,328"
10206,가입 인사,안녕하세요. 가입 인사 드립니다!,제대로병원,2021.01.15.,83
10207,질문과 대답(QnA),플루벤다졸 흡수율에 관하여 문의드립니다,믿음안에서,2021.01.15.,220
10208,자유게시판,구충제 먹으면 신장기능이 올라갈까요?,heg6402,2021.01.15.,340
10210,정보 공유,구충제의 종류들,행복나무,2021.01.15.,420
10211,기타 자가임상 후기,안녕하세요.  자가 임상중 임니다.,농장주,2021.01.15.,494
10212,자유게시판,안부,헤라,2021.01.16.,70
10217,설금홍,프라지퀀텔-디스토시드,설금홍,2021.01.16.,589
10218,자유게시판,77세이시고 자궁암 말기면 수술하다 위험할수 있나요?,시골여자,2021.01.16.,364
10221,정보 공유,지오트립 부작용 대책,나이야가라,2021.01.16.,420
10222,암 호전사례 정보,"[해외] 미국 Fe*** 유방암으로 추정, 병원 치료 없음. 조티펜스 프로토콜, 호전 사례, 수정판",꿈많은사람,2021.01.16.,646
10223,자유게시판,구충요법을 하다가 관뒀는데 다시 시작해야될지 고민이 돼요,꼭 나을거야0,2021.01.16.,592
10224,자유게시판,안부,헤라,2021.01.17.,78
10225,설금홍,"알벤다졸, 메벤다졸 추가 정보 올렸습니다",설금홍,2021.01.17.,697
10229,자유게시판,판매완료,아마존스,2021.01.17.,393
10230,정보 공유,이버멕틴 구입정보,생각나면,2021.01.17.,481
10231,이버맥틴자가임상후기,이버맥틴 시작,생각나면,2021.01.17.,738
10232,가입 인사,공간을 마련해 주셔 감사드립니다,임리스트,2021.01.18.,165
10233,자유게시판,안부,헤라,2021.01.18.,61
10235,담비,커큐민003-위암-대장암-췌장,담비,2021.01.18.,164
10237,자유게시판,판매..............,촌로,2021.01.18.,381
10239,보관창고,cbd 오일 정리합니다.,말해줘,2021.01.18.,62
10240,보관창고,"펜벤다졸,리그난정",무민,2021.01.18.,32
10241,자유게시판,"보론 , boron ( 붕소 ) ,전립선암, 자궁경부암에 효과",테일러,2021.01.18.,599
10243,가입 인사,간암,가을이,2021.01.18.,219
10244,자유게시판,나의 잠 잘 자는 법,덤앤더머,2021.01.18.,359
10245,자유게시판,약판매는 불법이니  참조해주세요,헤라,2021.01.18.,421
10246,자유게시판,"피라맥스, 이버멕틴 니클로 등이  코로나에 효과 있다는데...",덤앤더머,2021.01.18.,569
10247,자유게시판,내 담당 암교수님은...,하늘별섬,2021.01.18.,635
10248,자유게시판,방사선 치료중인데  구충제  복용  가능하나요.,농장주,2021.01.18.,274
10249,자유게시판,이제 진짜 마지막을 준비해야 하나봅니다.,갸웃갸웃,2021.01.18.,905
10251,가입 인사,반갑습니다 가입 인사 드립니다.,헤르메스,2021.01.18.,104
10253,자유게시판,잠자리.. 자세,촌로,2021.01.18.,418
10254,자유게시판,안부,헤라,2021.01.19.,67
10255,자유게시판,장루 물품 나눔,천수,2021.01.19.,136
10256,정보 공유,"사망률 30% '간암' 일으키는 몸속 곰팡이, '이렇게' 박멸하자!",신풍생각,2021.01.19.,770
10257,정보 공유,이제 제 시아버님께서 하늘나라에 가십니다.,냥가,2021.01.19.,578
10258,궁을,우리 몸속 2kg의 미생물이 코로나19를 물리친다,궁을,2021.01.19.,212
10259,기생충사진공유,코의 주혈흡충/오류 맘모가누스 였음,말콥,2021.01.19.,924
10260,자유게시판,이버멕톨(선파마) 현지 판매상 직구 할인하네요~,제리호야,2021.01.19.,681
10261,설금홍,"붕소의 항암효과(전립선, 자궁, ,유방, 폐암 등등)",설금홍,2021.01.19.,338
10264,회원나눔(공짜는 아닙니다),Nuc녹즙기(착즙기)처분,럭키공주,2021.01.19.,267
10266,자유게시판,기적의 간청소 3회차 후기,하늘별섬,2021.01.19.,554
10269,자유게시판,니클로사마이드,촌로,2021.01.19.,586
10270,질문과 대답(QnA),췌장암 구충제 질문드려요,상승기류,2021.01.19.,412
10271,기타 자가임상 후기,편도암에 쑥찜,이은주,2021.01.20.,193
10272,자유게시판,안부,헤라,2021.01.20.,58
10273,만성질환자가임상나누기,니타조사나이드 복용전,ttl6043,2021.01.20.,355
10275,자유게시판,당화혈색소,양준,2021.01.20.,196
10276,정보 공유,"경구복용시 흡수율, 생체이용율, 대사, 설하(혀밑)복용법.",나이야가라,2021.01.20.,216
10277,자유게시판,순산을 했습니다. 아들인지 딸인지 잘 모르겠어요,촌로,2021.01.20.,703
10278,자유게시판,마이클  머레이박사님의 보충제추천,배다별,2021.01.20.,266
10283,이버맥틴자가임상후기,이버멕틴 임상 2,생각나면,2021.01.20.,"1,046"
10284,가입 인사,반갑습니다. 오늘가입했습니다.,뚜버기10,2021.01.20.,134
10286,자유게시판,암 치료 대체요법,나이야가라,2021.01.21.,318
10287,자유게시판,"췌장암, 표준치료와 고주파온열치료를 병행했을 때의 치료성적",배다별,2021.01.21.,288
10288,자유게시판,안부,헤라,2021.01.21.,66
10289,만성질환자가임상나누기,니타조사나이드복용시작,ttl6043,2021.01.21.,520
10290,보관창고,감마E 정리해요. 판매완료,말해줘,2021.01.21.,74
10291,질문과 대답(QnA),메트포르민 베트남제품은 발암물질 없는건가요?,그린마일,2021.01.21.,538
10295,정보 공유,"인도 정부 코로나바이러스 19, 치료제로 이버멕틴, 독시사이클린, 아연 공급 ❤️",꿈많은사람,2021.01.21.,808
10299,담비,커큐민004-간암-전립선암,담비,2021.01.21.,240
10300,자유게시판,뭐하는방 ?,보니파시오,2021.01.21.,284
10301,질문과 대답(QnA),알리익스프레스에스 구매한 이버멕틴이요~~,송이짱맘,2021.01.21.,384
10302,자유게시판,탄수화물 단백질,이전처럼지내자,2021.01.21.,197
10305,가입 인사,안녕하세요.,솔사랑,2021.01.21.,122
10306,정보 공유,대장 암 세포는 항암치료에서 살아 남기 위해 Diapause와 같은 DTP 상태에 들어갑니다 라는 따끈한 논문이 있네요,꿈많은사람,2021.01.21.,253
10307,정보 공유,비소세포폐암 신약 개발/ 모든 암에 적용 가능?,나이야가라 폐암4기,2021.01.21.,316
10308,자유게시판,안부,헤라,2021.01.22.,65
10309,질문과 대답(QnA),색전술 시술후,통통멸치,2021.01.22.,278
10310,플라이패치_자가임상,통증잡는데 좋은게  뭐가있을까요,극복하자아자아자,2021.01.22.,382
10311,자유게시판,누웠을때 통증,남자폴,2021.01.22.,240
10312,자유게시판,항문이 근질거릴때,산과들,2021.01.22.,438
10313,만성질환자가임상나누기,니타조사나이드,ttl6043,2021.01.22.,369
10315,질문과 대답(QnA),바이오필름 관련 약이 도착했는데요 복용법 문의 좀...,사진가조준,2021.01.22.,543
10316,자유게시판,사과 귤 드셔도,목은,2021.01.22.,326
10317,자유게시판,요즘은 니클로사마이드과 이버멕틴,뱃살공주,2021.01.22.,638
10318,질문과 대답(QnA),폐암 구충제 복용 질문드려요.,네임리스,2021.01.22.,353
10319,자유게시판,나는 매일 방탄복을 입는다.,촌로,2021.01.22.,303
10320,자유게시판,벤지미다졸과 감식초,처음부터 시작이다,2021.01.22.,195
10321,암 호전사례 정보,"[해외] 미국 Te*** 엄마(64세) 소세포 폐암 4기 SCLC 호전 사례, 2020년 11월 9일 진단, 2021년 1월 11일 CT 검사 결과 사진 있음. 조티펜스 프로토콜",꿈많은사람,2021.01.22.,352
10323,자유게시판,안부,헤라,2021.01.23.,64
10324,질문과 대답(QnA),제 이야기 꼭 좀 읽어주시고 고견 부탁드립니다...,아푸지마,2021.01.23.,886
10325,자유게시판,류마티스에도. 구충제가. 있을까요,믹스커피 조와,2021.01.23.,671
10326,자유게시판,이버멕틴이 곰팡이균에게 효과가 있을까요?,뚜띵이,2021.01.23.,601
10327,자유게시판,신장암 전절제 20일  전입니다,의암호,2021.01.23.,302
10328,질문과 대답(QnA),간청소 외...,촌로,2021.01.23.,452
10329,자유게시판,메트포르민,노원 상우아빠,2021.01.23.,490
10330,자유게시판,메트포르민  니클로사마이드 구해봅니다(완료),kang1104,2021.01.23.,195
10331,기생충사진공유,[해외] 미국 Va*** 여성 소변으로 칸디나(곰팡이) 배출 사진들 - 자궁 내막증 진단,꿈많은사람,2021.01.23.,"1,055"
10333,자유게시판,안부,헤라,2021.01.24.,71
10335,질문과 대답(QnA),이버멕틴 복용 후 피부가 노래지고 있어요,이즈,2021.01.24.,972
10336,자유게시판,젤로다와 항암구충제,희망과꿈,2021.01.24.,218
10338,자유게시판,암치료에 때문에 식습관을 채식으로 하고계시다면..,하이로,2021.01.24.,436
10340,자유게시판,혀에 백태가 있으신분들은 베이킹 소다를..,하이로,2021.01.24.,536
10341,설금홍,암 줄기세포를 억제하라!,설금홍,2021.01.24.,768
10342,가입 인사,첫인사 드립니다...펜벤다졸 첫 복용,hssn00316,2021.01.24.,356
10346,가입 인사,자궁경부암3긴데요..,소영찌잉,2021.01.24.,362
10347,자유게시판,캔덱스와 우벤자임 함께 복용해도 되나요?,의암호,2021.01.25.,233
10348,정보 공유,봉독으로 치료가 어려운 암 고칠 수 잇다,무라고,2021.01.25.,329
10349,가입 인사,[부천에 거주하는 이순재 입니다],sa590527,2021.01.25.,233
10350,자유게시판,안부,헤라,2021.01.25.,78
10351,자유게시판,Usome님 잡담 글에 대해............,촌로,2021.01.25.,526
10352,질문과 대답(QnA),벤다졸계열의 여러가지 증상,하하,2021.01.25.,749
10354,담비,커큐민005-최종회-뇌-뼈섬유육종-두경부-악성중피종,담비,2021.01.25.,262
10357,자유게시판,대웅제약 알벤다졸 400mg 처분합니다,elfland,2021.01.25.,285
10358,자유게시판,이것도 기사라고 ..이거 믿으시는 분은 여기 안계실듯 ㅎ,이삭줍기,2021.01.25.,572
10359,자유게시판,주말에 디스토시드 3알씩 총 6회 복용,이삭줍기,2021.01.25.,702
10360,자유게시판,없는 휴대폰 그리고 착각.,촌로,2021.01.25.,388
10362,가입 인사,안녕하세요,상추사랑,2021.01.26.,95
10363,자유게시판,안부,헤라,2021.01.26.,86
10364,자유게시판,안년하세요,요효,2021.01.26.,138
10370,기타 자가임상 후기,노니복용후기,조은데이,2021.01.26.,406
10371,피부암,혹시.. 흑색종일 수도 있을까요?,러브조주,2021.01.26.,364
10374,회원나눔(공짜는 아닙니다),파나쿠어(펜벤)4g,천수,2021.01.26.,298
10376,설금홍,항암제로서의 클로로퀸 및 하이드록시 클로로퀸 CQ. HCQ.,설금홍,2021.01.26.,407
10378,자유게시판,Usome님 땅사고 새집 짓기 vs 농촌집 사기에 대하여..,촌로,2021.01.27.,364
10379,자유게시판,안부,헤라,2021.01.27.,73
10380,가입 인사,가입인사 드려요,김득용,2021.01.27.,59
10382,자유게시판,전립선암 치료 보조제 트리팔라.,테일러,2021.01.27.,490
10383,설금홍,"암 환자의 식욕 촉진, 식이요법, 악액질 대처",설금홍,2021.01.27.,462
10384,질문과 대답(QnA),알벤다졸 구충제 복용 중 설사가 납니다.,짚신찾아삼만리,2021.01.27.,983
10386,질문과 대답(QnA),유방암 다발성 전이 환우입니다,솔사랑,2021.01.27.,539
10387,자유게시판,제가 촌스러워서....,촌로,2021.01.27.,438
10388,암 호전사례 정보,"[해외] 미국 Lin**의 91세 엄마 4기 대장암 (다른 곳으로도 전이됨) 호전 사례, 조티펜스 프로토콜",꿈많은사람,2021.01.27.,398
10390,자유게시판,안부,헤라,2021.01.28.,86
10391,자유게시판,파라캡 메벤 정리합니다,대장암4기,2021.01.28.,226
10392,자유게시판,제가 촌스러워서 2.,촌로,2021.01.28.,262
10393,자유게시판,중국 알리익스프레스 쇼핑몰에서 주문한 이버멕틴 한 달 반 만에 도착했어요.,주주맘샘,2021.01.28.,328
10394,질문과 대답(QnA),엄마가 복막 악성중피종 이십니다.,희망이 있다,2021.01.28.,201
10395,자유게시판,(이부푸로펜) 자가임상 중입니다,눈보라궁전,2021.01.28.,312
10396,궁을,"기력회복, 간암에 특히 좋은 먹거리를 추천합니다",궁을,2021.01.28.,314
10398,질문과 대답(QnA),수십년간 위가 소화가 안되요,이프로디테,2021.01.28.,507
10399,자유게시판,안부인사드립니다!,로즈맨,2021.01.28.,158
10400,정보 공유,달과 생명체의 관계. 공부하는 과정에서 찾은 것들을 기록 차원에서 이곳에 링크 걸어 봅니다. 오늘 혹시 느낌이 다르셨나요?,꿈많은사람,2021.01.28.,199
10401,자유게시판,안부,헤라,2021.01.29.,56
10402,기타 질병,"MMS(대발견, 21세기 기적의 미네랄 솔루션) 책 속 내용 소개(심장병)",혜통,2021.01.29.,417
10403,자유게시판,Usome님 잡담 (힘든 하루 어중간한) 에 대하여....,촌로,2021.01.29.,282
10404,자유게시판,믿지 못하신다면... 이러면 안되지만 ....,촌로,2021.01.29.,720
10405,질문과 대답(QnA),파인애플을 먹어서 바이오필름 분해가 가능할까요,사진가조준,2021.01.29.,329
10406,질문과 대답(QnA),간수치 관련 급 질문입니다!!,아푸지마,2021.01.29.,342
10408,자유게시판,말할곳이없어 그냥 넋두리 입니다.,박둥가,2021.01.29.,735
10409,가입 인사,가입인사,y5344n,2021.01.29.,104
10410,담비,삼중음성유방암_루테올린_2020년,담비,2021.01.29.,593
10412,자유게시판,브라이트 스카이 햄프씨드오일 100ml 새 제품 정리합니다,solid7,2021.01.29.,129
10413,자유게시판,자궁경부4기 항암중 구충제 추천좀...,행복할꺼야,2021.01.29.,243
10415,자유게시판,인생의 씁씁함을 달콤함으로 바꾸는 방법,꿈많은사람,2021.01.29.,189
10417,자유게시판,"대사치료, 암 굶겨 죽이기 저자 제인과 다른 페이스북 그룹 논쟁 - 그냥 가볍게 읽어 주세요.",꿈많은사람,2021.01.29.,332
10421,설금홍,두 경부 편평 세포암 (HNSCC).  비 인두암도 같이 보시면 됩니다.,설금홍,2021.01.30.,323
10423,자유게시판,플루벤다졸 판매하려합니다,다비,2021.01.30.,159
10424,자유게시판,햄프씨드오일 나눔합니다(30만원),가을이,2021.01.30.,174
10425,자유게시판,간암..,야생화처럼,2021.01.30.,552
10426,자유게시판,"대사치료, 암 굶겨 죽이기 저자 제인과 설전이라기 보다는 말싸움을 조티펜스 페이스북 그룹에서 2차전 - 실시간 현재.. 거희 마무리 단계..",꿈많은사람,2021.01.30.,328
10427,암 호전사례 정보,"[해외] 최근 여러명 폐암 3C 기 환우, 다른 폐암 환우, 대장암 환우, 전립선암 환우 호전사례 간략 버젼",꿈많은사람,2021.01.30.,280
10428,자유게시판,혁신적인 암치료법 막는 FDA  및 치료 사이트,무라고,2021.01.31.,241
10431,정보 공유,암/ 대체의학적 치료법의 필요성,나이야가라 폐암4기,2021.01.31.,324
10432,자유게시판,안부,헤라,2021.01.31.,98
10433,자유게시판,파라캅 엘정 용법 궁금합니다.,덤앤더머,2021.01.31.,584
10434,자유게시판,발톱은 건강신호?,이삭줍기,2021.01.31.,320
10436,자유게시판,자유게시판,믹스커피 조와,2021.01.31.,353
10438,질문과 대답(QnA),메벤다졸 질문드려요.,봉봉경북,2021.01.31.,425
10440,암 호전사례 정보,"[해외] 최근소식 여러명 폐암 3C 기 환우, 다른 폐암 환우, 대장암 4기, 전립선암 4기 환우 호전사례집 수정판 복용한것들 추가",꿈많은사람,2021.01.31.,362
10441,질문과 대답(QnA),고주파의료기 어때보이세요?,하고은,2021.01.31.,318
10442,자유게시판,모텔 6탄,촌로,2021.02.01.,319
10443,기타 자가임상 후기,아침 메벤 800 저녘 이버18,똥진이,2021.02.01.,680
10444,자유게시판,나만의 암 치료 프로토콜 작성법/참고,나이야가라 폐암4기,2021.02.01.,705
10445,가입 인사,가입했습니다,서울팀장,2021.02.01.,166
10446,자유게시판,아버지가 먼저 걸음 옮기셨어요,갸웃갸웃,2021.02.01.,626
10447,자유게시판,안부,헤라,2021.02.01.,88
10449,설금홍,종양 휴면과 암 줄기세포 : 동전의 양면?,설금홍,2021.02.01.,385
10450,설금홍,피르비늄 복용할때 Tip,설금홍,2021.02.01.,703
10451,자유게시판,간만에 안부 전합니다.~^^,극복자,2021.02.01.,482
10452,암 호전사례 정보,"[해외] 오늘도 여러명- 췌장암 3기, 대장암 4기, 신장암 환우들 호전 사례- 간략 버젼",꿈많은사람,2021.02.01.,445
10453,자유게시판,혹시 피르비늄 여유분 있으신분~,다듬이,2021.02.01.,287
10455,자유게시판,안부,헤라,2021.02.02.,71
10457,자유게시판,자유게시판,믹스커피 조와,2021.02.02.,226
10458,담비,현재까지 소개한 논문_병명_보조제별 분류,담비,2021.02.02.,452
10460,설금홍,암 줄기세포(암 전이와 확산의 주범^^) 억제제,설금홍,2021.02.02.,659
10461,암 호전사례 정보,[해외] 미국 위암 4기 호전 사례 간단 버젼,꿈많은사람,2021.02.02.,383
10462,질문과 대답(QnA),아내가 냄새를 못맡습니다 ㅠ,제석산,2021.02.02.,721
10463,자유게시판,도와주세요,힘내자님,2021.02.02.,498
10464,자유게시판,안부,헤라,2021.02.03.,113
10465,자유게시판,니타조사나이드 2월1일부터시작했는데...,뚜버기10,2021.02.03.,936
10466,회원나눔(공짜는 아닙니다),메벤 나눔해주실 분 약 200정 필요합니다.,대전소생,2021.02.03.,398
10467,암 호전사례 정보,"[해외]최신 빠른 뉴스 - 유방암 4기, 87세 할아버지 전립선암, ﻿홉킨스 림프종 2기 호전 사례 - 간략 버전",꿈많은사람,2021.02.03.,341
10469,자유게시판,혹시나 이런 경험이....,촌로,2021.02.03.,605
10471,자유게시판,안부,헤라,2021.02.04.,64
10473,가입 인사,가입인사드립니다.,사무엘오,2021.02.04.,73
10476,자유게시판,멜라토닌,사랑하는사람들과함께,2021.02.04.,329
10477,자유게시판,조금 호전이 되는것같아요^^,뱃살공주,2021.02.04.,952
10479,자유게시판,드뎌...1년입니다.,하늘별섬,2021.02.04.,534
10480,설금홍,암 줄기세포 억제제. 결국 요약했습니다 ㅜ 잘 보십시요^^,설금홍,2021.02.04.,975
10481,자유게시판,안녕하세요(나눔 완료),갸웃갸웃,2021.02.04.,234
10482,자유게시판,방탈죄송해요..보이시피싱 관련  급해서요,완치,2021.02.04.,268
10483,자유게시판,펜벤여유있으신분요~,joung2963,2021.02.04.,161
10484,자유게시판,요메산 나눔 부탁드립니다,Ehakd,2021.02.04.,119
10485,자유게시판,자유게시판,믹스커피 조와,2021.02.04.,157
10486,궁을,"면역력 올리는 대장살리기, 시즌2",궁을,2021.02.04.,556
10487,질문과 대답(QnA),워터살균기와 ..베이킹 소다의 효과 ?,이삭줍기,2021.02.04.,401
10488,자유게시판,안부,헤라,2021.02.05.,62
10489,궁을,일라이트 지하수의 약성소개,궁을,2021.02.05.,332
10492,기타 자가임상 후기,내님의 위장병,분홍앵초,2021.02.05.,614
10493,담비,난소암_베르베린_시스플라틴_병용_2019년,담비,2021.02.05.,199
10495,자유게시판,층격적인 기생충이 나왔습니다. 거머리 모양.,테일러,2021.02.05.,"1,156"
10496,질문과 대답(QnA),워터 살균기와 베이킹 소다의 세척으로서의 효과 ?  질문이 잘못 됀건지요 ?,이삭줍기,2021.02.05.,199
10497,자유게시판,메벤다졸,노원 상우아빠,2021.02.05.,283
10498,궁을,일라이트 분말을 사람이 먹어도 되는가?,궁을,2021.02.05.,695
10500,자유게시판,남편보낸지 한달,승이엄마,2021.02.05.,699
10501,질문과 대답(QnA),구충제 복용하면 기생충 나와야하나요?ㅠ,다율서율이네,2021.02.05.,516
10502,기생충사진공유,이게 자이언트 간질충일까요?,쎈삥,2021.02.05.,685
10503,가입 인사,가입 인사,tgblue,2021.02.06.,93
10504,방사선 항암치료 후기,[공유] 카페에서 사용하는 닉네임을 바꾸는 방법,mh327676,2021.02.06.,167
10505,자유게시판,안부,헤라,2021.02.06.,71
10506,자유게시판,좋은 방법이 없을까요,산과들,2021.02.06.,326
10507,자유게시판,먹으면 안되는 생선회 종류? 여기 계신분들은 회 잘 안드시지만 요 !,이삭줍기,2021.02.06.,526
10508,자유게시판,믹스커피,믹스커피 조와,2021.02.06.,495
10509,암 호전사례 정보,"[해외] 최근 전립선암 (2014) 남성 , 췌장암 (2019) 3/4기 여성 호전사례 간략 버전, & 추천도서들 (영문)",꿈많은사람,2021.02.06.,204
10510,질문과 대답(QnA),폐암4기 이방법밖에 없을까요?,우후죽순,2021.02.07.,580
10511,질문과 대답(QnA),알벤다졸 대용량 구매 문의드려요.,맘스토리,2021.02.07.,342
10512,자유게시판,안부,헤라,2021.02.07.,53
10513,암 호전사례 정보,"[해외] 비소세포폐암 은퇴자 남성, HER2+ 유방암 2기 & 만성 림프구 백혈병 여성 호전 사례 간략 버전 그리고 펜벤다졸 작용 원리는 무엇인가요",꿈많은사람,2021.02.07.,222
10514,회원나눔(공짜는 아닙니다),이버멕틴 인도산or국산을 구하고 싶습니다,잘살아보자구요,2021.02.07.,309
10515,자유게시판,주저리 주저리 뒤죽박죽 질문 ㅎㅎ,촌로,2021.02.07.,335
10516,정보 공유,나만의 암 치료 프로토콜/ 보완편 (보충자료 및 약물용량 표기),나이야가라 폐암4기,2021.02.07.,"1,380"
10517,전립선암,펜벤다졸과 전립선암 치료,세꼬시 ksc3290,2021.02.07.,702
10518,설금홍,메트포르민-난소암에서 더 나은 생존율과 관련이 있다,설금홍,2021.02.07.,226
10519,자유게시판,주말에 기생충 잡는 기기 찾아보다 ..잠시 본 ..득도한 고양이 ?,이삭줍기,2021.02.07.,257
10520,자유게시판,담도암4기 환우를 위한 구충항암에 관해 여쭙니다,tgblue,2021.02.07.,306
10521,기타 자가임상 후기,항암 구충제의 긍정적인 효과,소나무처럼,2021.02.07.,595
10522,강직성 척추염(척수염),강직성 척추염(대나무척추),skystar4129,2021.02.07.,613
10523,정보 공유,구충제 복용후 충체들은 어떻게 될까요? 저도 궁금했던 질문의 답을 확실하게 알게 되었습니다. 그리고 대체 항암제들이 가져야 할 덕목들,꿈많은사람,2021.02.07.,"1,515"
10524,질문과 대답(QnA),진지하게 질문을..^^,촌로,2021.02.08.,394
10525,자유게시판,안부,헤라,2021.02.08.,70
10526,질문과 대답(QnA),펜벤2주 복용후기,바담,2021.02.08.,354
10527,설금홍,니클로사미드의 각종 암에 대한 효과-다시 정리했습니다,설금홍,2021.02.08.,708
10529,자유게시판,유방암4기 폐전이 뼈전이 뇌전이,미니어리,2021.02.08.,673
10530,구매정보게시판(물건배송확인후),이버 니클 니타 각 500T  -- 인도에서 직구 했습니다,투게더투,2021.02.08.,621
10531,자유게시판,시한부인데도. . 효과보신분 많으시죠?,미니어리,2021.02.08.,765
10532,정보 공유,펜벤다졸 작용원리와 복용방법 (파파고 영문 번역),꿈많은사람,2021.02.08.,488
10534,자유게시판,도세탁셀과 구충제 병용하시는 분 계신지요?,의암호,2021.02.08.,145
10535,자유게시판,항암하면서 복용하시는분은 없나요?,미니어리,2021.02.08.,311
10536,자유게시판,노인분 병원 여기저기 다니시기 힘든분,이프로디테,2021.02.08.,177
10537,질문과 대답(QnA),커큐민 문의,바담,2021.02.08.,272
10538,암에대한통합정보,암에 대한 약물 재배치 내용,신풍생각,2021.02.09.,"1,216"
10539,자유게시판,이버복용,건강찾기,2021.02.09.,404
10542,자유게시판,우리나라 간흡충감염자가 대략 2.9%인데..,봄맞이행운,2021.02.09.,398
10543,자유게시판,안부,헤라,2021.02.09.,48
10544,담비,구강편평세포암_이트라코나졸_2020,담비,2021.02.09.,255
10545,자유게시판,구충제 복용을 더 늘려도 될까요?(필독),의암호,2021.02.09.,494
10546,자유게시판,헬리코박터 제거,촌로,2021.02.09.,453
10549,암 호전사례 정보,"[해외호전사례] 폐암 4기 NSCLC(비소세포폐암) , 자칭 한국인 🇰🇷 프로토콜 ( K-항암 프로토콜 ^^) ❤️ - 간략 버전 그리고 카페 검색",꿈많은사람,2021.02.09.,247
10553,자유게시판,설 음식을 지금 만들고 있어요.,분홍앵초,2021.02.09.,294
10554,정보 공유,"✔️비디오 증거✍️: 암은 기생충에 의해 발생한다. micro-parasites 미세 기생충들 (영어해설, 독일 실험)",꿈많은사람,2021.02.09.,320
10555,자유게시판,Usome님 잡담글에 덧붙여...,촌로,2021.02.09.,211
10557,질문과 대답(QnA),알벤다졸 복용법,y5344n,2021.02.10.,296
10558,자유게시판,보조제 정리해요.,팔찌녀,2021.02.10.,199
10559,자유게시판,비타민C 메가도스 용량을...,즐거운 시간 만들기,2021.02.10.,425
10560,자유게시판,해외뉴스 퀸즐랜드 워킹홀리데이의 여성은 기침이 폐암 말기라는 것을 알게 되었다. (파파고 번역) + 작성자 썰,꿈많은사람,2021.02.10.,267
10561,자유게시판,안부,헤라,2021.02.10.,50
10562,질문과 대답(QnA),알벤+프라지관탤 물에 녹지 않아요;;,사진가조준,2021.02.10.,406
10564,자유게시판,"""정상인도 코로나 면역세포 이미 갖고 있다""",제리호야,2021.02.10.,224
10565,가입 인사,이제야 가입인사드립니다,TOSPRING,2021.02.10.,91
10566,자유게시판,종양표지자 검사를 해야하는거 맞지요?,TOSPRING,2021.02.10.,208
10567,가입 인사,안녕하세요.. 가입하게 해주셔서 감사합니다.,송보미,2021.02.10.,124
10568,질문과 대답(QnA),연구목적 설문조사 문의드려요.,송보미,2021.02.10.,361
10569,암 호전사례 정보,[해외호전사례] ❤️ 미국 위암 4기 자세한 버전 그리고 작성자 질문들 💬 - 지금까지 이렇게 길게 해본적은 없었다 🎞️ (영화대사),꿈많은사람,2021.02.10.,311
10571,자유게시판,항암 안하고 구충제요법만 하시는분4기이상,미니어리,2021.02.10.,557
10572,자유게시판,관장,촌로,2021.02.10.,236
10573,가입 인사,가입인사 드립니다.,같이걸을까,2021.02.10.,124
10574,자유게시판,니타조사나이드 복용 관련,같이걸을까,2021.02.10.,732
10575,자유게시판,cbd오일은 어떻게구하죠,미니어리,2021.02.10.,269
10577,자유게시판,야근 근무 하고 퇴근 하기 전에...,촌로,2021.02.11.,202
10578,질문과 대답(QnA),과민성방광,별총총,2021.02.11.,487
10579,질문과 대답(QnA),혹시 이런 이버멕틴 드셔보신 분 계신가요?,jungmi,2021.02.11.,268
10580,자유게시판,안부,헤라,2021.02.11.,66
10581,질문과 대답(QnA),바다와 산 중에 어디가 더 좋을지 ..,바담,2021.02.11.,227
10582,설금홍,생강의 항암 효과,설금홍,2021.02.11.,428
10583,자유게시판,구충제 소량 복용 효과가 있을까요?,천사토끼맘,2021.02.11.,439
10584,자유게시판,촌충,사랑하는사람들과함께,2021.02.11.,479
10585,암 호전사례 정보,[해외호전사례] 침샘암 / 타액선암 4기 Salivary adenocarcinoma 37세 남성 영국 👍,꿈많은사람,2021.02.11.,134
10586,자유게시판,설 인사,갸웃갸웃,2021.02.11.,106
10587,자유게시판,메벤다졸 100미리 유럽형 버목스 구합니다.,진이영이사랑,2021.02.11.,131
10588,자유게시판,오늘 햇살 끝내줍니다.,촌로,2021.02.11.,337
10589,정보 공유,대장암 말기,기도해,2021.02.11.,339
10590,암 호전사례 정보,[해외호전사례]  미국 방광암 bladder cancer 간단 버전 ❣️👍,꿈많은사람,2021.02.11.,176
10591,자유게시판,구충제 같이먹으면 안되는거 있을까요?,미니어리,2021.02.11.,405
10592,자유게시판,구충제 복용일을 좀 늘일까하는데 의견 좀 부탁드립니다.,바담,2021.02.11.,368
10594,질문과 대답(QnA),이달초에 동생이담도배액관시술후 급성패혈증으로 ㅜ 멀리가서 물품약품 정리할려하는데 글 올려되나요?,제로06,2021.02.11.,245
10595,자유게시판,제 지인이 신경쪽으로 문제가 생겨 콕콕 쑤시는 것처럼 온 몸이 떨리고 아픈데,heg6402,2021.02.11.,244
10596,자유게시판,동생이..먼 길을 떠났어요... ㅜ,제로06,2021.02.11.,884
10597,자유게시판,2021년~새해복많이  받으세요^^,헤라,2021.02.12.,120
10598,암 호전사례 정보,"[해외호전사례] 호주 남성 전립선암 , 미국 편평세포간암 남성, ﻿호주 남성 4기 비소세포폐암 (NSCLC) - 간단 버전",꿈많은사람,2021.02.12.,247
10599,자유게시판,건강하세요~~~,제석산,2021.02.12.,152
10601,설금홍,암이란 무엇인가?,설금홍,2021.02.12.,370
10602,질문과 대답(QnA),중국산 이버맥틴 질문입니다,시그널,2021.02.12.,310
10603,자유게시판,이럴땐 어떤방법이 좋을까요,산과들,2021.02.12.,307
10604,자유게시판,구충항암제와  간 수치 (담즙 관련 문의),tgblue,2021.02.12.,356
10605,암 호전사례 정보,"[해외호전사례] 담도암 4기 54세 여성- 2월 7일 , 3주년 기념일 - 간략 버전",꿈많은사람,2021.02.12.,218
10606,자유게시판,사랑하는 회원님들 새해 복 많이 지으시고 많이 받으세요,처음부터 시작이다,2021.02.12.,164
10608,자유게시판,새해 복많이 받으세요. 궁금한게 몇가지 있어 새벽에 글을 적어봅니다.,봄맞이행운,2021.02.13.,248
10609,자유게시판,안부,헤라,2021.02.13.,69
10610,자유게시판,처음부터 시작이다님 만 보셔도 됩니다.,촌로,2021.02.13.,301
10611,회원나눔(공짜는 아닙니다),"이버,메벤 구합니다.",엄마딸,2021.02.13.,375
10613,자유게시판,면역력 위해 홍삼드시는분?,건강찾기,2021.02.13.,244
10614,자유게시판,보리 새싹 키워 드세요.,덤앤더머,2021.02.13.,175
10615,자유게시판,기적의 야채스프와 현미차  - 퍼옴,덤앤더머,2021.02.13.,391
10617,담비,해외사례-재정리01-식도암-소세포폐암-삼중음성유방암,담비,2021.02.13.,158
10619,자유게시판,피르비늄후기,하늘별섬,2021.02.13.,662
10621,설금홍,암을 없애는 방법은?,설금홍,2021.02.13.,480
10623,설금홍,악액질에 대한 잠재적 해결책 : 글루타미노 분해 억제제,설금홍,2021.02.13.,293
10624,자유게시판,극복자입니다.,극복자,2021.02.13.,614
10626,자유게시판,뇌종양 수술후 원인모를 쇼크로 뇌사상태에 있는데 스스히 얼굴뺨에 온기가 돌면서 표정근과 듣는 귀가 살아있다면 무슨약이 좋을까요?,아내사랑,2021.02.13.,926
10627,자유게시판,[공유] 암세포 죽게 만드는 지방이 있다,시골향기,2021.02.14.,439
10628,자유게시판,백혈병 문의 드려요.,루리짱,2021.02.14.,306
10629,자유게시판,안부,헤라,2021.02.14.,73
10630,자유게시판,"이런 기사가  있네요..  댓글로  의논해  봅시다,,,",당근맨123,2021.02.14.,804
10632,자유게시판,구충제 드시는 주기,힘내자힘내자,2021.02.14.,284
10633,회원나눔(공짜는 아닙니다),정리합니다,레아,2021.02.14.,496
10634,가입 인사,안녕하세요.,대한인,2021.02.14.,104
10635,자유게시판,피부 곰팡이는 3종류,시그널,2021.02.14.,431
10638,암 호전사례 정보,"[해외호전사례] 재발한 자궁내막암, 신장암, 벨기에 난소암 4기, 네덜란드 간암 담낭암 - 간략버전",꿈많은사람,2021.02.14.,341
10639,자유게시판,모텔7탄.. 마지막회,촌로,2021.02.14.,307
10640,정보 공유,마늘과 마늘이 기생충병에 미치는 영향,꿈많은사람,2021.02.14.,383
10641,자유게시판,잡곡밥에 대한 생각,덤앤더머,2021.02.14.,311
10646,판매자 신청,정리해요.,팔찌녀,2021.02.15.,280
10647,자유게시판,안부,헤라,2021.02.15.,50
10648,자유게시판,비도 오고 쏠쏠하고 카페도 칙칙하고..,촌로,2021.02.15.,372
10649,이버맥틴자가임상후기,2019년11월5일부터  꾸준하게~,헤라,2021.02.15.,998
10650,정보 공유,무료 ﻿암용어사전 - 국립암센터에서 발간 2019년. 정확한 용어가 궁금한 선배님들만 보셔요,꿈많은사람,2021.02.15.,254
10651,설금홍,글루타민 분해 표적화,설금홍,2021.02.15.,264
10652,자유게시판,이버복용,건강찾기,2021.02.15.,294
10654,질문과 대답(QnA),메트포르민 제품중에서 어떤 제조사가 좋을까요?,믿음안에서,2021.02.15.,266
10656,정보 공유,🎈 미국국립암연구소 약물 사전 NCI Drug Dictionary 에 이것들이 있을까요 없을까요 ❓ 궁금하시면 클릭🖱️ - 충격적인 것 발견,꿈많은사람,2021.02.15.,397
10657,자유게시판,제 위 사진입니다.,덤앤더머,2021.02.15.,524
10658,자유게시판,비소편평상피폐암님께...,촌로,2021.02.15.,275
10660,정보 공유,니타조사나이드 항암효과,행복나무,2021.02.15.,750
10661,자유게시판,잡곡밥 몇가지가 좋으며 어떻게 궁합을 맞춰서 하면 좋을까요. 잡곡밥에 대한 글이 있어서 올려드립니다. .,상대원,2021.02.15.,175
10663,자유게시판,성공적인 항암 치료2.산성 종양 미세 환경 개선,블루벨,2021.02.16.,202
10664,정보 공유,📖 Cracking Cancer Toolkit: Using Repurposed Drugs for Cancer Treatment,꿈많은사람,2021.02.16.,277
10665,자유게시판,파라캅엘정을 먹을때,뚜띵이,2021.02.16.,596
10666,자유게시판,[극복자] 아버지께서 천국에 가셨습니다.,극복자,2021.02.16.,796
10667,자유게시판,안부,헤라,2021.02.16.,89
10668,동영상링크(중요자료),covid-19  -- Ivermectin,투게더투,2021.02.16.,275
10669,육종암,메벤다졸과 니클로사마이드를 구입하고싶습니다,포르포르,2021.02.16.,477
10670,자유게시판,콜라비,분홍앵초,2021.02.16.,305
10671,담비,비소세포폐암_카다모닌_2019년,담비,2021.02.16.,241
10673,자유게시판,신장 수치가 조금 오르셨는데.,솔로몬의 지혜,2021.02.16.,256
10674,자유게시판,드론탈 플러스 이런 약도 있군요.,뚜띵이,2021.02.16.,184
10675,자유게시판,양념 소갈비...,촌로,2021.02.16.,383
10677,자유게시판,염증성 내부출혈로 의심되는 증상으로 진한갈색변이 오래이어지고 급기야 할일없이 졸립고 얼굴에 핏기가 없고 깜짝놀라 병원행 한달전 이야기 입니다..,상대원,2021.02.16.,679
10678,자유게시판,며칠 간의 휴식/ 천사를 만났다.,나이야가라 폐암4기,2021.02.17.,288
10679,자유게시판,여수돌산갓과 콜라비의 만남,분홍앵초,2021.02.17.,283
10680,자유게시판,"잘한것인지 못한것인지, 욕먹을 짓인지 그렇습니다,",임리스트,2021.02.17.,634
10681,자유게시판,안부,헤라,2021.02.17.,99
10682,자유게시판,일반 병원에서 채혈검사 하려고하는데요..,TOSPRING,2021.02.17.,263
10685,자유게시판,임리스트님께^^,촌로,2021.02.17.,325
10686,자유게시판,도와주세여,남자폴,2021.02.17.,459
10687,자유게시판,면접,촌로,2021.02.17.,326
10688,설금홍,이버멕틴의 다양한 항암 효과,설금홍,2021.02.17.,854
10689,자유게시판,메트포르민,남자폴,2021.02.17.,441
10692,자유게시판,당근 어떻게 갈아드시나요?,하나님나라,2021.02.18.,231
10693,자유게시판,안부,헤라,2021.02.18.,67
10694,자유게시판,비취 빛 강릉 앞 바다,kang1104,2021.02.18.,99
10696,자유게시판,이제품 괜찮나여,남자폴,2021.02.18.,197
10697,기생충정보,미세 기생충...암 발병의 원인 (파리장군님 영상),제리호야,2021.02.18.,468
10700,질문과 대답(QnA),피르비늄이 너무 비싸네요,혜통,2021.02.18.,579
10702,자유게시판,이버 구입문의,건강찾기,2021.02.18.,286
10704,기생충정보,야채와 과일속의 기생충 어떻게 해야 할까?,제리호야,2021.02.18.,462
10706,자유게시판,먹거리 쇼핑. 순두부와 가지.,테일러,2021.02.18.,218
10710,자유게시판,도와 주세요....,촌로,2021.02.18.,708
10712,담비,해외사례-재정리02-자궁암,담비,2021.02.18.,185
10713,자유게시판,자색감자와 대장암 줄기세포 (펌),처음부터 시작이다,2021.02.18.,200
10715,질문과 대답(QnA),과민성대장 증후군 효과보신분들 도와주세요,냥꼬센세,2021.02.19.,722
10716,자유게시판,안부,헤라,2021.02.19.,62
10717,자유게시판,커피관장,사랑하는사람들과함께,2021.02.19.,274
10718,자유게시판,피검사 이후...,촌로,2021.02.19.,452
10719,자유게시판,양쪽 발 모두  림프부종이라고  하는데 응급실 가볼까요?,아이스 유방암ㅣ보,2021.02.19.,328
10722,자유게시판,피검사 결과 아무 이상 없다는데요. 왜 다리가 코끼리발처럼 부었을까요?,아이스 유방암ㅣ보,2021.02.19.,583
10723,자유게시판,커피관장용 커피,카페올리,2021.02.19.,438
10724,자유게시판,다리 림프부종에 <소염효소제> 처방 받아왔어요,아이스 유방암ㅣ보,2021.02.19.,183
10726,유방암,차니찌니,자생인,2021.02.19.,565
10727,자유게시판,민들레 뿌리가 위에 좋다는  경험의 소고,덤앤더머,2021.02.19.,481
10729,질문과 대답(QnA),이버멕틴이 뇌혈관장벽을 통과하나요?,일단 살고보자,2021.02.20.,387
10730,유방암,포접,꿀꿀이2,2021.02.20.,527
10731,질문과 대답(QnA),양쪽 다리  림프 부종이,아이스 유방암ㅣ보,2021.02.20.,317
10733,자유게시판,안부,헤라,2021.02.20.,53
10734,질문과 대답(QnA),새벽에 아파서 깰때 공복에도 먹을수 있는 진통제,아이스 유방암ㅣ보,2021.02.20.,377
10735,자유게시판,DCA 오인 비타민 제품 주의 정보,촌로,2021.02.20.,239
10737,질문과 대답(QnA),이베이에서 구입한 이버멕틴인데요.,일단 살고보자,2021.02.20.,417
10738,가입 인사,인사,우어웅,2021.02.20.,97
10739,자유게시판,난소암,우어웅,2021.02.20.,273
10740,자유게시판,몸이 너무 힘들어서 입원했는데요,이프로디테,2021.02.20.,500
10744,자유게시판,새우젓,믹스커피 조와,2021.02.20.,262
10745,자유게시판,새우젓2,촌로,2021.02.20.,694
10746,자유게시판,강화에서 직접 잡아서  새우젓을 만드시는 사장님을 소개해 드립니다.,분홍앵초,2021.02.20.,538
10747,자유게시판,후레디 머큐리 노래 한곡,덤앤더머,2021.02.20.,131
10748,정보 공유,암을 굶기는 치료법/ 프로토콜,나이야가라 폐암4기,2021.02.20.,"1,696"
10749,기타 자가임상 후기,구충제 복용 10개월째,알랑짱구,2021.02.20.,"1,050"
10750,자유게시판,안부,헤라,2021.02.21.,67
10751,질문과 대답(QnA),악액질 때문에 식사를 못하세요.,모든암정복,2021.02.21.,378
10752,정보 공유,니클로사마이드와 펜벤다졸 칵테일 복용시 위험.,나이야가라 폐암4기,2021.02.21.,"1,095"
10753,자유게시판,콜라비 꽁치 찌개.,덤앤더머,2021.02.21.,205
10754,자유게시판,🐔🐓🐣 달걀 구매 중지 권해 드립니다 (예전에 공유드렸던 농장의 달걀 이야기 입니다),니크바드,2021.02.21.,499
10755,자유게시판,메벤다졸 푸가카,Rachael71,2021.02.21.,318
10756,자유게시판,한번씩 읽어보세요. 몸상태 사전징후들 몇 나오네요.,이삭줍기,2021.02.21.,423
10757,질문과 대답(QnA),관장 좋던가요?,혜통,2021.02.21.,340
10758,자유게시판,잘 자라고 있는 보리싹들입니다.,덤앤더머,2021.02.21.,248
10759,자유게시판,트림...,촌로,2021.02.21.,344
10760,질문과 대답(QnA),"메벤다졸 구매하려고 하는데요, 이 사이트 믿을 만한가요?",일단 살고보자,2021.02.21.,498
10761,자유게시판,목욕샤워,양준,2021.02.22.,183
10762,궁을,"책 <좋은균, 나쁜균, 이상한균> 독후감(1)",궁을,2021.02.22.,131
10765,자유게시판,안부,헤라,2021.02.22.,61
10766,질문과 대답(QnA),손톱의 반달이 거의 없어졌어요.,아이스 유방암ㅣ보,2021.02.22.,523
10767,질문과 대답(QnA),타카페에서 판매하는 공동구매 계란이 무항생제라고 해서 샀는데,아이스 유방암ㅣ보,2021.02.22.,247
10768,담비,삼중음성유방암_퀘르세틴_커큐민_2019년,담비,2021.02.22.,189
10770,자유게시판,식용 계면활성제로 구충제 흡수율이 올라갈까요?,혜통,2021.02.22.,224
10772,자유게시판,1년미만 얘기하신.. .분들,미니어리,2021.02.22.,747
10773,설금홍,간암에 커큐민과 총진세노사이드의 항암 효과,설금홍,2021.02.22.,278
10774,자유게시판,새우젓 구매에 대하여....,촌로,2021.02.22.,499
10775,자유게시판,[공유] 회고(자연치유 30개월),소나무처럼,2021.02.22.,418
10776,질문과 대답(QnA),초기 유방암에 이버24미리  알벤1알,진돌이44,2021.02.22.,391
10777,자유게시판,비타민c와 벤다졸,미니어리,2021.02.22.,404
10779,자유게시판,좋아지고 있습니다~~~,제석산,2021.02.22.,418
10780,자유게시판,제가 먹는 맛있는 달걀 소개해요,푸르른마음,2021.02.22.,386
10781,자유게시판,🤚구매중지 글 올렸던 남은 달걀의 일부 실사 입니다,니크바드,2021.02.22.,456
10782,질문과 대답(QnA),이버멕틴,힘내자힘내자,2021.02.22.,422
10784,자유게시판,안부,헤라,2021.02.23.,87
10785,자유게시판,퀘르세틴,촌로,2021.02.23.,546
10788,자유게시판,엄마의 손............,촌로,2021.02.23.,334
10789,설금홍,탈리도마이드는 진행성 간세포 암종의 완전한 관해를 유도합니다,설금홍,2021.02.23.,272
10790,질문과 대답(QnA),항암치료중 변비 해결방법이 없을까요,극복하자아자아자,2021.02.23.,219
10793,자유게시판,암진단 받고 다들 몸에 통증들이 있으셨나요?,이프로디테,2021.02.23.,392
10794,질문과 대답(QnA),구충제로 인한 간 수치 문의,jungmi,2021.02.23.,572
10795,질문과 대답(QnA),급하게 요청드립니다.,그린마일,2021.02.24.,253
10796,가입 인사,가입인사드립니다.,건강최고,2021.02.24.,74
10797,자유게시판,안부,헤라,2021.02.24.,60
10798,자유게시판,저 의사도 아무 것도 아닙니다.,촌로,2021.02.24.,799
10800,질문과 대답(QnA),밀크시슬에 여성호르몬 많을까요?,아이스 유방암ㅣ보,2021.02.24.,327
10801,자유게시판,지금 강화도 새우.추젓이 도착했어요.. 짭쪼름하고. 끝맛은 달콤하고 맛있네요..,상대원,2021.02.24.,368
10803,자유게시판,코로나백신,엄지공주,2021.02.24.,324
10805,회원나눔(공짜는 아닙니다),구충제 나눔,딸부자,2021.02.24.,515
10806,자유게시판,너무나 급한 질문 입니다.,촌로,2021.02.24.,652
10808,궁을,일라이트 3주 복용후기,궁을,2021.02.24.,601
10809,회원나눔(공짜는 아닙니다),추가요,딸부자,2021.02.24.,182
10810,니타조사나이드,니타조사복용후소변장애,chang 오뚜기,2021.02.24.,565
10811,질문과 대답(QnA),코로나 19 예방용 이버는 얼마나 먹어야 할까요?,냥가,2021.02.24.,344
10812,자유게시판,비타민c주사 맞으면 당 올라가나요?,미니어리,2021.02.24.,186
10813,자유게시판,총빌리루빈 수치,미니어리,2021.02.25.,293
10814,자유게시판,안부,헤라,2021.02.25.,76
10815,담비,해외사례-재정리03-유방암-비소세포폐암-대장암,담비,2021.02.25.,203
10816,자유게시판,장항준내과티브암환자들에게희소식,엄지공주,2021.02.25.,526
10819,자유게시판,머가 문제일까요?,힘내자힘내자,2021.02.25.,277
10821,자유게시판,이버멕틴 신경세포 재생촉진 논문,진돌이44,2021.02.25.,313
10823,회원나눔(공짜는 아닙니다),이버맥틴,뚱굴이,2021.02.25.,444
10824,질문과 대답(QnA),흡수력은 니타조사나이드가 최고같은데,진돌이44,2021.02.25.,387
10826,자유게시판,보름나물,믹스커피 조와,2021.02.25.,224
10827,암 호전사례 정보,"[해외호전사례] 2차 유방암 41세 여성 (뼈와 폐전이) , 그리고 다음편 예고, 수술 불가한 교모세포종 지비엠(GBM)",꿈많은사람,2021.02.25.,320
10828,자유게시판,대구면접 .........,촌로,2021.02.25.,351
10829,질문과 대답(QnA),"인도큐어, 인도마트...두 군데 같은 셀러인가요?",일단 살고보자,2021.02.25.,318
10830,자유게시판,간염약,팔라딘,2021.02.26.,101
10831,자유게시판,긴급 호출,나이야가라 폐암4기,2021.02.26.,351
10832,자유게시판,니타조사  저렴하게 팔아주실분 ㅜ,빅토리한,2021.02.26.,188
10833,자유게시판,[책추천] 하루15분 기적의 림프 청소,혜통,2021.02.26.,302
10834,암 호전사례 정보,"[해외호전사례] Kath** 할머니 61세, 47kg, ﻿수술 불가한 교모세포종 뇌암 2018년 9월 진단, 2020년 12월 호전",꿈많은사람,2021.02.26.,308
10835,자유게시판,정월대보름,헤라,2021.02.26.,126
10836,자유게시판,아지스로마이신 독시사이클린 나눔 주실 분계실까요?,수목원,2021.02.26.,217
10837,자유게시판,면접 2,촌로,2021.02.26.,242
10838,유투브방송 링크나눔,어제 일본 tbs 이버멕틴 특집방송,진돌이44,2021.02.26.,567
10839,기타 자가임상 후기,관민성대장증후군 니타조사나이드 후기,냥꼬센세,2021.02.26.,560
10840,암 호전사례 정보,"[해외호전사례] 방금 올라온 2가지 스토리 위주 - 인후암 4기, 유방암 4기 (뼈전이)",꿈많은사람,2021.02.26.,259
10841,자유게시판,멜라토닌 병원 처방,사랑하는사람들과함께,2021.02.26.,340
10842,자유게시판,딸부자님께서 보내주신 약입니다.(감사드립니다.),분홍앵초,2021.02.26.,463
10843,가입 인사,가입인사드립니다.,숭닝이이,2021.02.26.,55
10844,자유게시판,거부기님께 사과드립니다.,분홍앵초,2021.02.26.,291
10845,설금홍,이트라코나졸의 항암 효과,설금홍,2021.02.26.,495
10847,질문과 대답(QnA),고혈압이 아닌데도 인데놀 먹어도 될까요?,아이스 유방암ㅣ보,2021.02.26.,186
10848,질문과 대답(QnA),베이킹소다 먹고 몇 분 후에  레몬즙 먹으면 될까요?,아이스 유방암ㅣ보,2021.02.26.,257
10849,자유게시판,"이버멕틴,니타조사이드 구합니다.",노원쭌이아빠,2021.02.26.,407
10850,자유게시판,포장 다 끝내고,분홍앵초,2021.02.26.,335
10851,자유게시판,면접 마무리..,촌로,2021.02.26.,378
10852,정보 공유,베이킹 소다가 암과 싸우는 데 도움이 될 수 있습니까? (구글 번역),꿈많은사람,2021.02.26.,575
10853,자유게시판,빡시다,믹스커피 조와,2021.02.26.,387
10855,자유게시판,안부,헤라,2021.02.27.,75
10856,회원나눔(공짜는 아닙니다),피라맥스,만점신용kwang7850,2021.02.27.,518
10857,자유게시판,철분제~~~,제석산,2021.02.27.,147
10858,질문과 대답(QnA),어머님 다리가 후들거립니다.,모든암정복,2021.02.27.,258
10859,질문과 대답(QnA),관장을 해도 변이 안나오네요...!!,로즈맨,2021.02.27.,434
10861,설금홍,항암제로서의 시메티딘 정리,설금홍,2021.02.27.,240
10862,질문과 대답(QnA),"2시간 전에 일제 피르비늄 5알 먹엇는데  소화불량, 복통과",아이스 유방암ㅣ보,2021.02.27.,467
10865,자유게시판,씨플라 메벡스 100mg,블루,2021.02.27.,156
10866,자유게시판,항암용 리포조말 비타민C 집에서 제조하기,globica,2021.02.27.,266
10867,자유게시판,눈물비,믹스커피 조와,2021.02.27.,128
10868,자유게시판,남자는말합니다,믹스커피 조와,2021.02.27.,217
10869,자유게시판,테스형  올려드립니다.,덤앤더머,2021.02.27.,175
10870,자유게시판,식용 계면 활성제로 구충제 흡수율이 올라갈까요? -2,혜통,2021.02.27.,167
10871,자유게시판,항암제로써 피라맥스가 최고같은데,진돌이44,2021.02.27.,684
10872,자유게시판,민들레구별,통통멸치,2021.02.27.,313
10873,자유게시판,안부,헤라,2021.02.28.,50
10874,자유게시판,달걀등이 암세포 성장 시킬수 있다는 글 입니다,니크바드,2021.02.28.,463
10875,자유게시판,"다시 재발한줄 알았다면,",미니어리,2021.02.28.,456
10876,자유게시판,채소만으로도 단백질 섭취량 충분할 수 있다,니크바드,2021.02.28.,175
10877,자유게시판,달걀과 육식을 지양해야 하는 이유,니크바드,2021.02.28.,325
10878,자유게시판,촌로님~~~,제석산,2021.02.28.,318
10879,자유게시판,내가 생각하는  채식과 육식,덤앤더머,2021.02.28.,300
10880,질문과 대답(QnA),cbd오일 얼마나 먹어야되나요,미니어리,2021.02.28.,249
10881,질문과 대답(QnA),피르비늄  어제에 이어서 오늘 두번째 먹었는데 속이 괜찮네요.^^,아이스 유방암ㅣ보,2021.02.28.,293
10882,회원나눔(공짜는 아닙니다),장루물품 나눔,천수,2021.02.28.,93
10883,회원나눔(공짜는 아닙니다),한농제약 참숯팩,천수,2021.02.28.,171
10884,회원나눔(공짜는 아닙니다),미쯔이 주열기(일본 오리지널),천수,2021.02.28.,342
10886,자유게시판,나에! 아점식사 매일,믹스커피 조와,2021.02.28.,415
10887,자유게시판,면접 결말,촌로,2021.02.28.,553
10888,설금홍,이트라코나졸의 각종 암에 대한 항암 효과 [종합 정리],설금홍,2021.02.28.,339
10889,질문과 대답(QnA),신촌 새브 고화기내과 교수님...?,뽀미마미,2021.02.28.,234
10890,이버맥틴자가임상후기,섬유근통증후군 이버멕틴 한 달 복용 후기,주주맘샘,2021.02.28.,"1,391"
10891,자유게시판,알로에가 발바닥 갈라진 상처에도 좋네요 ~~,소나무처럼,2021.02.28.,197
10892,질문과 대답(QnA),김치 드시나요? 식단조절중 고민이네요.,weco10,2021.03.01.,213
10893,질문과 대답(QnA),커피관장용 커피는 유효기간이 어찌되나요?,로즈맨,2021.03.01.,207
10894,자유게시판,안부,헤라,2021.03.01.,73
10895,질문과 대답(QnA),세라펩타아제와 구충제를 같이 먹어도 될까요,아이스 유방암ㅣ보,2021.03.01.,424
10897,자유게시판,"코로나 백신 만들어 보급한것처럼,  암 백신도 내년 정도에 만들어 줬으면 좋겠다,",임리스트,2021.03.01.,169
10898,자유게시판,알콤정과 메벤다졸,분홍앵초,2021.03.01.,409
10899,질문과 대답(QnA),[질문] 이버맥틴 고용량 복용시 눈 명현?,혜통,2021.03.01.,567
10900,자유게시판,곰팡이 확실하게 죽이는 약이나 식품이 있나요,바담,2021.03.01.,510
10904,질문과 대답(QnA),메벤다졸복용시..,달에게빌다,2021.03.01.,333
10905,자유게시판,목초액드시는분~~,뱃살공주,2021.03.01.,172
10906,자유게시판,비도오고 마음  울적~~~,제석산,2021.03.01.,187
10907,자유게시판,인도 이버멕틴.....현지인 직구로 할인 구매하세요^^,제리호야,2021.03.01.,628
10908,자유게시판,소금,믹스커피 조와,2021.03.01.,491
10909,질문과 대답(QnA),베트남에서 구충제를 택배로 보낼 수 있나요?,목은,2021.03.01.,261
10910,질문과 대답(QnA),복막중피종 어머니 복용량 문의드립니다,희망이 있다,2021.03.01.,210
10911,질문과 대답(QnA),암환자 아닌 일반인인 경우에 비타민 C 를 파우더로 복용하시나요?,아이스 유방암ㅣ보,2021.03.01.,332
10912,자유게시판,암치료의 길..,넌이미 완치되었다,2021.03.01.,574
10913,자유게시판,야채는   꼭 먹어야하는 음식입니다.,분홍앵초,2021.03.01.,486
10914,자유게시판,설사,엄지공주,2021.03.01.,279
10916,자유게시판,안부,헤라,2021.03.02.,78
10917,자유게시판,구충이나 만성병의치료 암의치료도 바이오필름 의 제거와 칸디다균의 제거가 우선되야 하지않을까요..,상대원,2021.03.02.,645
10918,담비,두경부암_아세타졸아미드_시스플라틴_병용_2020년,담비,2021.03.02.,95
10919,질문과 대답(QnA),변비가 해결이 안되네요..ㅠ,로즈맨,2021.03.02.,434
10920,자유게시판,삼겹살 먹고있습니다,믹스커피 조와,2021.03.02.,255
10921,자유게시판,바이오필름 제거 약.. 그리고 코알라님의 글 복사해서 붙여 넣었습니다.,촌로,2021.03.02.,994
10922,질문과 대답(QnA),구충제는 공복에 먹는게 제일 효과 좋을까요? 식후에 먹으면 어떤가요?,아이스 유방암ㅣ보,2021.03.02.,"1,001"
10923,질문과 대답(QnA),장이 막혔다네요,로즈맨,2021.03.02.,447
10924,자유게시판,우체국에 다녀왔습니다.,분홍앵초,2021.03.02.,366
10927,비타민 C,"항암용 ""비타민C 메가도스 (리포조말VC 직접제조)"" 전자책 무료 배포",globica,2021.03.02.,234
10928,자유게시판,"항암용 ""비타민C 메가도스 (리포조말VC 직접제조)"" 전자책 무료 배포",globica,2021.03.02.,531
10930,자유게시판,운동으로 인한 근육통도 항암 부작용일까요?,소나무처럼,2021.03.02.,182
10932,질문과 대답(QnA),간기능검사,바담,2021.03.02.,272
10933,자유게시판,강아지 피부곰팡이균 이거 혹시 치료해보신 분 계신가요?,봄맞이행운,2021.03.02.,261
10935,자유게시판,안부,헤라,2021.03.03.,77
10936,질문과 대답(QnA),생소한 단어라 문의드립니다,yusteel,2021.03.03.,221
10937,자유게시판,서울성모병원 응급실에왔습니다.,로즈맨,2021.03.03.,486
10938,자유게시판,감사합니다 . 분홍앵초님,테일러,2021.03.03.,274
10939,가입 인사,가입 인사드립니다.,소리03,2021.03.03.,81
10940,가입 인사,안녕하세요 가입인사드립니다~,천사유하맘,2021.03.03.,174
10942,질문과 대답(QnA),다이오프증상 문의?,로즈맨,2021.03.03.,713
10943,자유게시판,알벤 나눔,믹스커피 조와,2021.03.03.,261
10944,회원나눔(공짜는 아닙니다),메벤다졸500mg 150정 구합니다~!,수목원,2021.03.03.,384
10945,질문과 대답(QnA),몸진동 떨림 현상,바담,2021.03.03.,542
10946,비타민 C,리포조말 비타민C(DR. MERCOLA)의 상태?,로사장,2021.03.03.,349
10947,암 호전사례 정보,"[해외호전사례] 전립선암 4기, 요도암 2기, 대장암 4기 간단버전 (기록 목적)",꿈많은사람,2021.03.03.,274
10948,자유게시판,대사치료 선택영양제 리스트 퍼옴~,촌로,2021.03.03.,940
10951,자유게시판,안부,헤라,2021.03.04.,72
10952,궁을,옛날농법과 탄소순환농법,궁을,2021.03.04.,125
10953,정보 공유,암의 특징 ; 차세대,나이야가라 폐암4기,2021.03.04.,317
10954,자유게시판,서울 다녀온 후기,로즈맨,2021.03.04.,434
10955,자유게시판,일본 간판 주간지 주간신조 이버멕틴특집,진돌이44,2021.03.04.,378
10957,자유게시판,점심..........,촌로,2021.03.04.,337
10958,자유게시판,남자들의 목소리가 너무 아름다워요.,분홍앵초,2021.03.04.,245
10959,자유게시판,소다,믹스커피 조와,2021.03.04.,224
10960,자유게시판,"다행이도, 수액이라도 맞으니 좀 수다를 떠네요. 감사합니다 🙏😁🤞",꿈많은사람,2021.03.04.,230
10961,설금홍,암의 전이를 억제하는 약-엑소좀 억제제,설금홍,2021.03.04.,342
10962,자유게시판,대장의 역활과 변비를 예방하기,상대원,2021.03.04.,256
10963,질문과 대답(QnA),췌장암 구충제 섭취 후 설사?,미즈밥,2021.03.04.,293
10964,자유게시판,내몸에 기생충이 있을때 나타나는 증상,상대원,2021.03.04.,519
10965,자유게시판,주말에 보다가 ..재밌기도 하고 ..웃으시라고 올려봅니다.  개탈을 사람이 쓴거 아닐까 ? 그런생각이 들어요!,이삭줍기,2021.03.04.,211
10966,질문과 대답(QnA),원인모르는 만성두통,율이아빠,2021.03.04.,389
10967,자유게시판,변비에는  어떤게 좋은가요?,건강찾기,2021.03.04.,404
10968,자유게시판,미스트롯2 누가 우승할까요?,분홍앵초,2021.03.04.,235
10970,자유게시판,커피관장,엄지공주,2021.03.05.,302
10971,자유게시판,안부,헤라,2021.03.05.,49
10972,자유게시판,이거 변에 다량 박혀나왔어요(사진 있음),바로생각언릉,2021.03.05.,508
10973,자유게시판,좋은 방법이라는 생각에 올립니다.,하늘별섬,2021.03.05.,365
10974,가입 인사,안녕하세요,문리버,2021.03.05.,86
10975,자유게시판,오른쪽배누루면통증,믹스커피 조와,2021.03.05.,270
10976,자유게시판,그동안  카페에서 커피관장건으로 도움 주시던 닉네임 까페올리 님의  배우자께서  오늘 새벽에  영면 하셨습니다.,썬바라기,2021.03.05.,753
10977,질문과 대답(QnA),알벤다졸 복용 후 피검,소담씨,2021.03.05.,505
10978,자유게시판,간암에도 면역항암제쓸수있도록 보험적용해주세요. 청원동의 부탁드려요.,꽈자1748,2021.03.05.,123
10979,자유게시판,조문,믹스커피 조와,2021.03.05.,246
10980,담비,해외사례-재정리04-대장암-전립선암-비소세포폐암-소세포폐암,담비,2021.03.05.,169
10981,자유게시판,제 동생이 하늘 나라로 갔습니다.,우후죽순,2021.03.05.,"1,323"
10982,기타 자가임상 후기,남해 육각 선인장 복용 후기,혜통,2021.03.05.,"2,641"
10983,자유게시판,억울합니다. 읽어봐주세요,엄지공주,2021.03.05.,798
10986,질문과 대답(QnA),복수차는데 구충제나 식품 약 등 추천부탁드려요,혜통,2021.03.05.,434
10987,자유게시판,악액질에도 효과가 있을지도...,촌로,2021.03.05.,406
10988,궁을,유기농이 무너져 내린다,궁을,2021.03.05.,432
10989,정보 공유,"정말 꿈의 항암제 일까요? 3-4년 전에 기사가 다시 최신인것 처럼 현혹하는군요, 절대 부작용은 안 알려주지요...",신풍생각,2021.03.06.,608
10990,정보 공유,"4세대 항암제가 우리가 복용하는 있는 것입니다... 1,2,3세대 항암제가 문제가 있으니까 4세대란 말이 나왔겠지요",신풍생각,2021.03.06.,521
10991,기타 자가임상 후기,혹시 b형간염으로  니타조사나이드 복용후...,뚜버기10,2021.03.06.,451
10992,자유게시판,안부,헤라,2021.03.06.,82
10994,자유게시판,초음파 세척기 없는 항암용 리포조말 비타민씨 제조,혜통,2021.03.06.,263
10995,정보 공유,How to starve cancer // 번역본,나이야가라 폐암4기,2021.03.06.,181
10997,자유게시판,브루스주스나 야채건조분말 드시는분 있나요?,미니어리,2021.03.06.,182
10998,정보 공유,서금요법(수지침)에서 암을 보는 견해,혜통,2021.03.06.,176
11000,자유게시판,악액질에 관하여...,촌로,2021.03.06.,401
11001,자유게시판,추천 운동 세가지,제리호야,2021.03.06.,296
11002,자유게시판,재발 소견 ㅜㅜ,루나틱,2021.03.06.,701
11003,자유게시판,울진 아웃 그리고 취업,촌로,2021.03.06.,464
11004,자유게시판,골뱅이 초석잠 판매 ^^,머름골농장봉화,2021.03.06.,241
11005,질문과 대답(QnA),키스칼리정 ?  유방암 쪽에 이약 써보신분 계신가요?,노원쭌이아빠,2021.03.07.,187
11008,자유게시판,안부,헤라,2021.03.07.,108
11011,자유게시판,겉절이  조심하세요.,덤앤더머,2021.03.07.,564
11012,자유게시판,대천 숙소 ........,촌로,2021.03.07.,428
11013,자유게시판,말해 모해!   아모르파티... ! 김연자 노래 입니다.,덤앤더머,2021.03.07.,82
11014,자유게시판,[공유] 김치와 미생물. 잘익은 김치는 유산균덩어리 김치가 쉬기시작하면 유산균은 급격히 감소한다네요.,상대원,2021.03.07.,185
11017,자유게시판,내꺼아닌 내꺼 같은 고양이,하늘별섬,2021.03.07.,227
11018,자유게시판,가려움,믹스커피 조와,2021.03.07.,306
11019,자유게시판,통후추 드시는분 계시나요?,넌이미 완치되었다,2021.03.08.,243
11020,기생충정보,디스토시드정(프라지콴텔) 드디어 복용했어요..,신풍생각,2021.03.08.,"1,120"
11021,자유게시판,겉절이 ㅡ 바로 드시는 건  그냥 드셔도 됩니다.,덤앤더머,2021.03.08.,285
11022,자유게시판,안부,헤라,2021.03.08.,84
11023,질문과 대답(QnA),여러분 이시라면,촌로,2021.03.08.,494
11024,자유게시판,오메가3  부작용,상대원,2021.03.08.,245
11025,판매자 신청,국산 이버멕틴 팔아요..,푸르름10,2021.03.08.,393
11026,자유게시판,프로바이오틱스: 부작용 . 흔하지않지만 이런증상이 있다고합니다.,상대원,2021.03.08.,252
11029,설금홍,알려진 모든 암의 특징은 NF-κB 활성화와 관련이 있다,설금홍,2021.03.08.,314
11030,자유게시판,나물 반찬 쉽게 해먹기...,덤앤더머,2021.03.08.,341
11031,자유게시판,zinc 도착.,테일러,2021.03.08.,305
11032,질문과 대답(QnA),"셀례늄 어떤건지,",미니어리,2021.03.08.,191
11033,자유게시판,에휴..먹걸이...스트레스..이런거 막 신경쓰다가도...,하늘별섬,2021.03.08.,446
11034,질문과 대답(QnA),항암 휴유증. 손.발 저림과 감각 둔화,소곱친구,2021.03.08.,307
11035,자유게시판,메트포르민 여유분이 있어 글을 올리게 되었습니다,All Bright,2021.03.08.,360
11036,자유게시판,안부글입니다.,묘주,2021.03.08.,247
11037,자유게시판,눈에서번쩍번쩍,엄지공주,2021.03.09.,378
11040,자유게시판,안부,헤라,2021.03.09.,59
11041,자유게시판,항암제의 부작용 일본인의사들이 항암제를 보는생각 10%의사람들에게만 효과가있고....,상대원,2021.03.09.,167
11042,자유게시판,일본인 의사의 충격적인 고백.,상대원,2021.03.09.,330
11043,자유게시판,암.전문의사의 고백 시한부 3개월은 거짓말이다.,상대원,2021.03.09.,594
11044,담비,대장암_바이칼레인_2020년,담비,2021.03.09.,131
11045,자유게시판,암치병의 시간,바담,2021.03.09.,265
11046,질문과 대답(QnA),펜벤다졸 파나쿠어 구입 방법,우리아빠완치하자,2021.03.09.,433
11048,질문과 대답(QnA),메트포르민 약을 구입했습니다,믿음안에서,2021.03.09.,464
11049,자유게시판,병원결과가 나왔네요,로즈맨,2021.03.09.,660
11050,자유게시판,"일본에 다가올 지진이야기입니다. 요즘 계속 일본은 지진이 아주 큰지진이 나고 있어요,",분홍앵초,2021.03.09.,447
11051,자유게시판,이런경우엔 어떻게 어떤말로 위로를 해드려야 하나요.,상대원,2021.03.09.,333
11052,질문과 대답(QnA),니타조사나이드 복용 후 안과관련질병 악화되신 분 계세요?,혜쮸,2021.03.09.,357
11053,자유게시판,"외계문명관련 전자책 ""판도라 3.0"" 무료배포",globica,2021.03.09.,116
11054,질문과 대답(QnA),직장 절제 부위 윗쪽이 오동토동 부어 장폐색이 왔습니다,찬란한 태양,2021.03.09.,242
11055,질문과 대답(QnA),pet ct 수분섭취,진돌이44,2021.03.09.,153
11057,질문과 대답(QnA),nucleated rbc수치 아시는분 계실까요,혜쮸,2021.03.09.,238
11058,암 호전사례 정보,"[해외호전사례] 방금 올라온 글- ﻿샘낭암종 ﻿adenoid cystic carcinoma, ACC , ﻿Yvon**님의 엄마",꿈많은사람,2021.03.09.,229
11059,정보 공유,밤에 빛에 자신을 노출시키면 멜라토닌 생성이 차단되고 암의 위험이 높아집니다. (펌) 그리고 작성자 썰,꿈많은사람,2021.03.09.,312
11061,이버맥틴,이버멕틴 복용후 증상에 대해서,소나무처럼,2021.03.09.,"1,070"
11062,자유게시판,위염 좋아지는법 있을까요,미니어리,2021.03.09.,363
11063,자유게시판,암 전이 차단하는 종양 기저막 특성 발견,안평골 Jcabukyung,2021.03.10.,360
11064,자유게시판,회원분께서 올려주셨던 글을 다시한번 올려드려요. (암에 대한 일본의사의 견해입니다),상대원,2021.03.10.,238
11065,정보 공유,How To Starve Cancer / 번역본,나이야가라 폐암4기,2021.03.10.,267
11066,질문과 대답(QnA),염증제거 구충제 등이 있습니까,찬란한 태양,2021.03.10.,479
11069,자유게시판,안부,헤라,2021.03.10.,99
11070,자유게시판,구충제와 진통제 같이 복용하면,hairu4457,2021.03.10.,335
11071,자유게시판,혹시 펜벤다졸 이제품 아시는분~?,힘내자님,2021.03.10.,340
11072,자유게시판,암세포가 자살한다,엄지공주,2021.03.10.,626
11073,자유게시판,몸이 너무 아프네요,이프로디테,2021.03.10.,301
11074,정보 공유,"기존에 알고 있던 항암에 작용하는 오프라벨 약들로 부족하신가요? 여기 더 있습니다- 전문가 버전, 일반버전은 작성자 썰 참고",꿈많은사람,2021.03.10.,238
11075,자유게시판,글램핑 안좋을까요?,미니어리,2021.03.10.,191
11077,질문과 대답(QnA),엄마가 구토를 하셔요.,희망이 있다,2021.03.10.,323
11079,만성간염,항생제의 일종인 니타족사니드(nitazoxanide)는 HIV와 HBV 또는 HCV가 감염된 환자의 설사병을 치료하다가 우연히 HBV와 HCV에 효과가 있음을 발견한 약제다.-- 2015년 기사..,신풍생각,2021.03.10.,366
11080,만성간염,연구팀은 항기생충약 ‘니타족사나이드(nitazoxanide)’에서 바이러스 증식을 억제할 뿐만 아니라 줄이는 효과가 있는 것을 확인했다고 한다.,신풍생각,2021.03.10.,369
11081,정보 공유,암이 치료되는 결정적 원리--  (자연치료도 기한이 있다.. 이 말에 공감이됩니다..),신풍생각,2021.03.10.,610
11082,정보 공유,코로나가 1년이상 지속되고 이제 백신도 나왔는데 그동안 어떻게 지냈셨어요..,신풍생각,2021.03.10.,420
11084,정보 공유,해외 펜벤다졸 제품 정보 - 조티펜스 페이스북에서 그리고 기타 정보,꿈많은사람,2021.03.10.,257
11085,자유게시판,얼마나 좋아졌는지는. . 알수없지만. .,미니어리,2021.03.10.,634
11086,자유게시판,저가 중국산김치의 정체 ?,이삭줍기,2021.03.11.,296
11088,자유게시판,안부,헤라,2021.03.11.,76
11090,자유게시판,소금과 물이 부족하면 나타나는 증상들,덤앤더머,2021.03.11.,439
11091,자유게시판,알약을 먹기 힘드신 분들이나. 갑상선에 이상이 있으신 분들은 이렇게 드세요.【 목 넘김이 불편하신 분들】,상대원,2021.03.11.,420
11092,자유게시판,수돗물.정수기에서 하얀먼지.석회같은게,시골향기,2021.03.11.,300
11095,설금홍,인간 교모세포종에 니클로사미드와 테모졸로미드의 결합 효과,설금홍,2021.03.11.,279
11097,자유게시판,암환자는암으로죽는게아니라굶어죽는다,chang 오뚜기,2021.03.11.,668
11098,자유게시판,암의 재발에 관하여 글을 쓰게된이유.,상대원,2021.03.11.,573
11099,자유게시판,잘먹야 암이낫는다,믹스커피 조와,2021.03.11.,516
11100,자유게시판,아주 오랜만에 들렸습니다.~,촌로,2021.03.11.,388
11101,자유게시판,EBS 한국기행 출연 방송,건강장수1,2021.03.11.,313
11102,자유게시판,항산화제가 안좋다는데ㅠ,미니어리,2021.03.11.,477
11104,자유게시판,안부,헤라,2021.03.12.,74
11105,정보 공유,근감소증 및 살빠지는 문제 임시 해결 방편 (촌로님께 댓글로 추천드린 임시 방법입니다),코알라의 고향,2021.03.12.,666
11106,자유게시판,대천 이사 정리 완결..,촌로,2021.03.12.,372
11107,설금홍,"뇌암(교모세포종, 신경교종) 치료를 위한 대체 약물 종합",설금홍,2021.03.12.,263
11108,자유게시판,미역귀 효능  - 퍼옴. 항암에도 매우 좋다는군요.,덤앤더머,2021.03.12.,360
11110,기타 자가임상 후기,B형 만성간염 니타조사나이드 복용 13개월 복용후기,꾸라꾸라,2021.03.12.,"1,077"
11112,정보 공유,여러 용도변경약물 데이터베이스들 에서 교집합 찾기 - 영문 - 공부를 오래 하고 싶으신분만 보세요.,꿈많은사람,2021.03.12.,446
11113,자유게시판,동네 근처 마트에...,촌로,2021.03.12.,398
11114,자유게시판,수제 샤프 수집...,zzangtwo,2021.03.12.,366
11115,자유게시판,귀촌 담틀집 견학 방문,건강장수1,2021.03.12.,203
11117,정보 공유,"암치료에 효과가 있는 29개 공통 용도변경약물들 리스트 - 암치료 공부 많이 하실분만 보세요. 보기만 해도 머리 아픔, 단 가슴은 뜀!",꿈많은사람,2021.03.12.,843
11119,자유게시판,암환자와생선회,믹스커피 조와,2021.03.13.,429
11120,자유게시판,안부,헤라,2021.03.13.,127
11121,자유게시판,암환자 고압산소치료에 대한 의문점,넌이미 완치되었다,2021.03.13.,328
11122,담비,해외사례-재정리05-유방암-대장암-췌장암,담비,2021.03.13.,251
11125,자유게시판,착한생명님만 보시면 됩니다.,촌로,2021.03.13.,358
11126,질문과 대답(QnA),글이 굉장히 길어요 인내심 강한 분만 보시기를.....,촌로,2021.03.13.,681
11127,질문과 대답(QnA),대장암에는  어떤구충제를?,건강찾기,2021.03.13.,458
11131,자유게시판,급하게찾으려니 손이 떨려서요,뱃살공주,2021.03.13.,813
11132,암 호전사례 정보,[해외호전사례] ❤️ 미국 위암 4기 자세한 버전의 Car**님 남편의 후속편 - ﻿NO EVIDENCE OF ACTIVE CANCER,꿈많은사람,2021.03.14.,269
11133,자유게시판,안부,헤라,2021.03.14.,95
11135,자유게시판,우벤자임과 구충제 동시복용은 어떻게 생각하세요?,근원,2021.03.14.,171
11137,자유게시판,미나리씻은물,믹스커피 조와,2021.03.14.,473
11138,자유게시판,먹을거에 아직은 자유로운나,믹스커피 조와,2021.03.14.,382
11139,자유게시판,이버 12mg 구할수있을까요  .,미니어리,2021.03.14.,314
11140,자유게시판,암 재발과 전이가 일어나는 이유! ( 산처럼님 질문에 대한 의견 포함 ),코알라의 고향,2021.03.14.,845
11141,자유게시판,이버 12mg 혹시 필요하신분 계신가요?,홍시,2021.03.14.,235
11142,정보 공유,약의 형태로 경구형 (먹는형)만 존재 할 것이라 생각했는데요. 다른 형태로 몸에 흡수 되게 할수있는 방법 그리고 해외에서 시도 하는 예 - 기록 목적,꿈많은사람,2021.03.14.,355
11143,질문과 대답(QnA),carming님 근황 아시는분 계시는지요..,바담,2021.03.14.,480
11145,자유게시판,안부,헤라,2021.03.15.,86
11147,자유게시판,안타까운 소식을 전해야겠네요!!,로즈맨,2021.03.15.,"1,035"
11148,자유게시판,디스토시트 여유있으시분 계실까요(구매했습니다 감사합니다),곰지,2021.03.15.,119
11149,자유게시판,우리의몸을 릴랙스하게,엄지공주,2021.03.15.,198
11150,자유게시판,머위,믹스커피 조와,2021.03.15.,260
11151,자유게시판,샴프,믹스커피 조와,2021.03.15.,142
11154,자유게시판,아놔..가루들...,하늘별섬,2021.03.15.,333
11155,질문과 대답(QnA),여러분께 질문이 있습니다. 투표를 ...........,촌로,2021.03.15.,466
11156,자유게시판,단백질.....몸보신,촌로,2021.03.15.,404
11157,암 호전사례 정보,"[해외호전사례] 또는 펜벤다졸 다른 복용법들 - 간단 버전 - 2개 긴가 민가, 2개는 호전 (대장암 4기 포함)",꿈많은사람,2021.03.15.,477
11158,질문과 대답(QnA),구충제 요법 기름의 장단점,바담,2021.03.15.,309
11159,자유게시판,플루벤다졸.구합니다,미니어리,2021.03.16.,276
11161,자유게시판,안부,헤라,2021.03.16.,85
11162,설금홍,이버멕틴 부작용 종합과 고용량 안정성에 관한 자료,설금홍,2021.03.16.,808
11163,궁을,자연재배 월동시금치 판매합니다,궁을,2021.03.16.,261
11164,자유게시판,어머니는 짜장면이 싫다고 하셨어....,촌로,2021.03.16.,311
11165,자유게시판,민들레,이삭줍기,2021.03.16.,277
11167,자유게시판,구충제 찾는데 도움이 될까 싶어서 올립니다,하늘별섬,2021.03.16.,490
11168,자유게시판,육회 ~~너무 먹고싶은데,미뚱이,2021.03.16.,304
11171,자유게시판,안부,헤라,2021.03.17.,85
11174,담비,신장암_호노키올_라파마이신_2020년,담비,2021.03.17.,121
11175,자유게시판,어느 중국인의 만행~!,분홍앵초,2021.03.17.,344
11177,자유게시판,사랑스런 일상.,냥가,2021.03.17.,171
11178,자유게시판,촌로님과 Usome님께 어울릴듯 합니다,냥가,2021.03.17.,353
11181,질문과 대답(QnA),설사 자주나옵니다. 약을줄여야될까요?,모든암정복,2021.03.17.,441
11182,자유게시판,너는 내것님이 말씀 하시던 지칭개의 항암 효능 ..!,이삭줍기,2021.03.17.,311
11184,자유게시판,안부,헤라,2021.03.18.,111
11185,유투브방송 링크나눔,강황,통통멸치,2021.03.18.,274
11186,자유게시판,주혈 흡충을 제거하는 대표적 약은 무엇일까요?,테일러,2021.03.18.,761
11189,암 호전사례 정보,"[해외호전사례]  미국 할아버지 폐암 3B 기 선종 Adenocarcinoma , 종격동 림프절 전이 - 나름 자세한 복용법",꿈많은사람,2021.03.18.,364
11190,자유게시판,먹고 살려고..살려고 먹는?,촌로,2021.03.18.,275
11191,자유게시판,천연발효효소식초 담금 완료,건강장수1,2021.03.18.,118
11192,자유게시판,군고구마 어디까지 드셔 보셨나요?,수국이 있는 풍경,2021.03.18.,297
11193,정보 공유,암환자가 드시면 좋은차 ㅡ황차,행복나무,2021.03.18.,268
11194,가입 인사,안녕하세요,용자83,2021.03.19.,198
11196,자유게시판,안부,헤라,2021.03.19.,67
11197,이버맥틴자가임상후기,이버멕틴 한 달 복용 후 혈액검사 결과,주주맘샘,2021.03.19.,"1,294"
11198,자유게시판,위통,엄지공주,2021.03.19.,143
11199,질문과 대답(QnA),제가 먹는 것들 자세히 봐주시고 조언을..,촌로,2021.03.19.,492
11200,자유게시판,굴 조심이 드세요 옛날 뉴스영상,시그널,2021.03.19.,222
11202,자유게시판,암환자 도움 센터들 정보 전화번호 공유해요,헤븐리 힐링,2021.03.19.,156
11203,자유게시판,귀한 것을 보내 주심에 감사를...,촌로,2021.03.19.,385
11205,자유게시판,방광,믹스커피 조와,2021.03.19.,291
11206,설금홍,스트레스로 인한 암 진행을 막는 심장약-프로프라놀올(=인데놀),설금홍,2021.03.19.,294
11207,질문과 대답(QnA),대장암 결과 나오는 기간?,용자83,2021.03.19.,231
11209,정보 공유,설금홍님 이 글 확인 좀 해주시와요~,촌로,2021.03.19.,618
11210,자유게시판,나는자연인이다 이정석씨 해발800 청정자연 주목나무 군락지,건강장수1,2021.03.19.,296
11211,질문과 대답(QnA),단식 중 알벤다졸?,용자83,2021.03.20.,304
11213,자유게시판,안부,헤라,2021.03.20.,69
11214,질문과 대답(QnA),구충요법 진퇴양난,바담,2021.03.20.,613
11215,담비,해외사례-재정리06-유방암-전립선암-호지킨림프종-췌장암,담비,2021.03.20.,172
11216,자유게시판,"백신, 맞아야 하나 말아야 하나?",덤앤더머,2021.03.20.,403
11217,질문과 대답(QnA),방광에 좋은 구충제 ?,이전처럼지내자,2021.03.20.,243
11218,설금홍,촌로님처럼 트립토판 보충제 혹시 드시나요?,설금홍,2021.03.20.,286
11219,자유게시판,단백질 효소가 어떤 질병에 좋은지 캪처 이미지,시그널,2021.03.20.,271
11221,자유게시판,등잔밑이 어두웠습니다.(정정: 천일염이 아니라 꽃소금이네요),하늘별섬,2021.03.20.,709
11224,가입 인사,가입했어요,엄마무탈하게건강하게,2021.03.20.,95
11225,자유게시판,"묵호항 서핑, 복어와 참가자미회, 대게 여행",건강장수1,2021.03.20.,139
11227,질문과 대답(QnA),이버멕틴 연고 어디서 구입할수 있을까요?,노원쭌이아빠,2021.03.20.,367
11230,자유게시판,안부,헤라,2021.03.21.,68
11231,자유게시판,[공유] 안녕하세요,mh327676,2021.03.21.,100
11232,자유게시판,암환자 Bcaa 섭취에 대해서..,넌이미 완치되었다,2021.03.21.,157
11234,자유게시판,내성...무섭져...,하늘별섬,2021.03.21.,609
11235,정보 공유,"고기 먹기가 고역스러운 암환자 들이나 채식 주의자들, 채식만으로도 인체 단백질 섭취 극대화 시키는 해결방안 !",코알라의 고향,2021.03.21.,882
11236,가입 인사,명품,명품,2021.03.21.,203
11237,암 호전사례 정보,"[해외호전사례] 50~60대 미국 멕시코 이민자 아주머니 대장암 4기, 여명 1년, 방사선과 항암 포기, 왜냐면 보다 나은 삶을 위해서. 그 과정은 이렇습니다. 조티펜스의 프로토콜",꿈많은사람,2021.03.21.,497
11238,자유게시판,군산 휴계소에서,촌로,2021.03.21.,377
11239,자유게시판,안부,헤라,2021.03.22.,85
11240,자유게시판,먹어서 병을 이기는 법,수국이 있는 풍경,2021.03.22.,288
11241,질문과 대답(QnA),간염과 구충제,바담,2021.03.22.,481
11242,질문과 대답(QnA),펜벤 용량,건강찾기,2021.03.22.,249
11243,자유게시판,단백질(동물성과 식물성차이),sunin4680,2021.03.22.,233
11245,자유게시판,폐암..이제 도세탁셀로 바꾸게 되었습니다. 구충제 해보려구요,우상과 이성,2021.03.22.,252
11247,가입 인사,반갑습니다.,웃음천사,2021.03.22.,74
11248,정보 공유,하늘 별섬님 울트라 짱 ! 공캡슐이 두가지 문제를 해결했어요. 그리고 하나 더  +,꿈많은사람,2021.03.22.,213
11251,자유게시판,식사는 이정도는   ....,분홍앵초,2021.03.22.,467
11252,기타 자가임상 후기,항상 단백질 걱정이였는데,푸르른마음,2021.03.22.,463
11253,자유게시판,기능의학,주윤발,2021.03.22.,173
11254,질문과 대답(QnA),펜벤먹고 각종검사 하기 괜찮을까요..,바담,2021.03.22.,227
11255,자유게시판,대단한    식물 (고추모종) 의   생명력.^^♡,머름골농장봉화,2021.03.22.,136
11256,자유게시판,기생충약에 대한 스쳐가는 생각,혀니,2021.03.22.,368
11257,자유게시판,이벤트할인,주윤발,2021.03.22.,191
11259,자유게시판,먹는 것에 대한 푸념...,촌로,2021.03.23.,448
11260,자유게시판,안부,헤라,2021.03.23.,73
11263,담비,전립선암_이미프라민_2020년,담비,2021.03.23.,115
11267,자유게시판,촌로님에 이어 나도 꿈꿀한 이야기,하늘별섬,2021.03.23.,314
11268,자유게시판,🍀 토마토 식이 다시 시작 했습니다 🍀,니크바드,2021.03.23.,228
11269,자유게시판,🌳한달에 한번 미네랄솔트로 장청소🌳,니크바드,2021.03.23.,289
11271,자유게시판,대사약물 처방 가능한 의사명단.,촌로,2021.03.23.,295
11273,자유게시판,많이 안좋아지고잇을때. .,미니어리,2021.03.23.,422
11274,자유게시판,안구충혈 혹은 눈세균 감염관련 물어볼께요~~,봄맞이행운,2021.03.23.,285
11275,자유게시판,이제는 먹어야 겠다.,촌로,2021.03.23.,454
11276,자유게시판,천연발효효소식초와 된장 담금,건강장수1,2021.03.23.,150
11277,암 호전사례 정보,"[해외호전사례] Lara** 남편, 61세, 교모세포종 Glioblastoma GBM, 제인 대사치료 프로토콜 엑셀 파일 그리고",꿈많은사람,2021.03.23.,345
11279,질문과 대답(QnA),암 진단은 어떻게 하나요?,용자83,2021.03.24.,334
11280,자유게시판,안부,헤라,2021.03.24.,44
11281,가입 인사,안녕하세요,모모쓰리,2021.03.24.,121
11282,만성질환자가임상나누기,안녕하세요~^^ 처음 글을 쓰는데 여쭙고싶은게...,모두부자되세요,2021.03.24.,390
11283,자유게시판,피르비늄 필요하신분,엄지공주,2021.03.24.,324
11284,동영상링크(중요자료),검진결과  1년후에 오랍니다,헤라,2021.03.24.,689
11287,자유게시판,형제 자매님들 ..트리클라 ( 벤다졸 ) 구충제는 어디에서 파나요???,테일러,2021.03.24.,819
11288,자유게시판,🌳 식도암 자연치유로 극복중이신 분의 치유기를 통해 절박하신 분들께 희망이 되시길 바라여  공유 합니다 ~,니크바드,2021.03.24.,285
11289,자유게시판,다시 한번 읽으셔도 좋은 내용이라  올려 드립니다.,분홍앵초,2021.03.24.,573
11295,자유게시판,완료되었습니다,asdasdrwg,2021.03.24.,269
11297,자유게시판,사람에게 암을 옮기는 기생충이 있다,하늘별섬,2021.03.25.,316
11298,자유게시판,빡시다,믹스커피 조와,2021.03.25.,264
11301,자유게시판,암이든 아니든 각자 조심하세요.,하늘별섬,2021.03.25.,370
11302,자유게시판,안부,헤라,2021.03.25.,62
11303,정보 공유,암이 직접적이든 간접적이든 전염병(주관적 해석임)인 이유와 특히 암환자 수혈 조심하세요 !,코알라의 고향,2021.03.25.,519
11305,설금홍,암은 전염병이 아닙니다.,설금홍,2021.03.25.,462
11307,자유게시판,전염병과. 전염의 차이점,분홍앵초,2021.03.25.,271
11308,설금홍,암의 특징과 종양미세환경,설금홍,2021.03.25.,183
11310,암 호전사례 정보,"[해외호전사례] 이탈리아 67세 남자, 위암 4기 복막 전이, 전립선 전이까지, 방금 올라온거라 급해서 간단하게. 펜벤다졸",꿈많은사람,2021.03.25.,467
11312,자유게시판,해발700 굴참나무 표고목 세우기 완료,건강장수1,2021.03.25.,74
11313,설금홍,아르테미시닌 2탄,설금홍,2021.03.25.,404
11315,자유게시판,고용량 비타민C 정맥주사,우후죽순,2021.03.25.,400
11317,자유게시판,전염병과 전염의 차이점에 대한 글을 읽고 .........좀 충격이,촌로,2021.03.25.,346
11318,자유게시판,[공유] 날고기 먹었다가…태국 남성 배에서 나온 18m 기생충,피치리,2021.03.25.,384
11320,자유게시판,활동주의점,헤라,2021.03.25.,414
11321,자유게시판,그냥 신기해서 ... 구경하시라고요,수국이 있는 풍경,2021.03.25.,281
11322,자유게시판,댓글이랑 글쓰기를 써주셔야 카페는유지됩니다.,헤라,2021.03.25.,435
11323,자유게시판,Usome  활동정지,헤라,2021.03.25.,590
11324,자유게시판,란셋에 등록될 위대한 항암논문,나이야가라 폐선암4기,2021.03.25.,362
11325,자유게시판,해무,촌로,2021.03.25.,207
11326,자유게시판,윌리엄 리 박사-암을 굶기는 식사법,김버터,2021.03.25.,386
11327,암 호전사례 정보,"[해외호전사례] 미국 소세포폐암 4기 뇌전이 남성, 유방암 4기 58세 여성, 간단 버전 - 기록 목적 - 나중에 더 조사할께용",꿈많은사람,2021.03.25.,477
11328,자유게시판,이런얘기 저런얘기(카페활성화 이어가기),머루주,2021.03.25.,396
11329,자유게시판,기생충의 두얼굴이라네요,댕기,2021.03.26.,372
11331,자유게시판,안부,헤라,2021.03.26.,82
11332,이버맥틴자가임상후기,뇌간종양 검진결과,헤라,2021.03.26.,"1,559"
11333,보관창고,🌻 매일 아침 저녁 미네랄솔트 음양탕 즐깁니다,니크바드,2021.03.26.,116
11335,자유게시판,피치리님이 게시한글의 기생충이 제 몸안에 있는것 같습니다.,테일러,2021.03.26.,816
11338,자유게시판,트리클라벤다졸 도착.,테일러,2021.03.26.,612
11339,자유게시판,꽃이라네요.,분홍앵초,2021.03.26.,221
11342,가입 인사,슈퍼히어로,엄지공주,2021.03.26.,203
11343,자유게시판,도와주세요,엄마무탈하게건강하게,2021.03.26.,439
11344,자유게시판,유튜브 영상  혹시 도움 될까 하여  올려봐요,동행해요,2021.03.26.,278
11345,자유게시판,무심......................,촌로,2021.03.26.,368
11346,자유게시판,전염병이 뭐가요...,하늘별섬,2021.03.26.,522
11348,자유게시판,안부,헤라,2021.03.27.,86
11349,담비,해외사례-재정리07-유방암-비소세포폐암-위암,담비,2021.03.27.,239
11351,자유게시판,비공개 공개로 영어아이디 한글로 바꾸어주세요,헤라,2021.03.27.,495
11352,자유게시판,디스토시드 복용시,주윤발,2021.03.27.,329
11353,자유게시판,"피르비늄, 이버멕틴, 알로홀 등 남은 약 정리해요.",늘보리,2021.03.27.,432
11354,회원나눔(공짜는 아닙니다),구충제  저렴히 나눔합니다,초록빛,2021.03.27.,554
11355,자유게시판,저 대머리 아닙니다...,촌로,2021.03.27.,504
11357,자유게시판,폐에 물이 찼다고 하는데 숨이차네요  의견부탁드려요,kang1104,2021.03.27.,438
11359,유투브방송 링크나눔,기생충과 암 ㅡ암의 원인을 찾는다,행복나무,2021.03.27.,"1,035"
11361,자유게시판,안부,헤라,2021.03.28.,74
11362,자유게시판,이분 글이 너무 유익해서 가져왔는데,힘내자힘내자,2021.03.28.,556
11363,동영상링크(중요자료),야채수 만들어 드시는법,헤라,2021.03.28.,362
11365,자유게시판,헬로코박터균,힘내자힘내자,2021.03.28.,272
11366,자유게시판,여기 카페가 좋은 자료가 많네요,힘내자힘내자,2021.03.28.,210
11367,자유게시판,구충제복용1년,하늘별섬,2021.03.28.,"1,076"
11368,자유게시판,화장품의 명현현상.,하늘별섬,2021.03.28.,263
11369,자유게시판,대머리인분들은 실험해보셔요.,하늘별섬,2021.03.28.,468
11372,질문과 대답(QnA),이버멕틴 제품들 중에서 가장 순도가 높은 제품은요?,일단 살고보자,2021.03.28.,795
11373,자유게시판,그 요상한 것이 기생충이었을까요?,일단 살고보자,2021.03.28.,381
11374,자유게시판,곰팡이. . .,미니어리,2021.03.28.,336
11375,자유게시판,소변이 기름기 띠는 샛노란색,엄마무탈하게건강하게,2021.03.28.,282
11376,자유게시판,안부,헤라,2021.03.29.,84
11377,자유게시판,시메티딘 구입에 관해서,봉쨩,2021.03.29.,152
11378,질문과 대답(QnA),막막하네요.,용자83,2021.03.29.,336
11379,자유게시판,"황장목 대경목 천연발효효소식초 담금 및 암, 퇴행성뇌질환( 사경, 디스토니아, 파킨슨 등 ), 당뇨, 고혈압 등 중병 치유와 완치 치료법",건강장수1,2021.03.29.,104
11380,담비,유방암_멜라토닌_비타민 D3_2021년,담비,2021.03.29.,245
11382,정보 공유,유상철 감독 위독 !,코알라의 고향,2021.03.29.,585
11384,자유게시판,담도암 항암 고민 입니다,hairu4457,2021.03.29.,159
11385,질문과 대답(QnA),간청소와 기타..,촌로,2021.03.29.,422
11386,정보 공유,"오늘 저녁 7시 흡수율을 최대로 높인 나노리포조말 비타민C, V3 25% 할인 라이브방송 진행합니다.",하루빨리나을래,2021.03.29.,175
11387,자유게시판,횡재수,분홍앵초,2021.03.29.,271
11388,정보 공유,유상철 감독 위독? 오보?,처음부터 시작이다,2021.03.29.,444
11389,질문과 대답(QnA),"환우분들 치료와 관리 목적으로 녹즙, 생식 많이들 하시는데",웃음천사,2021.03.29.,399
11390,설금홍,DNA 복제 속도를 조절하여 암을 죽이는 방법,설금홍,2021.03.29.,307
11391,자유게시판,난소암 면역항암제 오레고보맙 임상 지연 국민 청원 부탁드립니다.,블루벨,2021.03.29.,103
11392,질문과 대답(QnA),구충제 복용 조언 구합니다,jungmi,2021.03.29.,488
11393,자유게시판,스텐제품을 새것으로 구입해서 사용 하실때   주의 해야합니다,분홍앵초,2021.03.29.,335
11394,자유게시판,재미있으면 1탄찾아보세요.,하늘별섬,2021.03.29.,142
11395,자유게시판,간청소 자료,하하,2021.03.29.,271
11396,질문과 대답(QnA),이버멕틴 이버페스트-12 제품에 관하여,믿음안에서,2021.03.29.,325
11397,자유게시판,배꼽주위가딱딱하거나커지신분,엄지공주,2021.03.29.,308
11398,정보 공유,바이오필름 논문 일부 기계변역 입니다.,시그널,2021.03.29.,278
11399,질문과 대답(QnA),왼쪽 턱 안쪽 임파선? 부위가 언젠가부터 항상 부어있고 만지면 덩어리같은게 잡히고 아픈데요,피치리,2021.03.30.,466
11400,자유게시판,영양제 엄청 질렀네요... 잡담,피치리,2021.03.30.,471
11401,자유게시판,안부,헤라,2021.03.30.,60
11403,질문과 대답(QnA),핀벤다졸 복용법?,용자83,2021.03.30.,184
11404,자유게시판,같이해보아요.,하늘별섬,2021.03.30.,154
11405,자유게시판,같이 해보아요2탄,하늘별섬,2021.03.30.,135
11406,질문과 대답(QnA),아로니아가 눈에 좋다고 하는데 우유에 타먹어도 될까요?,아이스 유방암ㅣ보,2021.03.30.,170
11408,자유게시판,암과 방사능 제거 천연식초,건강장수1,2021.03.30.,277
11409,자유게시판,왔어요. 왔어...,하늘별섬,2021.03.30.,364
11410,자유게시판,세월의 안부..,촌로,2021.03.30.,272
11411,자유게시판,암의진행4단계-만성소화불량-,엄지공주,2021.03.30.,372
11412,자유게시판,약물과 영양제 먹는 시간 그리고 고용량 비타민에 대해....(글이 엄청 길어요),촌로,2021.03.30.,"1,039"
11414,자유게시판,폐수종에 관한 질문드립니다,아스트라,2021.03.30.,169
11415,질문과 대답(QnA),악액질  치료방법 알려주세요.,모든암정복,2021.03.30.,388
11416,자유게시판,소화불량.췌장효소,용자83,2021.03.31.,475
11419,자유게시판,안부,헤라,2021.03.31.,67
11420,설금홍,"방사선, 수술 후 암의 전이를 막는 방법",설금홍,2021.03.31.,340
11421,질문과 대답(QnA),망막 출혈.,냥가,2021.03.31.,271
11423,질문과 대답(QnA),췌장효소 해외배송?,용자83,2021.03.31.,214
11424,자유게시판,나물반찬..그까이꺼...,하늘별섬,2021.03.31.,292
11425,자유게시판,이상한 사람?,목은,2021.03.31.,283
11426,회원나눔(공짜는 아닙니다),메벤다졸 정리합니다....(완료),율이아빠,2021.03.31.,441
11427,자유게시판,창문너머 옛생각이 나겠지요,하늘별섬,2021.03.31.,184
11430,자유게시판,꽃이핀다~! 요즘에 어울리는,분홍앵초,2021.03.31.,127
11431,자유게시판,이번주 금요일에 김자영쌤 만나러 갑니다.,노원쭌이아빠,2021.03.31.,394
11433,자유게시판,항암 이후 짬뽕.. 드시는분,넌이미 완치되었다,2021.03.31.,392
11434,자유게시판,안부,헤라,2021.04.01.,87
11436,자유게시판,니클 포접 섭취방법,엄마무탈하게건강하게,2021.04.01.,230
11437,정보 공유,"The microbiome and human cancer, 아주 따뜻한 논문",꿈많은사람,2021.04.01.,151
11441,자유게시판,얼굴에 점이 많이 생겼는데요..걱정이 좀 들어서요.,테일러,2021.04.01.,537
11443,자유게시판,그냥 생각없이.... 멍,미룸,2021.04.01.,227
11444,자유게시판,베르베린의효과  ㅡ항암부터  칸디다균 제거 효과까지,행복나무,2021.04.01.,499
11445,자유게시판,''  암  '',엄지공주,2021.04.01.,255
11446,궁을,봄을 비빕니다,궁을,2021.04.01.,109
11447,궁을,쌈채소들 작황(3/20 정식),궁을,2021.04.01.,218
11448,자유게시판,도배 4...,촌로,2021.04.01.,331
11449,질문과 대답(QnA),노자임 췌장효소는 어떤가요?,용자83,2021.04.01.,277
11450,자유게시판,안부,헤라,2021.04.02.,89
11451,설금홍,암 재발을 막는 방법,설금홍,2021.04.02.,608
11453,자유게시판,오늘 시티 찍었네요,용자83,2021.04.02.,227
11454,자유게시판,김자영쌤 상담.,노원쭌이아빠,2021.04.02.,603
11455,자유게시판,다이 오프증상 심해서요,환희호야,2021.04.02.,401
11456,자유게시판,정오의만찬,분홍앵초,2021.04.02.,311
11458,질문과 대답(QnA),니클로사마이드가 뇌혈관장벽을 통과하나요?,일단 살고보자,2021.04.02.,402
11459,자유게시판,세라펩타아제 복용시 이트라코나졸 복용 문의,엄마무탈하게건강하게,2021.04.02.,320
11460,자유게시판,인도마트 구충제 가격 엄청 올렸네요.,근원,2021.04.02.,480
11462,질문과 대답(QnA),변비가 오래가네요,용자83,2021.04.02.,345
11463,자유게시판,천기누설(간암편) 명의가 제안하는 암을 이기는 밥상,이삭,2021.04.02.,332
11464,자유게시판,믹스커피는 NO ... ?,이삭,2021.04.02.,319
11465,보관창고,이버멕틴 니타조사나이드 팔아요,루다,2021.04.02.,244
11466,자유게시판,인유두종바이러스,깜새,2021.04.03.,228
11467,질문과 대답(QnA),니타조사나이드 드시는 분들 칸디다아제? 보통 바이오필름분해제 드시나요,혜쮸,2021.04.03.,414
11468,자유게시판,이벤트 상품 기다렸는데,주윤발,2021.04.03.,129
11469,자유게시판,안부,헤라,2021.04.03.,80
11470,질문과 대답(QnA),조티펜스와 coc 혼용법?,용자83,2021.04.03.,457
11471,자유게시판,서 시,엄지공주,2021.04.03.,172
11472,자유게시판,ivc효과?,제석산,2021.04.03.,312
11474,자유게시판,오늘도 건강을 위해서 한마디...,하늘별섬,2021.04.03.,257
11475,자유게시판,난 들어도 이런종류...,하늘별섬,2021.04.03.,238
11477,질문과 대답(QnA),칸디다아제는 몇달동안 먹으면 될까요,아이스 유방암ㅣ보,2021.04.03.,708
11478,보관창고,"이버맥틴 이버패스트-12, 메디버-12 정리합니다.",스피드,2021.04.03.,228
11479,가입 인사,안녕하세요^^,밝은아침,2021.04.03.,119
11480,자유게시판,김자영쌤의 어제 영상 이네요.,노원쭌이아빠,2021.04.03.,301
11481,자유게시판,연보라 꽃잎 그리고 비...,촌로,2021.04.03.,242
11482,자유게시판,아..지가 이노래도 좋아하는군요.,하늘별섬,2021.04.03.,165
11483,자유게시판,암환자 문상 궁금해요,진주,2021.04.03.,485
11484,자유게시판,틀니 와 임프란트,양준,2021.04.04.,417
11485,담비,해외사례-재정리08-방광암-침샘암-간암-담도암,담비,2021.04.04.,408
11486,자유게시판,안부,헤라,2021.04.04.,147
11488,자유게시판,서출동류 약수터 정비 및 해발800 야생 아로니아,건강장수1,2021.04.04.,169
11491,자유게시판,아놔참...,하늘별섬,2021.04.04.,240
11492,자유게시판,이런거..,하늘별섬,2021.04.04.,242
11493,보관창고,"펜벤, 고박사오일,메벤  싸게정리합니다",함께나눠요,2021.04.04.,138
11494,자유게시판,난소암 면역항암제 오레고보맙 빠른 임상 촉구 청원에 동참 부탁 드립니다.,블루벨,2021.04.04.,137
11495,자유게시판,왜 못드시고 토하는것일까요ㅡㅠ,미니어리,2021.04.04.,340
11499,자유게시판,안부,헤라,2021.04.05.,58
11500,자유게시판,"암 및 디스토니아, 파킨슨 등 퇴행성뇌질환, 당뇨, 고혈압 등 난치병 치료법 고찰",건강장수1,2021.04.05.,195
11501,자유게시판,망쳐버린 타락죽 그러나 맛은,분홍앵초,2021.04.05.,151
11504,질문과 대답(QnA),혹시 검버섯 없어진분 있나요?,시그널,2021.04.05.,409
11505,자유게시판,보라색 동그라미에 노랑꽃 피다(분홍앵초님 따라하기),깨달음,2021.04.05.,130
11507,자유게시판,주문했던 췌장효소 왔네요,용자83,2021.04.05.,222
11508,자유게시판,이제는 예사롭지 않아 보이는 민들레!,분홍앵초,2021.04.05.,326
11510,자유게시판,저도 노래 한곡 올려 봅니다.,이삭,2021.04.05.,104
11513,질문과 대답(QnA),벤지미다졸 구충제 관련 문의,jungmi,2021.04.05.,222
11514,질문과 대답(QnA),버목스 복용량 질문드립니다.,대전소생,2021.04.05.,217
11515,자유게시판,기적같은 일이 일어나고 있습니다...뇌사판정받은지 3개월이 지났는데 콧줄로 다시 소화를 하기 시작하고 헤모글로빈 수치가 올라가고 있습니다...,아내사랑,2021.04.05.,"1,145"
11516,질문과 대답(QnA),복부 씨티 검사와 혈액검사 결과 나오는 시간?,용자83,2021.04.06.,248
11517,자유게시판,안부,헤라,2021.04.06.,60
11520,항암목적구충제복용경험관련연구참여,[설문중단]설문조사 연구참여자 모집의 건- 항암목적 구충제 사용 환자의 사용경험 및 이상반응 조사-,송보미,2021.04.06.,365
11521,질문과 대답(QnA),니타조사나이드 (어머님 폐암말기),모든암정복,2021.04.06.,774
11522,자유게시판,당뇨에듣는 약,엄지공주,2021.04.06.,409
11523,자유게시판,커피 계피 식초,바담,2021.04.06.,338
11524,자유게시판,구충제를 파시는 분들과 회원 여러분께 사과드립니다.,처음부터 시작이다,2021.04.06.,688
11525,자유게시판,하이트록시클 로로킨 구할수 있나요??,인생은추입이라,2021.04.06.,220
11526,질문과 대답(QnA),설사하면 관장 안해도 될까요,지은,2021.04.06.,348
11527,자유게시판,"""상대원""님께서 거의 한달째 안보이십니다.",분홍앵초,2021.04.06.,676
11528,담비,간암_메시마_2020년,담비,2021.04.06.,191
11529,기생충사진공유,예전에 상대원님께서 올려주신 동영상입니다. 기계로 기생충 제거 하는모습입니다.,분홍앵초,2021.04.06.,515
11531,자유게시판,오늘은 오뚜기님도 그립네요. 3월11일  오시고 안오십니다.,분홍앵초,2021.04.06.,433
11532,자유게시판,해발900 화전민의 오래된 씨간장 결정체,건강장수1,2021.04.06.,215
11533,자유게시판,카페회원 스피드님께서 이버멕틴160개를 무료나눔해주셨습니다..감사합니다.,너는내것,2021.04.06.,375
11534,질문과 대답(QnA),흉선 호르몬 사이모신 주사 치료를 경험하신 분 계시면 여쭙니다.,목은,2021.04.06.,112
11535,자유게시판,안부,헤라,2021.04.07.,68
11538,자유게시판,당뇨의 전조 현상이라는데요 ?,이삭,2021.04.07.,395
11539,자유게시판,공부하기싫은데..,하늘별섬,2021.04.07.,269
11540,자유게시판,다행이 암 아니라네요.,용자83,2021.04.07.,537
11541,자유게시판,알로홀,환희호야,2021.04.07.,257
11545,질문과 대답(QnA),혈액검사결과중 몇몇항목의 수치에 대하여 문의 드립니다,믿음안에서,2021.04.07.,285
11546,자유게시판,100세건강법,믹스커피 조와,2021.04.07.,179
11547,자유게시판,몸에 좋은 생강 많이 먹을 수 있는 방법 좀 알려 주세요.,bearskin2,2021.04.07.,381
11548,질문과 대답(QnA),니클로사마이드 포접할때의 베타-사이크로덱스트린 성분에 관하여 궁금합니다,믿음안에서,2021.04.07.,221
11549,자유게시판,안아파요님 혹시 어디 안좋으신가요?,김그,2021.04.08.,607
11551,자유게시판,안부,헤라,2021.04.08.,90
11552,질문과 대답(QnA),CDB  오일  통증완화에 도움될까요?,모든암정복,2021.04.08.,291
11554,자유게시판,확대해서 보세요.,하늘별섬,2021.04.08.,241
11555,자유게시판,오늘 증상에 따른 조치를 취한후 참고하시라고 올립니다.,하늘별섬,2021.04.08.,489
11556,자유게시판,내 이상형,하늘별섬,2021.04.08.,243
11558,자유게시판,임상,후반기,2021.04.08.,152
11560,기타 자가임상 후기,"니클로사마이드, 펜벤다졸, 이버멕틴, 니타조사나이드, 프라지콴텔 아무렇게나 복용후 지금은 한참 복구 중",꿈많은사람,2021.04.08.,"1,128"
11561,자유게시판,우리집의  왕초!,분홍앵초,2021.04.08.,483
11562,유투브방송 링크나눔,걷기,주윤발,2021.04.08.,254
11563,자유게시판,안부,헤라,2021.04.09.,72
11564,자유게시판,복용문의,건강찾기,2021.04.09.,158
11565,자유게시판,머리카락 걱정되시는분 보세요.,하늘별섬,2021.04.09.,499
11566,기타 자가임상 후기,암이 사라진 8개월 후 정기 검진 결과.. 암은 안보이지만 위의 상태는 안 좋다고..,신풍생각,2021.04.09.,"1,447"
11567,자유게시판,이제는 자유인....,하늘별섬,2021.04.09.,304
11569,정보 공유,"정주영 창업 경진대회에 나온 회사인데요, 한번 보시면 도움 될것 같아요. 그리고, 엘리시움 영화의 첨단 의료 캡슐",꿈많은사람,2021.04.09.,168
11570,자유게시판,병의 90%는 걷기만 해도 낫는다(주윤발님이 올린책 요약),수국이 있는 풍경,2021.04.09.,694
11571,자유게시판,"주윤발님, 수국이 있는 풍경님이 올리신 글을 읽고 ...",이삭,2021.04.09.,206
11573,자유게시판,안부,헤라,2021.04.10.,65
11574,담비,해외사례-재정리09-전립선암-소세포암-간암-난소암-자궁암,담비,2021.04.10.,205
11575,자유게시판,쉬는 날,촌로,2021.04.10.,313
11577,정보 공유,암치료시 운동 방법과 주의 해야할 사항 정리 !,코알라의 고향,2021.04.10.,587
11578,자유게시판,아버지께서 돌아가셨습니다.,혜통,2021.04.10.,563
11579,자유게시판,충주집에 보름만에 왔더니 꽃들이 만발했네요.,bearskin2,2021.04.10.,174
11581,자유게시판,충주집에 보름만에 왔더니 꽃들이 만발했네요. - 내려받기 귀챦으신분들을 위해서,꿈많은사람,2021.04.10.,60
11582,자유게시판,보름만에 충주에 왔더니 꽃들이 만발했네요.,bearskin2,2021.04.10.,239
11583,자유게시판,항암을 쉬고 있는데요,힘내자힘내자,2021.04.10.,405
11584,자유게시판,가래나무 수액 씨간장,건강장수1,2021.04.10.,153
11585,자유게시판,종친회,양준,2021.04.10.,231
11586,질문과 대답(QnA),혹시 메트포민구할수있나요,새별바라기,2021.04.11.,342
11587,자유게시판,안부,헤라,2021.04.11.,72
11588,자유게시판,민들레,분홍앵초,2021.04.11.,335
11589,자유게시판,즐거운 일요일 보내시고..,하늘별섬,2021.04.11.,142
11591,자유게시판,배수구에 생긴 바이오필름.,하늘별섬,2021.04.11.,674
11592,질문과 대답(QnA),혈압 80 콩팥수치도 낮고 혈액검사도 안좋은상태,미니미니,2021.04.11.,192
11593,자유게시판,원적외선,양준,2021.04.11.,392
11594,자유게시판,내일부터...,하늘별섬,2021.04.11.,256
11595,가입 인사,안녕하세요,바가가바속초,2021.04.12.,140
11596,자유게시판,"파씨,바씨,나씨 퇴치법입니다!",수국이 있는 풍경,2021.04.12.,232
11597,자유게시판,안부,헤라,2021.04.12.,62
11598,질문과 대답(QnA),코로나 치료제로 이버멕틴을 주는 나라가 인도라던데요.,아이스 유방암ㅣ보,2021.04.12.,437
11600,자유게시판,"홀로 꽃구경 , 바다",촌로,2021.04.12.,234
11601,설금홍,EGCG 에피갈로 카테킨-3-갈레이트 and Cancer,설금홍,2021.04.12.,149
11602,설금홍,췌장암 치료를 위한 대체약물의 인간 연구,설금홍,2021.04.12.,551
11603,설금홍,암 줄기세포 (CSC)를 표적으로 하는 Doxycycline,설금홍,2021.04.12.,285
11604,설금홍,항암제로서의 디클로페낙,설금홍,2021.04.12.,133
11605,설금홍,암 환자에서 저용량 날트렉손 (LDN)의 효과,설금홍,2021.04.12.,277
11606,자유게시판,소화가 안돼서 일주일 넘게 구충을 쉬고 있는데,Jhyo,2021.04.12.,439
11607,가입 인사,안녕하세요,아니무스,2021.04.12.,122
11608,자유게시판,현 백신과 구충제와의 관계,새벽빛이었던 그는,2021.04.12.,474
11609,자유게시판,[공유] 독보적 암 과학자가 14년 암투병하며 알게 된 것들,건강장수1,2021.04.12.,483
11611,자유게시판,이버멕틴과 니타조사나이드가 인천세관에 통관이 안되고 있어요.,스피드,2021.04.12.,830
11612,자유게시판,내일은 또 손녀들에게,bearskin2,2021.04.13.,225
11613,자유게시판,암은 질병이 아니다.,건강장수1,2021.04.13.,516
11614,자유게시판,안부,헤라,2021.04.13.,91
11618,자유게시판,식사 반찬 ..,촌로,2021.04.13.,387
11619,자유게시판,기생충도 암을 유발한다,안평골,2021.04.13.,428
11620,자유게시판,반찬해가지고 딸네왔네요.,bearskin2,2021.04.13.,496
11621,자유게시판,108배의 의미,엄지공주,2021.04.13.,255
11622,가입 인사,인사드립니다.,별빛을너에게,2021.04.13.,113
11623,자유게시판,안부,헤라,2021.04.14.,83
11624,담비,직장-결장암_폐전이_로사르탄_2020년,담비,2021.04.14.,156
11626,자유게시판,누가 좀 말려줘요.이 식성을~~~,bearskin2,2021.04.14.,437
11627,자유게시판,독거노녀의 밥상,하늘별섬,2021.04.14.,484
11628,정보 공유,"coc , Care Oncology protocol 복용법이 특허등록 되어 있군요 👍2017년도에",꿈많은사람,2021.04.14.,205
11630,자유게시판,민들레 포스팅을 보고 오랜만에 텃밭에,목은,2021.04.14.,222
11636,궁을,(매진)2021 쌈채소 꾸러미,궁을,2021.04.14.,271
11637,회원나눔(공짜는 아닙니다),니클로사마이드,niclosam,2021.04.14.,685
11638,자유게시판,카스피해 유산균 집에서 일년 내내 만들어 먹기,월쓰,2021.04.15.,210
11639,궁을,칼슘흡수를 도와주는 상추,궁을,2021.04.15.,218
11640,자유게시판,안부,헤라,2021.04.15.,111
11641,자유게시판,이놈의 쇼핑중독.,촌로,2021.04.15.,451
11642,가입 인사,좋은정보 감사합니다.,의쌰의쌰,2021.04.15.,122
11643,자유게시판,눈팅만하다가 간만에 문의드려요,극복하자아자아자,2021.04.15.,308
11644,자유게시판,표고목 종균작업 종료 및 암환우분 야생 자연산 표고버섯 선물,건강장수1,2021.04.15.,189
11645,자유게시판,야채스프 먹다가 도저히....,촌로,2021.04.15.,381
11646,궁을,산에 나를 버렸더니 산이 나를 살렸다,궁을,2021.04.15.,306
11647,자유게시판,약수물,주윤발,2021.04.15.,215
11650,자유게시판,Iverheal 가격 혹시 아세요?,제니79,2021.04.16.,131
11651,자유게시판,암유전자만드는 기생충 첫사례발견,미니어리,2021.04.16.,360
11652,가입 인사,안녕하세요,세라,2021.04.16.,111
11653,자유게시판,안부,헤라,2021.04.16.,71
11654,가입 인사,안녕하셔요,지금,2021.04.16.,98
11656,정보 공유,"어제 내셔널지오그래픽에 나온 마이크로바이옴 | 장내미생물의 가능성 | 효능에 대한 기사 (영문, 구글 번역) - 아주 긴글입니다.",꿈많은사람,2021.04.16.,241
11657,설금홍,탈리도마이드 = 의료 재해에서 기적적인 암 치료까지,설금홍,2021.04.16.,262
11658,질문과 대답(QnA),세라펩타아제를 비타민 B6과 같이 먹어야 좋은가요?,세라,2021.04.16.,216
11659,자유게시판,커큐민 구입 원합니다.,메리메리,2021.04.16.,235
11660,자유게시판,디에틸카바마진 가지고 계시지만 무서워서 못드신 분 저에게 분양해주실 분 않계실까요?,대전소생,2021.04.16.,183
11661,가입 인사,안녕하세요.,쪼매니한걸,2021.04.16.,160
11664,자유게시판,혼자하는 사랑,주윤발,2021.04.16.,159
11665,자유게시판,정부 혜택 ?,이삭,2021.04.16.,187
11666,자유게시판,비타민c항암치료 SVCT-2와 Hormetic dose response,감사해,2021.04.16.,177
11667,질문과 대답(QnA),니클이 문제인거 같은데,힘내자힘내자,2021.04.16.,528
11669,자유게시판,수산물 생선회 안먹은지 13년이 넘었지만...,이삭,2021.04.17.,433
11670,이버맥틴자가임상후기,1년간의 임상,새벽빛이었던 그는,2021.04.17.,"1,547"
11672,자유게시판,니클로사마이드와 저용량 아스피린 복용법,넌이미 완치되었다,2021.04.17.,467
11673,자유게시판,15%를 위한 글,하늘별섬,2021.04.17.,331
11674,질문과 대답(QnA),메벤다졸 드시고 배가 아픈분 계실까요?,희망이사랑이,2021.04.17.,195
11675,자유게시판,버스족,주윤발,2021.04.17.,206
11676,질문과 대답(QnA),관장 못하는 사람은 어떻게 해야하나요?,세라,2021.04.17.,481
11677,질문과 대답(QnA),반식욕,건강찾기,2021.04.17.,308
11678,자유게시판,남편의 선물,bearskin2,2021.04.17.,349
11679,자유게시판,안부,헤라,2021.04.18.,61
11681,질문과 대답(QnA),이버멕틴 복용후의 몸의 반응은?,훔바탁,2021.04.18.,"1,193"
11684,자유게시판,비타민의 효과,바담,2021.04.18.,372
11685,자유게시판,구충제와 탈모,globica,2021.04.19.,403
11686,자유게시판,안부,헤라,2021.04.19.,71
11687,자유게시판,과민성 대장증후군ㆍ크론초기,그것이알고싶구나,2021.04.19.,890
11688,유투브방송 링크나눔,체온을 올리는 관리법,주윤발,2021.04.19.,338
11690,자유게시판,민물고기 간디스토마 (흡충) 영상 입니다.,노원쭌이아빠,2021.04.19.,286
11691,자유게시판,"만두,,,,",촌로,2021.04.19.,306
11692,자유게시판,구충제저렴하게 드립니다.,간지킴이,2021.04.19.,386
11693,자유게시판,몇달전 방어회먹다가 기생충나왔어요,힘내자님,2021.04.19.,440
11694,자유게시판,또 딸네집에 왔네요.,bearskin2,2021.04.19.,269
11699,자유게시판,안아파요님 소식 전합니다,감사해,2021.04.20.,617
11700,자유게시판,안부,헤라,2021.04.20.,70
11702,자유게시판,빵 많이 먹어도 괜찮나요??,바가가바속초,2021.04.20.,369
11703,질문과 대답(QnA),이버멕틴이 강력해서 일 년에  1알도 효과가 있다고 하는데요......,일단 살고보자,2021.04.20.,"1,190"
11704,자유게시판,"[공유] 씨앤팜, 니클로사마이드 기반 코로나19 경구 및 주사제 도전",뱃살공주,2021.04.20.,153
11705,정보 공유,독시사이클린 Doxycycline 장기 복용시 꼭 장내 미생물총 확인 부탁 드립니다. (feat. 공부 더 하고 복용 하자),꿈많은사람,2021.04.20.,373
11706,자유게시판,병원내원,주윤발,2021.04.20.,254
11707,자유게시판,개그맨 김철민씨 소식,우후죽순,2021.04.20.,794
11708,만성간염,e항원(-) e항체(+) 되었습니다.,정상인,2021.04.20.,401
11711,자유게시판,후쿠시마 기준치3배,이삭,2021.04.20.,226
11712,질문과 대답(QnA),프라지콴텔을 복용해 볼까 하는데요.?,티거삼삼,2021.04.20.,382
11713,자유게시판,펜벤다졸,에리땅,2021.04.20.,278
11714,자유게시판,암환자 콜레스테롤 수치,넌이미 완치되었다,2021.04.20.,236
11715,자유게시판,어느 의사의 구충제에 대한 의견.,일단 살고보자,2021.04.20.,671
11716,이버맥틴자가임상후기,이버멕틴+메벤다졸  복용 한 달 후기,주주맘샘,2021.04.21.,"1,411"
11717,자유게시판,안부,헤라,2021.04.21.,66
11718,자유게시판,꿈이 현실로~단독구충제로 암이 사라지다,헤라,2021.04.21.,"2,062"
11719,항암목적구충제복용경험관련연구참여,[설문종료]설문조사 연구참여자 모집의 건 - 항암목적 구충제 사용 환자의 사용경험 및 이상반응 조사-,송보미,2021.04.21.,522
11721,자유게시판,내일 병원에 건강검진 받으러 가는데...,하늘별섬,2021.04.21.,311
11725,자유게시판,텃밭가꾸기,주윤발,2021.04.21.,139
11727,설금홍,항암 대체 약물들 총정리-항기생충약,설금홍,2021.04.21.,"1,751"
11729,정보 공유,암치료에 효과가 있는 29개 (공통) 용도변경약물들과 마이크로바이옴의 구글 키워드 검색결과량 비교 - 큰 의미는 없슴. 나름 딴짓거리 😀,꿈많은사람,2021.04.21.,328
11731,자유게시판,안부,헤라,2021.04.22.,65
11734,자유게시판,시한부선고 암 완치 선배님 방송출연,건강장수1,2021.04.22.,552
11738,정보 공유,마이크로바이옴과 인간 암 (2021년 3월 최신 자료) - 구글 번역 (저번에 올린것) - 딴짓거리,꿈많은사람,2021.04.22.,229
11739,가입 인사,안녕하세요,아이드뢉,2021.04.22.,95
11740,자유게시판,홀씨 만드는 민들레,분홍앵초,2021.04.22.,225
11741,질문과 대답(QnA),혹시 밀크시슬과 커큐민이 어디 제품이 좋은지와 어디서 구매하는 것이 좋은지 알려주시면 감사하겠습니다.,효민,2021.04.22.,367
11742,자유게시판,나의 애창곡 1 - 이동원님의 싸릿골,처음부터 시작이다,2021.04.22.,141
11743,자유게시판,간암에,건강찾기,2021.04.22.,357
11744,정보 공유,"#마이크로바이옴​​​​​ #대장암 #암세포
암세포를 따라다니며 암을 키우는 장내 미생물이 있다? | 천종식 교수의 마이크로바이옴 클라스",꿈많은사람,2021.04.23.,180
11745,담비,해외사례-재정리10-유방암-교모세포종-비인후암,담비,2021.04.23.,180
11746,자유게시판,공기살균기 제품을 사용해 보려고 합니다.,아이드뢉,2021.04.23.,144
11747,자유게시판,낮달맞이꽃?,분홍앵초,2021.04.23.,153
11749,자유게시판,아름다운 베르네.. 요들송,신풍생각,2021.04.23.,167
11750,자유게시판,안부,헤라,2021.04.23.,79
11751,질문과 대답(QnA),미노씬 질문드립니다,송이짱맘,2021.04.23.,172
11752,자유게시판,기분전환 눈요기 하세요.,bearskin2,2021.04.23.,146
11754,자유게시판,고향 마을 앞을 흐르는 개울물,일단 살고보자,2021.04.23.,154
11755,자유게시판,해발700 산중집 주변 꽃동산,건강장수1,2021.04.23.,146
11756,궁을,"쌈채소 무료나눔, 선착순 10분께 드립니다",궁을,2021.04.23.,515
11757,자유게시판,스트레쓰,별빛을너에게,2021.04.23.,193
11758,가입 인사,안녕하세요,일순간,2021.04.23.,112
11761,자유게시판,안부,헤라,2021.04.24.,67
11763,질문과 대답(QnA),적혈구와 헤모글로빈 부족,건강희망,2021.04.24.,361
11766,기타 자가임상 후기,우리집강아지들  펜벤다졸   먹이는것,헤라,2021.04.24.,672
11767,정보 공유,지겨운 비문증 새로운 해결 방안 !,코알라의 고향,2021.04.24.,"1,861"
11770,자유게시판,요즘 시행되는 5030,주윤발,2021.04.24.,182
11772,자유게시판,안부,헤라,2021.04.25.,66
11773,자유게시판,"생존 매커니즘에 따른 암, 퇴행성뇌질환, 당뇨, 고혈압, 아토피 등 난치병 발병원인과 치유, 완치법 고찰",건강장수1,2021.04.25.,214
11775,질문과 대답(QnA),칸덱스 복용량,엄마무탈하게건강하게,2021.04.25.,156
11779,자유게시판,그대 걱정말아요,신풍생각,2021.04.25.,281
11780,질문과 대답(QnA),이버멕틴,조기바다,2021.04.25.,371
11781,자유게시판,"해발900 참두릅, 개두릅, 고사리, 산나물 등 채취 산행",건강장수1,2021.04.25.,136
11782,자유게시판,나들이,주윤발,2021.04.25.,117
11785,자유게시판,[공유] 두릅 효능 땅두릅 참두릅 개두릅 나무두릅 참두릅나무 모두 살펴봐요,건강장수1,2021.04.25.,141
11786,가입 인사,안녕하세요,heea6515,2021.04.25.,135
11787,질문과 대답(QnA),니타조 먹으니 검은변..,헵시바717,2021.04.26.,263
11788,질문과 대답(QnA),니타조 먹은후 변비와 흙변이..,헵시바717,2021.04.26.,496
11789,자유게시판,궁을님무료나눔과 관련하여,엄지공주,2021.04.26.,385
11790,자유게시판,안부,헤라,2021.04.26.,83
11791,자유게시판,엄지공주님과 축복이고모님께...,촌로,2021.04.26.,421
11792,궁을,"마감됐습니다! 쌈채소 무료나눔, 여덟분 더 신청받습니다. 문자로 선착순~",궁을,2021.04.26.,335
11793,질문과 대답(QnA),엄마 결과보러 삼성서울병원 왔어요  피검사 결과좀 봐주세요~~,번쩍번쩍 빛나는,2021.04.26.,270
11794,바르는산소_자가임상,산소가 신체와 암에 미치는 영향에 관한 영상입니다.꼭 들어보세요~,로사장,2021.04.26.,283
11795,자유게시판,구입 수량과 관계없이 주문하신 모든분께 아스피린81mg 200정 무료나눔 합니다.,최선의 선택,2021.04.26.,504
11796,질문과 대답(QnA),좋은 질문을 해야하는데.............,촌로,2021.04.26.,725
11797,이버맥틴,코로나주사잘못맞고회보안될때,럭키공주,2021.04.26.,465
11798,정보 공유,소화 잘 안되시는 분 들 또는 몸이 찬 분들께 추천 드립니다 ! (암환자 필수 아이템),코알라의 고향,2021.04.26.,994
11800,자유게시판,베트남 당뇨인이 누구인가요?,엄마무탈하게건강하게,2021.04.26.,627
11801,정보 공유,저독성 살균제 벤지미다졸..만병충해 통치약..,신풍생각,2021.04.26.,376
11802,보관창고,베트남제약 약 판매 리스트입니다,최선의 선택,2021.04.26.,265
11803,자유게시판,고생 하는 남편,bearskin2,2021.04.26.,302
11804,자유게시판,4월26  핀 꽃들,bearskin2,2021.04.26.,138
11806,자유게시판,안부,헤라,2021.04.27.,83
11807,자유게시판,오늘 아침 식사,bearskin2,2021.04.27.,323
11808,자유게시판,하이드록시 클로로퀸과 포스펫 클로로퀸 중 어떤것이 육종암에 치료 목적으로 쓰일까요?,엄마무탈하게건강하게,2021.04.27.,208
11809,담비,유방암_커큐민-파클리탁셀_임상_2019년,담비,2021.04.27.,211
11810,자유게시판,궁을님 고맙습니다,쟈스길,2021.04.27.,221
11811,자유게시판,번역기 돌리는 방법 좀 알려주세요.,바담,2021.04.27.,164
11812,자유게시판,바담님 보세요.,노원쭌이아빠,2021.04.27.,405
11813,자유게시판,궁을님 고맙습니다-2,율이아빠,2021.04.27.,219
11814,자유게시판,긍을님께,생명을얻고풍성한삶,2021.04.27.,195
11815,자유게시판,궁을님 감사합니다^^,스테나,2021.04.27.,143
11816,질문과 대답(QnA),벤지미다졸 구충제  먹을때 비타민C,크크별,2021.04.28.,259
11817,질문과 대답(QnA),간수치 AST 높은데요,from하와이,2021.04.28.,248
11818,질문과 대답(QnA),리포조말 복용문의,건강찾기,2021.04.28.,152
11819,자유게시판,"[공유] 향과 식감 좋은 ‘버섯’, 매일 먹으면 암 걸릴 위험도 줄어",건강장수1,2021.04.28.,135
11820,자유게시판,안부,헤라,2021.04.28.,70
11821,자유게시판,폐렴주사,엄지공주,2021.04.28.,280
11822,설금홍,항암 대체약물들 총정리 2편 repurposing drugs,설금홍,2021.04.28.,289
11823,자유게시판,소주한병,양준,2021.04.28.,267
11824,질문과 대답(QnA),"[공유] 이스미젠, 면역치료제 복용하시거나 정보를 아시는 분 계실까요?",냥가,2021.04.28.,99
11825,자유게시판,해발900 야생 자연산 고사리등 산나물 산행,건강장수1,2021.04.28.,133
11826,자유게시판,"나눔, 베품을 ...",촌로,2021.04.28.,487
11827,정보 공유,장내미생물과 뇌 관련 메커니즘 규명 면역학자 허준렬 하버드의대 교수...장내미생물과 염증성장질환 등 연구 의학박사 최창환 교수 영입,꿈많은사람,2021.04.28.,185
11828,궁을,쌈채소 매진입니다. 도움 주시려는 분들께 감사드립니다.,궁을,2021.04.28.,240
11830,질문과 대답(QnA),구충제 질문입니다.,haru,2021.04.28.,494
11832,궁을,부엽토를 땅에 넣지마라?,궁을,2021.04.29.,185
11833,질문과 대답(QnA),신장 수치가 낮으시데요,미니미니,2021.04.29.,153
11834,자유게시판,비타민 질문,건강찾기,2021.04.29.,321
11835,자유게시판,안부,헤라,2021.04.29.,86
11836,질문과 대답(QnA),구충제 종류가 너무 많아서 뭘 먹어야 할지 모르겠어요,예스리다,2021.04.29.,657
11837,질문과 대답(QnA),항암제 티센트릭 드시는분,미니미니,2021.04.29.,126
11839,질문과 대답(QnA),과산화수소 복용법이라고 합니다 한번 봐주세요..,촌로,2021.04.29.,456
11840,자유게시판,혹시 훌다재퍼 사용해 보신분 계실까요?,노원쭌이아빠,2021.04.29.,398
11841,자유게시판,폐암3기 임파선 전이 어르신 호전사례,바담,2021.04.29.,310
11842,기타 자가임상 후기,뇌전이 폐암 4기 구충제복용 후기,비발디,2021.04.29.,"1,977"
11843,자유게시판,맥락막흑색종,안평골,2021.04.29.,310
11844,자유게시판,드디어 미꾸라지를 잡았습니다.,하늘별섬,2021.04.29.,487
11845,자유게시판,오늘은 딸과함께~~~,제석산,2021.04.29.,277
11848,자유게시판,안부,헤라,2021.04.30.,51
11849,자유게시판,역시 몸은 내편...,하늘별섬,2021.04.30.,257
11850,자유게시판,디태이탕 = 야채수 일명 야채수프,촌로,2021.04.30.,297
11852,자유게시판,알로홀 구합니다.,세라,2021.04.30.,265
11853,자유게시판,도대체 링크를 몇번해야...,하늘별섬,2021.04.30.,207
11854,자유게시판,요새 내가 푹 빠진 노래와 춤~~ 정신 건강에 좋은 듯 합니다^^,코알라의 고향,2021.04.30.,287
11855,자유게시판,항암효과 좋은 보조제 추천희망,바담,2021.04.30.,268
11856,질문과 대답(QnA),위에 좋은약  있나요.?,건강찾기,2021.04.30.,240
11857,자유게시판,궁율님께,양준,2021.04.30.,207
11858,자유게시판,도배 5..,촌로,2021.04.30.,306
11859,자유게시판,생물도감 유튜브입니다. 늘 자주 보는데요.,분홍앵초,2021.04.30.,150
11861,자유게시판,올만에 먹어봅니다.,하늘별섬,2021.04.30.,319
11862,자유게시판,예전에 어릴때 장날이면 팔던약?,노원쭌이아빠,2021.04.30.,198
11864,자유게시판,나이야가라님 정말 감사합니다.,haru,2021.04.30.,257
11865,정보 공유,강아지 이버맥틴 종양 논문,시그널,2021.04.30.,296
11866,자유게시판,구충제와 호흡곤란 관계,바담,2021.04.30.,423
11867,자유게시판,양준님께,궁을,2021.04.30.,189
11868,자유게시판,커피의 성분과 효능,건강장수1,2021.04.30.,226
11869,질문과 대답(QnA),치매,양준,2021.04.30.,275
11870,정보 공유,"감탄한 보고서 - 차세대 바이오산업의 혁명으로 다가오는, 마이크로바이옴(microbiome) 핵심기술 개발동향과 향후 전망",꿈많은사람,2021.04.30.,171
11871,질문과 대답(QnA),촌로님께 질문 드립니다.,일단 살고보자,2021.05.01.,360
11872,질문과 대답(QnA),다이오프 증상을 들어 보니 잠이 쏟아지는 경우가 많은 것같습니다. 그런데요...,일단 살고보자,2021.05.01.,255
11873,자유게시판,안부,헤라,2021.05.01.,64
11874,담비,해외사례-재정리11-대장암-샘낭암종-폐암,담비,2021.05.01.,202
11875,자유게시판,니타조사나이드 필요하신분,엄마무탈하게건강하게,2021.05.01.,316
11876,자유게시판,민물장어..........,촌로,2021.05.01.,301
11877,질문과 대답(QnA),과탄화수소 2탄...,촌로,2021.05.01.,439
11879,질문과 대답(QnA),펜벤다졸/ 피르비늄 어디서 구해요?,from하와이,2021.05.01.,322
11880,자유게시판,이버멕틴12 어디서 구매하나요~~?,힘내자님,2021.05.01.,302
11881,만성질환자가임상나누기,오랜만입니다. 예전 건강한 몸과 정신입니다.^^,건강한몸과정신,2021.05.01.,387
11882,자유게시판,알바와하이바,주윤발,2021.05.01.,199
11885,자유게시판,안부,헤라,2021.05.02.,71
11887,자유게시판,색깔맞추기,주윤발,2021.05.02.,228
11889,자유게시판,아르테미시닌  정보에대해 공부하고싶어요,뱃살공주,2021.05.02.,375
11890,기타 자가임상 후기,소세포폐암 자가 임상 공유,예민아씨,2021.05.02.,643
11891,기타 자가임상 후기,소세포폐암 자가 임상 공유,분홍앵초,2021.05.02.,163
11892,정보 공유,암의 10가지 특징을 이용한 치료법/ Off Label Drugs.,나이야가라 폐선암4기,2021.05.02.,189
11893,정보 공유,암종별 효과있는 Off Label Drugs 약물 List,나이야가라 폐선암4기,2021.05.02.,251
11894,자유게시판,탁솔 항암제 임상체험,건강장수1,2021.05.02.,189
11896,자유게시판,항암제 탁솔과 펜벤다졸 비교자료 참고,건강장수1,2021.05.02.,261
11897,질문과 대답(QnA),이버멕틴 복용법..관련 질문입니다,예스리다,2021.05.02.,426
11898,정보 공유,"책 소개 - 소화기질환과 장내 미생물 -대한소화기내시경학회 내시경병태생리연구회 , 2021년 4월 출간 - 대장암 관련 내용 포함",꿈많은사람,2021.05.02.,118
11899,질문과 대답(QnA),변비약  쾌변,건강찾기,2021.05.02.,305
11900,자유게시판,이번주 반찬이네요.,bearskin2,2021.05.02.,295
11901,자유게시판,디스토시드,okpark138,2021.05.03.,306
11902,자유게시판,앵초이야기,헤라,2021.05.03.,378
11903,자유게시판,안부,헤라,2021.05.03.,93
11906,설금홍,암치료의 핵심 전략 : 종양의 산 알칼리를 변화시켜라,설금홍,2021.05.03.,472
11907,자유게시판,초보자에게 질문이.....,촌로,2021.05.03.,328
11908,정보 공유,이버멕틴 용제 검색,시그널,2021.05.03.,276
11909,자유게시판,속쓰림 증상,엄마무탈하게건강하게,2021.05.03.,207
11911,자유게시판,엄마께서 소천하셨습니다.,미니어리,2021.05.03.,728
11912,기타 자가임상 후기,알레르기 비염이 치료되었나 봅니다.,신풍생각,2021.05.04.,891
11913,자유게시판,미니어리님의 상중 글을 보며 !,코알라의 고향,2021.05.04.,621
11914,자유게시판,사람의 마음,촌로,2021.05.04.,386
11915,질문과 대답(QnA),식사 전에  구충제랑 베이킹소다를 같이 먹어도 될까요?,아이스 유방암ㅣ보,2021.05.04.,413
11916,가입 인사,안녕하세요,소산,2021.05.04.,141
11917,자유게시판,요즘 트리클라벤다졸 복용 중인데요..,테일러,2021.05.04.,"1,423"
11918,자유게시판,울카페의 이름은 암 (만성병) 극복의 길을 찾는 사람들,분홍앵초,2021.05.04.,425
11921,담비,신장암_티모퀴논_2019,담비,2021.05.04.,124
11922,자유게시판,분위기 환기 차원에서 쓰는 나 혼자만의 걸신투어. ( 청량리 시장 내 포천 메밀 냉면 ),테일러,2021.05.04.,396
11923,자유게시판,"설금홍님께서  약을 보내 주셨습니다,",분홍앵초,2021.05.04.,548
11924,자유게시판,녹즙과 구충제,바담,2021.05.04.,298
11925,자유게시판,암치료 자석요법,바담,2021.05.04.,540
11926,질문과 대답(QnA),코코넛오일 드셔보신분?,건강찾기,2021.05.04.,285
11927,자유게시판,비도오고~~~,제석산,2021.05.04.,190
11928,자유게시판,표준치료를 마치고,모모쓰리,2021.05.05.,248
11929,자유게시판,안부,헤라,2021.05.05.,64
11930,자유게시판,인디코스 사이트 중단!?!?!?,근원,2021.05.05.,230
11931,정보 공유,호주 신문- 인공 지능은 그렉이 아무런 증상이 없을 때 전립선암을 감지했다. 여기 그 기술이 다른 남자의 생명을 구할 수 있는 방법이 있다.,꿈많은사람,2021.05.05.,148
11932,가입 인사,안녕하세요!,신의구독과따봉쟁이,2021.05.05.,115
11933,자유게시판,태블릿pc,주윤발,2021.05.05.,124
11934,자유게시판,무제,주윤발,2021.05.05.,117
11936,자유게시판,오늘은 어린이날...,하늘별섬,2021.05.05.,179
11937,자유게시판,해독쥬스라 카는데 효과 좋은듯 보여...,이삭,2021.05.05.,220
11938,자유게시판,병이란 복불복,하늘별섬,2021.05.05.,181
11939,자유게시판,건강 찾아보겠다고 등산들 많이 하시는데 ..엄홍길대장이 갈쳐주는 등산이랍니다.,이삭,2021.05.05.,218
11940,자유게시판,두릅의 성분과 효능(항암성분),건강장수1,2021.05.05.,170
11941,자유게시판,[공유] 암 치유 면역력의 놀라운 힘 : 암 환자를 위한 암 치유 길잡이,건강장수1,2021.05.05.,229
11942,동영상링크(중요자료),빡시다  mri결과 좋은소식전해요,헤라,2021.05.05.,766
11943,자유게시판,올드 팝송 ...,이삭,2021.05.05.,120
11944,자유게시판,저는 요즘 이노래가 가슴에~~~,제석산,2021.05.05.,165
11946,질문과 대답(QnA),태국똥차.. 센나차 있으시분 있나요,예스리다,2021.05.05.,171
11947,질문과 대답(QnA),처음 접하는 구충제 복용법에 대한 질문입니다.,꼬마엄마,2021.05.05.,642
11948,질문과 대답(QnA),옴니쿠어150g짜리구하고싶은데 어디서구하나요?,와우와우 쩝,2021.05.05.,140
11949,자유게시판,웃음이 필요하신 분 어여 들어오세요.^^,건강한몸과정신,2021.05.06.,198
11950,자유게시판,안부,헤라,2021.05.06.,70
11953,가입 인사,안녕하세요 인사드립니다,팔봉이,2021.05.06.,218
11956,자유게시판,설금홍님께서 나눔하셨던 약을 보내 드렸습니다.,분홍앵초,2021.05.06.,254
11958,질문과 대답(QnA),피부가려움증 어디(과)병원을 가야하나요?,머루주,2021.05.06.,408
11959,질문과 대답(QnA),장루에 대해서  질문이 있습니다..,꼬마엄마,2021.05.06.,261
11960,자유게시판,메벤다졸 정리,기도해,2021.05.06.,225
11961,자유게시판,찔레꽃차,공주 냥냥,2021.05.06.,138
11962,자유게시판,뜬금없이 올려보는 추억의 이태리 음악. 노노레타.,테일러,2021.05.06.,82
11963,자유게시판,가짜 얀센 메벤다졸C형500mg 주의하세요.,최선의 선택,2021.05.06.,816
11964,자유게시판,모발검사결과에서 구리수치가 정말 높게 나왔답니다,행복나무,2021.05.06.,601
11965,질문과 대답(QnA),이트라코나졸 항암중 복용하시는분 계시나요?,요지경,2021.05.07.,240
11966,질문과 대답(QnA),알벤다졸과 호흡곤란 증상,일단 살고보자,2021.05.07.,316
11967,자유게시판,안부,헤라,2021.05.07.,61
11968,자유게시판,"암, 퇴행성뇌질환, 당뇨, 고혈압, 간염 등 환우분들께. . .",건강장수1,2021.05.07.,250
11970,기타 자가임상 후기,디스토시드 2회차 반응...,예스리다,2021.05.07.,435
11971,자유게시판,메벤다졸 사고 싶습니다.,일단 살고보자,2021.05.07.,349
11972,자유게시판,이버멕틱 먹어본후기,힘내자힘내자,2021.05.07.,678
11973,자유게시판,베란다 청소하다 떨어진 잎,분홍앵초,2021.05.07.,208
11974,자유게시판,산하님의 편지에 울컥하며,분홍앵초,2021.05.07.,304
11976,질문과 대답(QnA),신장수치와 구충제,팔봉이,2021.05.07.,381
11977,자유게시판,약 잘받았습니다~~~,제석산,2021.05.07.,219
11979,자유게시판,아지스로마이신 나눔해주실분 부탁드립니다.,하늘아K,2021.05.07.,160
11980,자유게시판,일본c4병원 중입자 치료,가을호수,2021.05.07.,275
11981,보관창고,약나눔 그런식으로 하자마쇼.장난도 아니고... 냉무,무라고,2021.05.07.,604
11982,자유게시판,인생은 흘린 눈물의 깊이만큼 아름답다(퍼옴),노원쭌이아빠,2021.05.07.,205
11983,질문과 대답(QnA),자다가,건강찾기,2021.05.07.,227
11984,정보 공유,"베르베린 브렌드별 평가,장단점",초록빛하늘,2021.05.08.,"1,402"
11985,궁을,그나마 유기농이 좋은 이유,궁을,2021.05.08.,257
11986,자유게시판,안녕하세요 ~~,이루리,2021.05.08.,159
11987,자유게시판,안부,헤라,2021.05.08.,78
11988,질문과 대답(QnA),아빠가 디스토시드 명현현상일까여,예스리다,2021.05.08.,393
11989,설금홍,삼중음성 유방암 (TNBC) 치료를 위한 대체 약물,설금홍,2021.05.08.,183
11990,담비,해외사례-재정리12-교모세포종-유방암-위암-폐암,담비,2021.05.08.,206
11992,자유게시판,믹스커피조아님 만나고 왔어요.,분홍앵초,2021.05.08.,522
11993,자유게시판,분홍앵초님과에 만남,믹스커피 조와,2021.05.08.,757
11995,질문과 대답(QnA),수술 및 방사선 치료 후 지속적 객담 배출,차분침착맨,2021.05.08.,227
11996,가입 인사,안녕하세요,같이무찌르자,2021.05.08.,99
11997,자유게시판,건강해진증거!,하늘별섬,2021.05.08.,439
12002,자유게시판,안부,헤라,2021.05.09.,85
12003,자유게시판,"비타민D, 제2 기능이 뼈 강화.. 제1기능은?",제리호야,2021.05.09.,343
12004,자유게시판,해발900-1000 피나무꿀과 야생화꿀,건강장수1,2021.05.09.,157
12005,자유게시판,"해발900 이상 청정자연에서 성장한 야생 자연산 고사리와 참두릅, 개두릅 묵나물 장만",건강장수1,2021.05.09.,182
12008,자유게시판,일상복귀,카운터사이드,2021.05.10.,226
12009,질문과 대답(QnA),비타민씨 정맥주사문의,건강찾기,2021.05.10.,196
12010,자유게시판,안부,헤라,2021.05.10.,64
12011,정보 공유,항암구충제 복용 프로토콜,나이야가라 폐선암4기,2021.05.10.,416
12012,자유게시판,테스트.......,촌로,2021.05.10.,478
12013,질문과 대답(QnA),직장에서 전이되어 간암 4기인데요,띵오,2021.05.10.,461
12014,가입 인사,안녕하세요!,민초2,2021.05.10.,75
12015,설금홍,고지혈증약 스타틴의 항암제로 용도변경,설금홍,2021.05.10.,370
12016,질문과 대답(QnA),안녕하세요.,제니퍼정,2021.05.10.,107
12017,자유게시판,국내 Coc프로토콜,하이4457,2021.05.10.,246
12018,자유게시판,메벤다졸 남은것 정리하여 판매합니다.(완료),애지디,2021.05.10.,222
12019,질문과 대답(QnA),담관암4기 황달수치22,lch911,2021.05.10.,176
12021,자유게시판,해발800 청정자연에서 성장한 감자,건강장수1,2021.05.10.,121
12022,가입 인사,안녕하세요~,퀄리아,2021.05.10.,74
12024,자유게시판,메벤다졸 남은것 정리하여 판매합니다.(예약중),희망긍정완치,2021.05.10.,25
12025,자유게시판,메벤다졸 남은것 정리하여 판매합니다.(예약중),희망긍정완치,2021.05.10.,39
12026,자유게시판,안녕하세요 오랜만에 글남깁니다.,라미레스,2021.05.10.,312
12027,자유게시판,구충제 및 영양제들 남은거 정리합니다.(완료),라미레스,2021.05.10.,508
12028,질문과 대답(QnA),도움 부탁 드립니다....,sambong76,2021.05.10.,213
12029,가입 인사,안녕하세요,초록초록,2021.05.10.,117
12030,자유게시판,편도암으로 통증,이은주,2021.05.10.,376
12031,질문과 대답(QnA),신장이나 간기능  질문요,건강찾기,2021.05.10.,248
12032,질문과 대답(QnA),메벤다졸  뇌종양용,푸른사과5,2021.05.10.,379
12033,자유게시판,폐암치료중 폐렴치료받으신분 계신가요?,복댕이,2021.05.10.,271
12034,자유게시판,21/4/10 충주꽃,bearskin2,2021.05.10.,94
12035,궁을,쌈채소 판매합니다,궁을,2021.05.11.,244
12036,자유게시판,안부,헤라,2021.05.11.,81
12037,담비,전립선암_멜라토닌_2020년,담비,2021.05.11.,210
12038,궁을,흰개미가 지은 초고층빌딩 호주 성당 흰개미집,궁을,2021.05.11.,205
12039,자유게시판,안녕하세요~도움이 필요해서 글 남겨요,상크스,2021.05.11.,881
12040,자유게시판,카카오약국이 왜비싼거죠?,띵오,2021.05.11.,385
12042,자유게시판,CT 판독부탁드려요,미리내짱,2021.05.11.,244
12044,정보 공유,인간의 장내 미생물 군집에서 발견 된 새로운 종은 질소 가용성을 향상시킬 수 있습니다 -영문 구글 번역,꿈많은사람,2021.05.11.,193
12045,자유게시판,존경하는 의사 선생님께................,촌로,2021.05.11.,735
12046,자유게시판,집사노릇,공주 냥냥,2021.05.11.,260
12048,자유게시판,이번 주 반찬입니다.,bearskin2,2021.05.11.,295
12049,자유게시판,안부,헤라,2021.05.12.,63
12050,질문과 대답(QnA),LA에서 조티페스 3종 구할 수 있나요?,띵오,2021.05.12.,173
12051,자유게시판,“석이석이12”님의 무료나눔을 감사드립니다.,대전소생,2021.05.12.,272
12053,설금홍,유방암 치료를 위한 대체약물 종합 요약,설금홍,2021.05.12.,323
12054,자유게시판,건강검진결과,하늘별섬,2021.05.12.,538
12055,질문과 대답(QnA),첫 비타민주사,건강찾기,2021.05.12.,250
12056,자유게시판,설금홍님. 세꼬시님. 녹차향님! 감사합니다,분홍앵초,2021.05.12.,347
12058,자유게시판,건조된 그라비올라잎 나눔할께요.,산하,2021.05.12.,215
12059,자유게시판,심부전환자인데 메벤다졸과 이버 먹어도 될까요?,heg6402,2021.05.12.,227
12061,질문과 대답(QnA),피르비늄 구입문의,건강찾기,2021.05.12.,344
12062,질문과 대답(QnA),암환자가 코비드19 백신을 맞아도 되는지요?,믿음안에서,2021.05.12.,608
12063,정보 공유,"마이크로바이옴(인간 미생물총), 암과 암 치료 - 영어 논문에 관한 딴짓거리 - 1편  배경설명과 과정설명 - 너무 길어요-수정판",꿈많은사람,2021.05.12.,226
12065,자유게시판,안부,헤라,2021.05.13.,66
12066,자유게시판,구지뽕과 맷돼지,일단 살고보자,2021.05.13.,280
12067,자유게시판,"(광고) 전자책 ""판도라 5.0"" 출간 : 메드 베드(양자치료기술) 및 NESARA/GESARA 관련내용 추가수록",globica,2021.05.13.,101
12068,자유게시판,들어보세요,믹스커피 조와,2021.05.13.,183
12069,정보 공유,"마이크로바이옴(인간 미생물총), 암과 암 치료 - 영어 논문에 관한 딴짓거리 - 2편 인용문헌 리스트 - 진짜 길어요",꿈많은사람,2021.05.13.,207
12072,암 호전사례 정보,소세포 폐암 확장기 1년 경과 공유,예민아씨,2021.05.13.,691
12073,자유게시판,별썸의 공지사항입니다.,하늘별섬,2021.05.13.,386
12074,가입 인사,안녕하세요.,산수,2021.05.13.,161
12075,회원나눔(공짜는 아닙니다),탈리도마이드 나눔합니다(완료),수목원,2021.05.13.,175
12076,자유게시판,니클로사마이드 효능,이삭,2021.05.14.,578
12077,자유게시판,논문연구소 동영상 올라왔네요,다솜,2021.05.14.,414
12078,자유게시판,이버멕틴....이버놈...이라는 제품 갖고 계시면 저한테 좀 파세요.,일단 살고보자,2021.05.14.,583
12079,자유게시판,안부,헤라,2021.05.14.,80
12080,설금홍,꿈많은 사람님 마이크로바이오옴 관련 논문 중 일부,설금홍,2021.05.14.,132
12081,이버맥틴자가임상후기,이버멕틴 니타조나 알벤 먹고 몸에 멍이들었어요(구충제 먹고 멍이들었어요),니나노,2021.05.14.,"1,298"
12083,자유게시판,구충제 복용법 문의 드려도 될까요. 도와 주십시요,우상과 이성,2021.05.14.,248
12084,자유게시판,"간을 보호하기 위해서  밀크씨슬, 커큐민, 사과식초를 먹고 있습니다.",일단 살고보자,2021.05.14.,379
12086,자유게시판,배부른 돼지~~~,제석산,2021.05.14.,200
12089,자유게시판,관해받은지  1년 입니다,안평골,2021.05.14.,"1,206"
12090,자유게시판,엄청덥네요.,분홍앵초,2021.05.14.,195
12091,자유게시판,암치료와 관련해서 의사들은 이용을 해야 하는 도구라고 생각하세요...,몽당연필,2021.05.15.,404
12092,자유게시판,화상과 염소 오줌.,일단 살고보자,2021.05.15.,173
12094,자유게시판,안부,헤라,2021.05.15.,57
12096,담비,펜벤다졸_암세포사유도_2018,담비,2021.05.15.,264
12098,자유게시판,산하님 보내주신 그라비올라~~~,제석산,2021.05.15.,208
12100,자유게시판,우중 꽃길,건강장수1,2021.05.15.,134
12101,자유게시판,질경이,양준,2021.05.15.,195
12103,자유게시판,알벤다졸 복용후 신장이상 재검결과,소담씨,2021.05.15.,579
12104,정보 공유,"고대 똥 더미가 인간 장내 세균의 '멸종 사건'을 드러내다 - 영문을 번역하려다, 어떤 분이 벌써 번역 해놓음",꿈많은사람,2021.05.15.,223
12105,자유게시판,베이킹소다요법,바담,2021.05.15.,722
12106,회원나눔(공짜는 아닙니다),이버맥틴 구합니다,히란야,2021.05.16.,403
12107,궁을,채소를 갈아서 즙으로 먹는 다는 것-황성수 박사,궁을,2021.05.16.,306
12109,자유게시판,안부,헤라,2021.05.16.,76
12110,자유게시판,[공유] 게놈 연구자 박종화 교수 “인간 수명 200년 시대 온다”,건강장수1,2021.05.16.,132
12111,자유게시판,[공유] [한국FP협회] 인간 수명이 500세까지? 구글의 바이오프로젝트 '칼리코',건강장수1,2021.05.16.,135
12113,회원나눔(공짜는 아닙니다),니타조 판매합니다,나아가자,2021.05.16.,331
12114,자유게시판,간 청소,주윤발,2021.05.16.,278
12115,자유게시판,비오는날은 부치미..,하늘별섬,2021.05.16.,263
12118,정보 공유,네안데르탈인은 채소를 먹었다는 것이 그들의 배설물들을 통해서 밝혀졌다 - 영문 구글번역 vs 한글 전문번역가의 번역본,꿈많은사람,2021.05.16.,163
12119,자유게시판,아파트,양준,2021.05.16.,374
12120,이버맥틴자가임상후기,구충제복용 3주차  느낀것,니나노,2021.05.16.,"1,234"
12121,궁을,공생과 공진화,궁을,2021.05.17.,242
12122,자유게시판,안부,헤라,2021.05.17.,79
12123,자유게시판,통증에 효과있는 구충제 조언 구합니다,소나무처럼,2021.05.17.,401
12124,자유게시판,해발700 서출동류수 샘터 정리 및 해발800 참두릅,건강장수1,2021.05.17.,112
12127,자유게시판,[완료]피르비늄 나눕니다,Rachael71,2021.05.17.,387
12128,자유게시판,비가 온다는 소식에,촌로,2021.05.17.,357
12130,자유게시판,중금속 논란이 있어서 증거자료를 올리겠읍니다,기동천,2021.05.17.,310
12131,자유게시판,암환자가 줄지 않는 이유,세꼬시,2021.05.17.,892
12132,궁을,쌈채소 녹즙의 효과실험(1),궁을,2021.05.17.,221
12133,자유게시판,옥살산염,조기바다,2021.05.17.,213
12134,질문과 대답(QnA),"유방암 4기, 전신 원격 전이",개무아,2021.05.18.,453
12135,궁을,엔젤녹즙기 구합니다,궁을,2021.05.18.,254
12136,자유게시판,이버크림 만들려고 하는데요,엄마무탈하게건강하게,2021.05.18.,172
12137,자유게시판,안부,헤라,2021.05.18.,51
12138,만성질환자가임상나누기,최고의 복근운동 소개합니다!,건강한몸과정신,2021.05.18.,237
12139,자유게시판,"[공유] ""싸늘한 의사들"" 말기암 보아 오빠 비판에 전 의협회장의 해명",건강장수1,2021.05.18.,319
12140,자유게시판,니타조사나이드 구입방법 조언부탁드립니다.,건강희망,2021.05.18.,191
12142,정보 공유,멜라토닌의 항암효과/ 10가지 암의 모든특징을 억제.,나이야가라 폐선암4기,2021.05.18.,434
12143,자유게시판,어떻게 해야할까요? 조언구해요,미리내짱,2021.05.18.,460
12144,자유게시판,병원에서 치료한 내용입니다,미리내짱,2021.05.18.,202
12145,자유게시판,저번에 올린 중국산 김치 결국 식중독,이삭,2021.05.18.,174
12148,자유게시판,주식관련 이벤트,주윤발,2021.05.18.,165
12149,자유게시판,암의 스위치는 어느 것일까,바담,2021.05.18.,258
12150,질문과 대답(QnA),이버멕틴 원래 입에서 살살 녹나요?,예스리다,2021.05.18.,335
12151,이버맥틴자가임상후기,방글라데시 이버맥틴 베트남거랑 비교하면 어떤가요?,니나노,2021.05.18.,522
12152,이버맥틴자가임상후기,폐흡충이 폐에서 떨어진게 느껴져요,니나노,2021.05.18.,"2,204"
12153,자유게시판,치매 환자,세라,2021.05.18.,427
12154,정보 공유,"악액질(거식증, 식욕부진, 체중감소) 개선방법",나이야가라 폐선암4기,2021.05.19.,545
12155,자유게시판,안부,헤라,2021.05.19.,81
12156,정보 공유,[네이쳐] 고대 인간의 대변은 과거의 장내 미생물을 드러냅니다 - 구글 영문 번역 - 한개 연구 논문의 다른 글들,꿈많은사람,2021.05.19.,139
12157,담비,방광암_멜라토닌_발프로산_2017년,담비,2021.05.19.,153
12158,자유게시판,빡시다,믹스커피 조와,2021.05.19.,272
12159,자유게시판,의사들은 왜 쉽게 죽음을 맞이 할까,세꼬시,2021.05.19.,627
12160,자유게시판,목에 가래,이김,2021.05.19.,356
12161,자유게시판,"오대산 상원사, 월정사 불탄일",건강장수1,2021.05.19.,101
12162,정보 공유,종양 및 장내 미생물이 암 치료에 미치는 영향 - 영문 원본 The impact of tumor and gut microbiotas on cancer therapy - 설금홍님께 🎁 ...,꿈많은사람,2021.05.19.,178
12163,가입 인사,안녕하세요,이니리,2021.05.20.,79
12164,정보 공유,나이야가라 폐선암4기 -2019년 장염에 대한 막걸리의 반응 댓글 보고 - 구글에서 막걸리를 찾아 봤습니다.,꿈많은사람,2021.05.20.,285
12165,자유게시판,안부,헤라,2021.05.20.,73
12166,자유게시판,싸늘한 의사들...,똘이아빠,2021.05.20.,388
12167,질문과 대답(QnA),시메티딘 구할 수 있을까요?,마로니에,2021.05.20.,236
12168,자유게시판,[공유] 커피 하루 3잔 이상 마시면 모든 원인의 사망 위험 21%↓,건강장수1,2021.05.20.,308
12169,폐암,넘메스꺼워요,rlaghddhr577,2021.05.20.,318
12170,자유게시판,면역항암제를 바꾸어야 할까요?,미리내짱,2021.05.20.,244
12172,자유게시판,집주변 병원의 현실 ㅋㅋㅋㅋㅋ(디스토시드가 뭔지모름),니나노,2021.05.20.,333
12174,자유게시판,메벤다졸 구매처 알고 싶습니다,의암호,2021.05.20.,410
12175,가입 인사,안녕하세요~,말똥청년,2021.05.20.,196
12176,자유게시판,[공유] 항암치료 무엇이 문제인가?,건강장수1,2021.05.20.,424
12177,가입 인사,안녕하세요 반갑습니다,jongsik0218,2021.05.21.,124
12179,자유게시판,펜벤다졸 니클로마사이드,초록초록,2021.05.21.,301
12180,설금홍,종양 및 장내 미생물이 암 치료에 미치는 영향=꿈많은 사람님 사탕주고 얻은 pdf,설금홍,2021.05.21.,189
12184,구매정보게시판(물건배송확인후),니타조사나이드  구입 하고자 합니다,미르솔림,2021.05.21.,266
12185,자유게시판,권준우님을 찾습니다.,분홍앵초,2021.05.21.,320
12188,자유게시판,즐기는 삶 스트레스 관리,건강장수1,2021.05.21.,170
12189,질문과 대답(QnA),골육종치료에 도움이 될만한 구충제 정보있으면 알려주시면 대단히 감사하겠습니다.,Hnephi,2021.05.21.,244
12191,자유게시판,"[공유] 구연산 효능과 부작용, 사용하는 용도까지 정리해봤어요",건강장수1,2021.05.22.,345
12192,자유게시판,안부,헤라,2021.05.22.,90
12195,설금홍,전이성 전립선암에 펜벤다졸과 알벤다졸의 항암 효과,설금홍,2021.05.22.,347
12196,정보 공유,이버맥틴 먹고 긍정적인 시그널 신호 왔습니다,시그널,2021.05.22.,508
12197,자유게시판,[공유] “돈 더 벌어 뭐하게요?” 그 名醫들은 왜 시골 보건소로 갔나,건강장수1,2021.05.22.,210
12198,자유게시판,소고기에서 기생충?,힘내자님,2021.05.22.,390
12199,자유게시판,[공유] '수명' 늘리는 가장 안전하고 쉬운 방법,건강장수1,2021.05.22.,302
12200,자유게시판,황토볼침대의 진실?,처음부터 시작이다,2021.05.22.,262
12201,질문과 대답(QnA),84세 노인 해독문의,크크별,2021.05.22.,327
12203,자유게시판,좋은소식입니다.,바담,2021.05.23.,452
12204,자유게시판,안부,헤라,2021.05.23.,77
12206,질문과 대답(QnA),이번에는 구충제 반응? 효과가 없네요,예스리다,2021.05.23.,402
12208,자유게시판,통증이 심할때 어떻게 하시나요?,네임리스,2021.05.23.,467
12209,자유게시판,식후.통증이 있으면 위암인지요?,건강찾기,2021.05.23.,156
12210,자유게시판,직업상 어쩌다 가는 그곳에는...,하늘별썸,2021.05.23.,355
12211,질문과 대답(QnA),구충제 복용 후 혈변,팔봉이,2021.05.23.,874
12212,자유게시판,구충제 암 환부에 바르면 효과 있나요?,donganan,2021.05.23.,354
12213,자유게시판,오랜만에 글 올려요,승이엄마,2021.05.23.,273
12214,정보 공유,단어를 하나씩 키보드로 입력해서 번역하시는 분들께 드리는 - 도구들을 활용한 번역 방법 - 기초편 - 상,꿈많은사람,2021.05.23.,335
12217,자유게시판,안부,헤라,2021.05.24.,96
12220,자유게시판,금오산,주윤발,2021.05.24.,116
12221,자유게시판,오늘의 반찬이네요.,bearskin2,2021.05.24.,206
12222,질문과 대답(QnA),메트포르민과 비타민D3 의 조합에 대한 답글을 본적이 있는데  다시 보려고 하니 못찾겠습니다,믿음안에서,2021.05.24.,182
12224,자유게시판,항암 보조치료에  대한 여러가지 잡념들...,소산,2021.05.24.,171
12226,자유게시판,이트라코나졸 파신분 계신가요.,빅토리한,2021.05.24.,300
12227,질문과 대답(QnA),그라비올라 효과 보신분 있은신가요?,띵오,2021.05.24.,269
12228,암 호전사례 정보,[해외호전사례모음집] 조티펜스 페이스북 그룹에서 2019년 8월부터 2021년 5월까지 약 165개 - 자료수집 정확도 약80~90%,꿈많은사람,2021.05.24.,478
12230,자유게시판,족발,믹스커피 조와,2021.05.24.,193
12231,자유게시판,안부,헤라,2021.05.25.,71
12232,자유게시판,안부 그리고...,촌로,2021.05.25.,378
12233,자유게시판,"이버맥틴, 니클 구입처 문의",우상과 이성,2021.05.25.,235
12234,담비,구강편평세포암_아티초크_2020년,담비,2021.05.25.,167
12235,자유게시판,존경하는 회원님들 이 조합 어떤지요,하이4457,2021.05.25.,293
12236,자유게시판,니클로마사이드 변색깔,초록초록,2021.05.25.,220
12237,자유게시판,영양밥과 타락죽 만들기,분홍앵초,2021.05.25.,176
12238,자유게시판,악액질 현상 탈출 조짐!,나이야가라 폐선암4기,2021.05.25.,545
12240,정보 공유,막걸리의 항암효과,나이야가라 폐선암4기,2021.05.25.,374
12242,설금홍,췌장암에 곰팡이가 문제,설금홍,2021.05.25.,632
12243,질문과 대답(QnA),폐에 물,건강찾기,2021.05.25.,219
12245,자유게시판,독감백신이 암치료 효과,바담,2021.05.25.,363
12246,자유게시판,"식혜, 약식혜, 약도라지식혜 등을 검색한 결과",꿈많은사람,2021.05.25.,234
12247,자유게시판,ㅎ 이제 다시하번,제석산,2021.05.25.,234
12248,자유게시판,항암 보조치료에 대한 여러가지 잡념들... 에 덧붙이기,소산,2021.05.25.,378
12249,질문과 대답(QnA),뇌종양에 이버멕틴+메벤다졸 사용하고 있는데요.....,일단 살고보자,2021.05.25.,692
12250,자유게시판,안부,헤라,2021.05.26.,106
12251,자유게시판,[공유] 항암치료의 또 다른 부작용… 노화 가속한다?,건강장수1,2021.05.26.,203
12252,질문과 대답(QnA),휴지기때~,꼬마엄마,2021.05.26.,192
12254,자유게시판,이트라코나졸 구할수 있을까요?,하이4457,2021.05.26.,201
12255,자유게시판,대전 이서동물약품,분홍앵초,2021.05.26.,461
12256,질문과 대답(QnA),"전립선암 11년차, 중대한 기로에서 문의드립니다.",건강희망,2021.05.26.,565
12259,자유게시판,도와주세요,우주부자,2021.05.26.,412
12260,질문과 대답(QnA),직장암 재발 및 부종,찬란한 태양,2021.05.26.,358
12261,설금홍,이트라코나졸 실전 사용법,설금홍,2021.05.26.,530
12262,자유게시판,여쭤봅니다~,꼬마엄마,2021.05.26.,279
12263,자유게시판,소세포폐암 확장기 ..도와주세요..,주식카페 매니저아롬,2021.05.27.,235
12264,폐암,피르비늄 구합니다,그만해1,2021.05.27.,314
12265,가입 인사,가입했습니다.,타샤,2021.05.27.,78
12267,자유게시판,펜벤다졸 구합니다,힘내자님,2021.05.27.,248
12268,자유게시판,황달수치 2.47인데 구충제 및 이트라코나졸 복용,하이4457,2021.05.27.,286
12270,가입 인사,가입했습니다.,분홍앵초,2021.05.27.,42
12272,자유게시판,기분 전환,나이야가라 폐선암4기,2021.05.27.,264
12273,자유게시판,횡재,분홍앵초,2021.05.27.,379
12274,폐암,급)조직검사,루엔코,2021.05.27.,348
12275,정보 공유,단어를 하나씩 키보드로 입력해서 번역하시는 분들께 드리는 - 도구들을 활용한 번역 방법 - 기초편 - 중,꿈많은사람,2021.05.27.,112
12276,자유게시판,눈물 납니다,승이엄마,2021.05.27.,381
12278,자유게시판,꽃구경,bearskin2,2021.05.27.,133
12279,자유게시판,안부,헤라,2021.05.28.,62
12280,질문과 대답(QnA),니타조사나이드 구입방법,나이쓰,2021.05.28.,226
12281,자유게시판,베트남산 이버멕틴과 메벤다졸 구합니다,감사35,2021.05.28.,290
12282,자유게시판,너무나 고마우신 분........,촌로,2021.05.28.,534
12283,궁을,"산딸기밭의 미생물들 분석, 확인하기",궁을,2021.05.28.,131
12284,궁을,세상에 이런 빵집이 다있네요~,궁을,2021.05.28.,633
12285,자유게시판,글루타치온과 구충제 복용시,하이4457,2021.05.28.,227
12286,자유게시판,이버멕틴...코로나19에 특효,제리호야,2021.05.28.,338
12287,자유게시판,구충제 몇가지 최저가격에 드려요,희망을 기적으로,2021.05.28.,529
12288,자유게시판,대구 꽃박람회,주윤발,2021.05.28.,118
12289,정보 공유,항암제 부작용을 줄이는 것으로 밝혀진 특정 장내 세균 - 구글 영문 번역 - 5월 26일자 기사,꿈많은사람,2021.05.28.,231
12291,정보 공유,단어를 하나씩 키보드로 입력해서 번역하시는 분들께 드리는 - 도구들을 활용한 번역 방법 - 기초편 - 하 1 (실전 동영상 엄청 많음),꿈많은사람,2021.05.28.,188
12292,자유게시판,안부,헤라,2021.05.29.,72
12293,자유게시판,건강,믹스커피 조와,2021.05.29.,77
12294,자유게시판,니클로마사이드,라인,2021.05.29.,624
12295,담비,골수종_메벤다졸_2019,담비,2021.05.29.,144
12297,자유게시판,아시코나정 알고 계십니까?,하이4457,2021.05.29.,292
12298,자유게시판,다이어트하는 암환우입니다.,하늘별썸,2021.05.29.,378
12299,자유게시판,생우유와 살균우유,조기바다,2021.05.29.,233
12300,자유게시판,오늘 병원가서  검사 받다가 혼절했습니다.,분홍앵초,2021.05.29.,962
12302,자유게시판,저용량 CURCUMIN 과 EGCG 가 항암에 미치는 영향,소산,2021.05.29.,183
12303,자유게시판,녹차 추출물(EGCG) 흡수 및 생체이용률 높이기,소산,2021.05.30.,155
12305,자유게시판,안부,헤라,2021.05.30.,63
12306,자유게시판,공유)))기생충 때문에 생기는 질환 별 증상 ㅡ 종합편,감사해,2021.05.30.,482
12309,자유게시판,쪽빛 청정하늘과 간재미 건조,건강장수1,2021.05.30.,90
12310,자유게시판,아파트옥상 힐링화단..,신풍생각,2021.05.30.,229
12313,판매자 신청,이버멕틴 구합니다.,허수비,2021.05.30.,255
12315,자유게시판,소세포 폐암,주식카페 매니저아롬,2021.05.30.,224
12316,가입 인사,가입했습니다,고구마사이다다,2021.05.30.,71
12317,정보 공유,청소년 정신분열증은 박테리아가  원인?,말콥,2021.05.30.,344
12318,자유게시판,[공유] 암의 원인이 기생충?,건강장수1,2021.05.31.,268
12319,자유게시판,[공유] 폐암덩어리와 기생충을 모두 불태우는 팥꽃나무 효능 및 법제방법,건강장수1,2021.05.31.,307
12321,자유게시판,안부,헤라,2021.05.31.,63
12323,자유게시판,엑스트라 버진 올리브유 가짜가 있다는 군요.,처음부터 시작이다,2021.05.31.,279
12325,자유게시판,[더오래]암 환자와 싸운 전공의…친절은 진료와 제로섬?,제리호야,2021.05.31.,223
12326,자유게시판,대전 이서동물 약품에서 전언이 있습니다.(젊은 사장님의 귀환을 환영합니다.),분홍앵초,2021.05.31.,501
12327,자유게시판,아스피린,양준,2021.05.31.,242
12328,이버맥틴,국산 동물용 이버멕틴 구합니다.,암낫는다,2021.05.31.,903
12329,궁을,암과 정신의 관계에 대해,궁을,2021.05.31.,375
12330,질문과 대답(QnA),요양병원에 폐렴 치료 해보신분 계신가요?,나아가자,2021.05.31.,154
12331,질문과 대답(QnA),발이 부었다고 하시는데 이유가 뭘까요?,묘주,2021.05.31.,349
12332,자유게시판,음식에 관하여~^^,꼬마엄마,2021.05.31.,372
12333,자유게시판,"심장을 강건하게, 원활한 정맥순환, 뇌졸증 후유증 극복하는 운동 (그외~)",제리호야,2021.05.31.,188
12334,자유게시판,(수정)저용량 CURCUMIN 과 EGCG 가 항암에 미치는 영향,소산,2021.05.31.,157
12336,자유게시판,이거가 비빔묵인가?,하늘별썸,2021.06.01.,172
12337,가입 인사,가입했어요,리미트8,2021.06.01.,54
12338,자유게시판,안부,헤라,2021.06.01.,68
12344,질문과 대답(QnA),설사를 너무 자주 하시는데요..,묘주,2021.06.01.,342
12345,자유게시판,몸의 온도는 38도,분홍앵초,2021.06.01.,466
12346,자유게시판,타이레놀 어떻게 구하나요?,행복4,2021.06.01.,270
12347,자유게시판,"[공유] 면역력 높여주는 음식, 기생충 박멸-천연구충제 역할하는 이것 무엇?",건강장수1,2021.06.01.,257
12348,자유게시판,"[공유] 인간의 97.68%가 가지고 있는, 기생충 “모낭충”",건강장수1,2021.06.01.,266
12349,자유게시판,"[공유] 모낭염, 모낭충 잡는 식초세안법, 식초효능 ? 분당헬스 분당피티 익스홀릭 휘트니스",건강장수1,2021.06.01.,199
12350,자유게시판,코알라의고향님을 찾습니다.,분홍앵초,2021.06.02.,422
12351,자유게시판,"[공유] 자고 났더니 다리가 퉁퉁…붓는 이유, 대처법",건강장수1,2021.06.02.,134
12352,자유게시판,위암복막전이 ...도움  말씀 부탁드립니다,더행복하기,2021.06.02.,386
12353,자유게시판,안부,헤라,2021.06.02.,59
12354,자유게시판,"[공유] 게장 잘못 먹었다가, 기생충 감염되는 경우는…",건강장수1,2021.06.02.,256
12356,자유게시판,지식을 공유해 주시는분들께 대한 감사함입니다.,분홍앵초,2021.06.02.,318
12357,가입 인사,안녕하세요?,고흥사랑,2021.06.02.,123
12358,질문과 대답(QnA),간절하게 도움 좀 요청합니다,고흥사랑,2021.06.02.,505
12359,자유게시판,그동안 걱정해주셔 감사합니다. 그래도 감사 인사는 드려야 할 것 같아서요. PET 검사 결과를 오늘 들었어요,꿈많은사람,2021.06.02.,759
12360,회원나눔(공짜는 아닙니다),매트리씨 주사(아스코르브산/비타민c)정맥주사용 나눔합니다(판매완료),수목원,2021.06.02.,256
12361,자유게시판,메벤다졸 복용량--- 드뎌 차자따아~~,소산,2021.06.02.,"1,815"
12362,자유게시판,코로나 발원지 ?,이삭,2021.06.02.,215
12363,자유게시판,메벤다졸.이버멕틴 구합니다.,iuhyg,2021.06.02.,274
12364,자유게시판,안부,헤라,2021.06.03.,73
12365,자유게시판,오해의 소지가 있을까봐...,촌로,2021.06.03.,858
12366,유투브방송 링크나눔,암과싸우지말고 친구가 돼라,주윤발,2021.06.03.,300
12367,자유게시판,칭찬합니다,헤라,2021.06.03.,271
12369,자유게시판,갑상선암  구충제요법,그림자,2021.06.03.,626
12370,자유게시판,점심만찬,믹스커피 조와,2021.06.03.,273
12371,유투브방송 링크나눔,기능의학,주윤발,2021.06.03.,194
12372,자유게시판,반신욕하니 많이 좋아지셨다고 하네요.,묘주,2021.06.03.,345
12373,자유게시판,꽃구경하세요.,bearskin2,2021.06.03.,102
12374,유투브방송 링크나눔,벤다졸과 탈모,똘이아빠,2021.06.04.,225
12375,자유게시판,"전자책 ""판도라 5.0"" 무료 배포",globica,2021.06.04.,110
12376,자유게시판,궁을농장의 산딸기 소식이 궁금합니다.  우리집 옥상정원의 산딸기는 지금 ...,신풍생각,2021.06.04.,226
12377,자유게시판,판독부탁드립니다,짱알,2021.06.04.,95
12379,질문과 대답(QnA),84세 저의엄마 이트라코나졸,크크별,2021.06.04.,368
12381,가입 인사,안녕하세요,반드시 낫는다,2021.06.04.,119
12382,궁을,자연재배 야채의 녹즙복용 후기,궁을,2021.06.04.,312
12383,자유게시판,병원 다녀왔습니다.,분홍앵초,2021.06.04.,596
12385,자유게시판,시메티딘 드시는분~,힘내자님,2021.06.04.,175
12386,자유게시판,ebs 명의 보세요,루엔코,2021.06.04.,304
12387,회원나눔(공짜는 아닙니다),나눔합니다,달군,2021.06.04.,556
12388,자유게시판,안부,헤라,2021.06.05.,48
12389,질문과 대답(QnA),어머니가 말기암으로 시간이 얼마남지 않았습니다,장미빛모퉁이,2021.06.05.,899
12390,설금홍,마누카꿀 : 메틸 글리옥살=획기적인 항암제?,설금홍,2021.06.05.,199
12391,자유게시판,[공유] 상추의 다른 이름 천금채 / 상추의 효능,건강장수1,2021.06.05.,165
12392,담비,전립선암_민들레뿌리_레몬그라스_2019년,담비,2021.06.05.,167
12393,설금홍,2편 : 메틸 글리옥살과 케토제닉 다이어트,설금홍,2021.06.05.,89
12394,자유게시판,암등 시한부선고 환우분들과 가족들 및 치유와 완치,건강장수1,2021.06.05.,222
12396,자유게시판,자연재배 컬리플라워 판매해요.^^,머름골농장봉화,2021.06.05.,179
12397,질문과 대답(QnA),췌장암 뼈전이인데요...,은탱님,2021.06.05.,405
12399,자유게시판,[공유] 암환자 200만명...매년 6월 첫째주는 '암생존자 주간',건강장수1,2021.06.05.,169
12400,자유게시판,염색...,꼬마엄마,2021.06.05.,203
12401,자유게시판,메벤다졸 구해봅니다~,그림자,2021.06.05.,260
12403,자유게시판,꽃구경,bearskin2,2021.06.05.,101
12404,자유게시판,요즘 뒤숭생숭 ? / 지옥 탈출/ 외유.,나이야가라 폐선암4기,2021.06.06.,286
12405,자유게시판,안부,헤라,2021.06.06.,64
12406,자유게시판,조심조심,bearskin2,2021.06.06.,131
12408,질문과 대답(QnA),저희 어머니 악화되는 속도가 너무 빨라요. 도와주세요~~,lch911,2021.06.06.,613
12409,자유게시판,항암제 내성의 기전,소산,2021.06.06.,675
12410,질문과 대답(QnA),"기름을 흡수를 못하신다고 하는데요, 어떻게 먹어야 할까요?",묘주,2021.06.06.,238
12411,자유게시판,채소 꾸러미  한달을  보내며...,머름골농장봉화,2021.06.06.,185
12412,자유게시판,시골다녀왔네요,주윤발,2021.06.06.,157
12413,자유게시판,기생충에 관하여...,꼬마엄마,2021.06.06.,440
12414,궁을,자연재배 산딸기생과 2차분 판매공지,궁을,2021.06.06.,531
12416,자유게시판,오랜만에 호주 시드니 일상 - 일요일 아침 부자 동네 산책로 방문기,꿈많은사람,2021.06.06.,274
12417,자유게시판,해발700 아카시아꽃 천연발효효소식초 담금,건강장수1,2021.06.06.,85
12418,자유게시판,항암제 내성(2) 극복--천연물질,소산,2021.06.06.,129
12419,자유게시판,항암제 내성(3) 극복--천연 감작제,소산,2021.06.06.,75
12420,자유게시판,항암제 내성(4) 극복--플라보노이드,소산,2021.06.06.,110
12421,자유게시판,베르베린에 대한 안 좋은 소식?,나이야가라 폐선암4기,2021.06.07.,845
12422,자유게시판,코로나 백신과 간수치 관련,나이야가라 폐선암4기,2021.06.07.,263
12423,자유게시판,안부,헤라,2021.06.07.,58
12424,자유게시판,"약, 영양제 복용 문의",Prisca,2021.06.07.,199
12425,질문과 대답(QnA),66세 엄마 췌장말기 항암 문의,다동엄니,2021.06.07.,548
12426,설금홍,3편 메틸 글리옥살의 항암 효과와 그 역사,설금홍,2021.06.07.,114
12427,자유게시판,항암제 내성(5) 극복--용도변경 약물,소산,2021.06.07.,510
12428,자유게시판,궁을님은 아시겠지요.,하늘별썸,2021.06.07.,520
12429,자유게시판,꽃구경,bearskin2,2021.06.08.,90
12430,자유게시판,암환자는 천연을 써야합니다라고 해서 ...,하늘별썸,2021.06.08.,453
12432,자유게시판,자연치유 인산의학,건강장수1,2021.06.08.,140
12433,설금홍,췌장암 치료 정말 방법이 없을까요???,설금홍,2021.06.08.,581
12434,자유게시판,[공유] '암'도 소멸시키는 자연 치유력의 메커니즘,건강장수1,2021.06.08.,257
12435,자유게시판,자연치유력 천연식초,건강장수1,2021.06.08.,198
12436,가입 인사,하늘별썸님께...,촌로,2021.06.08.,369
12437,자유게시판,그시절 그노래 ..... 탐 존스,제리호야,2021.06.08.,65
12439,자유게시판,안녕하세요. 며칠전 민들레 뿌리가 항암 효과가 있다고 하셔서 이베이에서 구매하여 보았습니다.,테일러,2021.06.08.,337
12440,자유게시판,올해 산딸기는 작년보다 씨알이 훨씬 크네요.,신풍생각,2021.06.08.,282
12442,가입 인사,안녕하세요,하잇2,2021.06.08.,114
12443,설금홍,4편 메틸 글리옥살의 항암 기전,설금홍,2021.06.08.,80
12444,자유게시판,"[공유] '유상철 추모' 홍혜걸, 폐암 고백…""제주 살이 중""",건강장수1,2021.06.08.,290
12445,자유게시판,"[공유] '건강 전도사' 홍혜걸 박사, 폐암 고백…""나도 걸렸다"" [전문]",건강장수1,2021.06.08.,423
12447,질문과 대답(QnA),난소암 4기입니다. 조언부탁드립니다~~,윤앤우 맘,2021.06.08.,407
12448,자유게시판,구충제 판매글은 공지의 댓글로 해주세요,신풍생각,2021.06.08.,279
12449,정보 공유,장누수 마이크로바이옴 장내 미생물총 - 장은 점막으로 보호되고 있다. 긴 동영상에서 3부분을 빼옴,꿈많은사람,2021.06.08.,238
12450,자유게시판,이런날도 오는군요.,하늘별썸,2021.06.08.,502
12452,자유게시판,안부,헤라,2021.06.09.,92
12453,자유게시판,잘못 먹었나?,촌로,2021.06.09.,442
12454,정보 공유,타그리소,천사3,2021.06.09.,132
12455,설금홍,5편. 메틸 글리옥살의 항암 실전 사용법,설금홍,2021.06.09.,131
12456,보관창고,구충제 무료나눔,mr102803,2021.06.09.,237
12457,가입 인사,안녕하세요~ 가입했습니다,팬더,2021.06.09.,77
12458,자유게시판,[궁을농장]자연재배 산딸기 후기,김버터,2021.06.09.,303
12459,자유게시판,내화장품 화학물질 찾기 앱 ㅡ화해,건강희망,2021.06.09.,127
12460,자유게시판,[요들송]즐거운산행길,신풍생각,2021.06.09.,125
12461,질문과 대답(QnA),이트라코나졸 구충제와 복용법,크크별,2021.06.09.,280
12463,기타 자가임상 후기,백년초???,즐거운 시간 만들기,2021.06.10.,215
12464,자유게시판,안부,헤라,2021.06.10.,74
12465,자유게시판,알사탕님~춤 한 번 추실까요?,냥가,2021.06.10.,240
12466,자유게시판,냥가님 따라서 저도 살짝~^^,제리호야,2021.06.10.,114
12467,자유게시판,해발900 산딸기와 늦고사리,건강장수1,2021.06.10.,132
12469,자유게시판,잠은 잘 주무시고 계시나요?,사랑하는사람들과함께,2021.06.10.,209
12471,질문과 대답(QnA),관절에 좋다는 보스 웰리아,소곱친구,2021.06.10.,196
12472,설금홍,스트레스를 받은 호중구는 종양의 알람 시계입니다,설금홍,2021.06.10.,271
12473,자유게시판,제가 악역 담당이 되어가는 듯...,촌로,2021.06.10.,511
12474,가입 인사,가입인사,리미트8,2021.06.10.,54
12475,자유게시판,드디어 산딸기가  왔어요,미뚱이,2021.06.10.,232
12476,자유게시판,지혜와 성실님께서  영면하셨네요.,녹차향,2021.06.10.,848
12477,정보 공유,이 막걸리 좋아보여요,크크별,2021.06.10.,239
12478,가입 인사,안녕하세요! 유방암4기 뇌전이로 전뇌방사선완료했습니다.,메랸,2021.06.10.,338
12479,자유게시판,"지혜와성실님 명복을 빌며,  저희 어머니께서도 지난달  유방암 전이성 폐렴으로 별세 하셨습니다. ㅠㅠ",코브링야,2021.06.10.,"1,111"
12481,자유게시판,기생충약과관련하여,공주 냥냥,2021.06.10.,301
12482,자유게시판,니클로사마이드,이즈비,2021.06.10.,263
12483,자유게시판,갑상선암,그림자,2021.06.10.,317
12484,자유게시판,이버멕틴 효과,제리호야,2021.06.10.,471
12485,자유게시판,속상해서 넋두리 써봅니다..,묘주,2021.06.10.,564
12486,자유게시판,오늘의 반찬,bearskin2,2021.06.11.,199
12487,자유게시판,소천하신 지혜와성실님을 보니 그분이생각납니다.,bearskin2,2021.06.11.,"1,084"
12488,질문과 대답(QnA),구충제 복용에 대해서 질문드립니다.,몽당연필,2021.06.11.,371
12489,자유게시판,안부,헤라,2021.06.11.,75
12491,자유게시판,변덕,촌로,2021.06.11.,347
12492,궁을,녹즙용 케일 판매합니다(10명이내 선착순 마감),궁을,2021.06.11.,210
12493,자유게시판,그래 미니멀라이프야...,하늘별썸,2021.06.11.,299
12495,자유게시판,6/10 충주정원,bearskin2,2021.06.11.,166
12496,질문과 대답(QnA),vegf 신생혈관 억제제 중 가장 뛰어난 역할을 하는 약이 무엇이 있을까요?,그만해1,2021.06.11.,240
12499,질문과 대답(QnA),혈당,양준,2021.06.11.,198
12502,질문과 대답(QnA),제가 고기에 대해서 잘 몰라 여쭈워봅니다.,분홍앵초,2021.06.11.,459
12503,자유게시판,아버지 소천하신지 2주가 되었네요,극복하자아자아자,2021.06.11.,480
12505,자유게시판,아르테수네이트(Artesunate) -- 암세포에 쇠 파이프를 휘두르다,소산,2021.06.11.,349
12506,자유게시판,안부,헤라,2021.06.12.,71
12507,자유게시판,국내산 한우등 축산업의 현실(분홍앵초님 참조하세요),건강장수1,2021.06.12.,309
12508,자유게시판,(공유) 죽음학,냥가,2021.06.12.,256
12509,자유게시판,아르테미니신 복용,초록초록,2021.06.12.,358
12510,담비,두경부암_아세타졸아미드_시스플라틴_병용_2020년,담비,2021.06.12.,102
12511,자유게시판,니땜에 오이가 제일싫어,주윤발,2021.06.12.,257
12512,자유게시판,호주 소의 거의 절반이 성장 호르몬으로 처리됩니다. 먹어도 안전한가요? - 구글 번역 - 호주 가디언 6월 6일자 기사,꿈많은사람,2021.06.12.,323
12513,자유게시판,토마토 순정리,머름골농장봉화,2021.06.12.,187
12514,자유게시판,메밴다졸100미리  구입할수있는곳,단디해,2021.06.12.,188
12516,자유게시판,뻘글,주윤발,2021.06.12.,315
12517,폐암,오래생존하시는분들도 계시죠..?ㅜㅜ,100세인생,2021.06.12.,877
12518,자유게시판,황학동 벼룩시장 갔다와시유,하늘별썸,2021.06.12.,307
12519,자유게시판,이버멕틴 남는분?,리미트8,2021.06.12.,294
12520,자유게시판,여주보,bearskin2,2021.06.12.,167
12523,자유게시판,요사이  심심하면,주윤발,2021.06.12.,260
12524,자유게시판,안부,헤라,2021.06.13.,116
12525,질문과 대답(QnA),혈당,양준,2021.06.13.,278
12526,자유게시판,아점식사 카페가 왠만한 교회보다 크다  빈자리도거의없다 먹거리도 풍부하다. 시간있고 돈있으면. 즐길거리가 참많다. 다음에는 파스타  시간은 한시간을 제한을두더라  우린30분안에,믹스커피 조와,2021.06.13.,378
12527,자유게시판,치주질환 신기한 경험후기,이즈,2021.06.13.,878
12528,자유게시판,암 종양에 독이 되는 오메가-3 DHA,블루벨,2021.06.13.,498
12530,자유게시판,이글 공유해도 되는지 모르겠습니다.,웃는돌땡이,2021.06.13.,550
12531,자유게시판,걷기와자전거타기,bearskin2,2021.06.14.,213
12532,자유게시판,안부,헤라,2021.06.14.,74
12533,설금홍,페노피브레이트. 리피딜의 항암 효과. 중성지방에 관심을^^,설금홍,2021.06.14.,133
12534,정보 공유,"간수치 급상승, 체중감소// 해결 !!",나이야가라 폐선암4기,2021.06.14.,574
12535,가입 인사,잘 부탁드립니다,dreamweaver,2021.06.14.,114
12536,정보 공유,조티펜스 페이스북 그룹 2021년 1월부터 5월17일까지 호전 사례들 모음 파일 (영문),꿈많은사람,2021.06.14.,295
12537,자유게시판,저도 이버맥틴이나 펜벤 구해봅니다,하얀여우,2021.06.14.,347
12538,자유게시판,보물찾기/ 상품있습니다.,나이야가라 폐선암4기,2021.06.14.,299
12539,질문과 대답(QnA),천추에  전이가 됐는데..,미니미니,2021.06.14.,426
12540,자유게시판,안부,헤라,2021.06.15.,71
12541,자유게시판,중지시킨다. 밀어낸다. 죽여버린다.,촌로,2021.06.15.,558
12544,자유게시판,하이드록시클로로퀸과 렘데시비르 그리고,조기바다,2021.06.15.,196
12547,자유게시판,메벤다졸 구입하고 싶습니다,감사의하루,2021.06.15.,267
12548,자유게시판,"병원용 침대,  의료용품,  성인용 기저귀 무료나눔  합니다",kentkwon,2021.06.15.,325
12549,설금홍,유방암 수술 전후 재발과 전이 방지-다른 암들도 마찬가지^^,설금홍,2021.06.15.,397
12550,자유게시판,집안내력이 심장이 안좋아요,승이엄마,2021.06.15.,184
12552,정보 공유,단어를 하나씩 키보드로 입력해서 번역하시는 분들께 드리는 - 도구들을 활용한 번역 방법 - 기초편 - 하 2,꿈많은사람,2021.06.15.,169
12553,자유게시판,당근쥬스 어떻게 생각하시나요?,하나님나라,2021.06.15.,786
12554,질문과 대답(QnA),키트루다와 일반항암 투여시 질문드립니다,건강한 내일,2021.06.15.,237
12555,자유게시판,산딸기,믹스커피 조와,2021.06.16.,206
12556,자유게시판,알벤다졸 먹고 . .,모모쓰리,2021.06.16.,443
12557,자유게시판,안부,헤라,2021.06.16.,73
12558,궁을,자연재배 산딸기생과 2차분 판매합니다(완료),궁을,2021.06.16.,329
12559,자유게시판,한달이 넘도록...,촌로,2021.06.16.,654
12560,자유게시판,기생충 문의,초록초록,2021.06.16.,361
12561,자유게시판,녹즙 드시는분에게 부탁드립니다,즐거운 시간 만들기,2021.06.16.,558
12562,자유게시판,삼겹살,믹스커피 조와,2021.06.16.,260
12563,자유게시판,산딸기 토핑 그릭 요거트,냥가,2021.06.16.,166
12564,자유게시판,코로나 자연면역에 대해서,신풍생각,2021.06.16.,353
12565,자유게시판,"치간, 치솔 사용하시나요?",분홍앵초,2021.06.16.,407
12566,가입 인사,인사 드립니다.,수호철사,2021.06.16.,94
12568,자유게시판,안녕하세요 베트남 제약입니다.,최선의 선택,2021.06.16.,588
12569,질문과 대답(QnA),유방암 종양이 살을 뚫고 나올듯이 팽창되 있는데 어떻게 해야될까요?,믿음안에서,2021.06.16.,630
12570,질문과 대답(QnA),토하셨는데 (사진),그만해1,2021.06.17.,236
12571,정보 공유,통합항암 하시는 분들과 공유합니다.,나이야가라 폐선암4기,2021.06.17.,338
12572,자유게시판,안부,헤라,2021.06.17.,92
12574,질문과 대답(QnA),식도암,승이엄마,2021.06.17.,152
12575,자유게시판,씀바귀(왕고들빼기)  필요하신분,머름골농장봉화,2021.06.17.,234
12576,자유게시판,해발800 산딸기와 늦고사리,건강장수1,2021.06.17.,155
12577,자유게시판,칸덱스와 보조제 그리고 이트라코나졸을 먹고있습니다.,조기바다,2021.06.17.,310
12579,설금홍,잠자는 암을 죽일수 있다면...암 휴면의 위험,설금홍,2021.06.17.,397
12580,가입 인사,반갑습니다,낭만고양이114,2021.06.17.,72
12581,설금홍,유방암 수술 전 화학 요법은 전이를 촉진한다,설금홍,2021.06.17.,224
12582,자유게시판,비타민 K2 - - 암세포에 KO 펀치를 날리다,소산,2021.06.17.,850
12583,질문과 대답(QnA),항암중 구충제복용법 질문드려요,팔봉이,2021.06.17.,396
12584,자유게시판,각종 유기농 업체들 또는 무농약 판매하는 식품업체들..,촌로,2021.06.17.,579
12586,자유게시판,안부,헤라,2021.06.18.,103
12587,질문과 대답(QnA),복수 문의,건강찾기,2021.06.18.,309
12589,자유게시판,이런사과 울 카페분들은 드실까요?,분홍앵초,2021.06.18.,516
12592,궁을,산딸기  수확체험 신청받습니다~,궁을,2021.06.18.,206
12593,정보 공유,"[해외동영상] 장내미생물총 , 암 그리고 면역치료 - 2018년 11월 - 대화 내용 20분 - 영어 원본, 번역된 한글 자막.",꿈많은사람,2021.06.18.,148
12594,질문과 대답(QnA),소다요법 하시는분?,건강찾기,2021.06.18.,931
12595,궁을,풀밭에서 양파찾기(자연재배 양파수확),궁을,2021.06.18.,257
12596,자유게시판,니타조사나이드(Nitazoxanide) 복용량 -- 살 길이 막막한 암세포,소산,2021.06.19.,903
12597,자유게시판,안부,헤라,2021.06.19.,92
12598,자유게시판,"징크스...그리고 촌로님한테 질문,..",하늘별썸,2021.06.19.,354
12599,설금홍,암을 고치는 옻 : 각종 암에 옻을 사용한 사례보고서,설금홍,2021.06.19.,529
12600,담비,간암_티모퀴논_2015,담비,2021.06.19.,160
12601,자유게시판,오늘 칠순잔치/ 팔순 기약하며~~,나이야가라 폐선암4기,2021.06.19.,444
12602,자유게시판,제가 요즘 밥맛이 좋아져서 통통하다못해 뚱뚱이 입니다.,분홍앵초,2021.06.19.,567
12603,자유게시판,본문을읽어보고 해당이 되면 병이 낳아지고있다는 거겠죠.,공주 냥냥,2021.06.20.,446
12604,자유게시판,불타는 하늘,주윤발,2021.06.20.,230
12607,자유게시판,"인도 메벤, 니클 드셔보신분",엄마무탈하게건강하게,2021.06.21.,215
12608,자유게시판,불가능은 포기 할 때 이다.,시그널,2021.06.21.,170
12609,자유게시판,산딸기 구입후기,카운터사이드,2021.06.21.,236
12610,자유게시판,상품권,주윤발,2021.06.21.,190
12612,암환우 자가임상 추천해 주세요,전이환자입니다 뼈전이가 안줄어요,뜨락,2021.06.21.,531
12613,질문과 대답(QnA),종아리.발등 붓기,건강찾기,2021.06.21.,212
12614,벤지미다졸정보나누기,메벤다졸의 항암 효과에 관한 현직 전문의의 글입니다.,의암호,2021.06.21.,530
12615,폐암,도세탁셀과 메벤다졸의 시너지 효과에 관한 현직 전문의의 글입니다.,의암호,2021.06.21.,302
12616,자유게시판,[공유] 혈관 '청소'에 좋은 제철 음식 5가지,건강장수1,2021.06.22.,168
12617,질문과 대답(QnA),메벤다졸을 구입하고싶은데,우리아빠완치하자,2021.06.22.,360
12618,자유게시판,안부,헤라,2021.06.22.,63
12619,자유게시판,나는 의사가 아니올시다.,촌로,2021.06.22.,577
12620,자유게시판,요들송,신풍생각,2021.06.22.,115
12621,자유게시판,민들레 말린것 캡슐로 왔네요. 전립선 암에 효과,테일러,2021.06.22.,422
12622,자유게시판,하이드록시클로로퀸 어떻게 구하나요?,1716미라클,2021.06.22.,743
12623,암 호전사례 정보,[해외호전사례모음집] 조티펜스 페이스북 그룹에서 2019년 8월부터 2021년 5월까지 data 분석 맛보기 1편,꿈많은사람,2021.06.22.,212
12624,자유게시판,고수님들의 조언 부탁드려요,소통골자연인,2021.06.22.,379
12626,자유게시판,공휴일은 까페도 쉬는가 봅니다.,촌로,2021.06.22.,302
12627,설금홍,"암을 고치는 옻 2번째. 각종 암에 옻의 함암효과, 세포실험, 한약처방",설금홍,2021.06.22.,429
12628,암 호전사례 정보,[해외호전사례] 조티펜스쪽과 제인 (대사 치료)쪽 페이스북 그룹 - 암이 생기는 부위 - 데이터 분석 - 맛보기 2편,꿈많은사람,2021.06.22.,377
12629,자유게시판,암투병중 농사 지은 의성육쪽 마늘 오늘 수확 마쳤습니다.만감이 교차하네요.,소곱친구,2021.06.22.,300
12631,자유게시판,안부,헤라,2021.06.23.,80
12632,가입 인사,난소암4기 복막.직장전이 출혈,고려인,2021.06.23.,415
12633,가입 인사,인사드립니다,가시장미,2021.06.23.,374
12634,가입 인사,안녕하세요,마루한울,2021.06.23.,120
12636,자유게시판,난소암 완치사례,건강장수1,2021.06.23.,464
12637,자유게시판,혈액암 환우분들~~~,제석산,2021.06.23.,470
12638,자유게시판,밥먹다 말고,분홍앵초,2021.06.23.,328
12639,자유게시판,을지로 골뱅이와 병맥주,양준,2021.06.23.,254
12640,자유게시판,안부,헤라,2021.06.24.,104
12641,질문과 대답(QnA),도와주세요 얼굴쪽에서 기어다녀요ㅠㅠ,오소이아,2021.06.24.,"1,208"
12643,자유게시판,늦고사리 채취,건강장수1,2021.06.24.,128
12644,자유게시판,간에 암이 전이되었을때 통증은?,소나무처럼,2021.06.24.,288
12645,폐암,"폐선암 4기 5년차, 구충제 복용 조언 구합니다.",의암호,2021.06.24.,889
12646,자유게시판,항암기간중 다른 약물 혹은 보조제를 먹고 싶은데... 어떻게든 먹어야 되지 않겠는가... 제1편,소산,2021.06.25.,151
12648,자유게시판,항암기간중 다른 약물 혹은 보조제를 먹고 싶은데... 어떻게든 먹어야 되지 않겠는가... 제2편,소산,2021.06.25.,175
12649,정보 공유,핵산(DNA  Joy Cell) 섭취가 항암에 도움이 될까요?,의암호,2021.06.25.,153
12650,자유게시판,안부,헤라,2021.06.25.,65
12651,자유게시판,몸안에벌레나 기생충이 기어다니는걸까?,공주 냥냥,2021.06.25.,436
12652,자유게시판,저도 골뱅이.,테일러,2021.06.25.,308
12653,자유게시판,간흡충,공주 냥냥,2021.06.25.,641
12654,설금홍,암 치료를 위한 산화 촉진 전략,설금홍,2021.06.25.,343
12657,자유게시판,항암사이클 중 구충제 복용법,다정여정,2021.06.25.,235
12658,궁을,당신의 몸은 발효형인가요?,궁을,2021.06.26.,276
12659,자유게시판,안부,헤라,2021.06.26.,86
12660,담비,암 치료를 위한 식물성 화학약제의 약물재창출 (1),담비,2021.06.26.,181
12661,질문과 대답(QnA),63세 아버지 췌장암 조언 요청드립니다,묘주,2021.06.26.,633
12663,자유게시판,아이허브  20프로 할인,시그널,2021.06.26.,255
12667,자유게시판,우리 카페는 히에우 같은 친구 입니다. 친구를 10년 동안 업고 다닌 소년 - 폭풍 감동 주의,꿈많은사람,2021.06.26.,245
12668,자유게시판,안부,헤라,2021.06.27.,121
12669,자유게시판,산소수 수소수 드셔보신 분 계시나요..,바담,2021.06.27.,298
12671,자유게시판,직접 농사 지은 의성 밭마늘 판매코저합니다,소곱친구,2021.06.27.,394
12672,자유게시판,수산물 먹어야 하나요? 말아야 하나요?,분홍앵초,2021.06.27.,428
12674,질문과 대답(QnA),이트라코나졸 어디서 구입할 수 있을까요?,묘주,2021.06.27.,297
12675,자유게시판,정원의꽃 몇장 올려봅니다.,bearskin2,2021.06.27.,126
12676,질문과 대답(QnA),10살 아토피 질문드려요.,bearskin2,2021.06.28.,185
12677,자유게시판,안부,헤라,2021.06.28.,53
12678,유투브방송 링크나눔,암은 병이 아니다.,똘이아빠,2021.06.28.,380
12679,질문과 대답(QnA),노자임(췌장효소제) 밀크시슬?,노원쭌이아빠,2021.06.28.,194
12680,자유게시판,산중집에 찾아온 귀여운 아기 노루,건강장수1,2021.06.28.,219
12681,자유게시판,유튜브) 코로나 접종후 타이레놀보다 진통소염제,아이스 유방암ㅣ보,2021.06.28.,172
12683,자유게시판,복숭아...........,촌로,2021.06.28.,419
12684,자유게시판,메벤,후반기,2021.06.28.,304
12685,자연치유정보 나눔,저희 어머니가 췌장암 4기 판정 받으셨습니다.,카사노,2021.06.28.,746
12686,자유게시판,너무 들떠있었습니다.,하늘별썸,2021.06.28.,518
12687,질문과 대답(QnA),신장에 물혹이 10cm정도 소견인데,극복하자아자아자,2021.06.28.,352
12688,자유게시판,오늘의 태양,나이야가라 폐선암4기,2021.06.29.,129
12690,자유게시판,안부,헤라,2021.06.29.,110
12691,자유게시판,이버맥틴이 코로나 백신 부작용 치료에 도움이 된다네요,하하,2021.06.29.,472
12692,판매자 신청,정리하려합니다,제천사람,2021.06.29.,583
12693,자유게시판,간장약에 대하여 문의 드립니다,차분침착맨,2021.06.29.,163
12694,자유게시판,안녕하세요 베트남 제약입니다.,최선의 선택,2021.06.29.,759
12695,유투브방송 링크나눔,빡시다TV간다님의 최근영상입니다,산애,2021.06.30.,361
12696,자유게시판,오늘 유튜브 마늘껍질 효능,bearskin2,2021.06.30.,110
12698,자유게시판,의성마늘.소곱친구님의 마늘,분홍앵초,2021.06.30.,294
12699,자유게시판,안부,헤라,2021.06.30.,70
12700,궁을,자연재배 채소의 녹즙효과~ 짱!,궁을,2021.06.30.,296
12701,자유게시판,해발800 늦고사리 채취,건강장수1,2021.06.30.,108
12703,자유게시판,유근피 드셔보신 분 계신가요..,바담,2021.06.30.,323
12704,자유게시판,빵 좋아하시나요?,공주 냥냥,2021.06.30.,346
12705,질문과 대답(QnA),코로나 백신 접종시 구충제및 보조약 복용에 관하여 문의드립니다,믿음안에서,2021.06.30.,215
12706,기생충정보,유충이행증(스물스물 가렵거나 기어다니나요?),말콥,2021.06.30.,905
12707,자유게시판,[공유] 효능덩어리 천연꿀의 항암 효능,건강장수1,2021.06.30.,197
12709,자유게시판,[공유] 호주産 천연꿀 ‘암 유발 물질’…쇼핑몰서 쉽게 살 수 있는데,건강장수1,2021.06.30.,279
12710,자유게시판,안부,헤라,2021.07.01.,60
12711,폐암,도와주세요~~ㅜ,복댕이,2021.07.01.,520
12712,궁을,"자연재배 셀러리, 비트 판매(완료, 감사합니다)",궁을,2021.07.01.,204
12713,유투브방송 링크나눔,GMO콩으로 두부만들다가 토종콩식품회사로 바뀌기까지,건강희망,2021.07.01.,268
12714,질문과 대답(QnA),노자임으로 췌장효소요법?,용자83,2021.07.01.,258
12717,설금홍,CBD 오일에 대한 모든 것. 칸나비디올 cannabidiol,설금홍,2021.07.01.,402
12718,자유게시판,아버지 1년만에 큰 병원 다녀오셨어요,묘주,2021.07.01.,461
12720,자유게시판,촌로님   잘버티셔서 축하합니다,헤라,2021.07.01.,810
12721,자유게시판,방사선 치료.,1716미라클,2021.07.01.,338
12722,자유게시판,안부,헤라,2021.07.02.,89
12723,가입 인사,가입인사드려요,대구v삼남매맘,2021.07.02.,123
12724,자유게시판,체중~~~,제석산,2021.07.02.,302
12725,기타 자가임상 후기,플루코나졸 후기 ___팔뚝  피부 반점 없어짐 ( 브라운칼라 약간 볼록 한상태),투게더투,2021.07.02.,666
12726,가입 인사,가입하여 인사드려요~,민들래홀씨되어,2021.07.02.,104
12727,자유게시판,코로나 델타 바이러스 걱정하지 맙시다.,민들래홀씨되어,2021.07.02.,366
12728,자유게시판,마늘밥,분홍앵초,2021.07.02.,382
12729,자유게시판,호사다마....,촌로,2021.07.02.,470
12733,정보 공유,카페 스텝분들께 알려드리는 카페 백업 방법과 그 이유들,꿈많은사람,2021.07.02.,264
12734,질문과 대답(QnA),이번에 간검사를 받았습니다,믿음안에서,2021.07.02.,462
12735,담비,암 치료를 위한 식물성 화학약제의 약물재창출 (2),담비,2021.07.03.,175
12736,자유게시판,안부,헤라,2021.07.03.,81
12737,설금홍,퀴즈 정답 선물 받았어요^^ 나이야가라님 감사합니다^^,설금홍,2021.07.03.,271
12738,자유게시판,과일좋아하시죠,공주 냥냥,2021.07.03.,382
12739,자유게시판,비타민 C  위암 대장암에 좋다,바담,2021.07.03.,481
12740,자유게시판,나이야가라님! 저도 도착했어요.,분홍앵초,2021.07.03.,476
12741,자유게시판,아놔..진짜....,하늘별썸,2021.07.03.,687
12743,가입 인사,잘 부탁드립니다.,kong1353,2021.07.04.,140
12744,자유게시판,안부,헤라,2021.07.04.,87
12745,자유게시판,[공유] 음식에 침투한 미세플라스틱…냉동생선튀김 단면 충격,건강장수1,2021.07.04.,288
12746,자유게시판,보리새싹  효능,덤앤더머,2021.07.04.,268
12747,자유게시판,햄프씨드오일 cbd오일 저렴히 분양합니다,검지척척,2021.07.04.,229
12749,정보 공유,구충 항암에 쓰이는 구충제 종류 궁금해요,의암호,2021.07.04.,298
12751,자유게시판,니클로마사이드 부작용,초록초록,2021.07.05.,610
12752,자유게시판,안부,헤라,2021.07.05.,90
12754,자유게시판,구충제 주문하고...,하늘별썸,2021.07.05.,381
12755,정보 공유,약 복용량이 많을 때 신장 기능 보호는 어떻게 하시는지요?,의암호,2021.07.05.,273
12757,판매자 신청,직접 농사 지은 의성밭마늘 2차분 판매코저합니다.,소곱친구,2021.07.05.,208
12758,질문과 대답(QnA),간장약 리브52 DS 복용법,크크별,2021.07.05.,211
12759,자유게시판,전이 뇌종양 재바루ㅜ,못난이 나무,2021.07.05.,345
12760,자유게시판,관장을 안하면 캔덱스 복용이 필요할까요?,의암호,2021.07.05.,178
12761,자유게시판,사진 몇장 올려봅니다.,bearskin2,2021.07.05.,179
12762,자유게시판,주사기관장  이래요,크크별,2021.07.05.,180
12765,자유게시판,안부,헤라,2021.07.06.,68
12766,자유게시판,안녕들 하시지요~~?^^,핸섬킴,2021.07.06.,187
12768,자유게시판,우리집 마사지의 효능,소나무처럼,2021.07.06.,263
12769,자유게시판,암투병 죽음의 문턱에서 네 번 생존 - 나만의 철칙,덤앤더머,2021.07.06.,673
12770,자유게시판,나에아점,믹스커피 조와,2021.07.06.,279
12771,자유게시판,미치게 웁니다.,나이야가라 폐선암4기,2021.07.06.,591
12773,자유게시판,꿈에본 내고향,양준,2021.07.06.,166
12774,자유게시판,이런 경험 있으신분 계실까요?,donganan,2021.07.06.,343
12775,자유게시판,항암기간중 다른 약물 혹은 보조제를 먹고 싶은데... 기어이 먹어보자... 제3편,소산,2021.07.06.,205
12776,자유게시판,안부,헤라,2021.07.07.,60
12778,설금홍,인간이 스스로 생산해 내는 칸나비노이드 : anadamide,설금홍,2021.07.07.,331
12779,자유게시판,설금홍님의 글 공감과 암 치유와 완치의 근원적인 치료법,건강장수1,2021.07.07.,220
12780,자유게시판,펜벤다졸 구입경로좀..,핸섬킴,2021.07.07.,327
12781,암 관해사례 정보,관해 판정후 현재까지 근황 ‥,신풍생각,2021.07.07.,"2,659"
12782,자유게시판,한약과 구충제,촌로,2021.07.07.,507
12783,질문과 대답(QnA),라무몰 카톡아이디 아시는분?,크크별,2021.07.07.,304
12784,자유게시판,이트라코나졸~~~,제석산,2021.07.07.,467
12786,정보 공유,구충제 복용 조언 부탁드립니다.,의암호,2021.07.07.,381
12788,회원나눔(공짜는 아닙니다),이버멕틴 12mg 구합니다,캔디좋아,2021.07.07.,501
12790,가입 인사,가입허가 감사합니다.,솔티네,2021.07.08.,68
12791,자유게시판,"암 수술 후, 정기적 체크 방법에 대한 문의.",솔티네,2021.07.08.,179
12793,가입 인사,안녕하세요,자스민1210,2021.07.08.,105
12794,자유게시판,안부,헤라,2021.07.08.,80
12795,자유게시판,암 시한부선고 완치 이정석씨 한국기행 방송출연,건강장수1,2021.07.08.,477
12796,정보 공유,피라맥* 코로나 치료제 2상 결과에 대해,푸르름10,2021.07.08.,340
12797,질문과 대답(QnA),꿀 복용을,건강찾기,2021.07.08.,288
12801,자유게시판,인공지능이 글쓰는 것을 보세요 - 정보화시대 올바른 정보 습득 - 맛보기 1편,꿈많은사람,2021.07.08.,198
12804,암 호전사례 정보,신장암이 줄었어요.,kimsh7605,2021.07.09.,"1,340"
12805,자유게시판,안부,헤라,2021.07.09.,66
12806,자유게시판,여름의 맛.,테일러,2021.07.09.,205
12807,자유게시판,구충항암제 가격~~~,제석산,2021.07.09.,553
12808,자유게시판,복통이 있어서...,하늘별썸,2021.07.09.,424
12810,자유게시판,병원진료는 언제 가야 하나요?,꼬마엄마,2021.07.09.,192
12811,자유게시판,교통법규- 한번 웃어봐 용,꿈많은사람,2021.07.09.,130
12812,자유게시판,코로나 확진자 무료로 치료해드립니다.-펌,우로보로스,2021.07.09.,398
12813,질문과 대답(QnA),부종,건강찾기,2021.07.09.,203
12814,자유게시판,정말 오늘만 매일매일 같았으면....,촌로,2021.07.09.,610
12815,질문과 대답(QnA),"분홍앵초님께 감사드리며, 제가 처한 상황을 말씀 드립니다.",처음부터 시작이다,2021.07.10.,870
12816,자유게시판,안부,헤라,2021.07.10.,75
12817,담비,암 치료를 위한 식물성 화학약제의 약물재창출 (3),담비,2021.07.10.,137
12818,자유게시판,복통후기...,하늘별썸,2021.07.10.,455
12819,설금홍,폐암의 항암 대체약물,설금홍,2021.07.10.,499
12824,자유게시판,심장사상충약도 먹어야 하지않을까요?,하늘별썸,2021.07.10.,350
12825,자유게시판,보이스 피싱 당할 뻔 한 사례,의암호,2021.07.10.,215
12826,질문과 대답(QnA),독시사이클린 복용시...,갑시다,2021.07.10.,356
12828,정보 공유,"암대사치료/ 이버멕틴, 엘앤더슨병원",나이야가라 폐선암4기,2021.07.11.,456
12829,자유게시판,"[공유] 쌀 씻을 때 '검은 물' 나오면, 절대 먹지 말아야 하는 이유",건강장수1,2021.07.11.,247
12830,자유게시판,앞으로 비타민 c 고용량주사제에 대한 실손보험을 거부하겠다고 하네요.,테일러,2021.07.11.,405
12831,자유게시판,이버 구합니다,Rachael71,2021.07.11.,241
12832,자유게시판,안부,헤라,2021.07.11.,117
12833,자유게시판,"해발800 강원도 정선 건강한 먹거리 탐방, 산마늘",건강장수1,2021.07.11.,136
12834,자유게시판,이버멕틴요~,킴켐킴,2021.07.11.,353
12835,자유게시판,(기사 펌) 입안 세균 얕보면 암 발생 위험 높인다,제리호야,2021.07.11.,363
12836,자유게시판,충주 터미널 역에서,bearskin2,2021.07.11.,116
12837,질문과 대답(QnA),여러분께 감사드리면서... 어마무시한 통증을 이기는 법을 아시는 분 없나요?,처음부터 시작이다,2021.07.11.,434
12838,자유게시판,너라면 할 수 있어 --- ﻿암환우 가족의 노래 입니다.,신풍생각,2021.07.12.,94
12839,정보 공유,"""Off Label Drugs 프로토콜 기준잡기""  중요합니다. 니클과 펜벤 칵테일 위험.",나이야가라 폐선암4기,2021.07.12.,411
12843,정보 공유,"""항산화제는 암세포의 증식과 전이를 촉진한다.""",나이야가라 폐선암4기,2021.07.12.,456
12844,자유게시판,안부,헤라,2021.07.12.,37
12846,자유게시판,현미 섭생의 찬반토론,건강장수1,2021.07.12.,85
12847,자유게시판,척한암 갑상선암 과잉치료,건강장수1,2021.07.12.,103
12848,자유게시판,종합비타민제 참고,건강장수1,2021.07.12.,61
12849,자유게시판,백신을 맞아야 하나 고민이 생겼네요 ·,신풍생각,2021.07.12.,601
12850,자유게시판,무좀 근원치유,건강장수1,2021.07.12.,123
12851,자유게시판,다이어트와 탄수화물 상관관계,건강장수1,2021.07.12.,37
12852,자유게시판,수분 물 섭생 참고,건강장수1,2021.07.12.,35
12853,자유게시판,천일염 단점 참고,건강장수1,2021.07.12.,52
12854,자유게시판,들깨 들기름 섭생방법,건강장수1,2021.07.12.,87
12855,자유게시판,복부비만과 식용유 등 참고,건강장수1,2021.07.12.,44
12856,자유게시판,라면 원재료와 첨가물 참고,건강장수1,2021.07.12.,58
12857,자유게시판,아이스크림 성분과 첨가물 참고,건강장수1,2021.07.12.,52
12858,자유게시판,보리차 탄곡물차 참고,건강장수1,2021.07.12.,51
12859,자유게시판,포도씨유 제조법등 참고,건강장수1,2021.07.12.,34
12860,자유게시판,현미유 등 식용유제조법 참고,건강장수1,2021.07.12.,41
12861,자유게시판,곤약 참고,건강장수1,2021.07.12.,61
12862,자유게시판,고사리 발암성분 제거 및 섭생법,건강장수1,2021.07.12.,116
12863,자유게시판,당근 섭생법,건강장수1,2021.07.12.,156
12864,자유게시판,난소암에는 니클이랑 파라캅엘정이  특히 좋은듯싶네요,하늘별썸,2021.07.12.,681
12865,자유게시판,암 투병시 먹거리 섭생 참고,건강장수1,2021.07.12.,188
12866,자유게시판,돼지고기 회충?!ㅠ,라떼,2021.07.12.,354
12868,자유게시판,커피관장,또디기,2021.07.12.,277
12869,자유게시판,이것이 무엇일까요.. 펜벤 복용  6일째,못난이 나무,2021.07.12.,485
12870,자유게시판,[공유] [건강한 가족] 소다·식초 푼 물 헝겊에 적셔 닦고  에어컨 튼 뒤 5분 환기로 곰팡이 ‘싹~’,건강장수1,2021.07.12.,232
12872,자유게시판,근황,묘주,2021.07.12.,341
12874,자유게시판,안부,헤라,2021.07.13.,76
12875,자유게시판,두개골뼈종양 문의,나 자신을 이기자,2021.07.13.,184
12876,자유게시판,"[공유] 몸에 생긴 점, 암을 의심해야 할 4가지 특징",건강장수1,2021.07.13.,298
12877,자유게시판,탄천에서 새벽을 열다.,나이야가라 폐선암4기,2021.07.13.,202
12879,자유게시판,[공유] 의사들은 자신들은 절대 병원에서 수술 받지 않는다..,건강장수1,2021.07.13.,239
12880,자유게시판,현직의사의  솔직담백,건강장수1,2021.07.13.,263
12881,자유게시판,[공유] 「의사는 수술받지 않는다」,건강장수1,2021.07.13.,216
12882,자유게시판,"암, 파킨슨, 사경 등 중병의 치유와 완치 치료법 고찰",건강장수1,2021.07.13.,189
12883,설금홍,암 치료를 위한 대체약물과 천연물 종합편,설금홍,2021.07.13.,532
12884,자유게시판,해발800 늦고사리 채취,건강장수1,2021.07.13.,105
12885,질문과 대답(QnA),이버멕틴구입시 회사별 차이점이 궁금합니다,믿음안에서,2021.07.13.,"1,631"
12887,자유게시판,안부,헤라,2021.07.14.,47
12888,정보 공유,암세포에게 선택적 산화제로 작용하는  항산화제,나이야가라 폐선암4기,2021.07.14.,322
12889,자유게시판,의사는암을 고칠까~~?,헤라,2021.07.14.,705
12890,질문과 대답(QnA),위전절제환자는 구충제 복용효과가 떨어지는걸까요?,훔바탁,2021.07.14.,198
12893,자유게시판,3가지 병행요법에 대해 문의드립니다,무조건아내사랑,2021.07.14.,251
12894,자유게시판,항암주사액 독성의 심각성(실제상황),건강장수1,2021.07.14.,205
12895,자유게시판,[공유] 4월10일 1차 (AC) 항암,건강장수1,2021.07.14.,97
12896,자유게시판,항암 알약 맨손으로 만지면 안되요,건강장수1,2021.07.14.,285
12897,자유게시판,환우분들 항암치료 왜 하시는지 정말 궁금합니다. 다양한 의견 바랍니다.,건강장수1,2021.07.14.,693
12898,자유게시판,DCA 를 살수있는곳이 있을까요?,테일러,2021.07.14.,391
12899,질문과 대답(QnA),선배님들 제발 도와주세요...,완치축하해,2021.07.14.,"1,272"
12900,자유게시판,안부,헤라,2021.07.15.,108
12901,자유게시판,단백질,간지킴이,2021.07.15.,276
12902,정보 공유,지놈앤컴퍼니의 이야기 동영상과 마이크로바이옴의 항암 기전을 밝혔다고 하는데요.,꿈많은사람,2021.07.15.,132
12903,자유게시판,해발800 야생 자연산 돌복숭아 채취,건강장수1,2021.07.15.,132
12904,자유게시판,얼굴에 있는 미세기생충...,하늘별썸,2021.07.15.,683
12905,만성질환자가임상나누기,만성B형간염  50년 보균상태에서 탈출 시작!,brischoi,2021.07.15.,827
12906,자유게시판,붉나무 잎..,산하,2021.07.15.,199
12907,자유게시판,이버맥틴 12mg 구해요,빅토리한,2021.07.15.,171
12908,정보 공유,구충제가 항암에 미치는 좋은 기사입니다,무조건아내사랑,2021.07.15.,512
12909,자유게시판,나에보상,믹스커피 조와,2021.07.16.,290
12910,자유게시판,질문이라기 보다 그냥 여쭙습니다.,촌로,2021.07.16.,571
12911,자유게시판,[공유] '이 음식' 많이 먹으면 실명 위험,건강장수1,2021.07.16.,248
12912,자유게시판,[공유] 유방암 위험 높이는 '3가지 습관',건강장수1,2021.07.16.,273
12913,자유게시판,"해발800 산콩 된장, 간장, 돌복숭아 천연발효효소 담금",건강장수1,2021.07.16.,180
12915,질문과 대답(QnA),비오기전~~~,제석산,2021.07.16.,149
12916,자유게시판,혹시 레몬관장 대신 식초관장 괜찮을까요?,오소이아,2021.07.16.,254
12917,자유게시판,소천하셔서 안드시는 영양제 판매합니다,Prisca,2021.07.16.,329
12918,자유게시판,[공유] 대장암 억제하고 변비까지 해소하는 '이 음식',건강장수1,2021.07.17.,221
12919,자유게시판,[공유] 피곤에 찌들어 살고 있다면… '이 음식' 섭취 도움,건강장수1,2021.07.17.,195
12920,담비,암 치료를 위한 식물성 화학약제의 약물재창출 (4),담비,2021.07.17.,118
12921,자유게시판,안부,헤라,2021.07.17.,96
12922,자유게시판,"[공유] 발효식품, 염증 억제에 효과적 (연구)",건강장수1,2021.07.17.,196
12923,자유게시판,"[공유] 걷기, 근력운동 같이 할 때 효율 최대로 올리는 법은?",건강장수1,2021.07.17.,222
12924,자유게시판,최근 나의 워킹 운동,나이야가라 폐선암4기,2021.07.17.,374
12925,정보 공유,"[공티백,물티슈,아이스팩도?…일상 속 미세플라스틱",헤븐리 힐링,2021.07.17.,133
12926,자유게시판,안부,헤라,2021.07.18.,89
12928,자유게시판,여름~~~,제석산,2021.07.18.,134
12929,회원나눔(공짜는 아닙니다),베트남 이버맥틴구해요.,웅이아빠,2021.07.18.,685
12931,자유게시판,백신맞으신분 계신가요?,미니어리,2021.07.18.,389
12932,자유게시판,[공유] 이왕재 교수님이 밀고 있는 코로나 치료제에 대해서,초록초록,2021.07.19.,411
12933,보관창고,혹시 자궁경부암백신에 대해 아시나요..,말똥청년,2021.07.19.,151
12934,자유게시판,안부,헤라,2021.07.19.,64
12936,자유게시판,메벤다졸,보냐,2021.07.19.,246
12937,자유게시판,스트레스....,하늘별썸,2021.07.19.,286
12941,자유게시판,정확한 CBD oil 구별법과 효능,민들래홀씨되어,2021.07.19.,411
12944,질문과 대답(QnA),밤만되면 진통이,건강찾기,2021.07.19.,274
12945,자유게시판,안부,헤라,2021.07.20.,63
12946,자유게시판,쉬는 날 무료하고 갈 곳도 .....,촌로,2021.07.20.,339
12947,질문과 대답(QnA),비타민씨 와 구충제복용시,건강찾기,2021.07.20.,310
12948,기타 자가임상 후기,알벤다졸 이렇게 드셔도 될까요?,피땀눈물,2021.07.20.,612
12950,자유게시판,해발800 늦고사리 채취,건강장수1,2021.07.20.,66
12952,질문과 대답(QnA),저희아빠는 신장이식환잡니다 도움필요합니다,우리아빠최고,2021.07.20.,228
12953,가입 인사,안녕하세요.,끼부림여우,2021.07.20.,86
12954,자유게시판,허리.다리 통증,꼬마엄마,2021.07.20.,348
12955,자유게시판,파나쿠어 구입하고 싶습니다,우상과 이성,2021.07.20.,176
12956,질문과 대답(QnA),보양탕,촌로,2021.07.20.,414
12957,질문과 대답(QnA),괴롭네요.,일일일생좋다,2021.07.20.,545
12958,정보 공유,통증과 몸에 이상이 있을 시 참고되시길 바랍니다 저장해두시면 종종 찾아보게됩니다,헤븐리 힐링,2021.07.20.,317
12959,자유게시판,안부,헤라,2021.07.21.,65
12960,질문과 대답(QnA),구충제 니클로사마이드 열이나나요?,무조건아내사랑,2021.07.21.,388
12961,자유게시판,[공유] 검진때 하고 진료 때 또 찍고…암 찾으려 CT 찍어대다 암 걸릴라,건강장수1,2021.07.21.,139
12962,담비,방광암_피오글리타존_2019,담비,2021.07.21.,91
12963,자유게시판,"[공유] 5년 생존률 16~80%…손발톱 밑, 주의깊게 봐야할 이유",건강장수1,2021.07.21.,184
12964,자유게시판,[공유] 65세 이상 30% 근감소증…근육 적금하려면 이것부터 챙겨라,건강장수1,2021.07.21.,155
12965,자유게시판,[공유] 여성은 6년 더 살지만 5년 더 아프다 [김용의 헬스앤],건강장수1,2021.07.21.,110
12966,회원나눔(공짜는 아닙니다),너무 많아서 원가 정리합니다.,모모,2021.07.21.,703
12967,자유게시판,종부테라피를 아십니까..,촌로,2021.07.21.,414
12969,정보 공유,"폐암 EGFR, 항암제의 개발역사",나이야가라 폐선암4기,2021.07.21.,126
12970,자유게시판,웃어야 할까요?  좋아 해야 할까요?,donganan,2021.07.21.,292
12971,암 관해사례 정보,암환자에 대한  백신 접종 - 참고사항 이스라엘 케이스 ·,신풍생각,2021.07.21.,529
12972,질문과 대답(QnA),황소개구리,크크별,2021.07.21.,193
12973,정보 공유,"EGFR 폐암환자 희망은 있다/ 국산 항암제 개발, 유한양행의 렉라자",나이야가라 폐선암4기,2021.07.21.,205
12974,자유게시판,커큐민,또디기,2021.07.21.,285
12975,자유게시판,[공유] 유방암 억제하는 '의외의' 식품,건강장수1,2021.07.21.,313
12976,자유게시판,"[공유] '이 음식' 즐기면, 유방암 위험 12% 증가",건강장수1,2021.07.22.,249
12977,자유게시판,안부,헤라,2021.07.22.,69
12978,자유게시판,"암, 퇴행성뇌질환, 간염, 당뇨, 고혈압 등 난치중병 투병",건강장수1,2021.07.22.,170
12979,자유게시판,천안함 전사자부인 소천 홀로남은 아들 도움이 필요합니다.,말똥청년,2021.07.22.,409
12980,자유게시판,자연속으로~~~,가시장미,2021.07.22.,277
12981,자유게시판,카페를 알게되서 너무 좋아요,피땀눈물,2021.07.22.,309
12982,자유게시판,이명증에 관해 질문있습니다.,아스트랄,2021.07.22.,200
12984,자유게시판,"[공유] 만보? 5천보? ‘걷기’의 효과, 극대화하는 습관은?",건강장수1,2021.07.22.,243
12986,만성질환자가임상나누기,"아토피, 완치는 없는 것 같습니다.",건강한 몸과 정신,2021.07.23.,526
12987,자유게시판,[공유] 만성 염증 없애는 생활습관 4,건강장수1,2021.07.23.,330
12988,자유게시판,안부,헤라,2021.07.23.,138
12989,질문과 대답(QnA),독시사이클린 복용후...,갑시다,2021.07.23.,588
12990,회원나눔(공짜는 아닙니다),살베스트롤 미개봉 처분합니다.,주근깨왕,2021.07.23.,161
12991,자유게시판,타히티 오가닉 노니 주스,세라,2021.07.23.,199
12992,질문과 대답(QnA),복통,밴쿠버,2021.07.24.,217
12993,자유게시판,"[공유] 암 관련 소셜미디어 글, 33%가 잘못된 정보 (연구)",건강장수1,2021.07.24.,178
12994,보관창고,도와주세요  두통,못난이 나무,2021.07.24.,81
12995,자유게시판,더운여름 자연보며 힐링하세요,구충제러버,2021.07.24.,83
12996,질문과 대답(QnA),직장암 피,구충제러버,2021.07.24.,184
12999,자유게시판,베이킹소다와 곰팡이~,로사 장,2021.07.24.,568
13000,자유게시판,내가 삘받아 쓴 재미진 게시글 자삭했지요? 왜?,하늘별썸,2021.07.24.,330
13001,자유게시판,별써미의 요리실력.,하늘별썸,2021.07.24.,227
13005,자유게시판,관장이야기인데요.,하늘별썸,2021.07.25.,388
13007,담비,암 치료를 위한 식물성 화학약제의 약물재창출 (5),담비,2021.07.25.,107
13008,자유게시판,(기사펌) 비타민D가 간 건강에 미치는 8가지 효과,제리호야,2021.07.25.,384
13009,가입 인사,안녕하세요,REPELY,2021.07.25.,77
13011,질문과 대답(QnA),불면증이 심해요,구충제러버,2021.07.25.,237
13012,가입 인사,님들 반갑습니다,하늘보기,2021.07.25.,103
13013,자유게시판,병원검사가 있을때 구충제는 며칠전부터 중단해줘야 하나요?~,꼬마엄마,2021.07.25.,249
13014,질문과 대답(QnA),구충제 복용에 대한 도움이 필요합니다,하늘보기,2021.07.25.,300
13017,질문과 대답(QnA),구충제가 조현병에도 도움이 될까요?,서울김,2021.07.25.,293
13020,질문과 대답(QnA),니타조사나이드 처방해주는 병원좀 소개해 주세요,레이첼2,2021.07.25.,461
13021,자유게시판,멜라토닌 드시는분?,건강찾기,2021.07.25.,250
13022,자유게시판,안부,헤라,2021.07.26.,72
13024,자유게시판,약구매원해요,곰지,2021.07.26.,479
13025,자유게시판,안녕하세요~도움부탁드려요..,이김,2021.07.26.,318
13026,가입 인사,늦은 가입인사,영차,2021.07.26.,130
13028,질문과 대답(QnA),고용량비타민 씨 요법,구충제러버,2021.07.26.,282
13029,자유게시판,무주살이 1일차 ㅎㅎ,가시장미,2021.07.26.,223
13032,자유게시판,당조고추  판매합니다.,머름골농장봉화,2021.07.26.,127
13033,자유게시판,여러분 이것은 우리모두의 일입니다..이런중증부작용 심각사례가 5128명 사망603명 질병관리청통계입니다.,말똥청년,2021.07.26.,432
13034,질문과 대답(QnA),"이버멕틴,  메벤다졸 구하고 싶은데요,",임리스트,2021.07.27.,282
13035,자유게시판,무주살이 2일차 ㅎㅎ,가시장미,2021.07.27.,183
13036,자유게시판,류마티스 약안맞는경우,세효,2021.07.27.,166
13037,자유게시판,해발800 늦고사리 채취,건강장수1,2021.07.27.,71
13038,자유게시판,백신접종 예약후 고민 및 자료조사,신풍생각,2021.07.27.,555
13040,질문과 대답(QnA),홍삼에 대하여,구충제러버,2021.07.27.,215
13042,설금홍,"유방암 치료제와 약물 조합, 약물 용도 변경, 유방암 치료 한약들",설금홍,2021.07.27.,224
13043,벤지미다졸 질문 게시판,알벤다졸후 간수치가 올랐어요,피땀눈물,2021.07.27.,469
13045,자유게시판,기능의학병원에 대해 어떻게 생각하시는지요?,의암호,2021.07.27.,355
13046,자유게시판,환우가족,믹스커피 조와,2021.07.28.,283
13047,자유게시판,안부,헤라,2021.07.28.,58
13048,자유게시판,[공유] 운동 전 반드시 피해야 할 '이 음식',건강장수1,2021.07.28.,165
13049,자유게시판,[공유] 치매 위험 줄여준다는 비타민 챙겨 먹었는데…과다 복용 땐 오히려 역효과,건강장수1,2021.07.28.,172
13050,자유게시판,[공유] 더위에 뚝 떨어진 입맛…되살리는 음식 3,건강장수1,2021.07.28.,170
13051,질문과 대답(QnA),관장문의드립니다,구충제러버,2021.07.28.,133
13052,자유게시판,기능의학병원에 대한 별써미 생각.,하늘별썸,2021.07.28.,394
13053,정보 공유,대학병원 예약 빨리 잡는 방법,헤븐리 힐링,2021.07.28.,250
13054,질문과 대답(QnA),이버멕틴 일주일째 먹고 있는데요 종아리가 아파요,오소이아,2021.07.28.,412
13055,가입 인사,안녕하세요 암환우가족입니다,caturday,2021.07.28.,191
13056,자유게시판,암 이버멕틴 조언구합니다,caturday,2021.07.28.,619
13058,자유게시판,안부,헤라,2021.07.29.,78
13059,자유게시판,[공유] 빈속에 먹었다간 탈 나는 식품 5가지,건강장수1,2021.07.29.,248
13063,질문과 대답(QnA),백혈구수치가 너무 낮다는데..,우리아빠최고,2021.07.29.,236
13065,자유게시판,구충제 복용 중단 시기와 비타민C 부작용,caturday,2021.07.29.,278
13066,구매정보게시판(물건배송확인후),피르~늄 어떻게 구하시나요,신풍생각,2021.07.29.,449
13067,질문과 대답(QnA),이트라코나졸 구매원합니다,나아가자,2021.07.29.,228
13068,자유게시판,간수치가 높을경우 휴지기,이김,2021.07.29.,316
13070,자유게시판,비 온 다음날 무주의 아침~~~,가시장미,2021.07.30.,104
13071,자유게시판,안부,헤라,2021.07.30.,64
13072,자유게시판,피르비늄 니클로사마이드 니타,완치목표,2021.07.30.,293
13073,자유게시판,"[공유] 간암,간경화,간경변, 간염 자연치유의 길.",건강장수1,2021.07.30.,157
13074,자유게시판,[공유] 암의 자연치유의 핵심-nk세포와 면역력-,건강장수1,2021.07.30.,144
13075,자유게시판,"[공유] 암,자연치유의 길(道).",건강장수1,2021.07.30.,209
13076,기타 자가임상 후기,자가임상 후기이자 질문^^입니다(바이오필름 추정 사진 포함).,그몽,2021.07.30.,509
13080,질문과 대답(QnA),유방암4 기 환자입니다,뜨락,2021.07.30.,584
13082,보관창고,환우분들의 전화 상담에 대한 답변과 방안입니다.,건강장수1,2021.07.30.,39
13083,자유게시판,울카페에 취지를보시구 글써주세요,헤라,2021.07.30.,475
13084,자유게시판,오늘 검진 다녀왔네요,주윤발,2021.07.30.,354
13085,자유게시판,해발700 야생 파스닙(설탕 당근) 채종 및 수확,건강장수1,2021.07.30.,113
13086,자유게시판,상림공원  힐링 하세요,구충제러버,2021.07.30.,124
13088,자유게시판,힐링 하세요.,bearskin2,2021.07.30.,126
13089,자유게시판,안부,헤라,2021.07.31.,68
13090,질문과 대답(QnA),이런거 게워내신 경험 있으신지 궁금합니다,규울,2021.07.31.,220
13091,담비,암 치료를 위한 식물성 화학약제의 약물재창출 (6),담비,2021.07.31.,110
13092,회원나눔(공짜는 아닙니다),변비로 고생하시는 환우분  계신가요?,순리,2021.07.31.,284
13094,질문과 대답(QnA),나타조  +이버,생명을얻고풍성한삶,2021.07.31.,318
13095,질문과 대답(QnA),제쥴라 복용 관련 질문,CEO10,2021.07.31.,231
13097,정보 공유,아이허브 할인 코드 입니다.,시그널,2021.07.31.,167
13098,가입 인사,인사 드립니다,나라라,2021.08.01.,64
13099,가입 인사,안녕하세요 새로 가입했습니다 잘 부탁드립니다,우주의힘,2021.08.01.,142
13100,질문과 대답(QnA),실패원인과 펜벤다졸 용해도 질문,우주의힘,2021.08.01.,430
13101,자유게시판,안부,헤라,2021.08.01.,71
13102,피르비늄 정보,일본산 피르~  설명서 번역및 복용후 불편감 후기 부탁해요.,신풍생각,2021.08.01.,698
13103,질문과 대답(QnA),국을 끊일때,구충제러버,2021.08.01.,264
13104,자유게시판,(펌) 코로나 백신 부작용을 줄이려면...,제리호야,2021.08.01.,323
13105,회원나눔(공짜는 아닙니다),cbd오일 정리합니다.,말해줘,2021.08.01.,366
13107,자유게시판,CBD오일 긴급히 구매하고 싶습니다.,우주의힘,2021.08.01.,420
13108,질문과 대답(QnA),혈액 내 미세기생충 박멸에 노니,우주의힘,2021.08.01.,450
13109,기타 자가임상 후기,니타조사나이드 B형 간염,노랑노랑,2021.08.01.,664
13110,질문과 대답(QnA),이건 뭘까요? (바이오필름 추정),그몽,2021.08.01.,340
13111,자유게시판,"드물지만 알벤다졸 부작용 사례 & 바보죽, 소쓸개와 콩 이야기",영차,2021.08.01.,581
13112,가입 인사,반갑습니다^^,longlivethesss,2021.08.02.,70
13113,질문과 대답(QnA),이버멕틴 부작용 있으신분들은 없으신가요? 종아리가 저려요,오소이아,2021.08.02.,590
13114,자유게시판,안부,헤라,2021.08.02.,86
13117,자유게시판,수술실을 잡을때...일단 6인실부터 잡으삼.,하늘별썸,2021.08.02.,378
13119,자유게시판,조금은 기쁜 소식을 전합니다^^,꼬마엄마,2021.08.02.,937
13121,자유게시판,안부,헤라,2021.08.03.,64
13122,담비,신장암_호노키올_라파마이신_2020년,담비,2021.08.03.,110
13125,설금홍,대장암 치료를 위한 정보 모음 : 업그레이드편입니다,설금홍,2021.08.03.,270
13128,자연치유정보 나눔,몸에서 나타나는 췌장암 신호 한번쯤은 꼭 확인 하세요!,이삭,2021.08.03.,377
13129,질문과 대답(QnA),이버멕틴 질문 드립니다.,우주의힘,2021.08.03.,363
13130,기생충사진공유,기생충 간질충(양간흡충) 설명,말콥,2021.08.03.,710
13132,자유게시판,나트륨 디클로로아세테이트(DCA) 요법을 사용한 4기 대장암의 장기 안정화,소산,2021.08.04.,266
13133,질문과 대답(QnA),"친환경 주방세제,세탁세제 어떤거 사용하시나요?",별명없다,2021.08.04.,163
13134,질문과 대답(QnA),갑자기 전신마비,일일일생좋다,2021.08.04.,533
13135,자유게시판,안부,헤라,2021.08.04.,71
13136,자유게시판,피르비늄,우린이,2021.08.04.,356
13137,자유게시판,함양상림  힐링하세요,구충제러버,2021.08.04.,112
13138,자유게시판,약을 구하고 싶습니다~^^,꼬마엄마,2021.08.04.,573
13139,자유게시판,cbd오일 정리합니다,검지척척,2021.08.04.,233
13141,질문과 대답(QnA),니타조사나이드 구해요,레이첼2,2021.08.04.,130
13142,질문과 대답(QnA),이조합은 너무 저용량일까요?,피땀눈물,2021.08.04.,365
13144,자유게시판,해발800 늦고사리 채취종료,건강장수1,2021.08.04.,60
13145,니타조사나이드,니타조사나이드 폐암에는 효과가 없을까요?,의암호,2021.08.04.,354
13146,자유게시판,무주홀릭 ㅎㅎ,가시장미,2021.08.04.,113
13147,자유게시판,이비맥틴 복용법,nampo2867,2021.08.04.,332
13149,구매정보게시판(물건배송확인후),"판매글은 이글 댓글로만 허용합니다.(무료나눔 제외) ,판매글은 즉시 지우겠습니다.",신풍생각,2021.08.04.,"1,412"
13150,자유게시판,댓글쓰다가 너무 길어서 게시판에 씁니다. 내가 갔던 기능의학 의원!,하늘별썸,2021.08.04.,642
13152,자유게시판,안부,헤라,2021.08.05.,69
13156,자유게시판,"항문 가려움, 메벤다졸 복용법",롱롱이닫,2021.08.05.,691
13158,담비,종양학 약물재창출 논문(표); 최근 구충항암제 접근 원하는 님,담비,2021.08.05.,627
13159,자유게시판,전신 뼈 사진과 폐 CT 전에 아르테미시닌 복용하여도 될까요?,의암호,2021.08.05.,281
13160,자유게시판,안부,헤라,2021.08.06.,69
13161,질문과 대답(QnA),메벤다졸 몇 알을 먹어야하나요?,롱롱이닫,2021.08.06.,384
13162,질문과 대답(QnA),오늘 아침 갑자기 피부가 이런걸 발견했는데 뭘까요?,영차,2021.08.06.,603
13163,자유게시판,말복 쯤 하여 믿고 드실 수 있는 무항생제 닭 소개 시켜드리겠습니다..,산하,2021.08.06.,390
13164,가입 인사,반갑습니다.,양가가족력,2021.08.06.,107
13166,자유게시판,무주가 좋아~~,가시장미,2021.08.06.,196
13167,자유게시판,해발700 파스닙 가을파종,건강장수1,2021.08.06.,91
13168,자유게시판,이것저것........,촌로,2021.08.06.,612
13171,자유게시판,아..또 댓글달다가 글이 많아져서..내가 이렇게 말이 많은 인간이었나...,하늘별썸,2021.08.07.,400
13172,자유게시판,그때...왜 ..?,하늘별썸,2021.08.07.,272
13173,자유게시판,전화위복.,하늘별썸,2021.08.07.,298
13174,자유게시판,오늘이 입추이군요 ^^,제리호야,2021.08.07.,159
13175,질문과 대답(QnA),간 청소 할때 사과 쥬스대신 레몬수 마셔도 되나요??,산하,2021.08.07.,291
13176,자유게시판,휴가,양준,2021.08.07.,206
13177,정보 공유,천연물  자료 링크 입니다,시그널,2021.08.07.,239
13178,자유게시판,폐암 4기(비소세포암 선암) 구충제 추천,heyusm,2021.08.07.,416
13180,자유게시판,안부,헤라,2021.08.08.,120
13181,강직성 척추염(척수염),자가 면역 질환과 기생충 관계 -- 공부 하던중 우연히 발견 참조 하세요,투게더투,2021.08.08.,584
13184,자연치유.민간요법,훌다클락 신장청소약 팝니다..,Gg,2021.08.09.,275
13185,자유게시판,무좀,비소편평상피폐암,2021.08.09.,417
13186,자유게시판,"영주시 순흥면 야생 아로니아 수확 및 복숭아, 사과 정 나눔, 야생 포도 천연발효효소 담금",건강장수1,2021.08.09.,137
13187,자유게시판,혹시 판매처 아시는분 계실까요??,완치해야지,2021.08.09.,484
13189,자유게시판,썸의먹걸이,하늘별썸,2021.08.09.,223
13190,자유게시판,안부,헤라,2021.08.10.,72
13191,질문과 대답(QnA),"췌장암4기 복수,황달  조언부탁드립니다",l약방문,2021.08.10.,354
13192,정보 공유,듣다보니 퍼옴,호전,2021.08.10.,272
13194,보관창고,죄송합니다! 아픈기사만 올려서요 ㅜ,말똥청년,2021.08.10.,35
13195,질문과 대답(QnA),헬리코박터 제균 기능 구충기능이 있는,시그널,2021.08.10.,309
13197,질문과 대답(QnA),항암중단하고 문의드립니다,무조건아내사랑,2021.08.10.,633
13200,자유게시판,완치?,비소편평상피폐암,2021.08.11.,363
13202,질문과 대답(QnA),호르몬 불균형으로 힘드셨던 분 계실까요?,산하,2021.08.11.,173
13204,자유게시판,고생하십니다. 니타조사나이드 여유분 있으신분중 판매하실분 계실까요?,아티초크차,2021.08.11.,197
13205,질문과 대답(QnA),이중 탈모를 일으키는게 어떤약일까요?,피땀눈물,2021.08.11.,239
13206,자유게시판,약물성 폐렴이 왔는데 조언 부탁드립니다,넌이미 완치되었다,2021.08.11.,204
13207,자유게시판,이상과 현실차이,하늘별썸,2021.08.11.,278
13208,동영상링크(중요자료),시력을고치다  이버멕틴,헤라,2021.08.11.,922
13209,자유게시판,말기암환자 제발 도와주세요,로디카,2021.08.11.,"1,007"
13210,가입 인사,반갑습니다,맑은하늘바라기,2021.08.11.,86
13212,자유게시판,안부,헤라,2021.08.12.,101
13213,자유게시판,탈모,비소편평상피폐암,2021.08.12.,293
13214,질문과 대답(QnA),진통제 변비 문의 드려요..,우주의힘,2021.08.12.,227
13215,설금홍,구충 항암 요법은 어떻게 하나요? 자신만의 프로토콜을 만들기 위한 방법 제안,설금홍,2021.08.12.,"2,222"
13217,자유게시판,이버맥틴과 니타조사이드를 구하려고 합니다만,기동천,2021.08.12.,403
13218,자유게시판,CBC분석결과 뼈전이가 미세하게 오는것 같은데,넌이미 완치되었다,2021.08.13.,282
13219,자유게시판,간수치,비소편평상피폐암,2021.08.13.,355
13220,질문과 대답(QnA),바이오필름 배출기간 증상,그몽,2021.08.13.,385
13221,자유게시판,"해발700 야생 옥수수, 파스닙 수확, 자연산 더덕 횡재, 파스닙 가을 파종",건강장수1,2021.08.13.,132
13222,가입 인사,안녕하세요 반갑습니다,유빈이아빠,2021.08.13.,437
13224,가입 인사,만성B형간염,고공폭격기,2021.08.14.,357
13227,질문과 대답(QnA),궁금합니다. 부탁드립니다,용지윤,2021.08.14.,181
13228,자유게시판,인도에서 확인된 구충제 이버멕틴의 엄청난 효과,제리호야,2021.08.14.,660
13229,정보 공유,의료인연합 김동욱의사 출현. 실험용 ㅂㅅ토론!,말똥청년,2021.08.15.,342
13230,자유게시판,안부,헤라,2021.08.15.,72
13232,정보 공유,인도에서 이버멕틴으로  사망율을 하루4000명 사망에서 거의 제로에 가깝게 ..,신풍생각,2021.08.15.,"1,139"
13233,자유게시판,원시적인 섭취와 문명적인 섭취의 장단점?,비소편평상피폐암,2021.08.15.,149
13234,질문과 대답(QnA),듀파 락 구할 수 있을까요,나무바람,2021.08.15.,195
13235,자유게시판,카페회원이신 뱃살공주님 이야기입니다.,분홍앵초,2021.08.15.,"1,093"
13237,자유게시판,자연수박 ( 꼬마수박) 판매 예약 받아요.,머름골농장봉화,2021.08.15.,370
13238,자유게시판,카톡.베트남제약은 이제안하시나요?,힘내자님,2021.08.16.,463
13241,자유게시판,"[공유] 하이드로클로로퀸, 이버멕틴도  조심",촌로,2021.08.16.,"1,061"
13243,자유게시판,발 냄새,비소편평상피폐암,2021.08.16.,257
13246,자유게시판,암 환자에게 필수품인 CBD oil 한국에서 처방 받아 복용 할 수 있습니다. 하지만….,최선의 선택,2021.08.17.,623
13247,자유게시판,머리에 혹이났네요.,하늘별썸,2021.08.17.,467
13248,설금홍,이버멕틴에 대해 말들이 많군요. 이버멕틴에 대한 최신 정보를 보시죠,설금홍,2021.08.17.,873
13249,질문과 대답(QnA),"이버멕틴과 파라캅엘정, 알벤다졸 여유되시는분?",모두부자되세요,2021.08.17.,243
13250,질문과 대답(QnA),이 기생충은 무엇인가요?(혐오사진),고길동,2021.08.17.,473
13251,가입 인사,유잉육종 환우 입니다,모네무네,2021.08.17.,191
13252,암 호전사례 정보,저는 비소세포폐암 4기 입니다...,zzangtwo,2021.08.17.,"1,411"
13256,가입 인사,안녕하세요,살아있다,2021.08.17.,102
13257,질문과 대답(QnA),"이버맥틴, 메벤다졸 여유되시는분 있으신가요?",살아있다,2021.08.18.,383
13258,정보 공유,음모론으로 치부할수도 있지만  자기들의 이익을 위해서는 뭐든지 할수있는 위치에 있는 자들 때문에 ‥ 정신차리고 지켜봐야 할것 같습니다 ·,신풍생각,2021.08.18.,901
13259,자유게시판,MBC 생방송오늘저녁 방송촬영 출연 및 본방송일정,건강장수1,2021.08.18.,468
13261,자유게시판,안부,헤라,2021.08.18.,168
13262,자유게시판,여러 길들,비소편평상피폐암,2021.08.18.,260
13263,자유게시판,이러다가 떠돌이 인생이 될듯 싶습니다.ㅠㅠ,촌로,2021.08.18.,957
13264,질문과 대답(QnA),악액질 과 체중감소에 관하여,촌로,2021.08.19.,830
13265,질문과 대답(QnA),배부른 소리일 수도 있지만…,모네무네,2021.08.19.,679
13266,자유게시판,웃기는 짬뽕같은일이네요.,하늘별썸,2021.08.19.,525
13267,가입 인사,안녕하세요~,신월댁,2021.08.19.,163
13268,자유게시판,김철민님,양준,2021.08.19.,699
13270,질문과 대답(QnA),류마티스관절염에 좋은 보조식품은 어떤게 있을까요?,믿음안에서,2021.08.19.,298
13271,자유게시판,육종 환우인데 약물좀 봐주세요!,모네무네,2021.08.19.,231
13272,자유게시판,안부,헤라,2021.08.20.,80
13273,기생충사진공유,혹시 이게 뭔지 아시는 분 있을까요?,우주의힘,2021.08.20.,906
13275,자유게시판,해발800 야생 아로니아 수확 및 천연발효효소식초 담금 완료,건강장수1,2021.08.20.,99
13276,질문과 대답(QnA),이버와 메빈복용 중입니다,못난이 나무,2021.08.20.,351
13277,질문과 대답(QnA),PSA 약 0.02 증가된 상황입니다.,건7강,2021.08.20.,265
13278,자유게시판,맨발걷기~~~,제석산,2021.08.20.,325
13279,궁을,맛있고 건강한 먹거리의 김장채소를 재배하는 법,궁을,2021.08.20.,184
13280,자유게시판,간수치 이버멕틴,완치목표,2021.08.21.,690
13281,자유게시판,안부,헤라,2021.08.21.,91
13282,자유게시판,조언 부탁드립니다~~,희망바람,2021.08.21.,192
13283,자유게시판,비오는날  맨발 산행~~~,제석산,2021.08.21.,267
13285,자유게시판,기생충....이랍니다..,당근맨123,2021.08.21.,470
13286,자유게시판,직접농사 지은 건고추및 고추가루 판매 올립니다.,소곱친구,2021.08.21.,337
13288,자유게시판,기분전환 하세요.,bearskin2,2021.08.21.,168
13290,자유게시판,나무젓가락,믹스커피 조와,2021.08.22.,213
13292,자유게시판,혹 사라짐요.  혹의 크기와 약의 선택,하늘별썸,2021.08.22.,714
13293,자유게시판,무좀은 각질을 먹고 산다,비소편평상피폐암,2021.08.22.,435
13294,정보 공유,이버멕틴의 효과를 이제 믿는 사람이 많아지니 다시 공격,신풍,2021.08.23.,"1,222"
13295,질문과 대답(QnA),대구 나눔플러스봉사단(무료장례식) 믿을수 있나요?,모카향기,2021.08.23.,192
13297,자유게시판,안부,헤라,2021.08.23.,107
13298,강직성 척추염(척수염),니타 3개월 연속 복용후 - 피검사 결과,투게더투,2021.08.23.,843
13299,자유게시판,베트남 제약입니다. 영상 마지막 부분 꼭 봐주시고 한국에 계신 여러 선생님의 건강을 위해 힘차게 응원합니다.,최선의 선택,2021.08.23.,707
13300,자유게시판,암투병 환우분 생참치 선물,건강장수1,2021.08.23.,318
13301,자유게시판,"자연수박 1차수확, 택배 발송.^^",머름골농장봉화,2021.08.23.,275
13302,자유게시판,"지방종 제거 혹은 작게 되었으면,,",뚜띵이,2021.08.24.,318
13303,궁을,유산균 복용을 당장 중단해야 하는 사람들,궁을,2021.08.24.,394
13304,자유게시판,장뇌삼,유진5742,2021.08.24.,179
13306,질문과 대답(QnA),알벤다졸 복용시 물 많이 마셔도 되는지요..?,happylife2020,2021.08.24.,505
13308,자유게시판,안부,헤라,2021.08.25.,94
13309,자유게시판,간청소 외.......,촌로,2021.08.25.,537
13310,자유게시판,성대쪽에 뭐가 보인다고 날짜를 앞당기라고 하시는데요. 좀 읽어봐주세요,번쩍번쩍 빛나는,2021.08.25.,286
13311,자유게시판,앗싸~!,하늘별썸,2021.08.25.,286
13312,자유게시판,나의 뇌피셜이긴한데...,하늘별썸,2021.08.25.,552
13314,자유게시판,암이 전이되었으면 조직검사 같은 이런저런 검사 다시 하는거지요??,번쩍번쩍 빛나는,2021.08.26.,303
13315,자유게시판,안부,헤라,2021.08.26.,105
13317,자유게시판,말기암 완치 선배님의 해발700 야생 약마늘과 토마토 정 나눔,건강장수1,2021.08.26.,303
13318,가입 인사,인사드립니다,마중물,2021.08.26.,101
13319,기생충정보,(영상) 창발검사 TV ---기생충 종류,제리호야,2021.08.27.,289
13320,동영상링크(중요자료),케르세틴 천연 항히스타민제 알레르기 암종양 보조제,하루애,2021.08.27.,201
13321,자유게시판,이사 잘 끝냈습니다.,촌로,2021.08.27.,422
13322,자유게시판,정말 고맙습니다.,촌로,2021.08.27.,691
13323,자유게시판,이봉주 선수,분홍앵초,2021.08.27.,813
13327,자유게시판,안부,헤라,2021.08.28.,66
13328,자유게시판,미국의사 재소자에게  이버맥틴 처방(사망자 한명도 없음),행복나무,2021.08.28.,597
13329,자유게시판,대구수목원,주윤발,2021.08.28.,135
13330,자유게시판,이버메틴. 니클로사마이드 구립하실분 계실까요?,제주 사랑초,2021.08.28.,431
13331,가입 인사,가입인사드립니다,안산레이,2021.08.28.,103
13332,질문과 대답(QnA),뇌종양환자 질문드립니다..,안산레이,2021.08.29.,326
13333,자유게시판,백신 실체 완결판 !,스마트퓨쳐,2021.08.29.,670
13334,자유게시판,안부,헤라,2021.08.29.,62
13335,질문과 대답(QnA),비가 잘 오네요,촌로,2021.08.29.,261
13336,자유게시판,혹시 암환자가  ~~~?,헤라,2021.08.29.,"1,791"
13337,자유게시판,진짤까!,무라고,2021.08.29.,432
13338,정보 공유,미국 질병통제예방센터에서 유출된 백신관련 뉴스,제리호야,2021.08.29.,430
13339,자유게시판,간청소방법,헤라,2021.08.29.,410
13344,보관창고,이버맥틴 필요하신분,감사하는맘,2021.08.29.,106
13346,자유게시판,메벤다졸  디스토시드구입하고  싶습니다.,kentkwon,2021.08.29.,219
13347,보관창고,무료나눔,동이맘2,2021.08.29.,89
13353,자유게시판,의약품판매 금지입니다,천사,2021.08.29.,373
13356,자유게시판,안부,헤라,2021.08.30.,84
13357,질문과 대답(QnA),니타조사나이드 글 읽고 있는데 잘 이해가 안되서요..도와주세요^^,오소이아,2021.08.30.,374
13358,자유게시판,소금,믹스커피 조와,2021.08.30.,334
13360,자유게시판,환우분들중에 코로나 예방접종 하신분 계신가요??,리카도마이스터,2021.08.30.,418
13363,자유게시판,안부,헤라,2021.08.31.,69
13365,동영상링크(중요자료),이버멕틴,헤라,2021.08.31.,546
13366,동영상링크(중요자료),논문연구소tv,헤라,2021.08.31.,207
13367,동영상링크(중요자료),기생충이야기,헤라,2021.08.31.,210
13368,동영상링크(중요자료),기생충이야기,헤라,2021.08.31.,322
13369,설금홍,아토바쿠온,설금홍,2021.08.31.,272
13370,정보 공유,이버맥틴 뉴스,시그널,2021.08.31.,602
13371,궁을,맛있는 자연재배 가을 찰옥수수 판매마감 됬습니다,궁을,2021.08.31.,239
13373,자유게시판,구충제 처음 시작해보려해요,물럿,2021.09.01.,789
13374,자유게시판,안부,헤라,2021.09.01.,104
13376,질문과 대답(QnA),메벤다졸 먹고 통증이 가라 앉았어요,뜨락,2021.09.01.,792
13379,자유게시판,트리파노소마 크루즈,세라,2021.09.01.,587
13382,자유게시판,친구가 사구체신염이래요.,아이스 유방암ㅣ보,2021.09.02.,392
13383,자유게시판,감사한 헤라님 ...,촌로,2021.09.02.,721
13384,자유게시판,베이킹소다 이야기 하다 레몬을 왜 먹냐는 질문에 답하다가 ...,이삭,2021.09.02.,539
13387,자유게시판,이버맥틴 복용 후 무릎 통중,비소편평상피폐암,2021.09.03.,572
13388,가입 인사,가입했어요,별내,2021.09.03.,93
13389,자유게시판,안부,헤라,2021.09.03.,110
13390,자유게시판,썰렁한 금요일 ............,촌로,2021.09.03.,366
13391,자유게시판,맨발~~~,제석산,2021.09.03.,211
13392,가입 인사,췌장암,tns늘감사,2021.09.03.,304
13393,질문과 대답(QnA),메벤다졸,힘내자힘내자,2021.09.03.,379
13395,자유게시판,충주 신흥사 올라가는길에~~~,bearskin2,2021.09.03.,122
13396,자유게시판,아버지 통증이줄긴했는데 이게 방사선영향인지 구충제영향인지..,물럿,2021.09.03.,326
13397,자유게시판,바다 보이는 농지에서 작물을 키울려면~~,뚜띵이,2021.09.04.,187
13398,자유게시판,안부,헤라,2021.09.04.,130
13399,자유게시판,백신 2차접종후,bearskin2,2021.09.04.,392
13400,정보 공유,면역력 증진을 위한 유산균 복용.,나이야가라 폐선암4기,2021.09.04.,305
13401,질문과 대답(QnA),펜벤다졸 복용 후 증상 좀 봐주세요,우주의힘,2021.09.04.,367
13402,이버맥틴자가임상후기,이버멕틴 12mg 좀 여분을 가지고 계신분이 계시나요?,맑은 하늘,2021.09.04.,581
13403,질문과 대답(QnA),옴니쿠어 복용량 질문입니다,번쩍번쩍 빛나는,2021.09.04.,297
13404,정보 공유,백신 1차 접종후,하하,2021.09.05.,645
13405,가입 인사,감사합니다,모랄네스,2021.09.05.,90
13406,정보 공유,쥐 암세포 크기 82% 줄었다. 아스트라 백신. 암치료,꼭잘될꺼야,2021.09.05.,618
13407,자유게시판,효자손꾸락...,하늘별썸,2021.09.05.,195
13408,가입 인사,안녕하세요?,제주 수여니,2021.09.05.,128
13409,자유게시판,이버맥틴 가지고 있습니다(거래완료),동이맘2,2021.09.05.,379
13411,질문과 대답(QnA),혹시,강북구민,2021.09.05.,191
13412,자유게시판,이버맥틴 구입처 소개,동이맘2,2021.09.05.,744
13413,자유게시판,섬망 돌아오시겠죠?,물럿,2021.09.06.,395
13414,자유게시판,안부,헤라,2021.09.06.,72
13415,자유게시판,피르비늄,꽃,2021.09.06.,310
13416,가입 인사,안녕하세요.,핑크해리,2021.09.06.,113
13417,자유게시판,전자렌지로 음식을 떼우면,뚜띵이,2021.09.06.,383
13418,질문과 대답(QnA),유두에서  피가 나오는대..,꾸준히히,2021.09.06.,422
13419,동영상링크(중요자료),논문연구소tv에 기생충과 암 이야기,헤라,2021.09.06.,364
13420,궁을,파우치형태의 냉동녹즙 복용 후기,궁을,2021.09.06.,325
13421,자유게시판,와송  수확을 시작하다.^^,머름골농장봉화,2021.09.06.,180
13422,질문과 대답(QnA),이버멕틴 소량구매 가능한곳 있을까요?,중산,2021.09.07.,410
13423,자유게시판,찾아가는 강제접종 입법예고 반대해주세요,세라2020,2021.09.07.,303
13424,정보 공유,면역항암제 신기술 개발,나이야가라 폐선암4기,2021.09.07.,341
13425,자유게시판,디 스토시드,사랑하는사람들과함께,2021.09.07.,161
13426,정보 공유,옴니쿠어 과립 샀어요,번쩍번쩍 빛나는,2021.09.07.,253
13427,궁을,자연재배 찰옥수수 구입후기(판매마감 했습니다),궁을,2021.09.07.,154
13428,자유게시판,오늘  따뜻한겨울 나려구난로설치했습니다,헤라,2021.09.07.,316
13429,유투브방송 링크나눔,신경청소,주윤발,2021.09.07.,169
13430,기생충사진공유,소변에서 나왔어요.,울릉도섬백리향,2021.09.07.,932
13434,자유게시판,밤단호박   판매^^,머름골농장봉화,2021.09.08.,223
13435,자유게시판,안부,헤라,2021.09.08.,79
13436,자유게시판,이버맥틴,양준,2021.09.08.,499
13438,자유게시판,보조제복용 문의~,꼬마엄마,2021.09.08.,259
13439,동영상링크(중요자료),"베르베린, 버버린, 황연 | 당뇨, 항암, 대장, 혈압에 좋은 보조제",하루애,2021.09.08.,217
13443,유투브방송 링크나눔,진짜 연구가 잘 진행되었으면 하네요.,똘이아빠,2021.09.09.,230
13444,궁을,원예 그리고 힐링,궁을,2021.09.09.,142
13445,궁을,어쩌다 보니 최고의 먹거리만 먹고있네요,궁을,2021.09.09.,394
13446,자유게시판,아빠가 무좀인데 추천좀,천방지츅,2021.09.09.,576
13448,자유게시판,집에 TV 안되고 컴도 안되고,분홍앵초,2021.09.09.,281
13449,자유게시판,오랜만에 인사드립니다.,새롬,2021.09.09.,791
13450,질문과 대답(QnA),조언부탁드립니다.,그몽,2021.09.09.,395
13451,자유게시판,안녕하세요 !,야곱의축복,2021.09.09.,481
13452,자유게시판,안부,헤라,2021.09.10.,70
13453,설금홍,이버멕틴 고용량 장기복용에 관한 자료,설금홍,2021.09.10.,931
13454,자유게시판,간헐적 단식 경험.,하늘별썸,2021.09.10.,437
13455,자유게시판,이버멕틴,믹스커피 조와,2021.09.10.,"1,152"
13456,자유게시판,간헐적 단식 경험.,star620101,2021.09.10.,52
13457,자유게시판,이버맥틴 2,100세무강,2021.09.11.,939
13458,자유게시판,100세 무강님에게 몇자 글 적습니다.,촌로,2021.09.11.,726
13459,자유게시판,엄마가 다시 구충제 드시기 시작하셨어요,번쩍번쩍 빛나는,2021.09.11.,669
13460,자유게시판,헬리코박터균,하나님나라,2021.09.11.,339
13461,가입 인사,안녕하세요~^^,Mari369,2021.09.11.,137
13463,자유게시판,간수치,후반기,2021.09.11.,365
13464,정보 공유,속지말라는...TV뉴스,제리호야,2021.09.11.,410
13466,자유게시판,안부,헤라,2021.09.12.,73
13467,자유게시판,주사 한방에 25억짜리 나왔다,송사랑,2021.09.12.,314
13468,정보 공유,암과 마그네슘  논문 기계변역,시그널,2021.09.12.,275
13469,자유게시판,눈이 침침하고 눈꼽이 낄때,비소편평상피폐암,2021.09.12.,549
13473,자유게시판,이버매틴3,100세무강,2021.09.12.,"1,686"
13474,자유게시판,부탁의 말씀 드립니다.,냥가,2021.09.12.,460
13475,자유게시판,무좀치료,비소편평상피폐암,2021.09.12.,572
13477,자유게시판,안부,헤라,2021.09.13.,75
13478,자유게시판,완화치료 전문의라는 것이 있네요,똘이아빠,2021.09.13.,163
13480,자유게시판,구충제 복용한지 2주일되었어요,물럿,2021.09.13.,324
13481,자유게시판,안녕하세요. 첫인사 겸 몇가지 문의드립니다.,해보자,2021.09.13.,234
13482,질문과 대답(QnA),베투남 이버멕트,경가연연,2021.09.13.,399
13483,자유게시판,[이버멕틴] 알리 중국산 복용 후기,중고캠퍼,2021.09.13.,617
13484,자유게시판,배안의 태동같은 꾸륵거림에는 어떤 구충제가 좋을까요?,행복나무,2021.09.13.,624
13485,자유게시판,지금 걱정하시는건 이해가 되고요...,트레티노,2021.09.13.,556
13487,질문과 대답(QnA),고수님들께 질문 좀 드립니다.,몽당연필,2021.09.14.,358
13489,자유게시판,안부,헤라,2021.09.14.,86
13491,정보 공유,개전문가의  개에  대한 이버멕틴!,다알,2021.09.14.,283
13494,자유게시판,산행,나이야가라 폐선암4기,2021.09.14.,152
13496,정보 공유,"이버놈 제조사 시험성적서, 제조사 GMP 및 GLP 등록서류",트레티노,2021.09.14.,521
13497,자유게시판,(공유) 이버멕틴이 코로나치료 효과도 있다고 하네요,언제나평화,2021.09.14.,260
13499,질문과 대답(QnA),알벤 후 이버맥틴 복용 해보려는데 질문 좀 봐주세요.  미리 초보라 죄송해요...,헬프미,2021.09.15.,236
13500,자유게시판,안부,헤라,2021.09.15.,61
13501,자유게시판,주문사이트에 이버멕틴 문의 (믹스커피조와님 백세무강님 봐주세요~),레모네이드,2021.09.15.,742
13502,자유게시판,엑스레이상 폐결절이 나중에 없어질수도 있을까요,번쩍번쩍 빛나는,2021.09.15.,643
13504,자유게시판,이버맥틴4,100세무강,2021.09.15.,"1,245"
13505,질문과 대답(QnA),"건강관리 목적으로 알벤다졸 먹던중, 디스토시드,니클로사 마이드,이버맥틴 추가로 먹으려는데요.",언제나평화,2021.09.15.,488
13506,정보 공유,이버렉스 시험성적서,트레티노,2021.09.15.,502
13507,동영상링크(중요자료),미토tv  김자영원장,헤라,2021.09.15.,609
13508,자유게시판,안부,헤라,2021.09.16.,81
13509,정보 공유,운동이 암에 미치는 영향,나이야가라 폐선암4기,2021.09.16.,437
13511,정보 공유,산림치유/ 음이온효과? 피톤치드효과?,나이야가라 폐선암4기,2021.09.16.,167
13514,자유게시판,코로나,그럴지도,2021.09.16.,276
13515,정보 공유,[해외논문기사 구글번역] 존스 홉킨스 : 항기생충 약물이 쥐의 췌장암을 늦추다 - 메벤다졸 Anti-Parasitic Drug (Mebendazole) Slows Pancreatic Cancer in Mice,꿈많은사람,2021.09.16.,338
13516,자유게시판,9월의 가을 ㅡ 다이돌핀 가득했던 여행,행복나무,2021.09.16.,112
13519,자유게시판,안부,헤라,2021.09.17.,57
13520,자유게시판,아버지 구충제하신지 18일째예요~,물럿,2021.09.17.,776
13521,자유게시판,이제는 띵띵한 별써미입니다.,하늘별섬,2021.09.17.,259
13522,자유게시판,"혹시 간암 걸리신분 계신가요? 저희 아버지 간에 10센티, 2센티 몇개 종양있다고 하는데요~",heg6402,2021.09.17.,458
13523,자유게시판,오늘의 책한권,주윤발,2021.09.17.,250
13524,기생충사진공유,기생충 정보  심장사상충,말콥,2021.09.17.,573
13525,자유게시판,행복하고 즐거운 추석 명절 되시길 기원합니다.,신풍,2021.09.17.,154
13526,암 호전사례 정보,현재 제가 복용하고 있는 약들 입니다...,zzangtwo,2021.09.17.,"1,229"
13527,질문과 대답(QnA),대장치료하려는데 니타 니클 같이 먹어두 되나요?,오소이아,2021.09.17.,347
13528,자유게시판,신부전증이 있는 경우에 어떤 기생충약을 먹으면 좋을까요?,봄맞이행운,2021.09.17.,262
13531,설금홍,암 치료를 위한 구충제의 약리작용,설금홍,2021.09.18.,507
13532,질문과 대답(QnA),혹 대장암 이버멕틴으로 호전되신 분 계신가요?,기적맘,2021.09.18.,609
13533,자유게시판,안부,헤라,2021.09.18.,86
13534,기타 자가임상 후기,친언니의 이야기입니다.,분홍앵초,2021.09.18.,"1,098"
13539,자유게시판,열이나서 까라지는거였어요,물럿,2021.09.19.,341
13540,자유게시판,플루코나졸,몽당연필,2021.09.19.,382
13543,보관창고,“백신 부작용 환자는 안 본다” 끝내 의사는 청진기를 들지 않았다,제리호야,2021.09.19.,326
13547,자유게시판,노력형님...게시글 삭제이유중 하나.,하늘별섬,2021.09.19.,513
13549,자유게시판,추석인사올립니다.,하늘별섬,2021.09.20.,226
13551,자유게시판,혹시 마늘주사 백옥주사등 주사 맞아보신분,surrender,2021.09.20.,289
13552,자유게시판,팔 안쪽으로 전기통하는듯한 찌릿한 느낌,이김,2021.09.20.,287
13553,자유게시판,피르비늄 구충제에 대해,뚜띵이,2021.09.21.,689
13554,자유게시판,행복한 한가위 보내세요~^^,제리호야,2021.09.21.,92
13557,정보 공유,코로나백신 합병증 최신뉴스와 내과의사 사이먼 님의 의견,제리호야,2021.09.21.,"1,196"
13560,자유게시판,눈꼽이 계속나와요~,물럿,2021.09.21.,500
13562,자유게시판,노력형님...게시글 삭제이유중 하나2,이삭,2021.09.21.,501
13563,자유게시판,제 집에 신부전이 있는 강아지가 있는데,뚜띵이,2021.09.21.,270
13565,자유게시판,꿀잠,하늘별섬,2021.09.22.,210
13566,질문과 대답(QnA),체했을때,건강하자모두,2021.09.22.,261
13567,자유게시판,안부,헤라,2021.09.22.,89
13568,자유게시판,알벤다졸 남는거 정리하려고 합니다,우루사야,2021.09.22.,534
13569,가입 인사,안녕하세요~,울산,2021.09.22.,140
13570,자유게시판,구충제 저렴히 나눔 하려 합니다,예민아씨,2021.09.22.,979
13572,자유게시판,안부,헤라,2021.09.23.,90
13573,자유게시판,해발700 서출동류수 명당터 야생 표고버섯,건강장수1,2021.09.23.,164
13577,자유게시판,안부,헤라,2021.09.24.,90
13578,자유게시판,비타민c~~~,제석산,2021.09.24.,340
13579,궁을,자연재배 메옥수수 타작하기,궁을,2021.09.24.,167
13580,자유게시판,가을벚꽃,bearskin2,2021.09.24.,117
13581,자유게시판,안부,헤라,2021.09.25.,107
13582,자유게시판,어제밤부터 정말...,하늘별섬,2021.09.25.,597
13584,자유게시판,충주 비내길,bearskin2,2021.09.26.,106
13585,자유게시판,가래가 심하게 끓는 분들은 구충제를 복용하시면 효과가 있는 것 같습니다.,정록,2021.09.26.,399
13586,자유게시판,텃밭농사,양준,2021.09.26.,177
13587,자유게시판,이버맥틴 복용후,안경,2021.09.26.,637
13588,유투브방송 링크나눔,"유산균을 당장 끊어야 하는 위험신호 10가지 (프로바이오틱스 드시면 안되는 분들, 부작용,주의사항, 대처법)",송사랑,2021.09.26.,325
13589,자유게시판,안부,헤라,2021.09.26.,67
13591,정보 공유,요로에도 기생충이 산다네요. 논문,시그널,2021.09.26.,288
13592,정보 공유,장 기생충 영상 :공부용:,시그널,2021.09.26.,184
13595,정보 공유,드디어 니타조사나이드 코로나 3상 결과가 공개 되었습니다. 대단한 결과입니다.,신풍,2021.09.26.,"1,093"
13596,자유게시판,피르비늄은 어떻게 먹으면될까요?,물럿,2021.09.26.,542
13598,질문과 대답(QnA),46회항암중단했습니다,희2349,2021.09.27.,541
13599,자유게시판,안부,헤라,2021.09.27.,52
13600,설금홍,항암대체요법을 할때 맨 먼저 보셔야할 내용들,설금홍,2021.09.27.,445
13601,자유게시판,생강의 좋은점을 공유하고 싶습니다.,새롬,2021.09.27.,492
13602,자유게시판,100세 모친,양준,2021.09.27.,296
13603,자유게시판,장모님 초기치매,양준,2021.09.27.,368
13604,정보 공유,멜라토닌 10mg 구입처 알수 있을까요,freend17045,2021.09.27.,284
13606,가입 인사,안녕하세요,쾌유를 기원합니다,2021.09.27.,72
13608,정보 공유,비타민 C 복용법,제리호야,2021.09.27.,360
13609,궁을,탄순농 마늘로 적합한 홍산마늘심기,궁을,2021.09.27.,102
13610,자유게시판,안부,헤라,2021.09.28.,63
13611,자유게시판,암을 사전에 예방하는것은...,하늘별섬,2021.09.28.,442
13613,자유게시판,컨디션이 안좋아서 쉬고있는데..,하늘별섬,2021.09.28.,251
13615,자유게시판,팬벤다졸,희2349,2021.09.28.,348
13616,가입 인사,방갑습니다,행복한 삶,2021.09.28.,121
13617,자유게시판,수면센터방문,주윤발,2021.09.28.,205
13618,질문과 대답(QnA),폐암 엑스레이 상에 흰점늘어남,지은,2021.09.28.,438
13619,질문과 대답(QnA),구충제 복용후 안구(검은눈동자)에 투명 실같은게 보이는데..제거방법 문의,happylife2020,2021.09.28.,595
13620,자유게시판,빈혈,용희,2021.09.28.,197
13621,자유게시판,안부,헤라,2021.09.29.,62
13622,자유게시판,구연산,비소편평상피폐암,2021.09.29.,322
13623,자유게시판,변비,비소편평상피폐암,2021.09.29.,281
13624,궁을,고용량이 답이다,궁을,2021.09.29.,660
13625,가입 인사,안녕하세요,냐옹냐옹,2021.09.29.,97
13626,질문과 대답(QnA),혹시 머리카락이나 털 같은 기생충이 있나요?,오소이아,2021.09.29.,359
13627,자유게시판,햅쌀 수확했나요?,분홍앵초,2021.09.29.,188
13629,정보 공유,"[공유]""의료비 많이 썼다면 환급 신청하세요""",이승준,2021.09.30.,178
13630,자유게시판,유산균,희2349,2021.09.30.,169
13631,질문과 대답(QnA),날트렉손드시는분 계신가요,행복한 삶,2021.09.30.,371
13632,자유게시판,안녕하세요. 오랬만에 인사 드립니다.,테일러,2021.09.30.,605
13633,질문과 대답(QnA),어머니가 결장암 진단을 받으셨습니다.,한줄기빛,2021.09.30.,150
13634,이버맥틴자가임상후기,이제 방금 구충제요법을 시작한 새내기 입니다,맑은 하늘,2021.09.30.,503
13635,질문과 대답(QnA),이버벡틴,행복한 삶,2021.09.30.,502
13636,자유게시판,맨발~~~,제석산,2021.09.30.,258
13638,궁을,녹즙용 케일 판매합니다,궁을,2021.09.30.,182
13640,자유게시판,안부,헤라,2021.10.01.,87
13641,자유게시판,정말 궁금합니다. 코로나 백신...,하늘별섬,2021.10.01.,880
13642,질문과 대답(QnA),코로나 백신 안맞은 사람들은  불이익 받나요?,아이스 유방암ㅣ보,2021.10.01.,385
13646,질문과 대답(QnA),피르비늄 얼마나먹어야하나요?,달고나야,2021.10.01.,454
13648,자유게시판,시월달 노는 날 많아서 좋네요^^,촌로,2021.10.02.,410
13649,자유게시판,안부,헤라,2021.10.02.,49
13650,질문과 대답(QnA),알리 익스프레스에서 이버멕틴.......,제리호야,2021.10.02.,415
13651,설금홍,자가포식억제제와 유도제. 클로로퀸과 이버멕틴,설금홍,2021.10.02.,778
13653,자유게시판,백신보다 더 중요한 것,레모네이드,2021.10.02.,280
13654,자유게시판,요즘 구충제말고 시디비오일도 드시나요?,heg6402,2021.10.02.,754
13655,자유게시판,간암 이신분계신가요?,heg6402,2021.10.02.,299
13656,기생충사진공유,이것도 기생충일까요?,오소이아,2021.10.02.,644
13657,자유게시판,안부,헤라,2021.10.03.,65
13658,질문과 대답(QnA),배가 따끔 구충제 반응일까요?,희망이 있다,2021.10.03.,357
13659,정보 공유,[공유] 국민연금이 ‘쥐꼬리’?…수령액 늘리는 마법,이승준,2021.10.04.,192
13660,자유게시판,안부,헤라,2021.10.04.,66
13661,자유게시판,최빈국에서 서독의 광부와 간호사 파견으로 기적을 만들다.,나이야가라 폐선암4기,2021.10.04.,188
13662,질문과 대답(QnA),이버멕틴 후 설사,싼타공룡,2021.10.04.,424
13663,기생충사진공유,이건 뭘까요?,오소이아,2021.10.04.,505
13665,질문과 대답(QnA),복용 질문드립니다^^,행복한 삶,2021.10.04.,147
13666,유투브방송 링크나눔,아이허브 영양제 직구 할 때 3단계 추가 할인받는 법,하루애,2021.10.04.,159
13667,자유게시판,DCA 유발 산화 스트레스로 인한 말초 신경병증,소산,2021.10.04.,118
13668,자유게시판,💊스타틴💊 포함-약물 유발 말초 신경병증,소산,2021.10.04.,154
13671,자유게시판,안부,헤라,2021.10.05.,76
13672,기생충사진공유,"극 더러워움 주의 ( 경보 ) , 기생충 배출 사진.",테일러,2021.10.05.,963
13674,자유게시판,Dichloroacetate(DCA)와 Artesunate의 병용 치료에 의한 치명적인 간 및 골수 독성,소산,2021.10.05.,135
13675,자유게시판,이버멕틴(이버놈) 샀네요,언제나평화,2021.10.05.,"1,334"
13676,기타 자가임상 후기,위염 위궤양증 약초 경험,kimsh7605,2021.10.05.,360
13677,정보 공유,안녕하세요 베트남 제약입니다. - 구충제 및 CBD oil 복용 후기 공유합니다.,베트남제약,2021.10.05.,"1,564"
13678,림프암,cbd오일,임하나,2021.10.05.,497
13679,정보 공유,[공유] 10월부터 달라지는 주요 정책 4가지 확인해보세요.,이승준,2021.10.06.,218
13681,자유게시판,"암환우와 가족을 위한""폐암환우 ,TV""가 시작하였습니다.",의암호,2021.10.06.,204
13683,정보 공유,영어 유튜브 - 칸나비스 질문 - The Cannabis Question I Full Episode I PBS - 2021년 9월 30일,꿈많은사람,2021.10.06.,195
13685,자유게시판,안부,헤라,2021.10.07.,75
13686,자유게시판,내몸의 자연치유력,비소편평상피폐암,2021.10.07.,399
13687,질문과 대답(QnA),니클 연속복용 며칠까지 가능한지 아시는분 계세요?,오소이아,2021.10.07.,365
13688,자유게시판,혹시 단식 하고 효과 보신분 계실까요ᆢ?,바다좋아,2021.10.07.,405
13689,자유게시판,"국민연금, ‘파산 위기’ 헝다그룹에 누적 410억원 투자",언제나평화,2021.10.07.,311
13690,가입 인사,안녕하세요,평안한삶,2021.10.07.,142
13691,자유게시판,구충제 많이들 드시나요?,평안한삶,2021.10.07.,624
13693,자유게시판,안부,헤라,2021.10.08.,108
13694,자유게시판,MSM,희2349,2021.10.08.,466
13695,자유게시판,펜벤다졸 4gram 3박스,우어웅,2021.10.08.,270
13696,질문과 대답(QnA),신장암 8.4cm 와 폐암 1.5cm 목요일날 수술,복덩이맘,2021.10.09.,342
13697,가입 인사,안녕하세요,건강한치유,2021.10.09.,79
13699,자유게시판,수술휴유증을 극복하니..,하늘별섬,2021.10.09.,311
13700,가입 인사,안녕하세요,브라질,2021.10.09.,83
13702,궁을,탄소순환농법 옥수수 뻥튀기 소개,궁을,2021.10.09.,202
13703,정보 공유,최종적으로 코비드19 대응이 잘못일 가능성이 많군요,신풍,2021.10.09.,723
13704,자유게시판,해외출장 재개,나이야가라 폐선암4기,2021.10.10.,315
13705,폐암,버목스(메벤다졸) 구합니다,산다다,2021.10.10.,281
13707,질문과 대답(QnA),이버멕틴을 암 예방목적으로 먹는다면 어떻게 먹어야 합니까?,옵션하다쪽박,2021.10.10.,602
13708,질문과 대답(QnA),질문 전에 스스로 찾아보기^^,웃는돌땡이,2021.10.10.,238
13709,혈액암,진균제,임하나,2021.10.10.,420
13710,가입 인사,안녕하세요,sia,2021.10.10.,81
13711,정보 공유,[영문 번역]진행성 전립선암의 진행을 주도하는 장내 세균 발견 - Gut Bacteria Found to Drive Progression of Advanced Prostate Cancer,꿈많은사람,2021.10.10.,132
13712,림프암,베르베린,임하나,2021.10.10.,397
13713,질문과 대답(QnA),베트남제약 아이디좀 알수있을까요ㅜ 메트포리민도 구해는데 있으신분ㅜ,와우와우 쩝,2021.10.10.,258
13714,정보 공유,"화이자 소속 과학자들 고백 ""100.씬 보다 자연항체"" + 과학자 도망?",언제나평화,2021.10.11.,285
13715,자유게시판,안부,헤라,2021.10.11.,55
13718,자유게시판,안녕하세요. 오늘은 흑미충이 근 100여마리가,테일러,2021.10.11.,"1,004"
13719,질문과 대답(QnA),비타민c정맥주사,나아가자,2021.10.11.,352
13720,자유게시판,왜 그런건가요,남자폴,2021.10.11.,229
13722,자유게시판,이버멕틴 이버놈--포장이 약간 바뀔수도 있나요?,레모네이드,2021.10.11.,"1,479"
13723,정보 공유,[영문 번역]진행성 전립선암의 진행을 주도하는 장내 세균 발견 - Gut Bacteria Found to Drive Progression of Advanced Prostate Cancer,꿈많은사람,2021.10.11.,47
13724,자유게시판,안부,헤라,2021.10.12.,55
13725,질문과 대답(QnA),에시악티,행복한 삶,2021.10.12.,387
13726,질문과 대답(QnA),비타민e 대체가능한 보조제 문의드립니다,지은,2021.10.12.,251
13727,궁을,자연재배(탄소순환농법) 강냉이/옥수수가루/옥수수차/옥수수속대 판매합니다,궁을,2021.10.12.,260
13729,니타조사나이드,폐암에 나타조사마이드 쓰신분 계신지요?,의암호,2021.10.12.,386
13730,정보 공유,[영문 기사 구글 번역]  프로바이오틱스가 화학 요법의 부작용을 해결하는 데 도움이 되는 이유,꿈많은사람,2021.10.12.,163
13731,가입 인사,언녕하세요,가까운희망,2021.10.12.,80
13733,자유게시판,안부,헤라,2021.10.13.,69
13734,자유게시판,이게 뭔지요? ***혐주의***,당그랑,2021.10.13.,350
13736,자유게시판,혹시 최근에 이버멕틴 이버놈 구입하신 분 계시면,레모네이드,2021.10.13.,723
13739,자유게시판,가입인사겸 감사인사 드립니다.,사루비,2021.10.13.,278
13740,자유게시판,안부,헤라,2021.10.14.,94
13742,자유게시판,두통,비소편평상피폐암,2021.10.14.,263
13743,자유게시판,오늘도 행복한 하루...,하늘별섬,2021.10.14.,299
13744,질문과 대답(QnA),발톱무좀,천방지츅,2021.10.14.,635
13745,암 호전사례 정보,"[해외호전사례] 2021년 1월 호전 사례 글 이후, 10개월후 올라온 소식, 뉴질랜드 양성 유방암 4기, 그리고 와이프 안부",꿈많은사람,2021.10.14.,401
13746,자유게시판,안부,헤라,2021.10.15.,72
13747,기생충사진공유,공부용 기생충 영상 올려요 (혐오주의),시그널,2021.10.15.,395
13748,자유게시판,암을 이기지 못하는가봐요ㅠ,힘내자힘내자,2021.10.15.,614
13749,질문과 대답(QnA),저혈당 저혈압 대상포진 근육통증 심함에 갑상선항진증인데 뭐 먹어야하죠??,영차,2021.10.15.,204
13750,자유게시판,어머니 어지럼증 원인을 찾은거 같아요,영차,2021.10.15.,424
13751,자유게시판,헐...코로나19 백신에 기생충이...,영차,2021.10.15.,759
13752,질문과 대답(QnA),호스피스 얘기가 나왔는데 어떻게해야할까요?,힘내자힘내자,2021.10.15.,514
13753,자유게시판,안부,헤라,2021.10.16.,53
13755,자유게시판,비소편평상피 폐암님,행복한 삶,2021.10.16.,261
13756,자유게시판,혹시   무농약 으로 농사를 짓는다는게 얼마나 어려운일인지 아시나요?,분홍앵초,2021.10.16.,366
13757,궁을,자연재배 약생강(토종생강) 예약판매합니다,궁을,2021.10.16.,226
13758,정보 공유,대학병원간호사가 알려주는 혈액검사 결과 보는 방법을 알려 드릴깨요,송사랑,2021.10.16.,272
13760,궁을,2021 냉동산딸기 판매안내,궁을,2021.10.17.,178
13761,자유게시판,안부,헤라,2021.10.17.,78
13762,보관창고,나눔합니다.,분홍앵초,2021.10.17.,163
13763,자유게시판,가을 나드리,나이야가라 폐선암4기,2021.10.18.,141
13764,자유게시판,안부,헤라,2021.10.18.,70
13765,질문과 대답(QnA),이것이 기생충?(사진주의),행복한 삶,2021.10.18.,367
13766,기타 자가임상 후기,"""제3차 암치유를 위한 치병일지"" [수정] 2023. 03.29.",나이야가라 폐선암4기,2021.10.18.,"2,281"
13767,질문과 대답(QnA),베트남 이버멕틴,gkvlgkvj,2021.10.18.,780
13768,자유게시판,날씨가 갑자기 추워지니 별문제가 다...,하늘별섬,2021.10.18.,412
13769,자유게시판,안부,헤라,2021.10.19.,64
13770,자유게시판,아무래도 알벤다졸..,하늘별섬,2021.10.19.,565
13771,자유게시판,삶의 지혜(퍼옴),leesamsa,2021.10.19.,127
13772,자유게시판,플루벤다졸,힘내자힘내자,2021.10.19.,240
13774,암 호전사례 정보,"[해외호전사례] 조티펜스가 소개한 펜벤다졸 관련 연구 보고서 입니다 - 개인의 임상 실험이 아니라, 스텐포드 대학하고 워싱턴 대학에서 나온 보고서라는 것이 더 큰 의미가 있는듯",꿈많은사람,2021.10.19.,640
13775,자유게시판,고민~  목 작은 멍울,제석산,2021.10.19.,639
13776,자유게시판,"달갈,계란",촌로,2021.10.20.,686
13777,자유게시판,안부,헤라,2021.10.20.,60
13778,자유게시판,미시령 옛길,나이야가라 폐선암4기,2021.10.20.,167
13780,자유게시판,산하님   감사합니다,헤라,2021.10.20.,256
13781,질문과 대답(QnA),어느 유튜브 영상의 댓글중 백신 중화법이라고 하는데 구충제 경험 많으신 분들께서 확인 좀 부탁 드립니다.,냥가,2021.10.20.,521
13782,가입 인사,안녕하세요!,델리사랑,2021.10.20.,84
13783,궁을,먹자마자 암세포 때려잡는 무서운 음식,궁을,2021.10.20.,603
13784,궁을,오늘부터 토종생강 발송 합니다,궁을,2021.10.20.,167
13785,만성질환자가임상나누기,입술 물집요.,해바라기17,2021.10.21.,320
13786,자유게시판,안부,헤라,2021.10.21.,69
13787,자유게시판,암검진,양준,2021.10.21.,312
13788,정보 공유,구충제의 종류와 역할 및 효과 복용법에 대해(출처 -씬건강TV채널),leesamsa,2021.10.21.,325
13789,자유게시판,매운 맛,촌로,2021.10.21.,554
13790,자유게시판,식도암 환자나 보호자 계신가요,승이엄마,2021.10.21.,240
13791,암 호전사례 정보,"[해외호전사례] 20살 남자 전이성 갑상선 유두암 4 림프절 metastatic papillary thyroid cancer 4 lymph nodes, 특이한 경우라서 올려 봄",꿈많은사람,2021.10.21.,471
13792,자유게시판,이 새벽시간에,분홍앵초,2021.10.22.,441
13793,자유게시판,안부,헤라,2021.10.22.,81
13794,질문과 대답(QnA),니타족사나이드 구입방법?,비타민박사,2021.10.22.,249
13795,질문과 대답(QnA),이버멕틴 프라지콴델 등등 구입하고 싶은데 방법을 모르겠어요 ㅠㅜ,영차,2021.10.22.,473
13798,궁을,자연재배 약생강(토종생강)  2차 판매글입니다,궁을,2021.10.22.,162
13799,자유게시판,과연 우리에게 현대의학이란 무엇일까요??,레모네이드,2021.10.23.,178
13800,정보 공유,(펌) 헬리코박터 파일로리균에 대하여...,제리호야,2021.10.23.,190
13801,자유게시판,요새 너무 바쁜 별썸입니다.,하늘별섬,2021.10.23.,300
13802,궁을,<긴급공지> 토종생강 구매하신분들 봐주세요~,궁을,2021.10.23.,265
13803,정보 공유,고용량 비타민C 투여가 왜 항암제 역활을 하는가?,나이야가라 폐선암4기,2021.10.24.,480
13804,자유게시판,안부,헤라,2021.10.24.,54
13805,자유게시판,혹시 부작용 있으신 분들 참고하세요,레모네이드,2021.10.24.,341
13806,질문과 대답(QnA),이버맥틴좀 구입하고싶은데요!,와우와우 쩝,2021.10.24.,510
13807,자유게시판,한강의가을,bearskin2,2021.10.24.,148
13809,자유게시판,TV조선 명심보감 출연 방송,건강장수1,2021.10.24.,218
13811,정보 공유,동참 부탁,임하나,2021.10.25.,263
13812,설금홍,이버멕틴의 암에 대한 약속,설금홍,2021.10.25.,"1,005"
13813,자유게시판,안부,헤라,2021.10.25.,114
13814,가입 인사,안녕하세요.,이겨내자,2021.10.25.,155
13815,자유게시판,안부,헤라,2021.10.26.,79
13816,자유게시판,체기와오한이 맹장염의증상,bearskin2,2021.10.26.,163
13817,정보 공유,구충제가 필요한 이유~,제리호야,2021.10.26.,361
13818,자유게시판,구충제 복용 중 잇몸 질환과 호전,들잔디,2021.10.26.,684
13819,자유게시판,감기인지 코로나인지 전염된거 같아요,아이스 유방암ㅣ보,2021.10.26.,644
13820,자유게시판,해발900이상 청정자연 야생 건강장수 먹거리 탐방 수확물 및 천연꿀 약술 담금,건강장수1,2021.10.27.,102
13821,구매정보게시판(물건배송확인후),이버맥틴 구입 18일만에 도착,신풍,2021.10.27.,"1,384"
13822,보관창고,나눔합니다.,분홍앵초,2021.10.27.,115
13823,자유게시판,구충제 먹고 두번째 피검사..췌장 기능은 왜 떨어지는걸까요?,오소이아,2021.10.27.,461
13824,자유게시판,펜벤다졸 구충제(파나쿠어정)에 나온 내용을 보면,봄맞이행운,2021.10.28.,316
13825,자유게시판,구충제 중 피란텔이라는 것이 있는데..사용자평가가 좋네요.,봄맞이행운,2021.10.28.,183
13826,자유게시판,안부,헤라,2021.10.28.,68
13827,질문과 대답(QnA),혹시 피르비늄 반감기 아시는분?,오소이아,2021.10.28.,304
13829,궁을,추억의 옥수수빵 드디어 선 보이다!!!(궁을농장 첫밀베이커리 협업으로 만든 빵),궁을,2021.10.28.,167
13830,자유게시판,오늘 스팸전화가 왔어요,분홍앵초,2021.10.28.,259
13831,자유게시판,저도 백신 무용론자 입니다만..,말콥,2021.10.28.,573
13832,궁을,"건생강 만들기, 그리고 이 건생강 생강차에 대한 소감",궁을,2021.10.28.,140
13833,정보 공유,[조티펜스 페북그룹] 똑같은 질문 - 암 관해 후에도 계속 복용 하시나요?,꿈많은사람,2021.10.28.,328
13834,자유게시판,생강  수확     및     판매,머름골농장봉화,2021.10.28.,155
13839,질문과 대답(QnA),브레인포그용으로 먹을 구충제 추천좀 부탁드립니다,행복하고싶은사람,2021.10.28.,255
13840,자유게시판,후크웜...기생충관련 동영상입니다..,봄맞이행운,2021.10.29.,244
13842,정보 공유,"식이유황, msm에 대한 자료입니다.",하루애,2021.10.29.,335
13843,자유게시판,요즘 챙기는  약,현빈일규,2021.10.29.,299
13844,자유게시판,안부,헤라,2021.10.29.,84
13845,자유게시판,나에쎌러드거리,믹스커피 조와,2021.10.29.,189
13847,질문과 대답(QnA),세라펩타제 복용 후 술에 취한 듯한?? 기분?? 뭘까요?,영차,2021.10.29.,340
13848,기생충사진공유,기생충 정보 구충(십이지장충) 보완 수정분,말콥,2021.10.29.,462
13850,자유게시판,구충제를 먹고 난뒤.. 기생충약 배출은 해당 약마다 다르다고 하더군요.,봄맞이행운,2021.10.30.,631
13851,자유게시판,멍울이 또 생겼네요.,하늘별섬,2021.10.30.,432
13853,자유게시판,"안녕하세요 JTBC  위대한 식탁에서 PGA-K 체험단 & 사례자를 모집합니다! <출연료, PGA-K(면역에 효과 있는 식품) 지급>",위대한 식탁,2021.10.30.,93
13855,정보 공유,[해외속보] 조티펜스 프로토콜 최신 갱신 정보 공유 (조티펜스가 직접 오늘 올린글) - 영어 원본 - 그리고 전문가분께서 자세한 설명을 한글로 추가해주셨슴(갱신).❤️‍🔥,꿈많은사람,2021.10.30.,694
13856,자유게시판,기생충영화 연가시,싼타공룡,2021.10.31.,191
13858,자유게시판,안부,헤라,2021.10.31.,82
13859,자유게시판,짜게먹는삶 그리고 소금관장.,하늘별섬,2021.10.31.,560
13860,정보 공유,[해외속보] 조티펜스 2021년10월 30일에 갱신된 최신 복용법에 달린 댓글들 중에서- 정리 1편 - 항혈액응고제 (blood thinner) 복용시 - 커큐민 생략,꿈많은사람,2021.10.31.,337
13861,자유게시판,충주집의 가을단풍,bearskin2,2021.10.31.,93
13862,자유게시판,소금,믹스커피 조와,2021.11.01.,134
13863,유투브방송 링크나눔,"다양한 소화제, 소화효소제 알아 보기",하루애,2021.11.01.,111
13864,자유게시판,"식이유황, msm에 대한 자료입니다.",하루애,2021.11.01.,285
13865,자유게시판,안부,헤라,2021.11.01.,42
13866,자유게시판,소금,믹스커피 조와,2021.11.01.,197
13867,질문과 대답(QnA),원충약은 메트로니다졸 맞나요?어디서 구하나요?,오소이아,2021.11.01.,303
13868,자유게시판,장어,믹스커피 조와,2021.11.01.,169
13869,설금홍,"이버멕틴 총정리 약물학적인 측면, 항암 효과적인 측면",설금홍,2021.11.01.,"1,035"
13870,자유게시판,시드니에 오징어게임 영희 인형이... 헐...,꿈많은사람,2021.11.01.,225
13871,자유게시판,"안녕하세요 JTBC  위대한 식탁에서 PGA-K 체험단 & 사례자를 모집합니다! (출연료, PGA-K 지급)",위대한 식탁,2021.11.01.,91
13873,자유게시판,안부,헤라,2021.11.02.,48
13874,궁을,제가 사먹는 '쌀'을 소개드립니다.,궁을,2021.11.02.,326
13877,자유게시판,소금,믹스커피 조와,2021.11.02.,143
13878,자유게시판,낙상 뇌출혈 조언 구합니다.,봄봄,2021.11.02.,160
13879,자유게시판,정맥주사 속도,이공,2021.11.02.,141
13880,질문과 대답(QnA),브레인포그 때문에 너무 힘든데 알벤다졸이랑 디스토시드 복용법좀 질문 드립니다,행복하고싶은사람,2021.11.02.,204
13882,정보 공유,"안녕하세요 JTBC  위대한 식탁에서 PGA-K 체험단 & 사례자를 모집합니다! (출연료, PGA-K 지급)",위대한 식탁,2021.11.02.,43
13883,기생충사진공유,피르비늄 먹은지 한달쯤..,달고나야,2021.11.02.,777
13884,자유게시판,요즘 담비님께서 안오시는것 같아요.,분홍앵초,2021.11.02.,397
13885,정보 공유,맨발걷기/ 분선충 감염,김선형,2021.11.02.,624
13886,이버맥틴자가임상후기,드디어 이버멕틴 시작! 두근두근,영차,2021.11.02.,531
13887,질문과 대답(QnA),디스토시드는 다른  약물과 함께 복용 불가능한가요?,행복하고싶은사람,2021.11.02.,226
13888,자유게시판,안부,헤라,2021.11.03.,72
13889,설금홍,해외사례 재정리 : HER2 양성 유방암 4기,설금홍,2021.11.03.,259
13890,자연치유.민간요법,"안녕하세요 JTBC  위대한 식탁에서 PGA-K 체험단 & 사례자를 모집합니다! (출연료, PGA-K 지급)",위대한 식탁,2021.11.03.,81
13892,질문과 대답(QnA),남자도 칸디다균이 많아서 문제가 생길 정도로 많은경우가 있나요?,행복하고싶은사람,2021.11.03.,331
13893,이버맥틴자가임상후기,이버 하루 기록,영차,2021.11.03.,463
13894,자유게시판,안부,헤라,2021.11.04.,52
13895,질문과 대답(QnA),"혈액암이 뇌로 전이ㅡ어눌한말,눈의 통증",건강희망,2021.11.04.,288
13896,가입 인사,안녕하세요,소하랑,2021.11.04.,328
13897,자유게시판,인사드립니다. 꾸벅,소하랑,2021.11.04.,532
13898,질문과 대답(QnA),이버멕틴 용량이요..,평안한삶,2021.11.04.,529
13899,자유게시판,영양고추와 의성마늘,분홍앵초,2021.11.04.,174
13900,자유게시판,아놔...공감을 못얻고 있네요...,하늘별섬,2021.11.04.,289
13901,자유게시판,캠핑 다녀온후 저녁에는 꼭 구충제를 먹습니다,행복나무,2021.11.04.,275
13902,자유게시판,알벤다졸말인데요...비타민보다 더 낫지 않아요?,하늘별섬,2021.11.04.,738
13903,자유게시판,"무탈,,,,,,",촌로,2021.11.04.,913
13905,정보 공유,[해외속보] 조티펜스 2021년10월 30일에 갱신된 최신 복용법에 달린 댓글들 중에서- 정리 2편 - 새로운 복용법 vs 옛날 복용법 바꿀깔 말까요,꿈많은사람,2021.11.04.,161
13906,정보 공유,[해외속보] 조티펜스 2021년10월 30일에 갱신된 최신 복용법에 달린 댓글들 중에서- 정리 3편 - 새로운 복용법은 예전 것들을 대체하나요,꿈많은사람,2021.11.04.,162
13907,정보 공유,[호주 약용 대마초 뉴스 기사] '심쿵'하다: 호주에서 복잡하고 성장하는 약용 대마초 사용 - 구글 번역본,꿈많은사람,2021.11.04.,147
13909,동영상링크(중요자료),그라비올라 천연항암보조제,하루애,2021.11.05.,161
13910,질문과 대답(QnA),제가 마당 댕댕이들땜시 지멕틴을 샀는데...,영차,2021.11.05.,229
13912,자유게시판,요양병원,촌로,2021.11.05.,"1,340"
13913,자유게시판,유방암 구충제 일지 1),소하랑,2021.11.05.,775
13915,정보 공유,[해외속보] 조티펜스 2021년10월 30일에 갱신된 최신 복용법에 달린 댓글들 중에서- 정리 4편 - 복용법에 진짜 핵심을 찌르는 질문들과 답변들 - 같이 꼭 읽고 생각 나눠요,꿈많은사람,2021.11.05.,358
13916,자유게시판,안부,헤라,2021.11.06.,52
13917,질문과 대답(QnA),디스토시드 복용후 어지러움,임하나,2021.11.06.,501
13920,자유게시판,모더나 1차 후기 외,영차,2021.11.06.,396
13921,자유게시판,안부,헤라,2021.11.07.,64
13922,자유게시판,피르비늄 먹은후기,행복한 삶,2021.11.07.,673
13923,자유게시판,오늘은 일댕겨옵니다.,하늘별섬,2021.11.07.,279
13924,질문과 대답(QnA),맥락막 흑색종 5년 후 간 전이 소견을 받고,탑찰스,2021.11.07.,259
13925,질문과 대답(QnA),부종,청량산1,2021.11.07.,236
13926,정보 공유,[해외속보] 조티펜스 2021년10월 30일에 갱신된 최신 복용법에 달린 댓글들 중에서- 정리 마지막편 - 나머지 중요한 답변들,꿈많은사람,2021.11.07.,363
13927,기타 자가임상 후기,디스토시드 환우 대신 복용 후기,달고나야,2021.11.08.,456
13928,자유게시판,"장내 미생물과 암,자폐증에 관한 동영상(구충제는 항생제의 역할을 할 수 있을까요?)",냥가,2021.11.08.,209
13929,질문과 대답(QnA),구충제와 혈압.,냥가,2021.11.08.,435
13930,자유게시판,유기농 고추가루 남았습니다...,산하,2021.11.08.,222
13931,가입 인사,반갑습니다!!,앤디,2021.11.08.,62
13932,질문과 대답(QnA),니클 포접해서 먹었는데 질문이요,오소이아,2021.11.08.,319
13933,질문과 대답(QnA),구충목적으로 12mg 이버맥틴을 1일 36mg 복용하려는데요 3번으로 나누어 먹어야 할까요?,언제나평화,2021.11.08.,396
13934,질문과 대답(QnA),"이버멕틴 처음먹는데요,약이 무맛에 스스륵 금새 녹아버리네요. 가짜약은 아니겠지요?",언제나평화,2021.11.08.,525
13935,자유게시판,안부,헤라,2021.11.09.,53
13937,기생충사진공유,읔...오늘 기생충 대량의 배출 했습니다.,테일러,2021.11.09.,"1,475"
13938,질문과 대답(QnA),이버맥틴 남는분이나 파실분없으실까요!,와우와우 쩝,2021.11.09.,278
13939,질문과 대답(QnA),이버멕틴 12미리 구합니다.. 여유있으신 분 조금만 나눔 부탁드려요...,율이아빠,2021.11.09.,309
13941,정보 공유,대상포진 알고계세요. 화*자부작용,헤븐리 힐링,2021.11.09.,619
13942,가입 인사,안녕하세요,찬돌이,2021.11.09.,72
13943,질문과 대답(QnA),김장을하다 궁금해서요,임하나,2021.11.09.,395
13944,가입 인사,반갑습니다,모든것이 잘된다,2021.11.09.,113
13945,자유게시판,기억을 되살 리며,분홍앵초,2021.11.10.,322
13946,자유게시판,안부,헤라,2021.11.10.,77
13947,설금홍,해외사례 재정리 : 소세포 폐암,설금홍,2021.11.10.,262
13948,자유게시판,"폐선암 치료 5년 4개월차, 나빠지고 있네요 조언 부탁드립니다.",의암호,2021.11.10.,790
13949,자유게시판,아이허브 11월 11일 하루 만 22% 할인 합니다.,하루애,2021.11.10.,253
13952,가입 인사,메이커죽,촌로,2021.11.11.,"1,258"
13953,자유게시판,요즘에 안아파요 방송 안하나요?,건강찾기,2021.11.11.,355
13955,설금홍,해외 사례 재정리 : 교모세포종,설금홍,2021.11.11.,190
13956,질문과 대답(QnA),어머니 대변눌때 피같은게 나왔어요 사진있어요,롱롱이닫,2021.11.11.,240
13957,자유게시판,이버멕틴 구합니다.,허수비,2021.11.11.,289
13958,질문과 대답(QnA),"콩국수용, 청국장콩 대두콩  대량으로 구입하실 분들 계실까요??",산하,2021.11.11.,194
13959,질문과 대답(QnA),이제품 먹고 구역질이 나서 토했는데 정확한 기능을 알고 싶어요..,랄라룰루룰,2021.11.11.,394
13960,정보 공유,[해외책] 기생충 질환으로서의 암(Cancer as a Parasitic Disease) 이라는 제목으로 Jeffrey Dach 라는 분이 동영상들과 슬라이드 pdf를 만드셨네요,꿈많은사람,2021.11.11.,479
13961,자유게시판,소금,믹스커피 조와,2021.11.12.,263
13962,자유게시판,안부,헤라,2021.11.12.,109
13964,질문과 대답(QnA),이버멕틴을 전날 밤에 먹고잤는데 오늘 낮까지 졸음이 오네요,언제나평화,2021.11.12.,507
13965,질문과 대답(QnA),대변 볼때 요즘 가끔 뭉친 피가 나오네요,언제나평화,2021.11.12.,381
13966,정보 공유,[해외-조티펜스페북댓글] 펜벤다졸 복용량에 대한 질문과 다른 페이스북 그룹에 올라온 보조제들 복용량 가이드 (영문,꿈많은사람,2021.11.13.,228
13967,자유게시판,안부,헤라,2021.11.14.,95
13968,자유게시판,오늘 아침은  무엇을 드셨나요?,분홍앵초,2021.11.14.,432
13969,정보 공유,"[해외동영상] 미국 국립 암 연구소 -비만 및 암 웨비나 시리즈- 비만, 장내미생물 및 암: 기계론적 고려 사항 Obesity, Microbiome, & Cancer: Mechanistic Considerations",꿈많은사람,2021.11.14.,111
13970,자유게시판,약 ?,그럴지도,2021.11.14.,273
13971,궁을,"2021년도 자연재배 건생강, 생강청 판매합니다",궁을,2021.11.14.,208
13972,궁을,"생강, 이런 분은 절대 먹지 마세요!",궁을,2021.11.15.,456
13973,벤지미다졸정보나누기,버목스 구입하고 싶습니다,감사의하루,2021.11.15.,214
13974,자유게시판,안부,헤라,2021.11.15.,79
13975,질문과 대답(QnA),니클로사마이드약이요 원래 이런가요?,오소이아,2021.11.15.,454
13976,질문과 대답(QnA),이버멕틴과 메벤다졸은 따로 먹어야 되는 겁니까?,옵션하다쪽박,2021.11.15.,458
13977,자유게시판,밀테포신 암 억제,현빈일규,2021.11.15.,237
13979,정보 공유,"[해외논문] 전이성 전립선암에 대한 선택적 치료제 식별에 관한 연구 - 구글 번역본 - 펜벤다졸, 알벤다졸, 니클로사미드",꿈많은사람,2021.11.15.,196
13980,자유게시판,퇴행성 뇌질환 관련 희귀병,롱롱이닫,2021.11.15.,118
13981,암 호전사례 정보,[해외호전사례] 교모세포종 Glioblastoma  - 간략 버전 - 14일 올라온 글,꿈많은사람,2021.11.15.,237
13982,자유게시판,어머님이 코로나 걸리셔서 이버멕틴 구합니다.서울,지혜의 나무,2021.11.16.,627
13983,정보 공유,[해외뉴스] 알 수 없는 발작 증세로 병원에 입원한 한 남성이 수십 년 동안 뇌 속에 살아온 촌충이라는 진단을 받았다. - 구글 번역,꿈많은사람,2021.11.16.,424
13984,설금홍,스타틴 사용의 실제,설금홍,2021.11.17.,376
13985,자유게시판,로얄제리,희2349,2021.11.17.,307
13986,자유게시판,대상포진이 옆구리에 생겼네요.,뚜띵이,2021.11.17.,682
13987,자유게시판,반갑습니다 다슬기에요,다슬기 010 4412 9780,2021.11.17.,235
13988,동영상링크(중요자료),구충제밀테포신 암억제효과??,헤븐리 힐링,2021.11.18.,237
13989,자유게시판,백신접종 완료 후 후기,새롬,2021.11.18.,595
13991,암 호전사례 정보,[해외호전사례] Desmoplastic Small Round Cell Tumors - DSRCT - ﻿결합조직성 소원형 세포 종양 - Agata 남편분 4기 - 간략 버전,꿈많은사람,2021.11.18.,155
13992,자유게시판,영양제 직구,제리호야,2021.11.18.,212
13993,자유게시판,안부,헤라,2021.11.19.,68
13994,자유게시판,이버,그럴지도,2021.11.19.,350
13996,자유게시판,새싹보리의 해독효과?,영차,2021.11.19.,258
13997,암 호전사례 정보,[해외호전사례] Appendix Cancer 충수암 4기 Stage 4 반지세포암종 signet ring cell cancer of the appendix - 미국 Cindy 할머니 - 간단 버전,꿈많은사람,2021.11.19.,126
13998,자유게시판,녹즙 대신 영양보충식 있을까요?,하라v89,2021.11.19.,153
13999,자유게시판,유방암 구충제 일지 2),소하랑,2021.11.19.,790
14000,자유게시판,쯔쯔가무시  치료중인데요,랍슨,2021.11.20.,195
14001,자유게시판,안부,헤라,2021.11.20.,71
14003,자유게시판,호흡하고 한 달에 2만  8천 명 정도  사망,덤앤더머,2021.11.20.,638
14004,정보 공유,전문의가 얘기하는 MSG,제리호야,2021.11.20.,210
14005,암 호전사례 정보,"[해외호전사례] ﻿3중 음성 유방암 2기 ﻿Stage 2 Triple Negative Breast Cancer - 미국, 45세 여성 - 간단 버전",꿈많은사람,2021.11.20.,161
14006,기타 자가임상 후기,구충제 복용 중 고기가 땡기는 이유(이지현 작가님 댓글),들잔디,2021.11.21.,398
14007,자유게시판,"사막의 나라 모로코, 출장 다녀왔습니다.",나이야가라 폐선암4기,2021.11.21.,348
14008,자유게시판,안부,헤라,2021.11.21.,63
14009,자유게시판,구충제와 혈압관계..?,뽀미마미,2021.11.21.,213
14010,질문과 대답(QnA),이버맥틴 사이트에서 구입많이하시던데 구입처 알려주실분없으실까요ㅜ,와우와우 쩝,2021.11.21.,399
14013,자유게시판,오징어게임,분홍앵초,2021.11.21.,212
14015,자유게시판,주책없이  눈물을  흘리네요,졸보,2021.11.21.,482
14017,보관창고,운영자님 !! 동물농장을 강퇴던 정지던 회원 규칙에 따라 조치 해 주십시요.,냥가,2021.11.21.,554
14018,자유게시판,노바백신이 출시 예정인가 봅니다,냥가,2021.11.22.,327
14019,자유게시판,이버멕틴 소량은 구할 곳이 없을까요?,매력폭격기,2021.11.22.,385
14020,가입 인사,반갑습니다,매력폭격기,2021.11.22.,70
14021,자유게시판,안부,헤라,2021.11.22.,68
14023,자유게시판,이버멕틴,꽃,2021.11.22.,469
14024,가입 인사,안녕하세요,삽주뿌리,2021.11.22.,118
14025,자유게시판,이거 두개 다 스타틴 인가요?,소하랑,2021.11.22.,333
14026,질문과 대답(QnA),"이제품, 메벤다졸 C형 맞습니까?",옵션하다쪽박,2021.11.23.,359
14027,자유게시판,안부,헤라,2021.11.23.,49
14028,자유게시판,전문가 의견[크리스치앙 페론],제주 수여니,2021.11.23.,100
14029,질문과 대답(QnA),메벤다졸은 어떤 제품이 좋은 겁니까?,옵션하다쪽박,2021.11.23.,382
14031,자유게시판,iHerb 블랙 프라이데이 세일!﻿ ﻿보충제 20% 할인,하루애,2021.11.23.,158
14032,질문과 대답(QnA),안녕하세요 자궁경부암 환우입니다. 처음이라 이것저것 가볍게 여쭙고 싶습니다,쭉둘맘,2021.11.23.,371
14033,자유게시판,메벤다졸 구매원합니다!!,미르코로보캅,2021.11.23.,201
14034,자유게시판,새로운카페스텝~모셨습니다^^,헤라,2021.11.24.,629
14035,자유게시판,안부,헤라,2021.11.24.,53
14036,설금홍,방사선이나 수술을 앞둔 분들은 꼭 보시기 바랍니다.,설금홍,2021.11.24.,644
14037,질문과 대답(QnA),약국에서 일단 알벤다졸 사봤는데…,쭉둘맘,2021.11.24.,593
14038,자유게시판,중국 ﻿알리익스프레스 블랙프라이데이 프로모션 (11.25-11.30),하루애,2021.11.24.,163
14039,자유게시판,드디어 커피관장을 해봤습니다.,소하랑,2021.11.24.,481
14040,질문과 대답(QnA),베르베린 싸게 구입방법 없을까요?,임하나,2021.11.24.,362
14041,자유게시판,저렴하게 드립니다.,믿음으로,2021.11.24.,421
14042,질문과 대답(QnA),비타민 e 상태가 이런데 먹어도 될까요?,보드리,2021.11.24.,189
14043,자유게시판,경험과 생각,졸보,2021.11.24.,262
14044,정보 공유,카페 이용법 시즌 1- 2 검색 중급편 - 쬐금 맛뵈기 - 카페의 데이터를 잠깐 보고 나서 그려본 그림,꿈많은사람,2021.11.24.,214
14046,질문과 대답(QnA),버리는게 나을까요?,하늘별섬,2021.11.25.,447
14047,자유게시판,안부,헤라,2021.11.25.,108
14049,가입 인사,안녕하세요 인사올립니다,준하이,2021.11.25.,142
14050,자유게시판,담낭. 용종,믹스커피 조와,2021.11.25.,431
14051,정보 공유,구충제와 항암제의 미세소관을 이용한 기생충과 암세포를 죽이는 동일한 원리,나이야가라 폐선암4기,2021.11.26.,381
14052,설금홍,암성 악액질 Cachexia 대처방법 종합편입니다.,설금홍,2021.11.26.,316
14053,정보 공유,"영어 유튜브 - 조티펜스 2021년 7월 인터뷰 - 옆집 할아버지 같아요 ^^ -한글 자막 가능- 2019년, 2020년도 있슴",꿈많은사람,2021.11.26.,177
14054,암 호전사례 정보,"[해외호전사례] 난소암 4기 , 미국, 약 70대 할머니 - 동영상이 너무 좋아서 올림 - 간략 버전",꿈많은사람,2021.11.26.,214
14055,질문과 대답(QnA),자궁경부암이 피라맥스 효과있다는걸 봤는데요..,쭉둘맘,2021.11.27.,499
14057,자유게시판,안부,헤라,2021.11.27.,55
14058,자유게시판,iHerb 블랙 프라이데이 위크엔드딜 ﻿전품목 20% 할인,하루애,2021.11.27.,108
14060,정보 공유,(공유)김미성약사 유투브 내몸속의 기생충,산애,2021.11.27.,214
14061,자유게시판,일본이  코로나 19 확진자가 적은이유,덤앤더머,2021.11.27.,493
14063,자유게시판,"카페북들을 만들어서 정리를 했으면 합니다. 예를 들어서, 조티펜스 어록 그리고 ... 다른 책들 아이디어",꿈많은사람,2021.11.28.,170
14064,자유게시판,안부,헤라,2021.11.28.,61
14065,정보 공유,감명깊은 조 티펜스님의 2021년 7월 21일 유튜브 인터뷰 내용을 한글로 옮겨 봤습니다 - 1/5 완성,꿈많은사람,2021.11.28.,264
14066,정보 공유,조티펜스님의 이야기 - 뒷 조사 중에 좋은 영문 문서 발견 - 일반인들이 궁금해 할 만한 것들 다 나옴-,꿈많은사람,2021.11.28.,261
14067,가입 인사,안녕하세요,푸른산에,2021.11.28.,83
14068,질문과 대답(QnA),왼쪽 귀속이 아파요.,아이스 유방암ㅣ보,2021.11.29.,330
14069,정보 공유,나의 암 확진 과정,나이야가라 폐선암4기,2021.11.29.,853
14070,자유게시판,안부,헤라,2021.11.29.,47
14071,자유게시판,비타민 정맥주사 질문,이공,2021.11.29.,159
14073,자유게시판,오늘 PET scan하러 왔어요. 결과도 나옴,꿈많은사람,2021.11.29.,300
14075,자유게시판,발뒤굼치,양준,2021.11.29.,338
14076,자유게시판,안녕하세요 베트남 제약입니다. 코로나 경구용 치료제 몰누피라비르400mg,베트남제약,2021.11.29.,606
14077,가입 인사,안녕하세요^^,Iliiy,2021.11.29.,68
14078,자유게시판,브로리코 섭취방법 궁금합니다.,Iliiy,2021.11.29.,257
14079,정보 공유,[해외논문-영문] ﻿암 치료를 위한 항균제의 용도 변경: 우리는 무엇을 알고 있습니까 - 자료 저장 목적,꿈많은사람,2021.11.29.,156
14080,자유게시판,유방암4기진단  도움부탁드려요,오드 1631동206호,2021.11.29.,510
14081,자유게시판,해석좀 부탁드립니다,고딩이,2021.11.30.,173
14083,자유게시판,구충제 증량,힐링,2021.11.30.,365
14084,자유게시판,해발700 야생 표고버섯과 해발 850-900 야생 왕태콩 메주,건강장수1,2021.11.30.,108
14085,질문과 대답(QnA),비타민d2000iu 가지구 있는데요,쭉둘맘,2021.11.30.,254
14086,질문과 대답(QnA),이버멕틴의 BBB통과율에 관하여,서울크리스틴,2021.11.30.,412
14087,암 호전사례 정보,"[해외호전사례] Amanda 위암 4기, 38세 여성, 미국 - 간단 버전",꿈많은사람,2021.11.30.,216
14088,암 호전사례 정보,"[해외호전사례] Lidya 의 남편 ﻿HPV 양성 편도암 (HPV positive tonsil cancer) 또는 인후암, 아마도 미국, 60~70세 - 간단 버전",꿈많은사람,2021.11.30.,113
14089,자유게시판,이버멕틴과 신장과의 관계.,소하랑,2021.11.30.,775
14090,자유게시판,다들 식사는 어떻게 하시는지요 ? (구충제 복용과 함께),무서유,2021.12.01.,442
14091,자유게시판,안부,헤라,2021.12.01.,85
14092,질문과 대답(QnA),커큐민? 추천해주세여,쭉둘맘,2021.12.01.,331
14095,자유게시판,안부,헤라,2021.12.02.,90
14096,자유게시판,수술하러 다녀올게요^^,소하랑,2021.12.02.,556
14097,정보 공유,죽어 가던  COVID-19 환자 법원의 명령으로 이버멕틴 투여후 기적적으로 회복,immortal,2021.12.02.,654
14098,질문과 대답(QnA),맥락막흑색종 간전이 구충제 시도중인데 키트루다를 계속 맞아야 할까요?,탑찰스,2021.12.02.,285
14100,자유게시판,알벤다졸에 대한 단상..,혀니,2021.12.02.,690
14101,자유게시판,등급이 안되서 혹시 메벤다졸 Fugacar 500mg 남으신분 계신지요?,탑찰스,2021.12.02.,251
14102,질문과 대답(QnA),자이티가를 먹고있는데 아침에 오일괜찮나요,힐링,2021.12.03.,121
14103,질문과 대답(QnA),구충제 용법,힐링,2021.12.03.,373
14104,자유게시판,안부,헤라,2021.12.03.,123
14105,자유게시판,뇌하수체 종양 문의드려요~,하나님나라,2021.12.03.,202
14107,가입 인사,안녕하세요!,1000409,2021.12.04.,111
14108,자유게시판,"촌로님, 미다스캉님 이야기",분홍앵초,2021.12.04.,"1,574"
14109,정보 공유,[암의 기초] 암의 기원 1/4 - 암이란 무엇인가? 이현숙 교수 2015 봄 카오스 강연 - 유튜브 동영상과 한글 자막 정리,꿈많은사람,2021.12.04.,215
14111,자유게시판,(긴급)초6 아이가 2차 접종 후 급성백혈병..혈소판 부족으로 수혈받아야 한대요. RH+A형 헌혈 부탁드려요,제주 수여니,2021.12.05.,333
14112,자유게시판,안부,헤라,2021.12.05.,89
14114,자유게시판,해외 입국자 병원 출입금지,나이야가라 폐선암4기,2021.12.05.,232
14115,자유게시판,종부테라피를 아십니까?,순리,2021.12.05.,"2,349"
14116,자유게시판,암환자가 왜 이리 많은지,승이엄마,2021.12.05.,392
14117,자유게시판,인도산 이버멕틴 저렴하게,둥이둥이,2021.12.05.,763
14118,정보 공유,[해외호전사례] 조티펜스님의 2021년 9월 29일 강연 동영상 - 호전사례발표 같은 것임,꿈많은사람,2021.12.05.,204
14119,자유게시판,수술 후 회복이 빠르네요.,소하랑,2021.12.06.,449
14120,자유게시판,안부,헤라,2021.12.06.,98
14121,질문과 대답(QnA),항생제와  구충제,아이스 유방암ㅣ보,2021.12.06.,401
14122,자유게시판,촌로님 소풍가셨다는 소리듣고..,하늘별섬,2021.12.06.,"1,273"
14123,자유게시판,촌로님께 드리는 인사,냥가,2021.12.06.,729
14124,자유게시판,이버맥틴 25mg 나 12 mg 싸고 빨리 구매 가능한곳 좀 부탁드려요,하얀여우,2021.12.06.,423
14125,자유게시판,카페 회원여러분 부탁드립니다,새롬,2021.12.06.,597
14126,질문과 대답(QnA),파나쿠어 500미리 복용방법 알려주세요ㅜ,대박778,2021.12.06.,234
14127,질문과 대답(QnA),알리익스프레스 취소완료? 혹시아시는분요ㅜ,와우와우 쩝,2021.12.06.,154
14128,자유게시판,메벤다졸,gkdmsvud,2021.12.06.,343
14129,정보 공유,[해외논문] 장-피부 축의 주요 조절자로서의 장내 미생물군집 The Gut Microbiome as a Major Regulator of the Gut-Skin Axis - 건선 Psoriasis,꿈많은사람,2021.12.06.,219
14131,정보 공유,실명 위기를 넘긴 후기.,냥가,2021.12.07.,"1,076"
14132,자유게시판,안부,헤라,2021.12.07.,93
14133,가입 인사,안녕하세요~,남매맘 F13M8,2021.12.07.,105
14134,자유게시판,죽음은 네어엔딩 스토리중 1막이 끝났을뿐입니다.,하늘별섬,2021.12.07.,472
14135,질문과 대답(QnA),"관자 놀이 부분에 힘줄이 아니라,, ㅠㅠ 이게 모죠",lilypink56,2021.12.07.,610
14136,자유게시판,의성에 사시는   소곱친구님 사과 소식입니다.,분홍앵초,2021.12.07.,391
14140,자유게시판,안부,헤라,2021.12.08.,75
14143,자유게시판,이버맥틴구할려고 재일저렴한 사이트 어디나요,jungkih13,2021.12.08.,516
14145,자유게시판,수영장에서 암전염당해서..,하늘별섬,2021.12.08.,821
14146,가입 인사,안녕하세요,희망을찾아서,2021.12.08.,75
14148,자유게시판,사쿠라허브  결제는 무통장입금만 되나요?,행복나무,2021.12.08.,574
14149,정보 공유,조티펜스님의 2021년 9월 29일 영어 강연 @ OCPAC 미국 - 한글 자막 설명 - 5년차를 맞이하는 만큼 큰 의미의 강연임 1/4,꿈많은사람,2021.12.08.,313
14151,이버맥틴자가임상후기,이버맥틴 먹고 좋아진 후기 &니타조사나이드,푸른산에,2021.12.08.,"1,801"
14152,자유게시판,안부,헤라,2021.12.09.,64
14153,기타 자가임상 후기,이버멕틴~~ 아픈 치아 팁,시그널,2021.12.09.,530
14154,질문과 대답(QnA),궁금한 사항 질문드리께요~,새롬,2021.12.09.,301
14155,설금홍,장에서 나오는 항종양제,설금홍,2021.12.09.,408
14157,정보 공유,감동💯% 조티펜스님의 2021.9.29 영어 강연 @OCPAC 미국 - 한글 자막 설명 - 📍5년차를 맞이하는 만큼 큰 의미의 강연임 2/4,꿈많은사람,2021.12.09.,186
14159,자유게시판,인도 썬파마 이버멕틴이  2종류 ?,세꼬시,2021.12.09.,827
14160,질문과 대답(QnA),이트라코나졸 무슨과가서 처방받아요?,오소이아,2021.12.10.,359
14161,암 호전사례 정보,"[해외호전사례] Miray 48세 여성 , 직장암 4기 간/난소/림프 전이 ,stage IV rectal cancer - 사이프러스/키프로스 Cyprus -간단 버전",꿈많은사람,2021.12.10.,179
14162,자유게시판,병원문의,믿음이 이기네,2021.12.10.,132
14163,자유게시판,안부,헤라,2021.12.10.,57
14164,자유게시판,(인도산) 메벤다졸 구합니다.,완치해야지,2021.12.10.,216
14165,정보 공유,전문의가 말하는 코로나 백신에관하여...,제리호야,2021.12.10.,301
14167,정보 공유,전문의가 말하는 코로나 백신에관하여...,영차,2021.12.10.,57
14168,자유게시판,앞으로 암환자가 대거  나올듯  ~~ 한국에서 아이들  어떻게 키울지,민변,2021.12.10.,434
14169,자유게시판,크리스마스카드,믹스커피 조와,2021.12.10.,138
14170,보관창고,백신패스,졸보,2021.12.10.,468
14171,정보 공유,"[영문자료] 1. 펜벤다졸의 다른 복용법으로 , 2. 또 다른 암치료에 견해/방향 - 각각 다른 페북 그룹들에 올라온 글들- 자료 저장 목적",꿈많은사람,2021.12.10.,211
14172,보관창고,재밌는  글  하나  올리고  잘게요,졸보,2021.12.11.,189
14174,자유게시판,꿀꿀한 날,나이야가라 폐선암4기,2021.12.11.,120
14175,자유게시판,백혈병완치 후 백신맞고 백혈병재발 16세 엄마의 절규(멍청한 엄마의 선택),제주 수여니,2021.12.11.,287
14176,설금홍,"장내세균총, 마이크로바이오옴에 관한 기초 지식",설금홍,2021.12.11.,157
14177,자유게시판,백신이  문제일까요?,덤앤더머,2021.12.11.,551
14178,자유게시판,안부,헤라,2021.12.11.,60
14179,자유게시판,부스터 백신의 항체형성,나이야가라 폐선암4기,2021.12.11.,350
14180,설금홍,아커만시아 뮤시니필라,설금홍,2021.12.11.,132
14181,보관창고,국민청원 올렸습니다 (제발 코로나 검사자 와 확진자 수를 같이 발표해주세요),쏘오닉,2021.12.11.,145
14182,질문과 대답(QnA),참나..이거 질문거리가 되는지 모르겠는데 말입니다.,하늘별섬,2021.12.11.,473
14183,보관창고,우한폐렴] 평생 한 번도 본 적 없는 희귀한 백신 사망자 부검 결과 (독일),여유,2021.12.11.,207
14184,보관창고,안녕하세요. 백신에 관한 논의입니다.,777,2021.12.11.,207
14185,보관창고,백신효능,마로,2021.12.11.,119
14186,보관창고,왜  이럴까요?,졸보,2021.12.11.,137
14187,가입 인사,안녕하세요,하얀,2021.12.11.,135
14188,자유게시판,이 카페가 백신거부 카페인가?,분홍앵초,2021.12.11.,"1,107"
14189,자유게시판,궁을 농장 옥수수속대 효능에 놀란1인,우리 이쌤,2021.12.11.,310
14190,정보 공유,감동💯% 조티펜스님의 2021.9.29 영어 강연 @OCPAC 미국 - 한글 자막 설명 - 📍5년차를 맞이하는 만큼 큰 의미의 강연임 3/4,꿈많은사람,2021.12.11.,142
14191,정보 공유,"이버멕틴, 메벤다졸",나이야가라 폐선암4기,2021.12.12.,862
14192,자유게시판,안부,헤라,2021.12.12.,81
14193,질문과 대답(QnA),항암후 잇몸이 약해져 사랑니가 부어 너무 아픈데 알벤다졸 효과가 잇을까요?,쭉둘맘,2021.12.12.,338
14198,자유게시판,초겨울 해발700 야생 백화고등 채취,건강장수1,2021.12.12.,101
14199,보관창고,댓글에 222 같은 숫자,주윤발,2021.12.12.,73
14203,유투브방송 링크나눔,입속의 이것 췌장암의 신호~!,분홍앵초,2021.12.12.,756
14204,자유게시판,[공유] 암·염증 유발… 활성산소 줄이라는 '몸의 신호'는?,건강장수1,2021.12.12.,215
14205,자유게시판,퇴원했어용~!,소하랑,2021.12.12.,366
14206,자유게시판,[공유] 몸에 좋다고 현미밥'만' 먹다간…OOO 결핍,건강장수1,2021.12.12.,273
14207,자유게시판,간장게장 먹고나서 구충제 뭐 먹는게 좋을까요.,그냥막,2021.12.12.,433
14208,자유게시판,백신얘기 무조건 차단할것이 아니라,쪠니,2021.12.13.,743
14209,자유게시판,이트라코나졸,tns늘감사,2021.12.13.,317
14210,자유게시판,안부,헤라,2021.12.13.,89
14211,자유게시판,[공유] 노화 주범 '활성산소' 퐁퐁 솟게 하는 '이 습관',건강장수1,2021.12.13.,153
14212,정보 공유,기생충에 관한 간단하고 명확한 정리네요 ^^,제리호야,2021.12.13.,421
14213,기타 자가임상 후기,"검진내용 [2021.12/13, 2년차]",나이야가라 폐선암4기,2021.12.13.,358
14214,자유게시판,로얄제리와 프로폴리스,분홍앵초,2021.12.13.,492
14215,질문과 대답(QnA),non_GMO 카놀라유,새롬,2021.12.13.,199
14216,보관창고,“백신 배양액에 미확인 생명체가 우굴우굴?!”...전문가들 “소아청소년 접종 강제 중단해야”,여유,2021.12.13.,34
14217,보관창고,백신반대 의사분틀의외침,여유,2021.12.13.,34
14218,질문과 대답(QnA),오랜만에 까페 방문합니다 그동안 안녕하셨는지요..혹시 안아파요님 소식궁금합니다,노고단포수,2021.12.13.,391
14219,자유게시판,백신관련글들은 올라오는 대로 보관창고로 이동시킵니다.,궁을,2021.12.13.,338
14220,자유게시판,대사치료,승이엄마,2021.12.13.,247
14221,자유게시판,쪠니???,나이야가라 폐선암4기,2021.12.13.,295
14225,자유게시판,보고-옴니쿠어 부작용 .,하늘별섬,2021.12.13.,479
14226,자유게시판,까페가 많이 시끄럽네요,극복하자아자아자,2021.12.14.,537
14228,가입 인사,반갑습니다~^^;,jam,2021.12.14.,69
14229,자유게시판,"비만 오고 날씨가 흐렸는데, 이제 햇볕이 너무 좋아요",꿈많은사람,2021.12.14.,125
14230,가입 인사,원발성 복막암(난소암) 어머니 꼭 살리고 싶습니다(꼭 읽어주세요ㅠㅠ),절실한,2021.12.14.,666
14232,보관창고,전문의가 얘기하는 비타민D,제리호야,2021.12.14.,110
14233,질문과 대답(QnA),이버맥틴종류가많네요,롯데가슬,2021.12.14.,336
14234,가입 인사,감사합니다.,도날드,2021.12.14.,109
14236,질문과 대답(QnA),피르비늄에 대한 질문 드립니다,새롬,2021.12.14.,478
14237,질문과 대답(QnA),운영진께 여쭙습니다!,제리호야,2021.12.14.,361
14238,설금홍,난소암 치료를 위한 대체약물. 내용 추가했습니다.,설금홍,2021.12.14.,239
14239,정보 공유,[해외정보] 펜벤다졸 페이스북 그룹 - 조티펜스님의 그룹 말고 다른 곳 중에서 회원숫자 많은 곳 (2만7천명) 찾음. 그리고 그곳의 복용법,꿈많은사람,2021.12.14.,338
14240,자유게시판,펜벤다졸,희2349,2021.12.14.,263
14241,동영상링크(중요자료),4년전에는  구충제 간암치료함,헤라,2021.12.14.,821
14242,자유게시판,커큐민과 비타민E 급하게 구합니다.. ㅠㅠ,절실한,2021.12.14.,239
14243,기타 자가임상 후기,니타조사나이드 복용 후기 글,같이걸을까,2021.12.14.,989
14244,자유게시판,희망을 갖고싶어요~~~,jam,2021.12.15.,509
14245,자유게시판,안부,헤라,2021.12.15.,83
14246,설금홍,펜벤 암 프로토콜 정보 ﻿Fenbendazole – 암 지원 그룹 copyright 2021,설금홍,2021.12.15.,705
14247,자유게시판,유방암 구충제 일지 3),소하랑,2021.12.15.,697
14248,암 호전사례 정보,"[해외호전사례] 소장암 Barney 미국 남자 약 65~70세 (총 4번의 다른 암들, 각각 다른년도에) - 조티펜스 복용법 - 간단 버전",꿈많은사람,2021.12.15.,226
14249,자유게시판,12월15일  반찬해가지고 딸네집으로,bearskin2,2021.12.15.,302
14250,유방암,유방암4기 프로토콜  여쭈어 봅니다~,희망바람,2021.12.16.,632
14251,정보 공유,"""최신 조티펜스 프로토콜"" 요약",나이야가라 폐선암4기,2021.12.16.,472
14252,가입 인사,가입인사올립니다.,엔엑v충청,2021.12.16.,58
14254,설금홍,"입속, 구강내 세균이 매우 중요한 이유...",설금홍,2021.12.16.,663
14256,자유게시판,방금 주치의가 호스피스 권유했습니다..,절실한,2021.12.16.,632
14259,질문과 대답(QnA),라무몰에서 이버멕틴 사려고 하는데 사진속에 이버멕틴 사면 될까요??  ㅠ,랄라룰루룰,2021.12.16.,847
14260,자유게시판,개그맨 김철민씨 사망하셨네요.,우주우주진리,2021.12.16.,816
14261,질문과 대답(QnA),아세클로페낙과 이버멕틴,절실한,2021.12.16.,258
14262,궁을,환각버섯 실로시빈의 효과에 대해,궁을,2021.12.16.,288
14264,보관창고,스텝분만 볼수 있어요. 스텝이 더 필요합니다. 후보자들은 ...,꿈많은사람,2021.12.16.,58
14265,자유게시판,나의 고혈압을 낮춰줄 반려생물 사육하기와 구충제,냥가,2021.12.17.,417
14266,자유게시판,안부,헤라,2021.12.17.,96
14267,정보 공유,조티펜스 프로토콜 신/구 요약 비교 최종. 12/19.17;30.,나이야가라 폐선암4기,2021.12.17.,397
14268,자유게시판,암환우분들의 치유와 소천의 차이점에 대한 고언,건강장수1,2021.12.17.,573
14271,자유게시판,셀메드 파라곤 천연구충제 (개똥쑥),하이로,2021.12.17.,"1,654"
14272,정보 공유,"자가포식[Autophagy], 암과의 관계",나이야가라 폐선암4기,2021.12.18.,161
14275,자유게시판,안부,헤라,2021.12.18.,49
14276,설금홍,"CBD와 CBG의 차이에 대하여, 암 치료에 무엇이 좋을까?",설금홍,2021.12.18.,332
14277,자유게시판,복부의 산발적 통증,비소편평상피폐암,2021.12.18.,266
14279,질문과 대답(QnA),이버멕틴과 알벤다졸 같이 복용하면?,옵션하다쪽박,2021.12.18.,562
14280,질문과 대답(QnA),비타민c주사는 어떤걸 맞아야 하나요?,쭉둘맘,2021.12.18.,200
14281,가입 인사,꿈많은사람 시즌2로 새롭게 2022년을 시작 할께요. 심려 끼쳐 죄송합니다.,꿈많은사람2,2021.12.18.,370
14282,정보 공유,[해외소식] 조티펜스 페이스북 라이브 방송 예고 - 질문과 답변 - 12월 21일 미국 시간 3pm ﻿oklahoma city,꿈많은사람2,2021.12.18.,108
14283,자유게시판,비타민에 대해 질문이 있습니다.,몽당연필,2021.12.18.,213
14284,질문과 대답(QnA),구충제 복용 후 체중..?,평안한삶,2021.12.19.,376
14286,궁을,산딸기나무 뿌리에 이런 효능이...,궁을,2021.12.19.,166
14287,자유게시판,아무말대잔치해봐요 ㅎㅎ,소하랑,2021.12.19.,416
14288,자유게시판,안부,헤라,2021.12.19.,82
14289,이버맥틴자가임상후기,암극복찾기,바다파도,2021.12.19.,442
14290,암 호전사례 정보,"울 카페 회원이신 ""희망과 꿈"" 님 이야기입니다.",분홍앵초,2021.12.19.,691
14291,질문과 대답(QnA),"폐에서 간으로 전이, 간수치, 구충제복용",레몬밤차,2021.12.19.,591
14292,정보 공유,조티펜스 프로토콜 신/구 요약 비교 최종. 12/19.17;30. 다시보세요,나이야가라 폐선암4기,2021.12.19.,214
14294,자유게시판,이버멕 주문..저두 끼워주세요,이공,2021.12.19.,556
14296,암 호전사례 정보,"울 카페 회원이신 ""희망과 꿈"" 님 이야기입니다. - 가칭 분홍앵초 팟캐스트 샘플 예제",꿈많은사람2,2021.12.19.,182
14297,자유게시판,"유튜브 동영상 인간은 왜 존재하는가, 이기적 유전자 - 전중환 편 - ﻿DNA, 유전자, 염기서열 그리고 독립운동 이야기 쬐금",꿈많은사람2,2021.12.19.,164
14298,자유게시판,실화 하나.,일단 살고보자,2021.12.19.,427
14299,자유게시판,2018년 시드니의 추억,나이야가라 폐선암4기,2021.12.20.,205
14300,자유게시판,안부,헤라,2021.12.20.,65
14301,자유게시판,박용호교수님의 유튜브가 공감이 가서 올려봅니다.,분홍앵초,2021.12.20.,392
14304,설금홍,장내미생물과 뇌 기능 : 암 치료에 중요한 이유,설금홍,2021.12.20.,383
14305,궁을,플라시보효과(위약효과)의 원인이 밝혀졌다?,궁을,2021.12.20.,282
14306,궁을,치유를 위한 필독서 소개합니다,궁을,2021.12.20.,306
14307,정보 공유,최신 조티펜스 Protocol을 응용한 Old JTP.,나이야가라 폐선암4기,2021.12.21.,277
14309,궁을,차원이 건강에 미치는 영향,궁을,2021.12.21.,203
14311,자유게시판,카페활동을 하면서,비소편평상피폐암,2021.12.21.,396
14312,자유게시판,FLCCC에서 발행한 이버멕틴 코로나 예방 및 치료 프로토콜 입니다.,말콥,2021.12.21.,513
14313,자유게시판,"[공유] ""콜라겐, 암세포 잠재워""…새로운 치료 열쇠 되나?",제석산,2021.12.21.,286
14314,기타 자가임상 후기,하이드록시클로로퀸 복용후기,달마르,2021.12.21.,476
14315,설금홍,이트라코나졸 항암 용량은 얼마가 적절할까?,설금홍,2021.12.21.,397
14316,정보 공유,검색 키워드 조회수로 보는 현재까지의 흐름. feat 공룡의 발자취,꿈많은사람2,2021.12.21.,222
14317,질문과 대답(QnA),계속 구충제 복용 하시나요 항상 너무 피곤하다고 하시는데 딱히  검사에서는 문제가 없거든요,100세인생,2021.12.21.,457
14318,자유게시판,안부,헤라,2021.12.22.,81
14319,정보 공유,[해외정보] 조티펜스님 2021년 12월 21일 페북 라이브 방송 녹화분 -영어.,꿈많은사람2,2021.12.22.,169
14320,자유게시판,오랜만입니다~,탱자엄마,2021.12.22.,842
14321,궁을,물질과 의식의 관계에 대해(1),궁을,2021.12.22.,134
14322,설금홍,에스트로볼롬(Estrobolome) : 에스트로겐을 대사할수 있는 능력이 있는 장내 세균,설금홍,2021.12.22.,143
14323,질문과 대답(QnA),"아버님께서 신우암4기 치료를 시작하시는데, 회원님들의 고견 부탁드립니다,,",신우4기,2021.12.22.,165
14324,암 호전사례 정보,"[해외호전사례] 췌장암 4기 - Meaghan의 남편 36세 , 미국,일리노이 - 펜벤다졸 - 이분이 호전사례와 함께, 질문도 함 - 누구나 고민에 빠지는 질문입니다. 상편",꿈많은사람2,2021.12.22.,262
14325,정보 공유,가벼운 코로나 감염증은 가정에서 치료하기 // 중환자 입원실은 불편 덩어리.,나이야가라 폐선암4기,2021.12.23.,297
14326,정보 공유,메트포르민 대신 베이킹 소다를 주목해야 하는 이유~,나이야가라 폐선암4기,2021.12.23.,790
14327,자유게시판,항암의효율성,비소편평상피폐암,2021.12.23.,275
14328,궁을,물질과 의식의 관계에 대해(2),궁을,2021.12.23.,109
14330,궁을,물질과 의식의 관계에 대해(3),궁을,2021.12.23.,130
14331,자유게시판,안부,헤라,2021.12.23.,101
14332,자유게시판,벌써 21년도 지나가네요..,힘내자님,2021.12.23.,295
14333,자유게시판,저의 요즘상황,주윤발,2021.12.23.,579
14334,자유게시판,[공유] 소독 알콜이 이럴줄이야~ ㅠㅜ,영차,2021.12.23.,562
14335,자유게시판,귀찮게 해드려 죄송요..,힘내,2021.12.23.,425
14336,자유게시판,메리크리스마스!,나이야가라 폐선암4기,2021.12.24.,186
14337,자유게시판,혹시 니타조사나이드 구입할수있을까요?,뚜버기10,2021.12.24.,361
14338,자유게시판,안부,헤라,2021.12.24.,71
14339,자유게시판,연말을 보내며,비소편평상피폐암,2021.12.24.,156
14340,자유게시판,2번째 맞이하는 성탄절...,하늘별섬,2021.12.24.,333
14343,자유게시판,추억팔이,냥가,2021.12.24.,170
14345,정보 공유,독립운동이라고 쓰고 자가 임상 사회 운동 ﻿self clinical trial social movement 라고 읽는다. self-care research 자가 관리 연구 시작,꿈많은사람2,2021.12.24.,233
14346,자유게시판,안부,헤라,2021.12.25.,106
14347,자유게시판,메리 크리스마스,작은할배,2021.12.25.,168
14349,자유게시판,구충,pinklady0101,2021.12.25.,"1,012"
14350,자유게시판,안부,헤라,2021.12.26.,81
14351,자유게시판,안녕하세요,예쁜딸기,2021.12.26.,224
14352,설금홍,미생물과 암 : 친구인가? 적인가?,설금홍,2021.12.26.,325
14354,정보 공유,[영어-구글번역본] 자기 관리가 어려운 이유는 무엇이며 이에 대해 우리는 무엇을 할 수 있습니까?,꿈많은사람2,2021.12.26.,130
14355,자유게시판,수술 또 할뻔했었던거..,하늘별섬,2021.12.26.,425
14356,자유게시판,유방암 구충제 일지 4),소하랑,2021.12.26.,620
14357,자유게시판,정상세포와 구별되는 암세포의 특징,나이야가라 폐선암4기,2021.12.27.,337
14358,가입 인사,안녕하세요,shangrila75,2021.12.27.,106
14359,자유게시판,안부,헤라,2021.12.27.,70
14360,기생충정보,암까지 일으키는 기생충 제대로 없애는 방법,산애,2021.12.27.,937
14363,가입 인사,안녕하세요,애기똥풀,2021.12.27.,141
14364,정보 공유,"[해외-영어책] Nutritional Oncology 영양 종양학 - 암 예방, 치료, 생존의 영양소 - 2021년 8월 출간",꿈많은사람2,2021.12.27.,173
14368,보관창고,안녕하세요? 광활한 냠미 대륙의 일출과 함께~,님나무,2021.12.28.,34
14371,자유게시판,이버 구해봅니다.,완치해야지,2021.12.28.,235
14372,기생충사진공유,요즘 코에서 계속...ㅠㅜ 많이...,영차,2021.12.28.,793
14373,자유게시판,안부,헤라,2021.12.28.,52
14374,자유게시판,"한국암재활협회 -""소아암 환아에게 희망을"" 지원사업 신청자 모집",한암회,2021.12.28.,51
14375,자유게시판,아스피린 100mg 먹고있는데 이버멕틴 동시복용해도 괜찮을까요?,엔엑v충청,2021.12.28.,536
14376,질문과 대답(QnA),유산균의 선택,새롬,2021.12.28.,431
14377,자유게시판,이버멕틴 간독성 관련 연구자료,아틀라스,2021.12.28.,797
14378,이버맥틴자가임상후기,이버 250 물고 자려는데 외 이것저것,영차,2021.12.29.,638
14379,정보 공유,암세포의 10가지 특징 및 최신 암의 특징,나이야가라 폐선암4기,2021.12.29.,360
14380,자유게시판,안부,헤라,2021.12.29.,69
14381,자유게시판,[퍼옴] 스트레스로 부터 벗어나는 방법,희망바람,2021.12.29.,234
14383,자유게시판,암이 정상세포로 ? 마치 도술같기도한 치료법을 국내 연구진이 개발 !,비소편평상피폐암,2021.12.29.,410
14385,자유게시판,푸가카 c형 500mg 100정에서 150사이 구해봅니다,오포제,2021.12.29.,191
14386,정보 공유,"[해외커뮤니티] 2021년 대략적인 호전사례 글 갯수 - 각 페이스북 그룹 비교 - 조티펜스, 제인(대사치료) & 펜벤다졸 다른 그룹",꿈많은사람2,2021.12.29.,157
14388,자유게시판,환우분들 환우가족분들 안녕하세요 2022년 새해 복많이 받으세요.,원주아들,2021.12.30.,313
14391,자유게시판,안부,헤라,2021.12.30.,55
14392,궁을,물질과 의식의 관계에 대해(4),궁을,2021.12.30.,151
14393,자유게시판,[감사합니다]새로운 도전~  이버가 왔어요~ ㅎ,희망바람,2021.12.30.,418
14394,설금홍,난소암과 미생물 군집과의 관계 : 질 미생물,설금홍,2021.12.30.,233
14395,정보 공유,이버멕틴이랑 메벤다졸 구입할수있는곳 있을까요?,sang4232,2021.12.30.,626
14397,정보 공유,전문의가 전하는 구충제 복용...,제리호야,2021.12.30.,689
14398,보관창고,<TV조선 글로벌 힐링 - 최고의 선택> 팀에서 염증 개선 체험단을 모집합니다.,즐거울락최양락,2021.12.30.,52
14399,자유게시판,아듀~~2021~.,나이야가라 폐선암4기,2021.12.31.,121
14403,자유게시판,안부,헤라,2021.12.31.,106
14404,자유게시판,안녕하세요. 파라곤을 오늘부터 복용 하여보렵니다.,테일러,2021.12.31.,878
14405,자유게시판,(새해인사) 2022년 새해복 많이 받으시고 모두모두 건강하세요~,희망바람,2021.12.31.,122
14407,자유게시판,2시간 빠른 곳에서 미리 2022년 새해 인사 드립니다,꿈많은사람2,2021.12.31.,190
14408,자유게시판,새해 복 많이   받으세요^^,헤라,2022.01.01.,118
14409,자유게시판,햇님의 축복,나이야가라 폐선암4기,2022.01.01.,222
14410,자유게시판,"자기전에, 자고나서 습관처럼..",하늘별섬,2022.01.01.,609
14411,자유게시판,수액 구매처 아시는 분~,소하랑,2022.01.01.,325
14412,질문과 대답(QnA),이버복용후 설사,임하나,2022.01.01.,504
14413,이버맥틴자가임상후기,이버멕틴 복용후 좋아진 점과 질문 있습니다.,소나무처럼,2022.01.02.,"1,383"
14414,자유게시판,안부,헤라,2022.01.02.,100
14415,정보 공유,"[기획시리즈] 해외 커뮤니티 분석 1편 - 제인 맥클랜드 - 암을 굶기는 치료법, 페이스북 그룹 off label drugs for cancer 1-1",꿈많은사람2,2022.01.02.,176
14417,정보 공유,최신 암의 10가지 특징 [Hallmarks]  억제제 자료 추가/ 멜라토닌,나이야가라 폐선암4기,2022.01.03.,453
14418,자유게시판,안부,헤라,2022.01.03.,91
14419,자유게시판,안부,헤라,2022.01.04.,68
14420,강직성 척추염(척수염),비스테로이드 소염제에 ﻿Serratiopeptidase,투게더투,2022.01.04.,628
14421,정보 공유,"[기획시리즈] 해외 커뮤니티 분석 1편 - 제인 맥클랜드 - 암을 굶기는 치료법, 페이스북 그룹 off label drugs for cancer 1-2",꿈많은사람2,2022.01.04.,313
14422,보관창고,이버멕틴 부작용 질문입니다.,niclosam,2022.01.04.,49
14423,질문과 대답(QnA),이버멕틴 부작용 질문입니다.,niclosam,2022.01.04.,816
14424,자유게시판,이버멕틴 이제품 가지고계신분 계신가요?,힘내자님,2022.01.04.,678
14425,자유게시판,피루비늄을 구입하는 방법을 알려주시면 감가하겠습니다,맥스63,2022.01.04.,255
14427,자유게시판,혼자서,풀 꽃,2022.01.04.,189
14428,자유게시판,베이킹소다 후기.,소하랑,2022.01.05.,917
14429,질문과 대답(QnA),"베트남 제약, 베트남 당뇨인님 - 변경된 이메일 주소 알려주세요.",김00,2022.01.05.,379
14431,자유게시판,안부,헤라,2022.01.05.,66
14432,자유게시판,니클로마사이드,수원W홍홍,2022.01.05.,439
14434,설금홍,다발성 골수종 치료를 위한 대체약물 (multiple myeloma),설금홍,2022.01.05.,198
14436,설금홍,다발성 골수종 치료를 위한 대체약물 (multiple myeloma) - 동영상 샘플,꿈많은사람2,2022.01.05.,34
14437,질문과 대답(QnA),구충제를 돌려먹고있어요,브론,2022.01.06.,496
14438,자유게시판,안부,헤라,2022.01.06.,62
14440,질문과 대답(QnA),삶의 방식에 대해 궁금한 점 한가지. 여러분은 어떠신가요?,늘푸른행복나무,2022.01.06.,259
14443,자유게시판,[공유] 암은 질병이 아니라 생존 메커니즘 (전이를 두려워하지 말라),건강장수1,2022.01.06.,289
14444,자유게시판,알벤 부작용?,플래티,2022.01.07.,385
14445,질문과 대답(QnA),이버멕틴 매일 먹어도 괜찮죠?,ㅇㅇㅇ1,2022.01.07.,825
14447,자유게시판,"암, 파킨슨 등 치유 환우분들 래방 및 고언",건강장수1,2022.01.07.,218
14448,자유게시판,잡다한 생각,비소편평상피폐암,2022.01.07.,227
14449,자유게시판,"이버멕틴,시메티딘",민즈야,2022.01.07.,282
14450,자유게시판,탄천의 겨울과 우리집 게발선인장,나이야가라 폐선암4기,2022.01.07.,166
14451,질문과 대답(QnA),베트남 제약 변경된 이메일 알수 있을까요 ?,김00,2022.01.07.,261
14452,자유게시판,"말콥님께 감사를 전하고, 이 카페에도 감사를 전합니다. 이런 일이 있었어요.",꿈많은사람2,2022.01.07.,502
14454,질문과 대답(QnA),[해외-엠디엔더슨 글] 이차암 ﻿Secondary cancers : 왜 발생하고 조기에 잡는 방법 (구글 번역본) - 개인적인 질문입니다. 이차암과 전이암은 다른 것인가요?,꿈많은사람2,2022.01.07.,229
14455,질문과 대답(QnA),궁금하고 답답한 마음에 글을 남깁니다,믿음안에서,2022.01.08.,"1,126"
14456,자유게시판,안부,헤라,2022.01.08.,103
14461,질문과 대답(QnA),세라펩티아제 드시면  위가 불편하기도 하시는지요??,산하,2022.01.08.,454
14462,자유게시판,남은 유기농 고추가루  판매합니다..,산하,2022.01.08.,209
14463,자유게시판,안부,헤라,2022.01.09.,95
14465,질문과 대답(QnA),[해외-조티펜스-페북] 자주 하는 질문 - 2~3년 이상 생존해 계신 분들 있나요 ?,꿈많은사람2,2022.01.09.,445
14466,자유게시판,암 생존율 2%에서 희망을 노래하다.,나이야가라 폐선암4기,2022.01.09.,411
14468,자유게시판,안부,헤라,2022.01.10.,70
14470,질문과 대답(QnA),우리가 먹는 약은 약일까요? 독약일까요?,늘푸른행복나무,2022.01.10.,421
14473,정보 공유,"대한민국 약사법 본문 그리고, 카더라 통신 보다는, 법 그 자체로 해석 해주세요. 이렇게 확인 가능합니다.",꿈많은사람2,2022.01.10.,317
14474,정보 공유,[공유] 슈퍼마켓에서 찾을 수 있는 대부분의 식품은 건강에 해로운 물질로 생산되었습니다.  누가 세계 식음료의 독점권을 가지고 있을까요?,영차,2022.01.11.,258
14475,자유게시판,안부,헤라,2022.01.11.,82
14478,질문과 대답(QnA),이버 눈부심이 고용량이라는 뜻인가요?,오소이아,2022.01.12.,237
14479,정보 공유,이버멕틴 - 유출된 군사정보에 따르면 이버멕틴은 COVID의 모든 단계에서 작동,immortal,2022.01.12.,502
14480,질문과 대답(QnA),베트남제약에 연락부탁드립니다.,김00,2022.01.12.,379
14482,질문과 대답(QnA),복용예정인 약들인데 제품 추천 부탁드립니다.,믿음안에서,2022.01.12.,376
14483,만성질환자가임상나누기,이버멕틴 질문,구름별,2022.01.13.,352
14484,자유게시판,안부,헤라,2022.01.13.,55
14485,유방암,전이암,긍정의 힘,2022.01.13.,473
14486,자유게시판,[공유] “암 세포 스스로 죽게 만든다”...  18가지 항암식품을 아십니까,건강장수1,2022.01.13.,313
14491,자유게시판,백신 패스 피하는 방법없나요?,이공,2022.01.13.,458
14492,암 호전사례 정보,"[해외호전사례] kelly 남자 52세 대장암 colon cancer 4기 , 2021년 9월 진단 받음,",꿈많은사람2,2022.01.13.,217
14493,정보 공유,"[해외논문] 펜벤다졸이 뭐라고, 이렇게 까지 하시나요 ?",꿈많은사람2,2022.01.13.,440
14494,질문과 대답(QnA),탈모,CEO10,2022.01.13.,126
14495,질문과 대답(QnA),CBD 오일의 복용법이 궁금합니다.,믿음안에서,2022.01.13.,264
14496,정보 공유,"암 에너지대사 치료법/     ........동영상 강의/ 참고용, 개별적으로 치료에 대한 걸과가 다릅니다. 참고하세요~~",나이야가라 폐선암4기,2022.01.14.,543
14497,자유게시판,안부,헤라,2022.01.14.,45
14498,질문과 대답(QnA),림프전이에 대한 질문 (고수님들 고견 필요),무서유,2022.01.14.,326
14499,설금홍,유방암 치료를 위한 이버멕틴의 사용,설금홍,2022.01.14.,565
14500,자유게시판,구충제요법 하다가  다른 건강법 으로,양준,2022.01.14.,572
14501,벤지미다졸정보나누기,항문소양증-    펜벤다졸?,도날드,2022.01.14.,410
14502,설금홍,구충제 및 항암제로서의 알벤다졸 및 메벤다졸 : 기생충 학자 채종일 교수의 논문 2021년 3월.,설금홍,2022.01.14.,426
14503,정보 공유,서울대 명예 교수 기생충학자 채종일님의 [ 구충제가 정말 암치료에 효과가 있나요 ] 인터뷰 내용 2021년 8월 그리고 책도 출간됨,꿈많은사람2,2022.01.14.,"1,010"
14504,자유게시판,치매,희2349,2022.01.15.,299
14506,자유게시판,안부,헤라,2022.01.15.,77
14507,질문과 대답(QnA),노니가 홀몬양성에는 안좋은가요?,아이스ㅣ 유방암ㅣ보,2022.01.15.,297
14509,가입 인사,안녕하세요,겁없는기사,2022.01.16.,107
14511,자유게시판,감기,새벽빛이었던 그는,2022.01.16.,384
14512,정보 공유,CES (﻿소비자 가전 전시회) 2022: 당신이 알아야 할 의료 기술 - self-care / self-management 자기 관리 관점에서 유용한 기술들,꿈많은사람2,2022.01.16.,153
14513,정보 공유,아답토젠,비타민00,2022.01.17.,79
14514,자유게시판,"펜벤다졸,이버맥틴",윤쩡,2022.01.17.,424
14515,자유게시판,안부,헤라,2022.01.17.,64
14516,자유게시판,진통제,이제얼마나더,2022.01.17.,262
14517,정보 공유,[해외커뮤니티] Chris의 간수치가 정상보다 10배 높다고 질문을 하네요. ﻿비소세포성 폐암 ﻿ALK+﻿ NSCLC 그리고 당부의 글 🙋‍♂️,꿈많은사람2,2022.01.17.,261
14518,기타 자가임상 후기,(대량 배출)알벤 15일 복용 2주 휴약 디스토시드 4회 복용 후기,파일1233,2022.01.17.,845
14519,질문과 대답(QnA),피르비늄을 구할수가 없네요,믿음안에서,2022.01.18.,534
14520,자유게시판,안부,헤라,2022.01.18.,53
14521,궁을,필수영양소와 질병의 관계에 대해,궁을,2022.01.18.,168
14522,자유게시판,대박입니다.,분홍앵초,2022.01.18.,858
14524,정보 공유,"89년도 제2차 보건관리자 교육주제 특수 기생충 관리의 방안(2) 간흡충, 폐흡충을 중심으로(경북대 의대 고(故) 최동익 교수님)",파일1233,2022.01.18.,193
14525,자유게시판,독감에 걸려 ( 이버멕틴 ),당근맨123,2022.01.18.,525
14526,정보 공유,"""이버멕틴의 암세포 사멸 메카니즘""         정보전달 신호체제",나이야가라 폐선암4기,2022.01.19.,436
14527,자유게시판,안부,헤라,2022.01.19.,58
14528,가입 인사,안녕하세요,딜라일라,2022.01.19.,108
14529,질문과 대답(QnA),라무몰 지금 안돼나요?? ㅜㅜ,랄라룰루룰,2022.01.19.,854
14530,설금홍,"쑥, 아르테미시닌 : 임상시험, 사례보고서, 특허",설금홍,2022.01.19.,445
14531,자유게시판,이버멕틴 구매하고 싶아요..,핑블,2022.01.19.,270
14533,자유게시판,아침 물 한잔이 사람 몸에 미치는 효능,소확왕,2022.01.19.,335
14536,자유게시판,안부,헤라,2022.01.20.,43
14537,질문과 대답(QnA),소변에 고춧가루 같은? 피...여쭤요,뽀미마미,2022.01.20.,256
14538,암 호전사례 정보,"[해외호전사례] Teresa 여성, 대략 60세 (은퇴) 재발 유방암, HER 2 음성 (에스트로겐과 프로게스테론 양성) + 뼈전이, 미국 Alabama, 특이 사항 - 이버멕틴 복용",꿈많은사람2,2022.01.20.,274
14539,자유게시판,도와주세요,넌이미 완치되었다,2022.01.20.,450
14540,암 호전사례 정보,"Tashi, 여성, 약 50세 정도, 미국, 내과 의사가 아르테미지아﻿ Artemisia, 쑥, 과 레이어트릴 ﻿Laetrile 복용해 보라고 했다는 놀라운 소식",꿈많은사람2,2022.01.20.,334
14541,질문과 대답(QnA),파나쿠어 제품들 중에서 궁금한것이 있습니다,믿음안에서,2022.01.21.,315
14542,자유게시판,니타조사나이드 무나 등기번호 확인하세요,파스나라,2022.01.21.,226
14543,질문과 대답(QnA),이버맥틴 사람용맞나요?,시언맘,2022.01.21.,331
14544,자유게시판,안부,헤라,2022.01.21.,51
14545,자유게시판,"니클로사미드, 니타조사나이드 구매합니다.(구매 완료)",파일1233,2022.01.21.,253
14546,정보 공유,"총수담관 및 간내 종양으로 오인하기 쉬운 간질증 4예, 대한간학회지 제 11권 제 2호 2005 : 169-175",파일1233,2022.01.21.,64
14547,질문과 대답(QnA),충이 어떻게 대변으로 나올수 있는건가요?,짚신찾아삼만리,2022.01.21.,774
14548,정보 공유,우간질(牛肝蛭) 감염증의 예방 및 치료대책 - 농림축산검역본부 자료,파일1233,2022.01.21.,223
14549,질문과 대답(QnA),이버맥틴 구할수 있을까요,쭉둘맘,2022.01.21.,466
14550,자유게시판,파라캅엘 복용량 어찌 하시나요?,레모네이드,2022.01.21.,494
14551,정보 공유,"🛑 [해외-영어책] Nutritional Oncology 영양 종양학 - 암 예방, 치료, 생존의 영양소 - 2021년 8월 출간- PDF 파일 - 📣 타임아웃",꿈많은사람2,2022.01.21.,170
14552,자유게시판,안부,헤라,2022.01.22.,77
14555,정보 공유,📍 [해외-영어책] Nutritional Oncology 영양 종양학 - 구글 번역 시리즈 - ﻿머리말과 추천의 글 🏷️,꿈많은사람2,2022.01.22.,110
14556,자유게시판,안부,헤라,2022.01.23.,61
14557,자유게시판,천리포 수목원 샤워합니다.,나이야가라 폐선암4기,2022.01.23.,180
14558,기생충사진공유,림프종환우 이버맥틴 복용했는데..(매너사진),달고나야,2022.01.23.,828
14559,정보 공유,"📍 [해외-영어책] Nutritional Oncology 영양 종양학 - 구글 번역 시리즈 - ﻿제 1장, 암에서 영양의 역할에 대한 역사적 진화 🏷️ 끝",꿈많은사람2,2022.01.23.,363
14561,자유게시판,췌장암에 적용해볼수 있는 구충제,넌이미 완치되었다,2022.01.23.,482
14562,자유게시판,이버맥틴,수원W홍홍,2022.01.24.,309
14563,자유게시판,안부,헤라,2022.01.24.,95
14564,자유게시판,이버멕틴 부작용,세꼬시,2022.01.24.,"1,433"
14566,정보 공유,[해외페북글] 해독은 어디까지 해봤나요 ? how to support your detox pathways - 구글 번역 - 죽은 종양은 어디로 가나요 ?,꿈많은사람2,2022.01.24.,652
14567,자유게시판,안부,헤라,2022.01.25.,65
14568,자유게시판,임사체험 후 말기암에서 완치 [아니타무르자니의 증언],비소편평상피폐암,2022.01.25.,403
14571,자유게시판,이버맥틴 과  위장병,당근맨123,2022.01.26.,451
14573,자유게시판,안부,헤라,2022.01.26.,55
14576,자유게시판,이거 무슨약인가요?,가시나무,2022.01.26.,425
14577,이버맥틴자가임상후기,이버멕틴 뜬금없이 나은 후기,베베1288,2022.01.26.,776
14578,자유게시판,"한국암재활협회-""소아암 환아에게 희망을"" 지원사업 신청자 모집",한암회,2022.01.26.,48
14579,자유게시판,작은데 신기한 경험 올려요~,새롬,2022.01.26.,647
14580,질문과 대답(QnA),역류성식도염,브론,2022.01.26.,369
14582,자유게시판,"👑 ﻿세계가 먹는 음식 - 매주 음식을 보관하는 가족- 구글 번역 - 이것 보시면 '와~ 세상 참 넓고, 사람들 참 다양하구나' 그러실겁니다.",꿈많은사람2,2022.01.26.,196
14583,가입 인사,안녕하세요,마블리,2022.01.26.,51
14584,기타 자가임상 후기,소금욕을 시작한지 한달 후기,베베12,2022.01.26.,570
14585,가입 인사,안녕하세요,꿀물맘,2022.01.26.,86
14587,자유게시판,안부,헤라,2022.01.27.,40
14588,자유게시판,산소발생기 사용하시는분이나,주윤발,2022.01.27.,129
14589,암 호전사례 정보,"[해외호전사례] ﻿호주 Candice 님의 시어머니 Josie 💝, 약 60~70세 정도 , 말기 소세포폐암 small cell lung cancer",꿈많은사람2,2022.01.27.,151
14590,질문과 대답(QnA),구충제 해외로 안전하게 보내는법 아시는분,싼타공룡,2022.01.27.,156
14591,자유게시판,이버맥틴 니클로사마이드 구합니다,기동천,2022.01.27.,146
14593,질문과 대답(QnA),암환자들을 위한 협회들이 한국에 많이 있는듯 한데요? 몇 군데나 가입 하셨나요?,꿈많은사람2,2022.01.27.,243
14594,정보 공유,"태국, 아시아 최초로 가정에서 마리화나 재배 허용 -",꿈많은사람2,2022.01.27.,127
14595,자유게시판,니타조사나이드 조금이라됴 구해볼수있을까요?,이제얼마나더,2022.01.27.,239
14596,이버맥틴자가임상후기,이버멕틴 12mg 3일먹고 빨간 빨대잘린것 같은 ?? 기생충사체가 나왔어요,랄라룰루룰,2022.01.27.,944
14597,자유게시판,니클로사마이드 정리합니다.,바다,2022.01.27.,567
14598,자유게시판,이버맥틴,수원W홍홍,2022.01.28.,295
14599,이버맥틴자가임상후기,이버멕틴 먹으며 6일 물만 먹으며 단식후기,베베12,2022.01.28.,"1,167"
14600,자유게시판,노력이 부족했나 봅니다..,루니드,2022.01.28.,704
14601,암 호전사례 정보,"[해외호전사례] 미국 Susan 싱글 여성 유방암 4기🥇 (약 60세), HR+ HER2-, Invasive Ductal Carcinoma ER/PR+, 7년동안 고생함",꿈많은사람2,2022.01.28.,375
14602,궁을,자연건강반강의를 운영하시는 황인영님의 글을 소개합니다.,궁을,2022.01.29.,137
14603,궁을,음식은 정신건강에도 많은 영향을 줍니다,궁을,2022.01.29.,214
14604,자유게시판,안부,헤라,2022.01.29.,66
14605,질문과 대답(QnA),"(질문)트리클라벤다졸(크라벤졸정,신풍제약)복용량 관련",파일1233,2022.01.29.,249
14608,암 호전사례 정보,"[해외호전사례] 미국 Amy의 여동생(Staci) 약 40대후반, 역형성 상세포종 (Anaplastic astrocytoma) Grade III - 안타까운 사연 그러나 💎교모세포증 악성신경교종",꿈많은사람2,2022.01.29.,211
14610,질문과 대답(QnA),"이버멕틴,알벤다졸 복용방법",핑블,2022.01.29.,290
14611,정보 공유,암의 5가지 특징과 치료법,나이야가라 폐선암4기,2022.01.30.,367
14612,질문과 대답(QnA),코로나 자가 진단키트,아이스ㅣ 유방암ㅣ보,2022.01.30.,230
14613,자유게시판,안부,헤라,2022.01.30.,71
14614,자유게시판,코로나 확진자보다는,아이스ㅣ 유방암ㅣ보,2022.01.30.,398
14615,가입 인사,가입인사드립니다.,생활축구인,2022.01.30.,71
14616,정보 공유,[해외자료] 👑 107개의 보조제들 또는 오프라벨 약들을 87 경로/ATP 공급원/치료 가능성을 엑셀 표로 나타냄 & 개인 맞춤형 프로토콜 생성 서비스 ( 출시는 않됨 ),꿈많은사람2,2022.01.30.,198
14618,자유게시판,오늘 밤에 눈 많이 온다네요.,아이스ㅣ 유방암ㅣ보,2022.01.31.,143
14620,자유게시판,안부,헤라,2022.01.31.,60
14621,자유게시판,서울대 입원실 보호자 상주 여부와 그외 질문,넌이미 완치되었다,2022.01.31.,159
14622,니클로사미드,니클로사마이드 정리하려 합니다...,zzangtwo,2022.01.31.,798
14623,자유게시판,곶감 드실때 조심하세요.,분홍앵초,2022.01.31.,633
14624,질문과 대답(QnA),펜벤과 이버맥틴 복용관련해서..,생활축구인,2022.01.31.,475
14625,자유게시판,2022년 새해복 많이 받으세요 ❤,헤라,2022.02.01.,80
14626,암 호전사례 정보,"[해외호전사례] 미국 43세 여성, 소세포암 말기, 호스피스에서 나옴. 방금 남편분(Virgil)이 올린 글 💎",꿈많은사람2,2022.02.01.,198
14627,자유게시판,구충 항암을 2년 이상 복용하신 분 계시는지요?,의암호,2022.02.01.,"1,223"
14628,정보 공유,(로이터 통신) 오미크론에 이버멕틴 효과...,제리호야,2022.02.01.,463
14629,정보 공유,[해외비평] 조티펜스 복용법에 대한 날까로운 비평 🥇 - 선배님들께서는 어떻게 생각하시는지요 ? 📣,꿈많은사람2,2022.02.01.,228
14630,궁을,"암환자와 녹즙, 생야채즙, 해독주스",궁을,2022.02.01.,306
14631,기타 자가임상 후기,구충제 4개월차 후기와 질문입니다,싼타공룡,2022.02.01.,"1,010"
14632,보관창고,이버맥틴 양도합니다,프릭스,2022.02.02.,140
14634,정보 공유,"[해외논문] 🐯 암 줄기 세포를 표적으로 하는 ""빅 5"" 파이토케미컬 🎁 : 커큐민, EGCG, 설포라판, 레스베라트롤 및 제니스테인",꿈많은사람2,2022.02.02.,199
14635,기타 자가임상 후기,시고모부님 폐암치료과정,헤라,2022.02.02.,"1,515"
14637,자유게시판,생활습관의학이란 ﻿What is Lifestyle Medicine - 대한생활습관의학교육원 - 자기관리(self-care) 관련 정보 찾다가 발견,꿈많은사람2,2022.02.02.,144
14638,보관창고,이버맥틴 필요하신분 계신가요?,쇼맨,2022.02.02.,90
14639,가입 인사,안녕 하세요 오랫만 입니다,산 처 럼,2022.02.02.,285
14640,가입 인사,안녕하세요,숲길,2022.02.02.,88
14641,자유게시판,항암제가 암을 도와 준다,산 처 럼,2022.02.02.,546
14642,자유게시판,밑에 이버멕틴 파는글 쇼맨,상크스,2022.02.02.,571
14644,자유게시판,안부,헤라,2022.02.03.,61
14645,가입 인사,뇌수막전이,guswn,2022.02.03.,647
14647,자유게시판,피르비늄 먹고 나왔어요 ~봐주세요 말콥님!!!!!!,삐니삐니,2022.02.03.,"1,095"
14648,자유게시판,피르비늄 구할수 있을까요?,guswn,2022.02.03.,281
14649,정보 공유,[퍼옴] 국내 연구진이 타미플루로 대표되는 시알산 합성 저해제의 장 염증 및 염증성 대장암 억제 효과를 규명하였다.,꿈많은사람2,2022.02.03.,251
14650,자유게시판,안부,헤라,2022.02.04.,48
14651,암 호전사례 정보,"[해외호전사례] ❤️‍🔥 캐나다 Mayana 약 30~40세 여성, 자궁경부암 4기 Stage 4 SCC HPV+ cervical cancer  - 제인 대사 프로토콜 - 그녀의 엄마 Sandra의 열정과 사랑으로",꿈많은사람2,2022.02.04.,184
14652,가입 인사,안녕하세요,백화,2022.02.04.,95
14654,정보 공유,"[영어책] 혹시나 필요하신분만⏰ - 암 생물학 : 어떻게 과학 작동하는가 Cancer Biology : How Science Works 2021 출간,  Carsten Carlberg  , Eunike Velleuer  -",꿈많은사람2,2022.02.04.,123
14656,설금홍,"암 줄기 세포를 표적으로 하는 ""빅 5"" 파이토케미컬",설금홍,2022.02.04.,398
14657,자유게시판,건강상식 50가지 총정리,소확왕,2022.02.04.,220
14659,자유게시판,천지산...,Redas,2022.02.04.,202
14660,자유게시판,안부,헤라,2022.02.05.,77
14661,질문과 대답(QnA),여기서 판매되는 CBD는 정말 CBD가 맞습니까?,하이로,2022.02.05.,460
14662,이버맥틴자가임상후기,"이버멕틴 미리 구할 수 있을까요,,ㅠㅠ",아자아자홧팅이다,2022.02.05.,578
14664,자유게시판,안물안궁 나의 요새 근황...,하늘별섬,2022.02.06.,418
14665,설금홍,암 줄기세포를 비가역적으로 활성을 죽여버리면 종양사멸을 이룰수 있다,설금홍,2022.02.06.,390
14666,자유게시판,"[공유] 암세포, 정상세포로 되돌렸다…의사들 통념 깨뜨린 과학자",건강장수1,2022.02.06.,319
14670,자유게시판,[쓸데없는 잡담] 인공지능으로 논문들을 모조리 읽어 버릴거야 - 정말 ?,꿈많은사람2,2022.02.06.,144
14671,자유게시판,이런 뉴스도 이제 나오는군요,무서유,2022.02.07.,441
14672,자유게시판,안부,헤라,2022.02.07.,67
14673,보관창고,우리의 일상은 이제다시는 돌아올수 없는것인가.,자유사랑,2022.02.07.,19
14674,자유게시판,이버멕틴 100알 있습니다 (판매완료),777hm,2022.02.07.,499
14675,기타 자가임상 후기,간청소,헤라,2022.02.07.,499
14677,정보 공유,2202 검진내용 [2년 1월차],나이야가라 폐선암4기,2022.02.07.,532
14680,자유게시판,안부,헤라,2022.02.08.,52
14682,자유게시판,이버멕틴,artok,2022.02.08.,466
14683,기타 자가임상 후기,간청소후기,헤라,2022.02.08.,727
14684,질문과 대답(QnA),처음 주문해 보려하는데[ 델리샵]에서 물건 잘 받으셨나요?,건강희망,2022.02.08.,323
14685,자유게시판,우연히 검색하다가 니코틴산아미드를 알게됐는데 드시는분 계신가요?,탑찰스,2022.02.08.,205
14686,자유게시판,"셀레콕시브, 인데놀, 시메티딘 첫날 복용후",긍정의 힘,2022.02.08.,255
14687,자유게시판,니타조사나이드  교환원해요,초록빛,2022.02.08.,258
14689,자유게시판,항암끝났습니다 이버맥틴 먹으려구 하는데요,쭉둘맘,2022.02.09.,365
14690,자유게시판,책한권 (맘놓고 병 좀 고치게해주세요),주윤발,2022.02.09.,253
14691,질문과 대답(QnA),펜벤500g 이버12mg 4온3오프하고있습니다.,생활축구인,2022.02.09.,301
14692,정보 공유,[조티펜스페북 2021년 호전사례통계] 2021.1부터 2021.12 까지 호전사례글들 모집 data 분석 맛보기 1편 💎,꿈많은사람2,2022.02.09.,160
14693,자유게시판,건건강 수명을 연장시키는 14가지 식습관,소확왕,2022.02.09.,250
14694,유투브방송 링크나눔,암의발생 2가지 원인,주윤발,2022.02.09.,434
14695,자유게시판,바세린의 놀라운 용도 15가지 비밀,소확왕,2022.02.10.,362
14696,기타 자가임상 후기,안부,헤라,2022.02.10.,81
14697,자유게시판,선택의 기로,긍정의 힘,2022.02.10.,223
14698,자유게시판,어른들 치주질환 기생충 바이러스때문인듯,베베12,2022.02.10.,362
14699,자유게시판,유방암 구충제 일지 5),소하랑,2022.02.10.,"1,005"
14700,자유게시판,피르비늄 니클로사마이드 이버멕틴 구해봅니다,넌이미 완치되었다,2022.02.10.,233
14701,자유게시판,강황환 나눔,순리,2022.02.10.,222
14702,자유게시판,안부,헤라,2022.02.11.,86
14703,암 호전사례 정보,"[해외호전사례] 미국 Marci의 엄마 82세, 간암 4기, 단지 10번 방사선과 펜벤다졸, 다른 보조제들 없다고 함 ❤️‍🔥",꿈많은사람2,2022.02.11.,254
14704,정보 공유,이버멕틴 효과,나이야가라 폐선암4기,2022.02.11.,739
14705,자유게시판,해외 출장지,나이야가라 폐선암4기,2022.02.11.,265
14707,자유게시판,댄스 댄스 댄스,나이야가라 폐선암4기,2022.02.11.,171
14708,자유게시판,면역력 올리기,긍정의 힘,2022.02.12.,302
14709,자유게시판,암 0기에서 4기로,bearskin2,2022.02.12.,992
14710,자유게시판,안부,헤라,2022.02.12.,69
14712,설금홍,암 치료 개선에 효과 있는 용도 변경된 약들의 현황과 향후 방향,설금홍,2022.02.12.,396
14713,자유게시판,아스피린,희2349,2022.02.12.,250
14714,정보 공유,"[영어책] 🥇 암 치료의 약물 용도 변경 - 접근 방식 및 응용 Drug Repurposing in Cancer Therapy- Approaches and Applications, 2020 출판",꿈많은사람2,2022.02.12.,180
14715,자유게시판,(판매완료),우리아빠완치하자,2022.02.12.,230
14716,질문과 대답(QnA),간암말기 환자가 열이 나면 어떡해야 될까요,아이스ㅣ 유방암ㅣ보,2022.02.12.,227
14717,질문과 대답(QnA),전통 약재에 대해 쉽게 잘 나와있는 책이 있으면 소개해주세요!,늘푸른행복나무,2022.02.12.,164
14719,정보 공유,[해외통계-영어] 🛡️ 세계 암 통계 2020 자료 - ﻿GLOBOCAN 185개국 36개 암에 대한 전 세계 발병률,꿈많은사람2,2022.02.12.,180
14720,가입 인사,안녕하세요(긴글 주의),뾰로롱,2022.02.13.,633
14721,자유게시판,안부,헤라,2022.02.13.,102
14722,보관창고,"알벤,이버,펜벤,독시,영양제 등 판매합니다",꼭 나을거야0,2022.02.13.,169
14723,보관창고,플루벤다졸 나눔,희진사랑,2022.02.13.,73
14724,자유게시판,약판매는  안됩니다,헤라,2022.02.13.,476
14725,자유게시판,메트로니다졸도 폐흡충이 배출되네요,파일1233,2022.02.14.,735
14726,자유게시판,안부,헤라,2022.02.14.,65
14727,자유게시판,건강 스스로 지키는 간단 메모,소확왕,2022.02.14.,268
14728,자유게시판,베트남 메벤다졸 구매하신분들 정품여부 확인방법,베베12,2022.02.14.,409
14729,자유게시판,대전 약국 젊은사장님 주문 물건 늦게왔었어요.,베베12,2022.02.14.,432
14730,자유게시판,메벤다졸,희2349,2022.02.14.,313
14731,가입 인사,안녕하세요,자연현상,2022.02.14.,96
14732,자유게시판,신장암 3기,양준,2022.02.14.,373
14733,자유게시판,안부,헤라,2022.02.15.,53
14735,자유게시판,Jane Mclelland 2020 Metabolic Pathway Map 에 적용한 Off Label Drug,무서유,2022.02.15.,91
14736,자유게시판,니클로사마이드 구합니다,베베12,2022.02.15.,349
14737,자유게시판,혹시 저처럼 장흡충 배출 하신 분 계신가요?(그림 첨부),파일1233,2022.02.15.,720
14738,정보 공유,항암백신 cancer vaccine 또는 암백신 용어가 페북(영어) 어떤 분의 글에 있어서 옮깁니다.,꿈많은사람2,2022.02.15.,140
14743,자유게시판,안부,헤라,2022.02.16.,73
14745,암 호전사례 정보,"[해외호전사례] 몰타 Jln의 엄마 췌장암 4기, 간 전이, 2021년 8월 진단, 12번의 ﻿FOLFIRINOX (폴피리녹스) 과 펜벤다졸 효과를 봄. 아들🥇 Jln 이 공부를 많이 함.",꿈많은사람2,2022.02.16.,377
14746,가입 인사,안녕하세요,맑으미이,2022.02.16.,67
14747,정보 공유,미국 화학회(ACS) 학술지에 기재된 니타조사나이드와 니클로사마이드의 구조적 유사성,파일1233,2022.02.16.,271
14750,자유게시판,안부,헤라,2022.02.17.,59
14752,자유게시판,"트리클라벤다졸,메트로니다졸",준하이,2022.02.17.,465
14753,자유게시판,"이버멕틴,니클로사 판매합니다.",초코제니,2022.02.17.,400
14754,자유게시판,안부,헤라,2022.02.18.,60
14755,자유게시판,우리집 게발선인장(22.2/18.),나이야가라 폐선암4기,2022.02.18.,130
14756,암 호전사례 정보,[해외호전사례] 미국 소방관💢 Scott 아버지 약 74세 소세포암 및 고급 신경내분비암 (2021년 11월 진단).,꿈많은사람2,2022.02.18.,109
14759,설금홍,구충제 및 항암제로서의 알벤다졸 및 메벤다졸 : 업데이트,설금홍,2022.02.18.,468
14760,기타 질병,자궁 물혹에 관한 조언을 구합니다,특이한,2022.02.18.,325
14761,자유게시판,코로나격리중,shinmess,2022.02.18.,240
14762,자유게시판,구충제 복용중 설사,제이밍,2022.02.18.,291
14763,질문과 대답(QnA),혀가 까매요,브론,2022.02.18.,545
14764,질문과 대답(QnA),새로운 구충제 밀테포신 대체약ㅡ 밀테포란 구매?,건강희망,2022.02.18.,350
14765,동영상링크(중요자료),기생충과면역  논문연구소tv에 좋은정보 올립니다,헤라,2022.02.18.,258
14766,가입 인사,안녕하세요,라이온킹11,2022.02.18.,60
14767,가입 인사,안녕하세요,논문연구소TV,2022.02.18.,99
14768,이버맥틴자가임상후기,이버멕틴 6mg 두알만 구입 원합니다,델댈델루,2022.02.18.,388
14769,자유게시판,소장관리법이 궁금해요,임당,2022.02.18.,399
14770,자유게시판,코로나 걸렸을때...,꼬마엄마,2022.02.19.,574
14771,자유게시판,안부,헤라,2022.02.19.,65
14772,자유게시판,KBS2생생정보통 부부별곡 촬영,건강장수1,2022.02.19.,266
14773,자유게시판,오늘 코로나 확진통보 받았네요 ‥증상 치료 임상 ‥,신풍,2022.02.19.,805
14774,자유게시판,유방암환자분에 도움이되기를 바랍니다,배다별,2022.02.19.,397
14779,자유게시판,요양병원,희2349,2022.02.19.,351
14780,자유게시판,코로나 1일 10만확진시대 미리 알아보세요 2월19일 적용되는 내용,신풍,2022.02.19.,393
14781,자유게시판,"2018년, 암 발병 1년 전 시드니 마라톤대회 참가/ 관광 사진",나이야가라 폐선암4기,2022.02.20.,205
14782,자유게시판,안부,헤라,2022.02.20.,83
14783,자유게시판,남도 먹거리 여행/ 시드니 여행 동반으로 예약했으나 유방암 수술로 불참/ 귀국 후 와이프를 위한 여행,나이야가라 폐선암4기,2022.02.20.,187
14784,질문과 대답(QnA),메벤다졸 구입 방법,빛돌37,2022.02.20.,398
14785,자유게시판,이버멕틴 급구,지니티,2022.02.20.,382
14787,질문과 대답(QnA),"이버멕틴 고혈압,당뇨,(갑상선 기능저하증) 복용",호시,2022.02.20.,665
14788,자유게시판,설레이는 밤,나이야가라 폐선암4기,2022.02.21.,169
14789,자유게시판,이제 코로나로부터 해방되어 일상으로 돌아가길 희망합니다 ·,신풍,2022.02.21.,500
14791,기타 자가임상 후기,만성질환치료기,헤라,2022.02.21.,"1,016"
14792,자유게시판,가장 어려웠던 출장 이야기,나이야가라 폐선암4기,2022.02.21.,222
14793,자유게시판,델리샵이란곳에서 이버주브를 샀습니다..,자연현상,2022.02.21.,661
14794,자유게시판,녹두밥,양준,2022.02.21.,248
14795,자유게시판,"병원 의사, 간호사 무성의, 갑질, 이윤추구 소고",건강장수1,2022.02.21.,323
14796,자유게시판,히말라야 설경,나이야가라 폐선암4기,2022.02.22.,204
14797,가입 인사,인사 드립니다.,지은사랑68,2022.02.22.,71
14798,자유게시판,안부,헤라,2022.02.22.,79
14801,질문과 대답(QnA),요건 팽이버섯이겠죠…??ㅎㅎ(사진있어요 드러움),쭉둘맘,2022.02.22.,249
14808,질문과 대답(QnA),펜벤 250g2알 이버12mg두알로 증가했지만,생활축구인,2022.02.23.,262
14809,자유게시판,구운 꽃소금이요.,하늘별섬,2022.02.23.,276
14811,질문과 대답(QnA),코로나 양성이면 이버멕틴 메벤다졸 복용괜찮을까요?,이즈,2022.02.23.,442
14813,자유게시판,불면증과 배고픔,새롬,2022.02.23.,338
14814,설금홍,"쑥 artemisia annua, 아르테미시닌에 관한 모든것. 총정리편.",설금홍,2022.02.23.,405
14816,암 호전사례 정보,"[해외호전사례] 미국 췌장암 2b 기, Shayla 의 아빠, 약 50~60세, 감동적인 ❤️‍🔥 이야기, 초기에 펜벤다졸 거부함, 그러나 곧 받아들임",꿈많은사람2,2022.02.23.,328
14817,정보 공유,[퍼옴] ﻿CRISPR-Cas9 유전자 가위로 암세포에만 존재하는 돌연변이의 DNA 이중나선을 골라 잘라냄으로써 정상세포에 영향을 주지 않고 암세포만 사멸,꿈많은사람2,2022.02.23.,133
14819,질문과 대답(QnA),설금홍님께 질문 드립니다.,일단 살고보자,2022.02.24.,358
14820,자유게시판,안부,헤라,2022.02.24.,81
14821,자유게시판,암 타입이 바뀌었습니다,긍정의 힘,2022.02.24.,658
14822,자유게시판,정말 감사한 나날입니다.,하늘별섬,2022.02.24.,436
14823,질문과 대답(QnA),메벤다졸 구입 방법,사랑행복 좋은사람,2022.02.24.,88
14824,면역 항암제,3월부터 건보 실시되는 키트루다의 적용 범위,의암호,2022.02.24.,215
14826,질문과 대답(QnA),해피힐링스토어에서 펜벤 구매하신분 계신가요?,신선77,2022.02.25.,179
14827,질문과 대답(QnA),동안 편안했습니다 다시 경보울렸어요 뇌전이.,똥진이,2022.02.25.,"1,003"
14828,기타 자가임상 후기,2년3개월 구충제먹구 피검사결과,헤라,2022.02.25.,"2,886"
14829,자유게시판,풀꽃님   좋은선행하십니다,헤라,2022.02.25.,626
14830,자유게시판,"22일날 코로나 확진인데요, 통증이 너무심하네요,",그냥막,2022.02.25.,729
14832,자유게시판,안부,헤라,2022.02.26.,97
14833,자유게시판,[공유] 항암제도 방사선도 아니었다…암세포 '싹둑' 자른 유전자가위,건강장수1,2022.02.26.,394
14834,자유게시판,이버멕틴 직구 예정인데 믿을만한 제품 추천 부탁드립니다,aox6k2,2022.02.26.,"1,202"
14835,자유게시판,소금물 장청소,뾰로롱,2022.02.27.,599
14836,자유게시판,항암제와 구충제가 암의 줄기세포 형성에 미치는영향.,상대원,2022.02.28.,338
14837,자유게시판,항암은 최소한 암을눌러준다는 생각으로. 전이와 재발을막고 암을 굶겨죽이는(구충제)를 많이 활용하기,상대원,2022.02.28.,495
14839,기타 자가임상 후기,풀꽃님 채팅으로 주소와문자주세요,헤라,2022.02.28.,259
14841,자유게시판,피라맥스 어디서 구하나요?,heg6402,2022.02.28.,357
14844,보관창고,용량이 많아서 좀 정리해요 사실분 계신가요?,0098,2022.03.01.,125
14846,자유게시판,우크라이나의 전쟁을 보면서,분홍앵초,2022.03.01.,376
14848,기타 자가임상 후기,코로나 확진 환자 관찰 기록,Redas,2022.03.01.,406
14849,이버맥틴자가임상후기,이버맥틴 먹고 생리,아는만큼,2022.03.01.,636
14851,자유게시판,너무 힘드네요..,루니드,2022.03.02.,533
14852,암 관해사례 정보,[해외] 보조제 또는 용도 변경 약물 사용 후 진행성 암에서 완전 관해된 🎯🧊 10가지 사례 그리고 2가지 추가 - 구글 번역,꿈많은사람2,2022.03.02.,799
14853,기타 자가임상 후기,안부,헤라,2022.03.02.,94
14854,이버맥틴자가임상후기,코로나 음성으로 남은 저의 후기입니다^^,이즈,2022.03.02.,664
14855,자유게시판,우울한저녁,믹스커피 조와,2022.03.03.,283
14860,질문과 대답(QnA),선생님들 ㅠㅠ 이버멕틴 먹고 비문증이랑 눈앞이 뿌예진거 같아서 여쭙습니다..,용이,2022.03.03.,892
14861,자유게시판,알벤다졸 구합니다,추추랑 아리,2022.03.03.,315
14863,자유게시판,숨 쉬러 바닷가~~,나이야가라 폐선암4기,2022.03.04.,149
14864,자유게시판,안부,헤라,2022.03.04.,60
14865,질문과 대답(QnA),구충 4개월차에 복병을! 도움을 부탁드려요,싼타공룡,2022.03.04.,571
14866,암 호전사례 정보,"[해외호전사례] 미국 Sharlene 4기 직장암 대장암, 약 40후반-50대 여성, 펜벤다졸 고용량 💢",꿈많은사람2,2022.03.04.,236
14867,자유게시판,인후통 빨리 낫는 법,스마트퓨쳐,2022.03.04.,328
14868,가입 인사,안녕하세요,January,2022.03.04.,72
14869,자유게시판,약이 조금남으면 불안함에 잠이 안 오네요 ㅜ.ㅜ 이버맥틴 여윤 있으신분 쪽지 부타드려요,하얀여우,2022.03.04.,195
14870,자유게시판,파나쿠어  펜벤다졸 구합니다,희진사랑,2022.03.04.,138
14871,이버맥틴자가임상후기,뇌수막전이&코로나 후기,guswn,2022.03.05.,637
14872,기타 자가임상 후기,코로나양성+이버멕틴,guswn,2022.03.05.,787
14874,자유게시판,안부,헤라,2022.03.05.,85
14875,자유게시판,참 오랜만에 글 올립니다,승이엄마,2022.03.05.,293
14876,기타 자가임상 후기,뇌전이 대사치료 7일on 프로토콜 어지럼증 구토 식욕감퇴 증세호전,똥진이,2022.03.05.,502
14877,질문과 대답(QnA),고양이 ㅡ 톡소플라즈마,예스리다,2022.03.05.,196
14878,구매정보게시판(물건배송확인후),디스토시드 구해요,L수진,2022.03.05.,131
14880,정보 공유,카페 이용법 시즌 1- 2 검색 중급편🎯 - 카페 내 검색어 리스트 정리 모음집 발간 - 엑셀과 pdf ( 6개월 자료🧊 ),꿈많은사람2,2022.03.05.,606
14881,가입 인사,반갑습니다. (뇌암 5cm),윤규보,2022.03.06.,361
14882,자유게시판,제가 항암 방사선 및 어떤 의학적 치료도 거부한 이유....,윤규보,2022.03.06.,591
14883,질문과 대답(QnA),혹시 주의할 음식은 어떤 것일까요?,윤규보,2022.03.06.,317
14884,정보 공유,[해외사례] 유방암 cassie님의 고용량 이버멕틴 2주 치료법과 하이드록시클로로퀸 2주 치료법 - 30일 과정 시작,꿈많은사람2,2022.03.06.,442
14885,자유게시판,"알벤,니클,독시,로라타딘,영양제 필요하신분",꼭 나을거야0,2022.03.06.,217
14886,질문과 대답(QnA),디스토시드 구해요,곰지,2022.03.07.,145
14887,기생충사진공유,공유해봐요,곰지,2022.03.07.,364
14888,자유게시판,안부,헤라,2022.03.07.,52
14889,자유게시판,제 친구 시어머님이 유방암이신데,heg6402,2022.03.07.,498
14890,자유게시판,모든 이에게 축복을 보냅니다.,윤규보,2022.03.07.,241
14892,정보 공유,EGFR/T790M,나이야가라 폐선암4기,2022.03.07.,302
14894,자유게시판,"해발800 야생 계란, 산사과 행운",건강장수1,2022.03.07.,159
14896,자유게시판,"경구제 이외의 통증 감소에 도움되는 물리치료 또는 테라피? -복부 (위,간)림프 다발신경 근처 전이로 통증",Redas,2022.03.07.,108
14897,자유게시판,안부,헤라,2022.03.08.,70
14898,질문과 대답(QnA),이버맥틴 부작용중에..,쭉둘맘,2022.03.08.,310
14899,자유게시판,면역력 올리는 약은 없습니다.,주윤발,2022.03.08.,301
14900,자유게시판,"한국암재활협회-""소아암 수기 공모전"" 신청자 모집",한암회,2022.03.08.,36
14901,자유게시판,오늘의 안부...,윤규보,2022.03.08.,144
14903,질문과 대답(QnA),펜벤다졸500미리 알약이나 메벤다졸500미리 알약 예전에 분홍앵초님이 알려주셨던데가 있던거같은데 혹시 보시면 구입처줌알려주세요ㅜ,와우와우 쩝,2022.03.08.,260
14904,질문과 대답(QnA),이버맥틴 답변부탁드립니다,쭉둘맘,2022.03.08.,541
14905,정보 공유,[조티펜스영상] 2번째 질문 답변 온라인 영상🎯 - 2022년 3월 8일 페북 라이브 방송 녹화분 - 영어,꿈많은사람2,2022.03.09.,115
14906,자유게시판,안부,헤라,2022.03.09.,73
14907,자유게시판,육십다된 남자눈에서 눈물이…,새벽빛이었던 그는,2022.03.09.,502
14912,자유게시판,피르비늄,새벽빛이었던 그는,2022.03.09.,476
14913,암 호전사례 정보,"[해외호전사례] 미국 Rainer 님의 췌장암 4기, 약 40~50대, 그냥 감동🧊 그 자체 입니다. 펜벤다졸 고용량 💢",꿈많은사람2,2022.03.09.,422
14914,자유게시판,강원도 정선 달뜬골 해발700 수령 100년이상 가래나무수액 필요하신분 참고 하시기 바랍니다.,건강장수1,2022.03.10.,120
14915,자유게시판,오늘의 안부,윤규보,2022.03.10.,113
14916,질문과 대답(QnA),척추가 너무 아파요. 돌아다녀요.. 뭐 먹으면 좋을까욧?!,영차,2022.03.10.,230
14917,가입 인사,오늘 처음 방문드려요..,켈리choi,2022.03.10.,95
14918,가입 인사,가입인사~,소소한희망,2022.03.10.,42
14919,질문과 대답(QnA),식도암 말기,manana,2022.03.10.,122
14920,벤지미다졸 질문 게시판,식도암 말기 펜벤,manana,2022.03.10.,82
14921,질문과 대답(QnA),식도암 말기 호전될 수 있는 방법 있나요 정말 너무 간절합니다ㅠㅠㅠ,manana,2022.03.10.,108
14922,질문과 대답(QnA),식도암 말기 도와주세요 ㅠㅠㅠ,manana,2022.03.10.,150
14923,질문과 대답(QnA),식도암 말기입니다,manana,2022.03.10.,111
14924,질문과 대답(QnA),말기암 답변 부탁드립니다 ㅠㅠㅠ,manana,2022.03.10.,82
14925,질문과 대답(QnA),도와주세요 ㅠㅠㅠ,manana,2022.03.10.,96
14926,질문과 대답(QnA),식도암 도움 부탁드립니다,manana,2022.03.10.,64
14927,질문과 대답(QnA),식도암,manana,2022.03.10.,233
14928,질문과 대답(QnA),식도암 말기 펜벤다졸,manana,2022.03.10.,156
14929,질문과 대답(QnA),말기암 어떡하죠 ㅠㅠㅠㅠㅠㅠ,manana,2022.03.10.,511
14930,질문과 대답(QnA),펜벤다졸500미리그람 알약이나 옴니쿠어1그람에222미라 함량들어있는거구해요,와우와우 쩝,2022.03.10.,106
14932,기생충사진공유,"기침이 심했다가...나온거(매너샷 음슴, 대신 하트모양이에요--;;)",영차,2022.03.11.,374
14933,벤지미다졸 질문 게시판,알벤먹다 펜벤먹어도 되나요,manana,2022.03.11.,177
14934,질문과 대답(QnA),식도암 말기 알벤다졸,manana,2022.03.11.,282
14935,질문과 대답(QnA),알벤다졸 먹다가 펜벤다졸,manana,2022.03.11.,142
14936,질문과 대답(QnA),알벤다졸 복용법,manana,2022.03.11.,566
14938,정보 공유,[해외] 재발된 🤔 4기 식도암 질문 - 미국 27세 남자 (Marilyn 의 남편) - 달린 좋은 댓글들 중에서 🔻,꿈많은사람2,2022.03.11.,222
14940,질문과 대답(QnA),코로나 양성  (이버 클로로퀸 니클로마사이드)시간차이 없이 같이 먹어도 되는건가요?,크크별,2022.03.12.,408
14943,질문과 대답(QnA),아르테미신과 구충제 요법 같이 해도 될까요??? 도움 부탁드립니다,manana,2022.03.13.,189
14944,벤지미다졸 질문 게시판,아르테미신과 구충제 요법 같이 해도 될까요??? 도움 부탁드립니다,manana,2022.03.13.,186
14945,자유게시판,"가래나무수액 된장, 천연발효효소식초 담금, 파종",건강장수1,2022.03.13.,66
14946,자유게시판,안부,헤라,2022.03.13.,78
14947,질문과 대답(QnA),구충제 리포조말비타민c같이해도 되나요??,manana,2022.03.13.,45
14948,벤지미다졸 질문 게시판,구충제와 리포조말비타민 c같이해도되나요?,manana,2022.03.13.,199
14949,정보 공유,"[해외논문] 용도 변경 레닌-안지오텐신 시스템 조절제를 사용한 교모세포종의 치료: 임상 1상 결과 - 구글 번역 ﻿propranolol, aliskiren, cilazapril, celecoxib, curcumin with piperine, aspirin, and metformin",꿈많은사람2,2022.03.13.,88
14950,유투브방송 링크나눔,누가 우리 몸에 살고 있습니까? 현미경 사파리 | DW 다큐멘터리 - Who lives on our bodies? A microscopic safari | DW Documentary,꿈많은사람2,2022.03.13.,125
14951,정보 공유,[해외논문] 미생물총의학: 임상 혁명을 향하여 Microbiota medicine: towards clinical revolution  - 구글번역 - 장내미생물,꿈많은사람2,2022.03.13.,87
14952,자유게시판,봄을 알리는 꽃,bearskin2,2022.03.13.,78
14953,질문과 대답(QnA),펜벤다졸이나 옴니쿠어150그람 222미리들어있는거 구하고싶은데 어디서구하나요?ㅜ,와우와우 쩝,2022.03.13.,325
14954,자유게시판,망중한,나이야가라 폐선암4기,2022.03.14.,168
14955,자유게시판,안부,헤라,2022.03.14.,63
14956,자유게시판,오미크론 확진후 ..,냥가,2022.03.14.,645
14957,자유게시판,유방암 걸린 친구의 암 원인이 고로쇠 물 때문인듯,아이스ㅣ 유방암ㅣ보,2022.03.14.,614
14958,질문과 대답(QnA),"말기암입니다 도와주세요 펜벤다졸,아르테미신",manana,2022.03.14.,97
14959,벤지미다졸 질문 게시판,말기암입니다 도와주세요 ㅠㅠㅠ 펜벤다졸 아르테미신,manana,2022.03.14.,390
14962,자유게시판,[공유] [말기 암] 어떻게 해야 할까? _ 내 삶을 송두리째 바꿀 지침서 4,건강장수1,2022.03.14.,247
14964,정보 공유,블루베리 잎 효능,영차,2022.03.14.,128
14965,정보 공유,"감초 효능(심한 기침 등에 강추, 과량 섭취 고혈압 주의)",영차,2022.03.14.,160
14966,자유게시판,안부,헤라,2022.03.15.,54
14967,자유게시판,이버맥틴 필요하신분 판매합니다,jungkih13,2022.03.15.,331
14968,자유게시판,공복에 구충제.,하늘별섬,2022.03.15.,480
14969,자유게시판,황토방에서지내보실분,ssodaus,2022.03.15.,307
14970,자유게시판,"치료가 과학적인가, 합리적인가에 대한 고민",늘푸른행복나무,2022.03.15.,175
14972,자유게시판,안부,헤라,2022.03.16.,84
14973,질문과 대답(QnA),"말기암 비타민 E,커큐민 도움부탁드려요 ㅠㅠ",manana,2022.03.16.,81
14974,벤지미다졸 질문 게시판,"말기암 비타민 e,커큐민 어떻게 먹나요??",manana,2022.03.16.,216
14976,정보 공유,[해외] 케어 온콜로지 클리닉(COC)의 새로운 시장 확대 했다는 소식입니다. 📣 📣,꿈많은사람2,2022.03.16.,179
14977,자유게시판,어머니가 코로나입원중 콧줄로 식사중이데 콧줄이 꼭 필요한가요?,그냥막,2022.03.16.,176
14978,질문과 대답(QnA),확진인데 병원에서 지어준 약이랑 피라맥스 같이 먹어도 될까요?,쭉둘맘,2022.03.16.,248
14979,정보 공유,[해외] 펜벤다졸 암 관련 페북 그룹에서도 펜벤다졸을 단순히 '개구충제'로 불러 주지 말라고... 그 이상의 것이다라고 합니다.,꿈많은사람2,2022.03.16.,169
14980,자유게시판,독시 복용중 부작용,꾸준히히,2022.03.16.,278
14982,자유게시판,소금,믹스커피 조와,2022.03.17.,180
14983,질문과 대답(QnA),펜벤 복용시간 답변 부탁드립니다,manana,2022.03.17.,56
14984,벤지미다졸 질문 게시판,펜벤 복용법 알려주세요 ㅠㅠㅠ,manana,2022.03.17.,243
14985,자유게시판,안부,헤라,2022.03.17.,43
14986,자유게시판,야채수 기생충 먹어도 될까요??,manana,2022.03.17.,319
14987,질문과 대답(QnA),( 급 )  마약 대마 검사,크크별,2022.03.17.,298
14988,자유게시판,포접,임당,2022.03.17.,328
14989,암 호전사례 정보,"[해외호전사례] 미국 Adele님의 남편 82세, 췌장암 3기, 힘든 상황에서도 NED - 복용법 정리 완료 🎯",꿈많은사람2,2022.03.17.,278
14990,질문과 대답(QnA),펜벤1일차 도와주세요 ㅠㅠㅠ,manana,2022.03.17.,74
14991,벤지미다졸 질문 게시판,펜벤 1일차 도와주세요 ㅠㅠㅠ,manana,2022.03.17.,275
14992,질문과 대답(QnA),펜벤 커큐민,manana,2022.03.18.,174
14993,자유게시판,안부,헤라,2022.03.18.,46
14995,암 호전사례 정보,"[해외호전사례] 미국 bobby 님 식도암 약 60~70세, 짧지만 전파력이 강한 이야기 🎯. 조티펜스 복용법",꿈많은사람2,2022.03.18.,146
14996,자유게시판,오늘 핀꽃,bearskin2,2022.03.18.,55
14997,정보 공유,"[퍼온기사] 기존 약물 활용한 경구용 면역 항암 치료법 개발 - ﻿﻿멕시텐탄(Macitentan) , 설피속사졸(Sulfisoxazole) -﻿경북대 의학과 백문창 교수팀",꿈많은사람2,2022.03.18.,140
14998,자유게시판,해발700 산중집에서 즐기는 설경,건강장수1,2022.03.19.,104
15000,정보 공유,2017년 정리된 신약재창출 오프라벨 용도변경된 약 리스트 🥇 - 235개 - 페북(영어)에 올라온 글 소개,꿈많은사람2,2022.03.19.,275
15001,자유게시판,안부,헤라,2022.03.19.,45
15003,질문과 대답(QnA),앱손솔트,안경,2022.03.19.,380
15004,자유게시판,유방암 구충제 일지 6),소하랑,2022.03.19.,559
15005,자유게시판,돼지고기 덜익혀 먹어도 된다고요?,말콥,2022.03.19.,232
15006,질문과 대답(QnA),말기암 비타민c  펜벤다졸 같이해도 되나요??,manana,2022.03.19.,296
15009,자유게시판,"암전문의가 왜 암수술, 항암을 하면 안되는지~~",bearskin2,2022.03.19.,395
15010,정보 공유,후복막지방육종암~~,소소한희망,2022.03.20.,188
15011,자유게시판,피라맥스 급하게 구해봅니다,나영만세,2022.03.20.,312
15013,자유게시판,안부,헤라,2022.03.20.,55
15015,자유게시판,"알벤,니클,메벤,독시,로라타딘,영양제 필요하신분",꼭 나을거야0,2022.03.20.,139
15016,자유게시판,폭스뉴스채널. (백신) 코로나 치료제의 진실.,상대원,2022.03.20.,246
15017,자유게시판,마음에 와닿는 글귀들이 많아요.,bearskin2,2022.03.20.,59
15018,자유게시판,백신접종100% 이스라엘. 부작용중 여성의 질출혈과 생리불순.,상대원,2022.03.20.,173
15019,정보 공유,[기획시리즈] 해외 커뮤니티들 분석 마지막편 약간 맛 보기 - Sneak Peek - Platform & Movie 🎙️,꿈많은사람2,2022.03.20.,119
15020,자유게시판,[공유] 모르면 나만 손해 정부가 166만여명에게 1인당 평균 135만원씩 돌려준다고 합니다.,윤선78,2022.03.21.,131
15021,질문과 대답(QnA),펜벤 첫주차 열나요 ㅠㅠㅠㅠㅠㅠ어떡하죠,manana,2022.03.21.,117
15022,자유게시판,안부,헤라,2022.03.21.,70
15023,자유게시판,코로나에  걸렷습니다. 이버가 특효 같아요.,덤앤더머,2022.03.21.,877
15024,자유게시판,오늘 핀꽃,bearskin2,2022.03.21.,68
15025,정보 공유,감초 유레카,영차,2022.03.21.,159
15026,자유게시판,암환자 돈지랄,하늘별섬,2022.03.21.,664
15029,질문과 대답(QnA),피브리늄은 정보가 왜이렇게 없나요?,열무씨,2022.03.21.,238
15030,자유게시판,오미크론 구충제 복용 예방효과  자가임상,말콥,2022.03.22.,458
15031,암 호전사례 정보,"[해외호전사례] 미국 ﻿Danieal님의 남편 비세포폐암 4기, 펜벤다졸 고용량 (1g) 3개월만에 좋은 경과 보임 💢",꿈많은사람2,2022.03.22.,201
15032,자유게시판,[공유] 위암보다 사망률 높은 '대장암'…예방습관 7가지,윤선78,2022.03.22.,142
15033,자유게시판,코로나 확진시 이버멕틴 복용량이 궁금합니다,aox6k2,2022.03.22.,640
15034,설금홍,국내 각종 기생충 및 기생충 질환 치료,설금홍,2022.03.22.,436
15035,암 호전사례 정보,"[해외호전사례] 미국, Michael, 남자 약 50~60세, ﻿T1N1 ﻿HPV 양성 편평 세포 암종(편도선) - 복용법이 아주 자세하게 나옴 - 펜벤다졸 고용량 🎯 (feat. 어떤표준치료도 없음)",꿈많은사람2,2022.03.22.,328
15036,질문과 대답(QnA),펜벤 못 먹게 되었는데 어떡하죠,manana,2022.03.22.,525
15037,가입 인사,가입인사드립니다.,잘살자,2022.03.23.,78
15038,자유게시판,2017년2월~2022년3월23일  중증에서 해방되었네요,헤라,2022.03.23.,"1,480"
15039,정보 공유,[해외] 고용량 펜벤다졸 페북 그룹에 올라온 공지 사항 👑 - 같이 읽어 보고 고민 해 볼만 해서요. 🙋‍♂️,꿈많은사람2,2022.03.24.,285
15040,정보 공유,"[한국기사] 콜레스테롤 낮추는 ‘스타틴’, 암 위험도 줄일 수 있다. - 스타틴의 대장암(결장직장암), 전립선암, 난소암 위험 감소 효과",꿈많은사람2,2022.03.24.,276
15041,자유게시판,오늘 핀꽃,bearskin2,2022.03.24.,67
15042,자유게시판,[공유] 모르면 나만 손해 정부가 166만여명에게 1인당 평균 135만원씩 돌려준다고 합니다.,마중물79,2022.03.25.,123
15043,질문과 대답(QnA),어제밤에 수면제 먹엇는데 속이 울렁거리고 어지럽대요.,아이스ㅣ 유방암ㅣ보,2022.03.25.,106
15044,자유게시판,안부,헤라,2022.03.25.,69
15049,질문과 대답(QnA),타목시펜에 대한 문의입니다.,늘푸른행복나무,2022.03.26.,90
15052,자유게시판,안부,헤라,2022.03.26.,62
15053,정보 공유,소원대로 타그리소 복용,나이야가라 폐선암4기,2022.03.26.,320
15055,암 호전사례 정보,[해외호전사례] 남자 Michael 대장암 4기 (run out of options) - 새로운 대사 치료법(?) - 전문가의 관리 아래서 치료 함,꿈많은사람2,2022.03.26.,140
15056,자유게시판,식중독 간수치,넌이미 완치되었다,2022.03.26.,68
15057,정보 공유,[해외논문] 고용량 펜벤다졸 페북 그룹에서 - 백혈병 세포 분화 치료를 위한 전사 약물 재배치 및 화학 정보학 접근법,꿈많은사람2,2022.03.26.,114
15059,보관창고,코....조심요!,자유사랑,2022.03.26.,71
15060,자유게시판,"천연효소, 천연발효효소식초 병입 및 숙성",건강장수1,2022.03.26.,111
15061,보관창고,[공유] 모르면 나만 손해 정부가 166만여명에게 1인당 평균 135만원씩 돌려준다고 합니다.,마중물79,2022.03.27.,24
15062,자유게시판,안부,헤라,2022.03.27.,54
15063,정보 공유,CBD OIL 구매처 정보공유,나이야가라 폐선암4기,2022.03.27.,505
15064,정보 공유,[해외책]📖 크래킹 암 툴킷: 암 치료를 위한 용도 변경 약물 사용 - 이것을 엑셀로 어떤 분이 만들었어요.,꿈많은사람2,2022.03.27.,333
15065,자유게시판,"이버멕틴과 니클로사마이드,,같이 먹어도될가요??",자연현상,2022.03.27.,508
15066,자유게시판,러시아산 버목스(메벤다졸),리제,2022.03.27.,216
15067,자유게시판,오늘 핀꽃,bearskin2,2022.03.27.,96
15068,자유게시판,오랜만이네요,치료완료,2022.03.28.,166
15069,자유게시판,[공유] 간암4기 폐암4기 완치사례*온갓 풀뿌리 섭취 가래나무수액섭취*,건강장수1,2022.03.28.,311
15071,궁을,2022년 궁을농장에서 판매될 농산물 및 판매일정 소개,궁을,2022.03.28.,328
15072,자유게시판,이버맥틴 니타조사나이트 같이 복용 해되 될가요??,아르미천겸,2022.03.29.,185
15075,자유게시판,안부,헤라,2022.03.29.,62
15076,가입 인사,반갑습니다~,케라로스,2022.03.29.,63
15077,자유게시판,오늘의 추억,나이야가라 폐선암4기,2022.03.29.,175
15078,설금홍,"암 치료에 도움이 되는 사이트. 대체약물, 구충제를 비롯한 각종 정보가 있는 곳입니다.",설금홍,2022.03.29.,358
15079,자유게시판,[공유] 간 안 좋을 때… 몸에 생기는 변화 4,건강장수1,2022.03.29.,290
15081,자유게시판,코로나 확진후 자가격리해제된 고1아들 이야기,행복나무,2022.03.29.,356
15082,기생충사진공유,진한 허브젤리 먹고,영차,2022.03.30.,296
15083,자유게시판,3월 부터 달라지는 정책 8가지 정책달력으로 확인하세요..,윤선78,2022.03.30.,110
15084,자유게시판,안부,헤라,2022.03.30.,58
15085,자유게시판,(완료)메벤다졸 100 미리 버목스,나음,2022.03.30.,228
15086,자유게시판,오늘 옆옆옆집에 핀 꽃 🌻💯💥 그리고 🧘,꿈많은사람2,2022.03.30.,135
15087,자유게시판,"JTBC 위대한 식탁에서 오메가3 체험과 혈관질환을 앓고 있으신 분, 극복하신 분을 모집합니다 (오메가3, 출연료 O)",위유,2022.03.30.,55
15089,가입 인사,가입 인사합니다..,쥴리,2022.03.30.,57
15090,자유게시판,crp수치와 알부민 수치의 상관관계,비소편평상피폐암,2022.03.30.,224
15092,설금홍,암세포의 먹이로 알려진 포도당에 대한 진실,설금홍,2022.03.31.,828
15093,정보 공유,뇌로 전이 되었데요,뜨락,2022.03.31.,577
15094,가입 인사,가입 인사 드립니다.,남현동,2022.03.31.,25
15096,궁을,생강청 많이 드세요^^ 카페회원 특별할인 생강청 판매,궁을,2022.03.31.,463
15097,자유게시판,안부,헤라,2022.04.01.,58
15098,자유게시판,모르면 나만 손해 정부가 166만여명에게 1인당 평균 135만원씩 돌려준다고 합니다.,윤선78,2022.04.01.,83
15102,자유게시판,댓글들을 읽으며..,힘냅시닷,2022.04.01.,420
15103,자유게시판,시골쉼터,그냥막,2022.04.01.,121
15105,질문과 대답(QnA),설금홍님의 [암세포의 먹이로 알려진 포도당에 대한 진실 -2021년도-] 글과 댓글들을 읽고 나서 - 다른 조사를 잠깐 함.,꿈많은사람2,2022.04.01.,321
15107,자유게시판,안부,헤라,2022.04.02.,42
15108,자유게시판,너무 황망한 소천..,그냥막,2022.04.02.,477
15109,정보 공유,[해외기사] 대장암 세포의 90%를 죽이는 대마초와 버섯 콤보는 무엇입니까? What is the Cannabis and Mushroom Combo that Kills 90% of Colon Cancer Cells?,꿈많은사람2,2022.04.02.,226
15110,가입 인사,가입인사드려요,아베다,2022.04.02.,43
15113,자유게시판,당뇨,비소편평상피폐암,2022.04.02.,221
15115,정보 공유,[해외논문] 오리지널 - 설금홍님의 [암세포의 먹이로 알려진 포도당에 대한 진실]에 나온 원본 논문 - 내려받기 가능 -시간 만료,꿈많은사람2,2022.04.02.,176
15116,자유게시판,"코로나등 바이러스와 천연발효효소식초, 천연꿀 면역력 강화(코로나 미감염)",건강장수1,2022.04.02.,131
15118,자유게시판,안부,헤라,2022.04.03.,55
15119,정보 공유,[해외] 고용량 펜벤 페북 그룹- 해피힐링 제품들을 싱가포르에서 주문 가능하다고 합니다.,꿈많은사람2,2022.04.03.,266
15120,자유게시판,멜라토닌 영양제 구매,경기도ll레미카,2022.04.03.,405
15121,방광암,항산화성분에 대해서 궁금합니다,rachel,2022.04.03.,167
15122,자유게시판,창발TV와 상추 쌈 싸먹기,세꼬시,2022.04.03.,371
15124,자유게시판,오늘 핀 꽃,bearskin2,2022.04.03.,70
15127,자유게시판,타이레놀~ 펜벤다졸,꼬마엄마,2022.04.04.,235
15132,자유게시판,기면증 완치하셨다는 분 글 보고 찾아왔습니다.,쿠크,2022.04.04.,255
15134,정보 공유,"[해외] 누구나 하는 질문 시리즈 - 조티펜스 222mg vs 고용량 펜벤 2000mg, 왜/어떻하죠 라는 질문이 올라 왔네요.",꿈많은사람2,2022.04.04.,253
15135,자유게시판,기면증 완치하셨다는 분 글 보고 찾아왔습니다.,꿈많은사람2,2022.04.04.,105
15136,궁을,기적이 일어났어요,궁을,2022.04.04.,735
15137,자유게시판,오늘 핀 꽃,bearskin2,2022.04.04.,44
15138,자유게시판,안부,헤라,2022.04.05.,49
15139,궁을,2022 쌈채소 꾸러미회원 모집합니다.,궁을,2022.04.05.,147
15140,자유게시판,안녕하세요?,신데렐라,2022.04.05.,93
15141,가입 인사,방갑습니다,신데렐라,2022.04.05.,44
15142,자유게시판,델리샵에서 구충제요...,자연현상,2022.04.05.,336
15144,자유게시판,[공유] 면역력이 약해졌다는 몸의 신호 4가지,건강장수1,2022.04.05.,228
15145,설금홍,크래킹 암 툴킷 : 암 치료를 위한 용도변경 약물 사용법 : 암종별 약물들,설금홍,2022.04.05.,276
15146,가입 인사,안녕하세요. 가입인사 드립니다.,방그레,2022.04.05.,52
15147,자유게시판,도와주세여,남자폴,2022.04.05.,212
15148,자유게시판,당뇨.신부전.혈액투석(신장내과 전문의)산성혈액을 알칼리화 염증완화 (베이킹소다),상대원,2022.04.05.,260
15149,자유게시판,4월 5일 식목일 청명에 첫 출근,나이야가라 폐선암4기,2022.04.05.,171
15150,자유게시판,기면증 치료 목적으로 이렇게 먹으려고 하는데 간 신장 괜찮을까요?,모니모느,2022.04.05.,140
15151,자유게시판,완료,냐옹냐옹,2022.04.05.,153
15152,자유게시판,안부,헤라,2022.04.06.,68
15153,암 호전사례 정보,"[해외호전사례] 4기 구강암 설암 ﻿Diane님의 재발된 경우 그리고 호전됨 - 수술없음 (항암, 방사선, 면역 있음) - 조티펜스 복용법 + 제인 대사 치료 = 자기만의 복용법 🎯",꿈많은사람2,2022.04.06.,248
15154,보관창고,"안녕하세요. 인천에서 암요양, 면역증진센터를 운영하고 있는 방그레병원입니다.",방그레,2022.04.06.,126
15155,자유게시판,아버지께서 떠나셨습니다.,봉이따님,2022.04.07.,834
15157,자유게시판,오늘 핀 꽃,bearskin2,2022.04.07.,55
15158,자유게시판,안부,헤라,2022.04.07.,58
15159,자유게시판,오미크론 확진 후 브레인 포그 현상 공유,말콥,2022.04.07.,215
15160,자유게시판,치아 충전할 때 가장 무해한 재료가 무엇일까요?,레모네이드,2022.04.07.,239
15162,자유게시판,발의 부종 내릴방법 없나요,임당,2022.04.07.,378
15164,암 호전사례 정보,"[해외호전사례] carol의 남편 소세포폐암 52세, 18개월동안 관해 (NED), 그러다가 다시.  예전 조티펜스 복용법 + 새로운 복용법 적용 🎯",꿈많은사람2,2022.04.07.,179
15165,자유게시판,안부,헤라,2022.04.08.,46
15166,자유게시판,신풍제약 디스토시드 프라지콴텔 복용후 체험 증상,건강장수1,2022.04.08.,519
15167,설금홍,항암 혹은 예방의 요건중에 중요하다 생각되는 사항과 관련 뉴스,설금홍,2022.04.08.,131
15168,자유게시판,오미크론 경험담,그냥막,2022.04.08.,305
15169,자유게시판,"[한국암재활협회] 9차 ""소아암 환아에게 희망을!!"" 지원사업 신청자 모집",한암회,2022.04.08.,30
15170,자유게시판,GMC. 간단하고 유지에 적합한 것.  gmc 의미가 무엇 인지 모름.,일단 살고보자,2022.04.08.,53
15171,정보 공유,"EBS 다큐프라임 기생 寄生 (2013년) 1부-보이지 않는 손, 2부 - 끝없는 대결, 3부 - 대결에서 공존으로, 4부 - 기생, 그리고 사람들",꿈많은사람2,2022.04.08.,193
15173,자유게시판,안부,헤라,2022.04.09.,47
15174,가입 인사,안녕하세요,자연치유를위해,2022.04.09.,111
15175,이버맥틴자가임상후기,이버맥틴 복용해보려합니다,자연치유를위해,2022.04.09.,862
15176,자유게시판,봄소식 백화고 표고버섯,건강장수1,2022.04.09.,81
15177,자유게시판,코로나로 이버멕틴 복용해봤습니다.,소하랑,2022.04.09.,767
15178,정보 공유,진화적 역학의 암 치료로의 통합- 해외 논문을 김윤섭 (가톨릭대학교 의과대학)께서 한글로 번역 요약 - 2020년,꿈많은사람2,2022.04.09.,145
15179,자유게시판,의외의 개똥쑥즙,소하랑,2022.04.09.,542
15180,자유게시판,오늘 핀 꽃,bearskin2,2022.04.09.,61
15181,자유게시판,많이 건강해졌나봅니다.,하늘별섬,2022.04.09.,418
15182,자유게시판,발등이 아픈데요…,모니모느,2022.04.10.,149
15183,보관창고,[공유] 본인부담상한 초과해 의료비 낸 166만명…135만원씩 환급 신청하세요,필모79,2022.04.10.,30
15184,자유게시판,안부,헤라,2022.04.10.,87
15185,질문과 대답(QnA),등업신청드립니다,자연치유를위해,2022.04.10.,52
15187,정보 공유,이곳 카페 게시글들을 구글 드라이브에 백업 해놓았슴 - 검색 가능 - 게시글과 댓글들이 pdf로 저장 되었음,꿈많은사람2,2022.04.10.,201
15188,암 호전사례 정보,"[해외호전사례] 호주 가수 ﻿Brenda 62세 여성, 유방암 (2016), 복막암 3기 (2020), 고용량 펜벤다졸 & 고난의 시간들 ❤️‍🔥",꿈많은사람2,2022.04.10.,291
15189,자유게시판,오늘 핀 꽃,bearskin2,2022.04.10.,58
15191,자유게시판,안부,헤라,2022.04.11.,76
15192,자유게시판,왜 암이 발생?,그레이트셀,2022.04.11.,284
15193,설금홍,"매우 중요 : 크래킹 암 툴킷트. 항암 대체약물들의 용법과 경로 표적, 특징에 관한 요약",설금홍,2022.04.11.,413
15194,정보 공유,"[펌] 이정숙 박사팀은 장내 미생물 중 하나인 아커만시아 뮤시니필라 균주의 유전체 비교 분석을 통해, 해당 균주의 특징과 다른 균주들과의 경쟁우위를 규명🌟 그리고 🥇",꿈많은사람2,2022.04.11.,223
15195,자유게시판,오늘 핀 꽃,bearskin2,2022.04.11.,38
15196,자유게시판,메시마에프,그냥막,2022.04.12.,307
15197,질문과 대답(QnA),코로나3차접종과 비타민b17,자연치유를위해,2022.04.12.,190
15199,자유게시판,안부,헤라,2022.04.12.,45
15201,자유게시판,몸 속에 암세포를 없애는 소중한 존재? - 창과 방패,그레이트셀,2022.04.12.,351
15202,자유게시판,할머니 퇴원하신데요,힘냅시닷,2022.04.12.,212
15203,궁을,농사 10년 넘겼지만 올해 채소가 최고네요^^,궁을,2022.04.12.,294
15205,자유게시판,안부,헤라,2022.04.13.,70
15206,질문과 대답(QnA),"면역함암제 맞으면서 녹즙,구충제 복용",경기도ll레미카,2022.04.13.,234
15207,암 호전사례 정보,"[해외호전사례] 미국 44세 폐암 4기 선암, Nicole 간호사, 십대 2 딸을 둠, 조티펜스 복용법 (항암+면역항암) - 불과 4개월만에",꿈많은사람2,2022.04.13.,231
15209,질문과 대답(QnA),펫시티찍고 구충제,임하나,2022.04.14.,273
15210,자유게시판,안부,헤라,2022.04.14.,50
15211,자유게시판,와인 잘 아시는 분?,나이야가라 폐선암4기,2022.04.14.,231
15213,암 호전사례 정보,"[해외호전사례] 미국 췌장암 Shannon의 아빠 75세, 항암+방사선+ 고용량 펜벤 ❤️‍🔥 - 그리고 누구나 하는 고민",꿈많은사람2,2022.04.14.,195
15214,설금홍,"[해외논문 호전사례] 4기 췌장암, 환자본인이 의사, 췌장암 치료를 위한 논문도 발행",설금홍,2022.04.14.,198
15215,자유게시판,3중음성 구충제 동지 없나요?,빈이사랑,2022.04.14.,231
15216,질문과 대답(QnA),자궁경부암도 기생충 인가요 ?,쭉둘맘,2022.04.14.,459
15217,자유게시판,와인 잘 아시는 분?  - 검색 결과는 🏷️🏷️🏷️🏷️🏷️,꿈많은사람2,2022.04.14.,287
15218,자유게시판,안부,헤라,2022.04.15.,63
15220,설금홍,"부인과 악성 종양 (자궁경부암, 자궁암, 질암, 외음부암)의 대체약물 치료에 관하여",설금홍,2022.04.15.,327
15221,자유게시판,오늘 핀 꽃,bearskin2,2022.04.15.,60
15222,정보 공유,[해외논문] 유방암 종양 내부에 사는 박테리아는 암이 혈액을 통해 퍼지도록 돕습니다. - 구글 번역 - 상상의 날개,꿈많은사람2,2022.04.16.,237
15223,질문과 대답(QnA),유통기한 확인 부탁드립니다,행복한일만,2022.04.16.,254
15224,정보 공유,[해외논문] 최신 멜라토닌에 대한 연구들-  Russel J. Reiter 멜라토닌과 암에 대한 연구 대부,꿈많은사람2,2022.04.16.,264
15225,가입 인사,안녕하세요,두발로서서,2022.04.16.,103
15226,자유게시판,안부,헤라,2022.04.17.,85
15227,암 호전사례 정보,"[해외호전사례] 미국 Al 65세 남, 식도암 4기 (18cm) ﻿폐와 림프절 전이 (2020년) - 완화적 palliative 항암+조티펜스 복용법(2021년) 수술(?)과 방사선 없음",꿈많은사람2,2022.04.17.,447
15229,자유게시판,"해발700 자연산 더덕, 냉이, 달래, 표고버섯 봄먹거리 베품",건강장수1,2022.04.18.,158
15230,자유게시판,리포조말 추천좀요..,이공,2022.04.19.,262
15231,자유게시판,안부,헤라,2022.04.19.,65
15234,자유게시판,안부,헤라,2022.04.20.,44
15236,자유게시판,오늘 핀 꽃,bearskin2,2022.04.20.,50
15237,질문과 대답(QnA),"[같이생각해봐요] 💭 해외 - 비소세포폐암 4기 2020년 1월 진단, 그리고 관해(NED) 후 , 다시 재발 - 여러분의 생각은 어떠신지요 ?  🚩",꿈많은사람2,2022.04.20.,197
15238,자유게시판,소식 전합니다,꿩나무,2022.04.20.,486
15239,정보 공유,"[논문기사] 레이저 빛을 받아 암세포나 세균을 공격하는 물질이 개발 됐다. 새로운 항암 치료, 식수·공기 살균과 같은 분야에 널리 쓰일 것으로 기대 [펌]",꿈많은사람2,2022.04.20.,173
15240,기타 자가임상 후기,어머니 소세포폐암 &아버지 방광암,똥진이,2022.04.21.,675
15241,자유게시판,안녕하세요 궁금한게 있어서요,귀연여시,2022.04.21.,183
15242,자유게시판,안부,헤라,2022.04.21.,53
15243,자유게시판,[공유] ‘암’ 완치율 늘었지만…‘부작용’ 조기발견 치료가 삶의 질 높여,건강장수1,2022.04.21.,139
15244,구매정보게시판(물건배송확인후),인도 이버맥틴 구매 후기,유예생,2022.04.21.,530
15245,자유게시판,오늘 핀 꽃,bearskin2,2022.04.21.,49
15246,자유게시판,사쿠라허브 사이트접속이 안되네요,자연치유를위해,2022.04.22.,197
15247,설금홍,항암 킬 사이클 : IV비타민C 와 페롭토시스를 공격적으로 순환시켜라,설금홍,2022.04.22.,143
15249,유투브방송 링크나눔,네이버 암 대사치료 카페 부매니저하고 canceranswer 암연구소 인터뷰 시리즈 - 동영상들,꿈많은사람2,2022.04.22.,170
15250,정보 공유,[펌] 암 조기진단을 위한 새로운 패러다임 액체생검 ﻿Liquid biopsy  - 한국 바이오 협회,꿈많은사람2,2022.04.22.,167
15251,자유게시판,강원도 정선 달뜬골 해발800-1000 자연산 참두릅 채취 및 소량 판매,건강장수1,2022.04.22.,109
15252,보관창고,"[올웨이즈] [무료배송] [2인 친구초대] 4,000원 할인쿠폰 구매했어요~ 지금 같이 사면 0원이에요!",달님이,2022.04.23.,54
15256,정보 공유,"[해외] 펜벤 좌약 만드는 법 - 고용량 펜벤다졸 페이스북 그룹에 올라온 방법 - 결장/직장/항문암, 전립선암, 난소암, 자궁경부암, 자궁내막암, 또는 질암. 🌺🌺🌺",꿈많은사람2,2022.04.23.,336
15257,암 호전사례 정보,"[해외호전사례] ❤️‍🔥 캐나다 Mayana 약 30~40세 여성, 자궁경부암 4기 계속되는 이야기 (﻿IV비타민C 와 페롭토시스 나옴) - 제인 대사 프로토콜",꿈많은사람2,2022.04.23.,164
15258,자유게시판,오늘 핀 꽃,bearskin2,2022.04.23.,57
15259,자유게시판,안부,헤라,2022.04.24.,50
15260,자유게시판,“텔로유스”라는 영양제 드셔보신분 계신가요?,비타민A,2022.04.24.,"1,040"
15262,자유게시판,무좀에 대한 단상,늘푸른행복나무,2022.04.24.,693
15264,자유게시판,aox6k2님 답변부탁드립니다,이공,2022.04.25.,238
15270,기타 자가임상 후기,당분간 이 프로토콜 유지할거같아요,똥진이,2022.04.25.,583
15271,설금홍,리포조말 비타민C를 먹으면 안된다??? 밑에 글에 논란이 있어 비타민C 항암에 관한 내용을 다시 정리해서 소환합니다.,설금홍,2022.04.25.,460
15273,자유게시판,니타 ㅡ180정 있어요~^^,1기 hvefun27,2022.04.25.,111
15274,자유게시판,오늘 핀 꽃,bearskin2,2022.04.25.,69
15275,자유게시판,할머니 소천하셨어요,힘냅시닷,2022.04.26.,295
15276,가입 인사,가입 인사 드립니다.,힘찬이 화이팅,2022.04.26.,34
15277,자유게시판,"JTBC 위대한 식탁에서 로즈힙 체험과 다이어트로 고민이신 분을 모집합니다 (로즈힙, 출연료 O)",위유,2022.04.26.,39
15278,자유게시판,자기소개,비소편평상피폐암,2022.04.26.,240
15280,자유게시판,참마 너무 맛있어요.,소하랑,2022.04.26.,246
15281,자유게시판,자.기.소.개. 꿈많은사람 입니다. 언제 모임을 해야 하는데 말이죠 (코로나 마무리 되면~) 🙋‍♂️🙋‍♂️,꿈많은사람2,2022.04.26.,251
15283,암 호전사례 정보,"[해외호전사례] 미국 Greg 남자 , 전립선암, 조티펜스 + 고용량 펜벤다졸 = 6개월후 관해 (NED) 🎯 수술, 방사선 없음",꿈많은사람2,2022.04.26.,237
15284,자유게시판,자.기.소.개,분홍앵초,2022.04.26.,619
15285,자유게시판,"안녕하세요. 산소발생기,인공호흡기 회사 널스메디케어 입니다.",이환희,2022.04.26.,544
15286,자유게시판,안부,헤라,2022.04.27.,76
15287,자유게시판,자기소개,순리,2022.04.27.,324
15288,가입 인사,반가워요,기적은 현실로,2022.04.27.,95
15289,자유게시판,2022 삶의질 캠페인 (대한소화기암연구학회),ysl2849,2022.04.27.,79
15290,자유게시판,이버멕틴 드신분들 계실까요?,이겨내자무조건,2022.04.28.,509
15291,자유게시판,옻의 효능을 알아보고 온라인구매 해서,시골향기,2022.04.28.,251
15293,설금홍,약물 순환 : 각종 경로로 투여된 약물의 혈관 순환 경로 : 약물의 흡수 : 부제=항문으로 약을 넣으면 어디로 갈까?,설금홍,2022.04.28.,184
15294,자유게시판,노바 백신 예약했습니다.,하늘별섬,2022.04.28.,550
15295,정보 공유,미국 예방 서비스 태스크 포스(US Preventive Service Task Force)는 저용량 아스피린 요법에 대한 최신 권장 사항을 마무리했습니다.,꿈많은사람2,2022.04.28.,152
15297,암 호전사례 정보,"[해외호전사례] 미국 여성 Sheila ﻿흉막중피종 - 조티펜스 복용법 + COC + 제인 대사 치료, 2021년 7월 글 - 888mg 펜벤 +RSO 🎯",꿈많은사람2,2022.04.28.,178
15298,보관창고,백신 접종하시려는분들 보세요,aox6k2,2022.04.28.,63
15299,보관창고,죽음의 빠이브지,자유사랑,2022.04.28.,50
15300,자유게시판,안녕하세요~ cbd오일,힘내자님,2022.04.29.,379
15302,자유게시판,오늘 핀 꽃,bearskin2,2022.04.29.,65
15303,설금홍,아스피린에 대한 가이드라인 : 꿈님이 올리신 글에 대한 아스피린 정리 글,설금홍,2022.04.30.,192
15306,정보 공유,[유튜브] 비아그라 성분인 실데나필 Sildenafil 성분의 복용이 치매 예방에 도움을 줄 수 있다는 논문이 네이처 에이징 Nature aging,꿈많은사람2,2022.04.30.,435
15307,자유게시판,산 풍경,양준,2022.04.30.,146
15308,자유게시판,안부,헤라,2022.05.01.,53
15309,자유게시판,혹시 혈당측정기  필요하신분 계실까요?,순리,2022.05.01.,128
15310,자유게시판,[시드니 가을 공원] 떨어진 낙엽들🍂과 가을 꽃들🌺 그리고 나무들 - 힐링 소리 🦘🐨,꿈많은사람2,2022.05.01.,76
15312,궁을,"궁을농장, 무농약인증 완료했습니다",궁을,2022.05.01.,140
15314,궁을,2022 녹즙용 케일 판매합니다,궁을,2022.05.01.,149
15315,보관창고,"건강보험료, 국민연금보험료 중 환급금이 있을 수 있다는 사실 꼭 확인하세요",필모79,2022.05.02.,13
15316,자유게시판,안부,헤라,2022.05.02.,39
15317,설금홍,"현재 임상 개발중인 암 면역 요법을 위한 WNT 억제제 : 니클로사미드, 쎄레콕시브, 아르테수네이트",설금홍,2022.05.02.,362
15318,가입 인사,가입인사 남깁니다.,성수동두부,2022.05.02.,68
15319,자유게시판,해발800-1000 청정자연 자연산 먹거리 행운,건강장수1,2022.05.02.,71
15320,자유게시판,4월26일에 핀꽃들,bearskin2,2022.05.02.,53
15321,자유게시판,건강에 좋은 피마자 기름,레모네이드,2022.05.02.,107
15323,암 호전사례 정보,[해외논문] 디클로로아세테이트 DCA 와 이버멕틴의 상승적인 항종양 효과 (3가지 사례들) - 그리고 공격적인 재택 암 치료 by Dr. Daniel Thomas,꿈많은사람2,2022.05.02.,517
15324,가입 인사,가입인사드립니다,토루미,2022.05.03.,50
15325,자유게시판,안부,헤라,2022.05.03.,60
15326,가입 인사,안녕하셔요,치유와건강,2022.05.03.,222
15327,자유게시판,완료,냐옹냐옹,2022.05.03.,217
15328,자유게시판,안부,헤라,2022.05.04.,57
15329,질문과 대답(QnA),[통증관리문의]감사와 함께 새 고민을 적어봅니다.,건강희망,2022.05.04.,181
15330,질문과 대답(QnA),혹시,shinmess,2022.05.04.,124
15331,자유게시판,오늘 핀 꽃,bearskin2,2022.05.04.,53
15332,설금홍,크래킹 캔서 툴 킷트 : 면역치료 원칙에 관한 요약 정보 1. 그리고 처음 오신분들께 드리는 호소문!,설금홍,2022.05.04.,153
15333,자유게시판,벤즈니다졸 구할수있는 방법 도움 부탁드립니다.,aox6k2,2022.05.04.,177
15334,자유게시판,항암 후 남성 불임..극복 불가능할까요?..,완치를향한여정,2022.05.04.,151
15335,자유게시판,"🎯 천문학자김민재님 가입을 축하 드립니다. 그리고, 당부의 말씀 - 아니 꼭 들어주셔야 하는 것들 🏷️ 이 있습니다.",꿈많은사람2,2022.05.04.,395
15337,자유게시판,오늘 핀 꽃,bearskin2,2022.05.05.,58
15340,자유게시판,블루베리쨈.,하늘별섬,2022.05.06.,301
15341,자유게시판,제석산님께서  글이 없으시네요.,분홍앵초,2022.05.06.,399
15342,정보 공유,[해외뉴스] 대변 ​​이식은 노화의 특징을 역전시킵니다. Fecal transplants reverse hallmarks of aging - 🎯 대변 이식술 (FMT) - 구글 번역 그리고 한국 언론의 실체 ⛔,꿈많은사람2,2022.05.06.,122
15345,암 호전사례 정보,"[해외호전사례] 🌟 미국 claudia 여성 유방암 (2020년 진단) 3기 에스트로겐 양성, 프로게스테론 양성, HER2 음성 - 제인 대사 치료 - 복용법 자세히 나옴 ( 수술 & 방사선 없음 ) ✅",꿈많은사람2,2022.05.07.,514
15347,설금홍,"[해외호전사례] 미국 claudia 유방암 3기 ER/PR +, HER2 - 밑에 꿈님이 올린 글 바로 분석해보았습니다^^",설금홍,2022.05.07.,154
15348,기타 자가임상 후기,제 경우 병원치료,비소편평상피폐암,2022.05.07.,521
15349,자유게시판,안부,헤라,2022.05.08.,76
15351,자유게시판,[시드니일상] 동네 공원 가을 마실 나옴 - 🦘🐨 🦈﻿🐌 🍂 동물들 나옴,꿈많은사람2,2022.05.08.,111
15352,자유게시판,오늘 핀 꽃 ㅎ,bearskin2,2022.05.08.,52
15353,자유게시판,안부,헤라,2022.05.09.,57
15354,자유게시판,골반,희2349,2022.05.09.,135
15355,설금홍,멜라토닌과 유방암 특히 삼중음성 유방암 치료를 위한 경로와 대체약물들,설금홍,2022.05.09.,334
15356,암 호전사례 정보,[해외호전사례] 영국 Claire의 파트너 여성 췌장암 - 복막 전이 - 복용법을 엑셀로 공개 - 오늘 교훈은 taking control - 자기 주도적인 치료. 대사치료쪽,꿈많은사람2,2022.05.09.,178
15357,보관창고,아는 사람만 받는다는 병원비 돌려받는 방법 공유...합니다.,우신사,2022.05.10.,8
15360,자유게시판,가시 엉겅퀴 꽃 보내드림니다,산하,2022.05.10.,209
15361,자유게시판,안부,헤라,2022.05.11.,46
15363,자유게시판,요즘 체험한건데..,하늘별섬,2022.05.11.,269
15364,자유게시판,아카시아꽃이  만발했네요,분홍앵초,2022.05.11.,141
15365,자유게시판,손상된 위장 스스로 치유하는 과정 밝혀내,주윤발,2022.05.11.,197
15366,정보 공유,[해외] cannabis vs pills - 대마초의 종류도 다양하네요. 이것을 의약품들과 비교한 표가 페북 글에 올라 왔습니다.,꿈많은사람2,2022.05.11.,56
15367,자유게시판,구충제 정리합니다,꿩나무,2022.05.11.,359
15368,정보 공유,[해외] cancer healing diet by 맥키니 - 암 치유 식단 - pdf 영문 -﻿ 음식을 약으로 삼고 약을 음식으로 삼으라,꿈많은사람2,2022.05.11.,80
15369,정보 공유,[해외논문] 각 암세포주에는 고유한 핵 크기 조정 약물 세트가 있었습니다. each cancer cell line had a unique set of nuclear size rectifying drugs - American Chemical Society,꿈많은사람2,2022.05.11.,116
15370,자유게시판,커피관장도 정리합니다,꿩나무,2022.05.11.,72
15371,기생충사진공유,눈에서 계속 거품...,영차,2022.05.12.,389
15372,자유게시판,비염과 부비동염이 완치되었어요.,bearskin2,2022.05.12.,525
15373,질문과 대답(QnA),고수 샐러리 케일 파슬리,lilypink56,2022.05.12.,107
15374,자유게시판,안부,헤라,2022.05.12.,54
15375,정보 공유,"(사진 혐오)칸디다 폭격, 바이오필름 제거",wjddo8015a,2022.05.12.,153
15376,자유게시판,피르비늄,둥이232,2022.05.12.,253
15377,보관창고,하늘에 자꾸만 길을 내는...구름인가 싶은...켐트..,자유사랑,2022.05.12.,14
15378,자유게시판,병명이 바뀌었습니다~~~,제석산,2022.05.12.,459
15379,자유게시판,오늘 핀 꽃,bearskin2,2022.05.12.,46
15380,암 호전사례 정보,"[해외호전사례] 미국 50~60세 남성 췌장암 4기 - 조티펜스 복용법 , 뉴질랜드 50~60세 여성 유방암 4기, HER2+ -제인 대사치료법 간략 버전",꿈많은사람2,2022.05.12.,234
15381,질문과 대답(QnA),탁솔내성후....,생활축구인,2022.05.12.,241
15382,자유게시판,내가 만약 암이라면...,하늘별섬,2022.05.12.,546
15383,자유게시판,안부,헤라,2022.05.13.,77
15384,설금홍,"항암제로서의 피퍼롱구민, 해외호전사례에 종종 등장하는 피페롱구민, 파이페롱구민, Piperlongumine",설금홍,2022.05.13.,97
15385,자유게시판,[한국암재활협회]암환우와 그 가족을 위한 토닥토닥 숲속캠프,한암회,2022.05.13.,52
15389,정보 공유,[펌] 경북대 식품공학부 이상한 교수팀이 참깨 속에 존재하는 불용성 리그난으로 알려진 ‘라리시레시놀(lariciresinol)’의 혈당 강하 효과를 입증,꿈많은사람2,2022.05.13.,88
15390,정보 공유,[해외영화] 2편 - THE MONSTER INSIDE ME (미국 상영중) 그리고 CANCE REVOLUTION (예정) - 다큐멘타리,꿈많은사람2,2022.05.13.,84
15391,자유게시판,안부,헤라,2022.05.14.,45
15392,자유게시판,피르비늄 구해요,오월좋아,2022.05.14.,272
15393,자유게시판,MBN 생생정보마당 출연 촬영,건강장수1,2022.05.14.,186
15396,암 호전사례 정보,[해외호전사례] 터키 논문 사례 발표 - 45세의 폐경기 전 여성 T4N3M1 유방암 4기 - 대사 지원 항암 화학 요법 (MSCT)과 새로운 대사 요법(novel metabolic therapy) 🌺,꿈많은사람2,2022.05.14.,201
15397,보관창고,초과병원비 돌려준다?…1인평균135만원 환급 늦지 않게 신청하세요.,우신사,2022.05.15.,23
15398,정보 공유,EGFR 유전자 돌연변이 검사.,나이야가라 폐선암4기,2022.05.15.,223
15399,자유게시판,안부,헤라,2022.05.15.,56
15401,자유게시판,오늘 핀 꽃,bearskin2,2022.05.15.,43
15402,보관창고,자신의 몸을 스스로 고칠 수 있다면.....,자유사랑,2022.05.16.,98
15403,자유게시판,안부,헤라,2022.05.16.,57
15404,설금홍,터키 논문 사례 발표 - 45세의 폐경기 전 여성 T4N3M1 유방암 4기 - 대사 지원 항암 화학 요법 (MSCT)과 새로운 대사 요법(novel metabolic therapy),설금홍,2022.05.16.,151
15407,자유게시판,안부,헤라,2022.05.17.,38
15408,자유게시판,십이지장에 있던 용종이 저절로 없어지기도 할까요?,제주 수여니,2022.05.17.,333
15413,정보 공유,[해외컨퍼런스] Metabolic Health Summit 2022 (﻿신진대사 건강에 관한 국제 과학 회의) 관련 소식과 유료 자료들 (영문) -완료,꿈많은사람2,2022.05.17.,74
15414,자유게시판,펜벤좌약,무서유,2022.05.17.,253
15415,자유게시판,이버멕틴을 안구에 직접 적용하면 실명한다고라?,대전소생,2022.05.17.,437
15416,자유게시판,안부,헤라,2022.05.18.,33
15417,기생충사진공유,혈관종이라는 혈관덩어리,영차,2022.05.18.,387
15418,자유게시판,오늘 핀 꽃,bearskin2,2022.05.18.,48
15419,설금홍,[해외컨퍼런스] Metabolic Health Summit 2022 (﻿신진대사 건강에 관한 국제 과학 회의) 몽골인의 식단 : 암 치료에는 케토제닉 다이어트,설금홍,2022.05.18.,81
15421,자유게시판,알프람+멜라토닌,소하랑,2022.05.18.,288
15422,가입 인사,어제 가입했어요.,휘모리,2022.05.19.,102
15423,자유게시판,안부,헤라,2022.05.19.,37
15424,자유게시판,"암, 그 원인 이것이 부족 (참고자료)",무서유,2022.05.19.,280
15425,질문과 대답(QnA),얀센 메벤다졸 구입 방법 알려주세요.,휘모리,2022.05.19.,300
15427,질문과 대답(QnA),80세 이상 고령자분들 또는 오랫동안 복용하신분들 구충제 복용량?,크크별,2022.05.19.,241
15428,정보 공유,[해외논문] 실데나필과 같은 포스포디에스테라제 5(PDE5) 억제제 항암제로의 사용이 대두되고 있다.,꿈많은사람2,2022.05.19.,459
15429,기타 자가임상 후기,상추녹즙 먹으니 정말 잠이 잘 오네요^^,궁을,2022.05.20.,432
15430,자유게시판,안부,헤라,2022.05.20.,40
15431,자유게시판,해발800-1000 자연산 먹거리 베품,건강장수1,2022.05.20.,79
15432,설금홍,비아그라의 항암작용에 관한 소개를 보며 용도변경된 약들의 현황과 향후 방향은?,설금홍,2022.05.20.,239
15433,암 호전사례 정보,"[해외호전사례] 미국 Jennifer 약 50대 여성, 호르몬 양성, HER2 음성, 간으로의 전이성 유방암 - 대사치료쪽",꿈많은사람2,2022.05.20.,192
15436,자유게시판,오늘 핀 꽃,bearskin2,2022.05.20.,55
15437,자유게시판,혹시  보조제로 메트포르민 복용 하시는분 계신가요~~~?,희망바람,2022.05.21.,281
15438,설금홍,"[해외호전사례] 50대 여성, 호르몬 양성, HER2 음성, 간전이 유방암. 복용 프로토콜을 분석해 보았습니다.",설금홍,2022.05.21.,211
15440,정보 공유,[치매] 아리바이오 정재준 대표 - 삼프로 TV 인터뷰 내용 동영상 그리고 음성을 글자로 적었슴 🎯🎯🎯🎯,꿈많은사람2,2022.05.21.,279
15441,자유게시판,퀘르세틴+인돌3+알칼리,소하랑,2022.05.21.,240
15442,자유게시판,의사의90%는 암을오해하고있다,자연치유를위해,2022.05.22.,420
15443,정보 공유,[해외컨퍼런스] Metabolic Health Summit 2022 (﻿신진대사 건강에 관한 국제 과학 회의) - 몇개만 동영상(영어) 올림,꿈많은사람2,2022.05.22.,45
15445,자유게시판,안부,헤라,2022.05.22.,59
15447,자유게시판,첫구매 이벤트,주윤발,2022.05.22.,133
15448,자유게시판,질문 있어요.,간지킴이,2022.05.22.,179
15449,유투브방송 링크나눔,[해외동영상] Simon Yu MD 2018: 암세포를 표적으로 하는 기생충 약물 - 영어 - 한글 자동번역 가능,꿈많은사람2,2022.05.22.,126
15451,자유게시판,안부,헤라,2022.05.23.,60
15454,정보 공유,[현미경영상] 킬러 T 세포는 거대한 돌연변이 암세포를 인식하고 파괴할 수 있습니다. 머리로 상상만 했던 것을 눈으로 볼수 있슴,꿈많은사람2,2022.05.23.,221
15455,정보 공유,"[국립암정보센터] 암의 정의, 양성종양과 악성종양 에 대한 설명 - 기초 공부 - 용어 정리",꿈많은사람2,2022.05.23.,228
15456,자유게시판,"[공유] 건보공단, 3년간 진료비 11억 원 환급 안 해",필모79,2022.05.24.,59
15457,자유게시판,"선자령 등반, TV 출연 방영",건강장수1,2022.05.24.,90
15459,자유게시판,여유,나이야가라 폐선암4기,2022.05.24.,135
15460,정보 공유,[해외정보] 무지개 면역 요법 프로토콜 The Rainbow Immunotherapy Protocol - 구글표 엑셀,꿈많은사람2,2022.05.24.,180
15461,자유게시판,안부,헤라,2022.05.25.,52
15462,자유게시판,엄나무 달여서 드실분..,산하,2022.05.25.,180
15463,정보 공유,알면 유익한 자료 3가지.,나이야가라 폐선암4기,2022.05.25.,501
15467,자유게시판,오늘 핀 꽃,bearskin2,2022.05.25.,68
15468,보관창고,[공유] 소득보다 의료비 많이 쓴 148만명에 2조137억원 환급,우신사,2022.05.26.,30
15469,자유게시판,안부,헤라,2022.05.26.,63
15470,자유게시판,[공유] 어제는 만육년째되는 검사하고 왔어요,사람살자,2022.05.26.,293
15471,가입 인사,감사드립니다,stanmaquay,2022.05.27.,124
15472,자유게시판,이버멕틴 구하고 있어요~~,힘내자님,2022.05.27.,246
15473,자유게시판,구충제복용법이에요~~,삐니삐니,2022.05.27.,382
15474,"벤지미다졸체험기, 희망나누기","폐선암 말기, 펜벤다졸. CBD오일 복용 효과있을까요?",의암호,2022.05.27.,424
15475,자유게시판,안부,헤라,2022.05.28.,57
15477,자유게시판,[시드니일상] 빛 축제 Light festival - vivid sydney 2022 - 어제 밤 부터 시작,꿈많은사람2,2022.05.28.,75
15479,자유게시판,오늘핀꽃,bearskin2,2022.05.28.,50
15482,질문과 대답(QnA),탁솔내성후 항암에 대해,생활축구인,2022.05.29.,195
15483,자유게시판,안부,헤라,2022.05.30.,73
15484,자유게시판,장미는 향이  대단하네요,분홍앵초,2022.05.30.,145
15487,자유게시판,오늘 핀 꽃,bearskin2,2022.05.30.,54
15488,자유게시판,(시드니일상) 오늘 떨어진 낙엽들,꿈많은사람2,2022.05.31.,74
15489,정보 공유,[해외뉴스] 암에 대한 용도 변경 약물을 제공하는 새로운 웹사이트 ( 미국내에서만 ),꿈많은사람2,2022.05.31.,129
15490,보관창고,[공유] 어제는 2013.11.18일 이였지요,사람살자,2022.05.31.,78
15491,보관창고,[공유] 2020년 간기능검사 통과했어요,사람살자,2022.05.31.,136
15493,설금홍,"무지개 면역요법 프로토콜 요약 정리본 : 항암을 위한 각종 치료와 약물, 방향을 정립해 줍니다.",설금홍,2022.05.31.,469
15494,가입 인사,안녕하세요~,푸름2,2022.05.31.,79
15495,자유게시판,(호주일상) 오직 호주에서만 볼수 있는 뉴스,꿈많은사람2,2022.06.01.,172
15497,자유게시판,간헐적 단식! 난 반댈세...,하늘별섬,2022.06.01.,537
15498,자유게시판,건강 자가진단 테스트,김정호,2022.06.01.,99
15499,자유게시판,요즘 근황.,소하랑,2022.06.01.,832
15500,자유게시판,토모테라피 치료해보신분,깜새,2022.06.02.,86
15502,자유게시판,항암치료의 실체,비소편평상피폐암,2022.06.02.,382
15503,자유게시판,해발700 야생 아카시아꽃 천연발효효소식초 담금,건강장수1,2022.06.02.,67
15505,자유게시판,안부,헤라,2022.06.03.,66
15507,가입 인사,안녕하세요?,빛나는 존재,2022.06.03.,85
15508,자유게시판,오늘 핀 꽃,bearskin2,2022.06.03.,52
15509,정보 공유,[해외뉴스] 160억 개의 재프로그래밍된 T 세포를 주입하여 암세포를 표적으로 삼아 몸에서 제거했습니다 - 구글 번역,꿈많은사람2,2022.06.04.,186
15510,설금홍,[해외논문 호전사례] 디클로로아세테이트와 이버멕틴의 상승적인 항종양 효과,설금홍,2022.06.04.,152
15511,자유게시판,드디어 산딸기 계절이 돌아왔군요,신풍,2022.06.04.,286
15512,자유게시판,내일 밤부터 월욜까지 비소식 있네요,아이스ㅣ 유방암ㅣ보,2022.06.04.,126
15513,자유게시판,중간 진료 및 휴식,나이야가라 폐선암4기,2022.06.04.,305
15514,자유게시판,해발800 야생 산닭 계란(신기한 초소형 특이 계란),건강장수1,2022.06.04.,166
15515,궁을,음식만 바꿔도 질병 없이 살 수 있다,궁을,2022.06.05.,310
15516,자유게시판,안부,헤라,2022.06.05.,68
15517,정보 공유,"[공유] 기생충 잡아야 病 잡는다   간흡충은 담도암, 주혈흡충은 방광암 원인",영차,2022.06.05.,327
15519,암 호전사례 정보,"[해외호전사례] nicole 44세 여성 비소세포폐암 4기 (2021년 12월 진단) - 조티펜스 복용법+ Chemo + Keytruda , PET 스캔 사진포함",꿈많은사람2,2022.06.05.,266
15520,정보 공유,(해외책) The Immunotherapy Revolution: The Best New Hope For Saving Cancer Patients' Lives (2019) 무료,꿈많은사람2,2022.06.05.,74
15521,자유게시판,트리클라벤다졸 복용법문의요~,하나님나라,2022.06.06.,486
15522,암 호전사례 정보,[해외뉴스] 오락솔 GSK 면역항암제 도스탈리맙(dostarlimab) 직장암 호전사례 뉴스 및 관련 논문 - 구글 번역,꿈많은사람2,2022.06.06.,331
15523,궁을,2022년 자연재배 양파판매 합니다,궁을,2022.06.06.,203
15524,보관창고,[공유] 상한액 초과166만명…135만원씩 환급 신청하세요.,우신사,2022.06.07.,10
15525,질문과 대답(QnA),이버멕틴 12m 섭취후 좌측뇌 통증,이전처럼지내자,2022.06.07.,735
15526,자유게시판,대한민국 영토 확장/ 웃음은  최고의 항암 !,나이야가라 폐선암4기,2022.06.08.,169
15527,자유게시판,암세포를 정상세포로 되돌렸다,비소편평상피폐암,2022.06.08.,598
15528,자유게시판,안부,헤라,2022.06.08.,52
15530,정보 공유,"[해외소식] 린다 Linda 님의 홈페이지 오픈 https://www.always-hope.co.uk/  대사치료쪽, 예전에 제인과 맞장 뜨신분",꿈많은사람2,2022.06.08.,152
15531,자유게시판,오늘 핀 꽃,bearskin2,2022.06.08.,42
15532,자유게시판,안부,헤라,2022.06.09.,55
15533,자유게시판,이버멕틴 처분합니다,시슬라,2022.06.09.,427
15534,질문과 대답(QnA),췌장암에 가장 효과 좋은 구충제가 뭐가 있을까요?? 부탁드립니다.,생존의 희망,2022.06.09.,423
15536,정보 공유,[해외소식] 면역항암제 도스탈리맙(dostarlimab) 대한 페이스북 그룹에서 논의된 내용 중에서 - 구글 번역,꿈많은사람2,2022.06.09.,205
15539,자유게시판,나타조사나이드  60정 1박스 금액  좀 알려주셔요,의암호,2022.06.10.,255
15541,자유게시판,암투병 지인들 만남 및 건강상태,건강장수1,2022.06.10.,253
15543,질문과 대답(QnA),통풍 치료가 궁금해요.,아이스ㅣ 유방암ㅣ보,2022.06.10.,292
15544,자유게시판,한번 쯤 crp염증검사를 해보세요,비소편평상피폐암,2022.06.11.,401
15545,자유게시판,하고싶은 일들을 해야합니다.,소하랑,2022.06.11.,271
15546,자유게시판,오늘 핀 꽃,bearskin2,2022.06.11.,51
15547,자유게시판,안부,헤라,2022.06.12.,63
15549,궁을,2022 자연재배 산딸기생과 판매,궁을,2022.06.12.,158
15551,보관창고,[공유] 잠자는 건강보험·국민연금 환급금 374억원 찾아가세요,유진맘89,2022.06.12.,3
15552,자유게시판,안부,헤라,2022.06.13.,53
15553,자유게시판,어느 암환우의 삶,건강장수1,2022.06.13.,307
15554,암 호전사례 정보,"[해외호전사례] 미국,﻿ Katie NSCLC 비소세포폐암 4기( 2021 ) 여성, 약 40~50대, 조티펜스 복용법 ( 이버멕틴 복용 OFF Day 때)",꿈많은사람2,2022.06.13.,236
15555,자유게시판,오늘 핀 꽃,bearskin2,2022.06.13.,40
15557,자유게시판,안부,헤라,2022.06.14.,56
15558,만성질환자가임상나누기,어머니 변색깔이 회색이서 정상변으로 바뀌셧어요,괌돌이 엄마,2022.06.14.,575
15559,보관창고,[공유] 모르면 나만 손해 “건강보험·국민연금 보험료 환급금 받는 방법,우공스89,2022.06.15.,23
15562,자유게시판,"누가 글을 지웠을까요?스텝분들은 
 보관창고로  옮기는데요",분홍앵초,2022.06.15.,377
15563,자유게시판,혹시  장루용품  나눔해주실분 계시나요,초록빛,2022.06.15.,129
15564,자유게시판,유튜브 이지현작가님 근황아시는분?,하나님나라,2022.06.16.,263
15565,자유게시판,안부,헤라,2022.06.16.,58
15567,암 호전사례 정보,"[해외호전사례] 미국 ﻿Sandra 여성 58세 , 유방암 폐 전이, 의사는 관해 없다함(no cure), 고용량 펜벤다졸, no chemo / radiation",꿈많은사람2,2022.06.16.,221
15568,가입 인사,안녕하세요,크로스민,2022.06.17.,59
15569,자유게시판,남편이,크로스민,2022.06.17.,210
15570,질문과 대답(QnA),암으로 인한 모든수술은 비급여인가요?,이공,2022.06.17.,182
15572,질문과 대답(QnA),유기농 청양고추가루 올림과  인동초,산하,2022.06.17.,127
15573,가입 인사,가입인사 드려요,니키노코,2022.06.17.,66
15574,자유게시판,남편이 노트북을 또 바꾸고 싶다는데,니키노코,2022.06.17.,161
15575,정보 공유,Drug repurposing to overcome resistance to various therapies for colorectal cancer,꿈많은사람2,2022.06.17.,69
15576,정보 공유,[해외논문] 약물 용도 변경 - 암 치료제의 새로운 전략 - 2022년  - 그림이 너무 멋짐,꿈많은사람2,2022.06.17.,161
15577,질문과 대답(QnA),인도산 이버멕틴 이젠  못사나요?,크크별,2022.06.17.,535
15578,자유게시판,안부,헤라,2022.06.18.,38
15579,설금홍,장을 치료하는 것은 모든 암 치료의 기초. 6편. Gut Flora : 면역요법 성공의 열쇠.  (해외책) The Immunotherapy Revolution,설금홍,2022.06.18.,199
15580,정보 공유,"[해외논문] Ivermectin 이버멕틴, 대장암 세포 성장 억제에 새로운 적용 - 2021년 ( 구글 번역 )",꿈많은사람2,2022.06.18.,282
15582,정보 공유,[해외논문] ﻿Ivermectin 이버멕틴 에 의해 유도된 Apoptotic 세포 죽음은 산화 스트레스와 미토콘드리아 경로 및 Akt/mTOR 경로 매개 자가포식의 활성화를 포함 (2022년) - 구글 번역,꿈많은사람2,2022.06.18.,161
15583,질문과 대답(QnA),한국 항암 치료 의사의 블로그 글 - CT결과를 어디까지 설명해야 할 것인가 - 선배님들 생각은 어떠신지요?,꿈많은사람2,2022.06.18.,278
15584,자유게시판,오늘 핀 꽃,bearskin2,2022.06.18.,38
15585,자유게시판,안부,헤라,2022.06.19.,40
15587,암 호전사례 정보,[해외호전사례] 영국 Pip 님(약 60~70세)의 친구(유방암)와 남편 (﻿희소돌기아교세포종 3등급) - 조티펜스 복용법 - 이야기 위주로 봐주세요.,꿈많은사람2,2022.06.19.,181
15590,자유게시판,이버맥틴 가져가주세요,안경,2022.06.20.,462
15591,자유게시판,안부,헤라,2022.06.20.,70
15592,설금홍,"면역 강화를 위한 오프라벨 약물, ﻿산성 종양 미세 환경 및 면역 체크포인트. (해외책) ""Immunotherapy Revolution: 암 환자의 생명을 구하는 최고의 새 희망""",설금홍,2022.06.20.,172
15594,가입 인사,안녕하세요,목이모기,2022.06.20.,71
15595,자유게시판,제가 사놓은 회사 주가가,목이모기,2022.06.20.,397
15596,자유게시판,날트렉손 처방받은 방법 공유 부탁드려요,괌돌이 엄마,2022.06.20.,322
15598,가입 인사,안녕하세요.,쟈낙,2022.06.21.,67
15600,자유게시판,시간은 흘러가는데 나는 왜 과거에 멈춰있나..,루니드,2022.06.21.,242
15601,자유게시판,오늘 핀 꽃,bearskin2,2022.06.21.,57
15602,설금홍,책 요약 완료^^ 암 면역 반응 향상시키는 천연물 보조제// 암 면역요법의 부작용//... ﻿(해외책) The Immunotherapy Revolution: 암 환자의 생명을 구하는 최고의 새 희망,설금홍,2022.06.22.,249
15603,질문과 대답(QnA),멜라토닌(퓨어벌크)구입,신선77,2022.06.22.,388
15604,자유게시판,오늘 핀 꽃,bearskin2,2022.06.23.,48
15605,보관창고,[공유] 모르면 나만 손해 정부 지원금 보조금24에서 한번 받을수 있다.,우신사,2022.06.24.,11
15606,자유게시판,안부,헤라,2022.06.24.,39
15607,자유게시판,통증이 없다는 것의 의미,새롬,2022.06.24.,465
15608,가입 인사,안녕하세요,숙숙이숙,2022.06.24.,67
15610,자유게시판,요즘 비오라는 가수가,숙숙이숙,2022.06.24.,160
15612,자유게시판,여행가자는 홈쇼핑이 대단하네요. 이런나라 가야 할가요?,분홍앵초,2022.06.24.,239
15614,자유게시판,(해외책) The Immunotherapy Revolution: 암 환자의 생명을 구하는 최고의 새 희망 - 번역본 - 출간 예정 - 샘플,꿈많은사람2,2022.06.24.,117
15615,가입 인사,안녕하세요,쓰리펏,2022.06.24.,57
15616,자유게시판,(해외책) The Immunotherapy Revolution: 암 환자의 생명을 구하는 최고의 새 희망 - 번역본 - 오디오북 - 출시임박 - 샘플,꿈많은사람2,2022.06.25.,96
15618,자유게시판,이버멕틴 구입하고자합니다.,무진행,2022.06.26.,349
15620,자유게시판,요즘 해외 직구 사이트들 상태가 어떤지 궁금합니다.,몽당연필,2022.06.26.,420
15621,암 호전사례 정보,"[해외호전사례] 미국 Chrissie 여성 55세 요로상피암종, 신장 수술후 chemo, 방사선 과 immno 거부, 고용량 펜벤다졸 복용",꿈많은사람2,2022.06.26.,182
15622,자유게시판,오늘 핀 꽃,bearskin2,2022.06.26.,42
15623,정보 공유,백신부작용 이버멕틴 하이드록시클로로퀸,youngeun11,2022.06.26.,235
15626,자유게시판,안부,헤라,2022.06.27.,45
15627,가입 인사,가입인사,맛바우,2022.06.27.,30
15628,자유게시판,가성비 갑이네요.,하늘별섬,2022.06.27.,272
15629,가입 인사,안녕하세요,뉴블런,2022.06.27.,44
15630,자유게시판,음식 생각이 안났으면 좋겠어요,뉴블런,2022.06.27.,219
15631,질문과 대답(QnA),독시사이클린 처방은 어디서 받을 수 있을까요,괌돌이 엄마,2022.06.27.,306
15633,가입 인사,안녕하세요 가입인사드립니다.,악법썰어라,2022.06.27.,80
15634,가입 인사,안녕하세요,모과,2022.06.27.,52
15635,자유게시판,안부,헤라,2022.06.28.,61
15636,가입 인사,가입인사 드립니다,러블리팡팡,2022.06.28.,77
15637,가입 인사,안녕하세요,별그대22,2022.06.28.,65
15638,자유게시판,통제사회의 실상....우리나라는  안됩니다....,자유사랑,2022.06.28.,287
15641,자유게시판,원자력병원 좋은가요?,이공,2022.06.29.,178
15643,자유게시판,코로나 PCR 검사 1인만 무료인가요?,아이스ㅣ 유방암ㅣ보,2022.06.29.,118
15645,자유게시판,오늘 핀 꽃,bearskin2,2022.06.29.,46
15646,자유게시판,비아그라가 식도암에 효능이 있다는군요?,이삭,2022.06.29.,202
15648,자유게시판,안부,헤라,2022.06.30.,58
15649,가입 인사,안녕하세요,남수양,2022.06.30.,45
15650,질문과 대답(QnA),7월 부터 이버멕틴 직구 못하나요?,토마토가좋아,2022.06.30.,287
15651,설금홍,"암 치료의 한계에 도전하다: 영양게임, 암치료 식단 k-PBD",설금홍,2022.06.30.,204
15652,질문과 대답(QnA),계속 구충제 통관이 될것인가? 안될것인가 분분하신데요.,분홍앵초,2022.06.30.,589
15653,자유게시판,국내호전사례는 안보이네요,이공,2022.06.30.,432
15654,자유게시판,메벤다졸,간지킴이,2022.06.30.,259
15657,자유게시판,펜벤다졸 종류질문,이공,2022.07.01.,206
15659,이버맥틴자가임상후기,**** 후기,맥도날드,2022.07.01.,329
15660,자유게시판,어제 그리고 오늘,크로스민,2022.07.01.,120
15661,니타조사나이드,니타조사나이드 어디서 구매하나요?,임하나,2022.07.01.,324
15662,보관창고,길가다가 중계기들 커다란거 진짜많은거 보셨나요? 5지 가 이렇게나 .영상 보시길요!,자유사랑,2022.07.01.,21
15663,암 호전사례 정보,"[해외호전사례] 미국 Lori 약 70세 여성, 복막암 4기 또는 난소암 4기 | 수술 Yes, chemo & 방사선 No | 조티펜스 복용법",꿈많은사람2,2022.07.01.,283
15664,자유게시판,안부,헤라,2022.07.02.,68
15665,자유게시판,모두 음식은 어찌 드시는지요..,이공,2022.07.02.,291
15666,자유게시판,해발700 가래나무 수액 산콩된장과 간장,건강장수1,2022.07.02.,84
15667,자유게시판,오늘 핀 꽃,bearskin2,2022.07.02.,37
15668,암 호전사례 정보,"[해외호전사례] 미국 남성 Alan 약 40대 중후반, 설암 HPV+16 (사람유두종바이러스) - COC 복용법, 고용량 멜라토닌",꿈많은사람2,2022.07.03.,313
15670,질문과 대답(QnA),약 구입 정보나눔 부탁드려요,뽀미마미,2022.07.03.,226
15673,자유게시판,이제 여름 시작인데 어쩌죠,크로스민,2022.07.04.,209
15674,자유게시판,코로나 이버멕틴,1716미라클,2022.07.04.,432
15675,보관창고,이버멕틴+알벤다졸 후기,사랑귀돌이,2022.07.04.,417
15676,자유게시판,안부,헤라,2022.07.05.,85
15678,자유게시판,동네파출소건은 삭제했습니다.,하늘별섬,2022.07.06.,184
15679,설금홍,암 환자는 류신 보충제를 먹어야 할까요? 아미노산은 과연 보충해야만 하는가?,설금홍,2022.07.06.,216
15680,자유게시판,창문 깨끗해지는법,크로스민,2022.07.06.,157
15682,암 호전사례 정보,"[해외호전사례] 영국, 남편이 아내 대장암 4기 호전사례를 고용량 펜벤다졸 페북 그룹에 올림. 감동 그 자체 !!",꿈많은사람2,2022.07.06.,257
15684,자유게시판,정리합니다,북한산꼬꼬마,2022.07.07.,281
15685,자유게시판,안부,헤라,2022.07.07.,58
15686,자유게시판,아침여정이라는 사람이 이 카페에 가입되어 있는지 확인해 주시기 바랍니다.,풍랑,2022.07.07.,410
15688,자유게시판,이버멕틴 메벤다졸 구합니다,오소이아,2022.07.07.,214
15689,자유게시판,이버멕틴 구합니다,100세인생,2022.07.07.,128
15690,자유게시판,유방암 관련 기사가 있어서 공유합니다,믿음안에서,2022.07.07.,145
15691,기타 자가임상 후기,강아지 골육종 후기 올립니다.,ㅅrㄹrㅇM,2022.07.07.,"1,175"
15692,자유게시판,아이랑 이야기 하다보면,크로스민,2022.07.07.,83
15693,신경 교종세포암,아버지 교모세포종,ㅅrㄹrㅇM,2022.07.07.,496
15694,자유게시판,4일 전부터  어머니가  식사를 거부 하십니다.,서래말,2022.07.07.,314
15695,자유게시판,혹시 골든씰 루트(뿌리) 갖고 있거나 판매처  알고 있는분 계시나요?,풀꽃,2022.07.07.,245
15697,질문과 대답(QnA),이트라코나졸을 가장 저렴하게 구할 수 있는 방법 좀 가르쳐주세요.,일단 살고보자,2022.07.08.,303
15698,자유게시판,오늘 핀 꽃,bearskin2,2022.07.08.,49
15699,자유게시판,"조티펜스 보조3종(cbd오일, 비타민,커큐민)국내에서 구할  수 있나요?",띵오,2022.07.08.,175
15700,자유게시판,암환자중에 채식만 먹으며 오래사시는분들도 있네요,이공,2022.07.08.,256
15703,암 호전사례 정보,"[해외호전사례] 프랑스, Bedaouia의 아빠 SCLC (소세포폐암), 1년 동안의 글들 포함 👑 - 조티펜스 + 고용량 펜벤다졸 복용법",꿈많은사람2,2022.07.08.,220
15705,기타 자가임상 후기,"유방암(이버멕틴, 메벤다졸) 임상 후기",완치해야지,2022.07.08.,"1,050"
15706,질문과 대답(QnA),구충제 복용으로 식욕부진 해결할수 있을까여,괌돌이 엄마,2022.07.09.,336
15707,자유게시판,안부,헤라,2022.07.09.,74
15708,자유게시판,이미 암이 온 경우에는 msm 등 항산화제 먹는게 안좋은가요?,아이스ㅣ 유방암ㅣ보,2022.07.09.,340
15709,자유게시판,"조티펜스 2종 (비타민e,커큐민) 가지고 계신분 계시나요?",띵오,2022.07.09.,173
15710,자유게시판,두피 혹. 조직검사 결과 기다리면서 피부암  검색하다가,아이스ㅣ 유방암ㅣ보,2022.07.09.,197
15711,자유게시판,고액의 부자들만 하는 암치료가 있다고 하는데 아는분 있으신가요?,띵오,2022.07.09.,540
15712,암 호전사례 정보,"[해외호전사례] 미국, Cynthia 의 남편, 약 60세, 4기 전이성 투명 세포 신장암, 자세한 복용법 - 조티펜스 복용법 💊",꿈많은사람2,2022.07.09.,177
15713,자유게시판,피르비늄,미뚱이,2022.07.09.,275
15714,자유게시판,멜라토닌 40mg  이버멕틴 36mg 괜찮을까요?,아이스ㅣ 유방암ㅣ보,2022.07.10.,416
15715,폐암,아버지 페암4기로,사랑하는사람들,2022.07.10.,802
15719,질문과 대답(QnA),발톱무좀 완치법 질문드려요,준하이,2022.07.11.,394
15720,질문과 대답(QnA),mms 사용해보신 분 계시나요???,준하이,2022.07.11.,223
15721,자유게시판,안부,헤라,2022.07.11.,43
15722,암 호전사례 정보,암이나 혈관질환에 좋은 돈 한푼 안 드는 방법 하나 소개합니다.-꼭 보세요..,우로보로스,2022.07.11.,433
15723,설금홍,췌장암 치료 프로토콜과 췌장암에 유효한 항암대체약물 전체 모음편입니다.,설금홍,2022.07.11.,378
15724,자유게시판,여주 아줌마의   맨발걷기 글입니다,분홍앵초,2022.07.11.,438
15725,보관창고,[공유] 지난 해에 낸 병원비를 돌려드립니다...국민건강보험 '본인부담상한제',우신사,2022.07.12.,23
15726,자유게시판,안부,헤라,2022.07.12.,63
15727,정보 공유,암환자의 자연치유력 증강에 좋다는 건강법 하나 소개합니다.,우로보로스,2022.07.12.,247
15728,질문과 대답(QnA),이버맥틴 복용,러블리팡팡,2022.07.12.,457
15730,질문과 대답(QnA),혹시 서울쪽에 좋은 의원 없을까요?,미토콘드리아,2022.07.12.,158
15731,자유게시판,지인이 조혈모세포이식 부작용,시그널,2022.07.12.,100
15733,질문과 대답(QnA),디스토시드 복용질문,임하나,2022.07.12.,230
15734,자유게시판,피부사상균.진균.칸디다.곰팡이등도 없애는 약을,시골향기,2022.07.12.,460
15737,자연치유정보 나눔,항암비타민으로 면역력을 최고로 끌어올리는 건강법 하나,우로보로스,2022.07.13.,367
15738,자유게시판,안부,헤라,2022.07.13.,65
15739,자유게시판,"메벤다졸 500mg, 니클로사마이드 급히 구합니다.",김형준,2022.07.13.,186
15740,자유게시판,VERMOX(버목스) 메벤다졸 100mg 급 구합니다.,김형준,2022.07.13.,310
15741,자유게시판,오늘 핀 꽃,bearskin2,2022.07.13.,58
15743,자연치유정보 나눔,고혈압에 좋은 최고의 건강법 하나 소개합니다,우로보로스,2022.07.14.,270
15744,자유게시판,안부,헤라,2022.07.14.,49
15745,자유게시판,오랫만에 학생이  되어 ..,하늘별섬,2022.07.14.,237
15746,자유게시판,간세포암초기로색전술,삼도리,2022.07.14.,169
15747,암 호전사례 정보,"[해외호전사례] 영국 여성 Julia 자궁 경부암 4기 (2형 당료) - 제인의 대사 치료쪽에서 시작, 복용하는 것들이 다른쪽과 결합형태로 보임. ﻿Dr Callebout의 protocol",꿈많은사람2,2022.07.14.,312
15749,보관창고,[공유] 구멍 뚫린 건보공단…3년간 진료비 환급 안내 안 해,윤진스,2022.07.15.,7
15750,자유게시판,안부,헤라,2022.07.15.,58
15751,자연치유정보 나눔,불면증에 좋은 꿀팁 하나 알려드립니다.,우로보로스,2022.07.15.,257
15752,질문과 대답(QnA),이버맥틴구해요,곰지,2022.07.15.,279
15754,자유게시판,요즘 변비 심하네요,뉴블런,2022.07.15.,277
15755,가입 인사,안녕하세요,유니코온,2022.07.15.,70
15756,자유게시판,"관악구, 구로구에 두달만  입원할  요양병원 알려주세요",아이스ㅣ 유방암ㅣ보,2022.07.16.,283
15757,자유게시판,해발700 야생 자연산 돌복숭아 채취 및 천연발효효소식초 담금,건강장수1,2022.07.16.,69
15758,질문과 대답(QnA),지나치지말고 도와주세요 뭐라고 말씀좀 해주세요 제발,누도영도,2022.07.16.,528
15759,암 호전사례 정보,"[해외호전사례] 호주 Jane 여성 허투 음성 유방암 림프전이 Er+, Pr+ Her2-, 고용량 펜벤다졸 - no chemo, radiation & surgery - 이렇게도 가능하다고 - 1부",꿈많은사람2,2022.07.16.,277
15760,자유게시판,안부,헤라,2022.07.17.,52
15761,암 호전사례 정보,"[해외호전사례] 호주 Jane 여성 허투 음성 유방암 림프전이 Er+, Pr+ Her2-, 고용량 펜벤다졸 - no chemo, radiation & surgery - 이렇게도 가능해요 - 2부",꿈많은사람2,2022.07.17.,324
15762,궁을,자연재배 찰옥수수 할인행사 안내,궁을,2022.07.17.,189
15763,자유게시판,칸디다+베르베린 먹고  몇 시간 후에 식사하면 될까요?,아이스ㅣ 유방암ㅣ보,2022.07.17.,230
15764,질문과 대답(QnA),펜벤다졸 이버맥틴 구합니다 부탁드립니다,누도영도,2022.07.17.,419
15766,자유게시판,자연치유,자유사랑,2022.07.18.,138
15768,질문과 대답(QnA),펜벤다졸과 피르비늄 먹는 시간이 궁금합니다,아이스ㅣ 유방암ㅣ보,2022.07.18.,309
15769,자유게시판,이제 9개월된  손주,분홍앵초,2022.07.18.,422
15770,자유게시판,면역치료 한방병원,기도하는이,2022.07.18.,187
15771,자유게시판,박셀바이오 임상시험 거절 당했군요,띵오,2022.07.18.,218
15772,자유게시판,4차 진짜 언제까지  맞아야하나요......,자유사랑,2022.07.18.,311
15773,자유게시판,가칭 ❤️‍🔥 Open Social Self-Care System / Center 이라고 하고 이런 저런 생각들💢을 그림🧬으로 그려봤습니다. 🎯⌛,꿈많은사람2,2022.07.19.,135
15774,자유게시판,알밴다졸 10여년 전 연구논문 다시보기,비소편평상피폐암,2022.07.19.,418
15776,자유게시판,Ivermectin은 강력한 항암 치료제이며 9개의 동료 검토 연구에서 결론을 내렸습니다.,무라고,2022.07.19.,647
15777,자유게시판,두피 혹 상처 통증에 바를만한 순한 진통연고 있을까요?,아이스ㅣ 유방암ㅣ보,2022.07.20.,192
15778,자유게시판,오늘 핀 꽃 별로 예쁘지않아요,bearskin2,2022.07.20.,111
15779,질문과 대답(QnA),이트라코나졸이요 다른약과 병용 가능한가요?,오소이아,2022.07.20.,304
15780,암 관해사례 정보,간세포암,삼도리,2022.07.20.,358
15781,자유게시판,진실을 알리는 사람들,자유사랑,2022.07.21.,262
15782,자유게시판,안부,헤라,2022.07.21.,96
15784,자유게시판,안부,헤라,2022.07.22.,42
15785,자유게시판,"이버멕틴,메벤다졸,알로홀 정기적인 구입처 알고싶습니다.",원주아들,2022.07.22.,477
15786,자유게시판,요새 공부를 하면서 옛날 생각이 많이 나는군요.,하늘별섬,2022.07.22.,197
15787,자유게시판,요새는 빵+잼+우유,하늘별섬,2022.07.22.,447
15788,자유게시판,보시고 도움 부탁드립니다( _ _),누도영도,2022.07.22.,558
15789,암 호전사례 정보,"[해외호전사례] 미국 ﻿Zaremba의 남편, 비소세포폐암 4기 - 조티펜스 복용법 시작 그리고 고용량 펜벤다졸 복용법",꿈많은사람2,2022.07.23.,288
15791,자유게시판,안부,헤라,2022.07.24.,59
15792,정보 공유,[해외페북글] 저용량 화학 요법 또는 고용량 vit C 의 효과에 대한 의견(또는 결과)에 관한 글 - 구글 번역 - 그리고 꿈 하나 더,꿈많은사람2,2022.07.24.,137
15793,정보 공유,의료계 ‘진료 가이드라인 표준화’ 움직임 에 관한 기사를 읽고,꿈많은사람2,2022.07.24.,147
15795,질문과 대답(QnA),만성신부전과 방광종양,통통2,2022.07.25.,152
15796,자유게시판,샤인머스켓 냉장 보관일까요?,숙숙이숙,2022.07.25.,94
15798,자유게시판,이버멕틴+펜벤다졸은 무좀 killer.,일단 살고보자,2022.07.25.,687
15799,자유게시판,설금홍님~!,소하랑,2022.07.25.,338
15801,자유게시판,안부,헤라,2022.07.26.,30
15802,자유게시판,중복,헤라,2022.07.26.,105
15804,자연치유.민간요법,커피관장 일기,자연가까이,2022.07.26.,276
15805,자유게시판,부조를 카톡으로 하더라도 괜찮을까요?,뉴블런,2022.07.26.,186
15806,자유게시판,오늘은 노래 듣고 싶은 오후,새롬,2022.07.26.,85
15807,자유게시판,길가에 무수히 피어 있네요,양준,2022.07.26.,168
15808,정보 공유,[해외논문] 베이킹 소다는 암 환자를 위한 마법의 총알 역할을 합니까? 미니 리뷰 - 구글 번역 - 그리고 더 많은 관련 문서들,꿈많은사람2,2022.07.26.,499
15809,자유게시판,메트포르민 후기,소하랑,2022.07.27.,503
15810,자연치유.민간요법,물 한 잔의 감사함,자연가까이,2022.07.27.,203
15811,자유게시판,수술 후 6개월 정기검진,소하랑,2022.07.27.,428
15812,보관창고,종교적얘기라 혹 불편하시겠지만 감히 암치료하시는 분들께 도움이 될것같아 올립니다.,사루비,2022.07.27.,74
15814,자유게시판,안부,헤라,2022.07.28.,74
15816,자유게시판,오늘 핀 꽃,bearskin2,2022.07.28.,54
15817,정보 공유,[해외정보코로나프로토콜] FLCCC에서 발행한 코로나 예방 및 치료 프로토콜 - 최신 버전,꿈많은사람2,2022.07.28.,193
15818,자유게시판,안부,헤라,2022.07.29.,63
15819,자연치유.민간요법,익숙하고 평범한 것들에 대한 감사,자연가까이,2022.07.29.,216
15820,가입 인사,안녕하세요  가입인사 드립니다.,라나신난다,2022.07.30.,46
15821,정보 공유,[해외] 자주 하는 질문 - 1기의 암을 이겨냈는데요. 재발하지 않도록 하는 가장 좋은 방법은 무엇입니까?,꿈많은사람2,2022.07.30.,269
15822,자유게시판,참 신기합니다.,하늘별섬,2022.07.30.,261
15823,암 호전사례 정보,[해외호전사례] 호주 Bajah 의 아내 대장암 4기 - 조티펜스 + 제인 + COC + 표준 치료들 - 자세한 복용 💊 리스트 포함,꿈많은사람2,2022.07.30.,143
15824,자유게시판,소하랑 프로토콜,소하랑,2022.07.30.,866
15825,질문과 대답(QnA),소변시 통증,자유힐링,2022.07.31.,235
15826,보관창고,[공유] “보험 깰까?”…해지 전 납입유예 등 먼저 활용하세요,유진박,2022.07.31.,22
15827,자유게시판,안부,헤라,2022.07.31.,57
15828,정보 공유,[해외자료] 영문 - Dr Neil McKinney 웨비나 자료 Immune Regulation in Cancer 암의 면역 조절 - PDF,꿈많은사람2,2022.07.31.,133
15830,자유게시판,요즘 근황,나이야가라 폐선암4기,2022.08.01.,459
15831,자연치유.민간요법,관점의 차이로 다른 세상을 산다,자연가까이,2022.08.01.,117
15833,자유게시판,파나쿠어c 구매할려구요,예서아빵,2022.08.01.,160
15834,질문과 대답(QnA),매트포르민과 멜라토닝의 차이가 궁금해요,뽀미마미,2022.08.01.,176
15836,정보 공유,[유럽대사치료병원] UK European Integrative Practitioner/Clinic List July 2022. 영국 유럽 통합 개업의/클리닉 목록 2022년 7월.,꿈많은사람2,2022.08.01.,73
15840,보관창고,[공유] 잘못 낸 건강보험료 환급 권리 사라진 금액 5년간 300억 육박,유진박,2022.08.02.,5
15841,자유게시판,안부,헤라,2022.08.02.,106
15842,기타 자가임상 후기,쥐젓 사라짐 _ 알벤 50일 프로젝트,투게더투,2022.08.02.,754
15843,자유게시판,호스피스에서 구충제 복용중입니다,괌돌이 엄마,2022.08.03.,681
15844,자유게시판,안부,헤라,2022.08.03.,61
15845,자유게시판,채소먹는법,초록초록,2022.08.03.,220
15846,자유게시판,운동은 중독이군요.,하늘별섬,2022.08.03.,276
15849,자유게시판,럴수럴수  이럴수가;      감기엔 보온과 쉼이 최고..,자유사랑,2022.08.03.,131
15850,질문과 대답(QnA),피르비늄 먹는 시간,아이스ㅣ 유방암ㅣ보,2022.08.03.,193
15851,자유게시판,여기저기 아픈데가 많아서 류마티스 검사햇어요.,아이스ㅣ 유방암ㅣ보,2022.08.03.,324
15852,자유게시판,폭식가의 아침뷔페,bearskin2,2022.08.04.,263
15853,자유게시판,안부,헤라,2022.08.04.,48
15854,자연치유.민간요법,밀도 높은 삶 ㅣ 커피관장과 감사일기,자연가까이,2022.08.04.,150
15855,이버맥틴,이버멕틴 구하고자 합니다,미르솔림,2022.08.04.,382
15857,자연치유.민간요법,과거의 후회와 미래의 불안을 줄여주는 현재의 감사일기,자연가까이,2022.08.05.,97
15858,자유게시판,오늘 핀 꽃,bearskin2,2022.08.05.,39
15860,가입 인사,안녕하세요,요제니,2022.08.05.,67
15861,설금홍,면역 강화~ 잘못하면 암이 더 커집니다~ 암환자들은 면역조절제가 필요합니다^^,설금홍,2022.08.05.,494
15862,정보 공유,"[채종일 교수의 글모음] 책 중에서, 열여섯, 구충제로 암치료 한다. - 두달이 걸려서 책들을 배편으로 받음 - 환호~",꿈많은사람2,2022.08.05.,214
15863,정보 공유,"[해외호전사례] 미국 Bj 님의 아내 직장암 4기, 남편은 구급대원 paramedic - 고용량 펜벤다졸 복용법",꿈많은사람2,2022.08.06.,241
15864,자유게시판,[공유] 안타깝습니다 ! 많은 분들이  코로나 감염으로 사망하고 있습니다.  과연  이게  다  코로나  감염때문일까요 ?,배다별,2022.08.06.,364
15865,정보 공유,간세포암,삼도리,2022.08.06.,133
15866,기타 자가임상 후기,알벤다졸 복용,행복나무,2022.08.07.,"1,136"
15867,이버맥틴자가임상후기,매일 이버맥틴 36mg씩 복용한지 한달이 지났습니다,웃는돌땡이,2022.08.07.,"1,247"
15868,보관창고,고마운 분이 보내주신 내용. 공유합니다.,아이스ㅣ 유방암ㅣ보,2022.08.07.,"1,854"
15869,보관창고,"[공유] 국민건강보험공단 ""지난해 병원비 135만원 돌려드립니다“",유진박,2022.08.07.,33
15870,자유게시판,안부,헤라,2022.08.07.,67
15872,질문과 대답(QnA),장루중 관장,러블리팡팡,2022.08.07.,125
15873,자유게시판,오늘 핀 꽃,bearskin2,2022.08.07.,46
15874,자유게시판,"흰신 유감, But!",영차,2022.08.07.,321
15875,자연치유.민간요법,편안한 휴식에 대한 감사일기와 커피관장,자연가까이,2022.08.08.,117
15876,질문과 대답(QnA),삼키기 좋은 작은 사이즈의 커큐민제품 추천부탁드려요,괌돌이 엄마,2022.08.08.,166
15877,가입 인사,안녕하세요,담비맘,2022.08.08.,73
15878,자유게시판,안부,헤라,2022.08.09.,63
15879,질문과 대답(QnA),대전 펜벤다졸 구입 약국 전화번호가 바뀌었을까요?아니면 휴가?(연락완료),건강희망,2022.08.09.,353
15880,자연치유.민간요법,비 피해 없으시길 기도합니다🙏🏻 오늘도 감사일기와 커피관장,자연가까이,2022.08.09.,100
15881,설금홍,"이버멕틴의 부작용에 관한 내용, 암 치료를 위한 용량은?",설금홍,2022.08.09.,823
15883,보관창고,스파스!  우리앞에 닥칠 일들 ㅠ,자유사랑,2022.08.09.,17
15885,자유게시판,안부,헤라,2022.08.10.,66
15886,질문과 대답(QnA),아지스로마이신. 저렴한 곳 아실까요?,아이스ㅣ 유방암ㅣ보,2022.08.10.,261
15887,질문과 대답(QnA),나의 프로토콜,삼마,2022.08.10.,575
15888,자연치유.민간요법,모두 별일 없으시지요? ㅣ 안부 & 감사일기 & 커피관장,자연가까이,2022.08.10.,140
15889,정보 공유,[해외논문] 암의 특징 - 새로운 차원들 Hallmarks of Cancer : New Dimensions 2022년 최신 버전 from Douglas Hanahan 📍,꿈많은사람2,2022.08.10.,371
15890,자유게시판,멜라토닌 구입법 알수 있을까요?,괌돌이 엄마,2022.08.11.,210
15891,자유게시판,고용량 멜라토닌 구합니다  ㅜㅜ,괌돌이 엄마,2022.08.11.,239
15892,질문과 대답(QnA),이버복용기간 음주에 대하여 질문드립니다.,ONE,2022.08.11.,213
15893,자연치유.민간요법,"오늘도 아침루틴, 커피관장과 감사일기",자연가까이,2022.08.11.,102
15894,가입 인사,안녕하세요,용연,2022.08.11.,84
15896,보관창고,[공유] 잘못 낸 건강보험료 환급 권리 사라진 금액 5년간 300억 육박,유진박,2022.08.12.,16
15897,자유게시판,나물 무침,비소편평상피폐암,2022.08.12.,212
15898,가입 인사,안녕하세요,노랑노랑,2022.08.12.,66
15899,암 호전사례 정보,[해외호전사례] 미국 David 대장암 / 결장암 4기 뼈전이 조티펜스 복용법 + 고용량 펜벤다졸 - 커뮤니티의 선순환 구조,꿈많은사람2,2022.08.12.,475
15900,자유게시판,안부,헤라,2022.08.13.,73
15901,자유게시판,오늘 핀 꽃,bearskin2,2022.08.13.,50
15902,자유게시판,멜라토닌 구매사기 당했네요...,괌돌이 엄마,2022.08.13.,460
15903,정보 공유,[중고거래시] 더치트에 계좌번호나 휴대폰번호 조회 후 입금하세요!,요제니,2022.08.13.,108
15904,정보 공유,[해외 - 자주 하는 질문] 조티펜스 페북 그룹 - 어떤 사람들은 펜벤다졸 222mg 용량 보다 높게 하는 이유는 무엇인가요 ?,꿈많은사람2,2022.08.13.,253
15905,자유게시판,안부,헤라,2022.08.14.,71
15906,자유게시판,무좀 치유기,비소편평상피폐암,2022.08.14.,368
15907,정보 공유,"[해외호전사례] 스페인 37세 남자 4기 침샘암, 오프라벨 약들과 특별하게 디자인된 프로토콜 시도 - Mark의 시도",꿈많은사람2,2022.08.14.,193
15908,정보 공유,[해외뉴스] 호주 연구자들은 기존 약물의 용도를 변경하여 잠재적인 새로운 관절염 치료법을 찾습니다. - 구글번역 - ﻿펜토산폴리설페이트나트륨﻿ ﻿Pentosan polysulfate,꿈많은사람2,2022.08.14.,121
15910,자유게시판,꿈속에서 조차..,하늘별섬,2022.08.15.,236
15911,질문과 대답(QnA),니클로마사이드 작은반점?,크크별,2022.08.15.,293
15912,정보 공유,"프라지콴텔의 재발견 - 뇌혈관장벽 (BBB, blood brain barrier) 을 제일 잘 통과하는 것 아닐까? 그렇다면 🤔",꿈많은사람2,2022.08.15.,496
15913,자유게시판,안부,헤라,2022.08.16.,77
15914,가입 인사,안녕하세요~ 반갑습니다~,빵끗,2022.08.16.,62
15916,정보 공유,박문호 박사의 생명현상 특강 1부 ~ 6부 까지 동영상 강의 - 우리 몸에 대해서 아주 잘 설명 ( 초보자 부터 중급 / 고급까지 ),꿈많은사람2,2022.08.16.,191
15917,자유게시판,이버와 클로로퀸 조합.,치유와건강,2022.08.16.,469
15918,가입 인사,안녕하세요,헤븐시티즌,2022.08.17.,64
15919,자유게시판,코에서 수영 후 나오는 이것은?,헤븐시티즌,2022.08.17.,359
15920,암 호전사례 정보,[해외호전사례] 미국 Elena 여성 유방암 er/pr+ her2- 등급 2-3 invasive ductal/lobular - 대사치료쪽 | 표준치료 없는 프로토콜 자세한 pdf,꿈많은사람2,2022.08.17.,294
15921,보관창고,"[공유] ""금리 낮춰 주세요"", 금리인하 요구권 챙겨야하는 시대",유진박,2022.08.18.,24
15922,자연치유.민간요법,선선해서 기분 좋은 날 커피관장과 감사일기,자연가까이,2022.08.18.,88
15923,자유게시판,11시가 되니 정신을 차리네요.,하늘별섬,2022.08.18.,183
15924,자유게시판,비염으로 임한 두통..여쭤요,뽀미마미,2022.08.18.,147
15925,이버맥틴자가임상후기,이버멕틴 36mg 복용 45일째,웃는돌땡이,2022.08.18.,"1,058"
15926,자유게시판,의사들한테 피르비늄은 사람이 먹으면 안되는 약인가 봅니다...돌겠네요...하하하...,빵끗,2022.08.18.,451
15928,자유게시판,위궤양약 싸이토텍 있으신분 계신가요?,소니소나,2022.08.18.,29
15930,가입 인사,복막전이,myday0316,2022.08.18.,205
15931,암 호전사례 정보,[해외호전사례] 미국 여성 Debi (약60대후반 or 70대) 소세포암 SCLC 말기(terminal) - 조티펜스 복용법 + 고용량 펜벤다졸 = 멋진 복용리스트 칼라사진 🎯,꿈많은사람2,2022.08.18.,227
15932,자유게시판,어제 코에서 이런 것이 나왔어요.,헤븐시티즌,2022.08.18.,299
15933,자유게시판,"눈 한번 딱 감고 , 힘 모아 도와 주십시요~",산 처 럼,2022.08.19.,433
15934,보관창고,"[공유] 정부, 의료비 많이 쓴 148만명에 2조137억원 지금 바로 환급 신청하세요.",유진박,2022.08.19.,12
15935,자유게시판,요즘   딸과  제주도여행중입니다,헤라,2022.08.19.,486
15936,질문과 대답(QnA),병원 검사에 대해 질문드립니다.,파도타기,2022.08.19.,147
15937,보관창고,ㅂㅅ 속 괴생물체  ㅠ,자유사랑,2022.08.19.,31
15938,정보 공유,[해외제품] 고용량 펜벤다졸 페이스북 그룹에서 추천되는 TUDCA 투드카 제품들과 관련 게시글 - 구글 번역,꿈많은사람2,2022.08.19.,909
15939,자유게시판,8월 16일 핀꽃들,bearskin2,2022.08.19.,48
15940,정보 공유,과학자들은 암세포를 완전히 소멸 시키는데 성공했습니다.,산 처 럼,2022.08.20.,609
15942,자유게시판,코로나 양성 판정 두통 지속,롱롱이닫,2022.08.21.,234
15943,자연치유.민간요법,커피관장 & 대야산 산행 & 감사일기,자연가까이,2022.08.21.,323
15944,자유게시판,멜라토닌 복용량 늘려도 될까요?,임당,2022.08.21.,275
15945,자유게시판,긴박한 알림이라고 오는 건강검진 안내멜 받아보신분 계신가요?,하늘별섬,2022.08.21.,177
15946,질문과 대답(QnA),구충제와 항산화제 복용에 대한 궁금증,행복나무,2022.08.21.,483
15947,정보 공유,"[해외] 환우돌봄 - 병과 싸우는 과정에서, 나의 주변 사람들 '관계'에 대해서 - 단지 Patsy 님만의 이야기는 아닌듯 함 - 씁쓸함",꿈많은사람2,2022.08.21.,146
15948,자유게시판,썬파머제품 이버 12mg,나이야가라 폐선암4기,2022.08.22.,251
15949,자유게시판,오늘 핀 꽃,bearskin2,2022.08.22.,40
15950,정보 공유,"[해외] 환우돌봄 - 병과 싸우는 과정에서, 나의 주변 사람들 '관계'에 대해서 - 단지 Patsy 님만의 이야기는 아닌듯 함 - 2부",꿈많은사람2,2022.08.22.,88
15951,자유게시판,구충제 필요합니다,고딩이,2022.08.23.,274
15952,정보 공유,[한국기사펌] ﻿의사단체가 커뮤니티케어(지역사회 통합돌봄 선도사업) 확장에 사활을 걸고 있다,꿈많은사람2,2022.08.23.,95
15953,보관창고,[공유] 자고 나면 오르는 금리…금리인하요구권 사용해 보셨나요?,유진박,2022.08.23.,16
15954,보관창고,시니어전성시대에서도 이것의 부작용에 대해 말합니다!!!!!,자유사랑,2022.08.23.,40
15955,정보 공유,유투브 닥터덕 책 추천. (암 예방에 좋은 정보도 함께 작성 했어요),머머,2022.08.23.,191
15956,자유게시판,이버나 니타조 여분 되시는 분 부탁드려요.  CBD 오일은 제가 드릴 수 있습니다.,soma,2022.08.23.,179
15957,자유게시판,이버나나타어디서직구하는게좋은지아시는분게신가요?,스파클2,2022.08.23.,219
15959,자유게시판,피르비늄 구합니다,호아사랑,2022.08.24.,211
15960,설금홍,이버멕틴의 항균력과 면역조절에 관한 특징 : 결핵균과 질염균에 효과,설금홍,2022.08.24.,323
15962,자유게시판,아버지가 암진단을 받으셨습니다. 여쭤볼게 있어요~,starwberry71,2022.08.24.,366
15964,질문과 대답(QnA),이버멕틴과 메벤다졸 같이 먹어도 되나여??,러블리팡팡,2022.08.25.,406
15965,정보 공유,항암제 투여 후 응급 상황은 무엇이고 어떻게 해야 할까요?,산 처 럼,2022.08.25.,174
15966,암 호전사례 정보,"[해외호전사례] 영국 Noel 남성 69세, 췌장암 4기 - 고용량 펜벤다졸 복용법 - 간단버전 1부 그리고 한국형 복용법 초안",꿈많은사람2,2022.08.25.,557
15968,자유게시판,gwon0411 님 답변 주십시요?,산 처 럼,2022.08.26.,187
15969,자유게시판,떡본김에 제사지낸다고..,하늘별섬,2022.08.26.,216
15973,자유게시판,노화란...,하늘별섬,2022.08.26.,145
15974,자유게시판,하이드로신클로로퀸구입처,구름별,2022.08.26.,199
15975,가입 인사,가입인사드립니다,프리덤,2022.08.26.,46
15976,가입 인사,반갑습니다,릴리릴F,2022.08.26.,41
15977,질문과 대답(QnA),어머니 유방암 프로토콜 알고싶습니다.,릴리릴F,2022.08.26.,218
15978,기생충사진공유,어제 밤 나온 콧속 기생충,헤븐시티즌,2022.08.27.,456
15979,질문과 대답(QnA),대체요법인 MMS와 MMS2하고 계신분들,헤븐시티즌,2022.08.27.,210
15980,정보 공유,암치료의 핵심 소개,산 처 럼,2022.08.27.,394
15981,질문과 대답(QnA),Cbd 오일 한번만 봐주세요!,나유영,2022.08.27.,360
15982,자유게시판,제주여행  잘갔다왔어요,헤라,2022.08.27.,280
15984,자유게시판,유방암 신약허가 국민청원 입니다.,노원쭌이아빠,2022.08.27.,132
15985,가입 인사,이런곳이 있음에 감사합니다.,호수거울,2022.08.27.,208
15986,질문과 대답(QnA),이버멕틴 어떻게 구할 수 있을지 여쭈어요~🙏🏻,호수거울,2022.08.27.,386
15987,자유게시판,"해외 Max Life 투드카 750mg / cap , 60정 제품을 본사에 물어 본 후 결과, 그리고 구매 관심 있는 분들은 - 끝 🛑",꿈많은사람2,2022.08.27.,415
15989,자유게시판,안부,헤라,2022.08.28.,65
15990,자유게시판,육식과 암의 발생에 대해 다시 생각해보니...,늘푸른행복나무,2022.08.28.,343
15991,자유게시판,항암에 좋은 능이버섯,대전맘이에요,2022.08.28.,103
15992,자연치유.민간요법,커피관장과 감사일기,자연가까이,2022.08.28.,157
15993,자유게시판,이버멕틴 단것도  복용해도 돼는지요 ?,suk1234055,2022.08.28.,374
15995,자유게시판,안부,헤라,2022.08.29.,83
15996,설금홍,[임상시험] ﻿전이성 삼중음성 유방암 치료를 위한 이버멕틴 및 펨브롤리주맙,설금홍,2022.08.29.,246
15997,자연치유.민간요법,아름다운 가을하늘 & 커피관장과 감사일기,자연가까이,2022.08.29.,109
15998,자유게시판,해발700-800 청정자연  야생 아로니아 천연발효효소식초 담금,건강장수1,2022.08.29.,66
15999,암 호전사례 정보,"[해외호전사례] 영국 Noel 남성 69세, 췌장암 4기 - 고용량 펜벤다졸 복용법 + 최근에 이산화염소 Chlorine Dioxide 추가 (MMS) - 2부",꿈많은사람2,2022.08.29.,478
16000,자유게시판,아로니아,비소편평상피폐암,2022.08.30.,122
16002,자유게시판,요거 드셔보신분 계실까요~?,미뚱이,2022.08.30.,252
16003,자유게시판,안부,헤라,2022.08.30.,55
16005,자유게시판,디스토시드 구합니다,웃는돌땡이,2022.08.30.,251
16006,자연치유.민간요법,"오늘도 건강루틴, 커피관장과 감사일기",자연가까이,2022.08.30.,81
16007,자유게시판,세라펩타제 복용,치유와건강,2022.08.30.,375
16008,자유게시판,오늘 핀 꽃,bearskin2,2022.08.30.,59
16010,자유게시판,"유품정리 중 입니다) 록피드 면역 (새상품) , nk치료 양도 합니다",dbdlstjs269,2022.08.30.,326
16011,자유게시판,안부,헤라,2022.08.31.,70
16012,질문과 대답(QnA),옴나쿠어 과립 정리합니다,산하,2022.08.31.,205
16013,자연치유.민간요법,'다른 일이 일어나게 하려고 애쓰느라고 삶의 한 순간도 허비하지 말라. 당신에게 주어진 순간을 감사하고 음미하라' / 감사일기와 커피관장,자연가까이,2022.09.01.,70
16014,자유게시판,니클 구합니다.,대전소생,2022.09.01.,155
16015,자유게시판,안부,헤라,2022.09.01.,51
16016,질문과 대답(QnA),cbd 질문,아이스ㅣ 유방암ㅣ보,2022.09.01.,195
16017,자유게시판,"펜벨다졸 ,이버맥틴 구입했어요",사랑밤비,2022.09.01.,411
16018,자유게시판,"유기농 풋고추(파란)고추 판매합니다..--고추 부각, 튀김, 된장찌게용 으로 좋습니다",산하,2022.09.01.,125
16019,자유게시판,혈액암 4기 관해 2년6개월째,안평골,2022.09.01.,865
16020,자유게시판,안부,헤라,2022.09.02.,56
16021,자유게시판,부항도 좋은데 ….,어머나81,2022.09.02.,164
16022,설금홍,이버멕틴과 비결핵항산성균 치료에 관한 정보,설금홍,2022.09.02.,366
16023,자유게시판,해발700 청정자연 대형말벌집 노봉방주 담금,건강장수1,2022.09.02.,57
16024,암 호전사례 정보,"[해외호전사례] 미국 Gloria 유방암 ER+, her2+ 뼈전이 - 조티펜스 복용법 + 제인 대사 2021년 7월 글 - 1 부",꿈많은사람2,2022.09.02.,275
16025,자유게시판,안부,헤라,2022.09.03.,59
16027,암 호전사례 정보,"[해외호전사례] 미국 Gloria 유방암 ER+, her2+ 뼈전이 - 조티펜스 복용법 + 제인 대사 2021년 7월 글 - 2️ 부 🧊",꿈많은사람2,2022.09.03.,364
16028,자유게시판,등검은말벌 독성 체험,건강장수1,2022.09.03.,93
16029,자유게시판,유방암 진단 후 10개월 째.,소하랑,2022.09.03.,671
16030,자유게시판,오늘 핀 꽃,bearskin2,2022.09.03.,38
16031,암 호전사례 정보,[해외호전사례] 호주 가수 ﻿Brenda 62세 여성의 2번째 이야기는 다음 주에 - 더 자세하게 다룸,꿈많은사람2,2022.09.03.,116
16032,자유게시판,이베코프 구하고싶습니다,james1953,2022.09.04.,184
16033,자유게시판,이버멕틴 / 메벤다졸 구합니다,미라클,2022.09.04.,372
16034,암 호전사례 정보,"[해외호전사례] 미국 Megan의 60세 엄마 유방암 4기, ER+ PR+ HER2- (10년전에는 2기) - 고용량 펜벤다졸 - 6개월만에 좋은 결과 🎯",꿈많은사람2,2022.09.04.,346
16035,자유게시판,안부,헤라,2022.09.05.,63
16038,가입 인사,대장암4기 폐전이,해피19,2022.09.05.,507
16039,자유게시판,오늘부터 시작,사랑밤비,2022.09.05.,204
16040,자유게시판,구입완료. 알벤다졸 소량(10정정도) 구합니다. 약국에서 파는군요.댓글주신 모든분 감사합니다.,ONE,2022.09.06.,175
16042,자유게시판,안부,헤라,2022.09.06.,66
16043,자유게시판,피검사 간수치,사랑밤비,2022.09.06.,246
16044,자유게시판,"펜벤다졸,알벤다졸 복용법?",해피19,2022.09.06.,376
16045,암 호전사례 정보,[해외호전사례] 호주 가수 ﻿Brenda 62세 여성의 2번째 이야기 - ﻿원발성 복막 고급 3C기 - 댓글들에 있는 내용들 정리 - 고용량 펜벤다졸 그룹,꿈많은사람2,2022.09.06.,153
16046,정보 공유,국내 약국과 병의원 등 국내에서 알아보시면 되는 항암 대사 약물들,설금홍,2022.09.07.,642
16047,암 호전사례 정보,[해외호전사례] 미국 Amy의 남편 (Adam) 55세 전립선암 4기 - 주말에 쓸 것 약간 미리 보기 - 🌺 좋은 의사 만나는 것은 운인가요 ? - 고용량 펜벤다졸 그룹,꿈많은사람2,2022.09.07.,120
16048,자유게시판,유기농 고추가루 판매합니다,산하,2022.09.08.,166
16049,자유게시판,팬밴다졸 구입처,비소편평상피폐암,2022.09.08.,303
16050,설금홍,"니클로사미드의 특허내용 요약 : 암도 억제, 전이도 억제 팔방미남 Niclosamide",설금홍,2022.09.08.,400
16051,정보 공유,[해외논문] TUDCA 투드카 Tauroursodeoxycholic acid 는 핵 인자 kappaB 신호 전달을 억제하여 대장염 관련 결장암을 약화시킵니다 - 구글 번역,꿈많은사람2,2022.09.08.,291
16052,자유게시판,치매예방약?,bearskin2,2022.09.08.,283
16053,자유게시판,한가위 인사드립니다^^,제리호야,2022.09.09.,60
16056,자유게시판,풍성한 한가위 되세요^^,헤라,2022.09.09.,92
16057,암 호전사례 정보,[해외호전사례] 미국 Amy의 남편 (Adam) 55세 전립선암 4기 - 자세한 이야기 (+ 현실적인 돈 이야기 까지) - 아주 긴글,꿈많은사람2,2022.09.09.,181
16058,정보 공유,[조티펜스영상] 3번째 질문 답변 온라인 영상🎯 - 2022년 9월 8일 페북 라이브 방송 녹화분 - 영어,꿈많은사람2,2022.09.10.,188
16059,자유게시판,안부,헤라,2022.09.11.,101
16060,자유게시판,약은 빻아서...,하늘별섬,2022.09.11.,391
16062,자유게시판,오늘 핀 꽃,bearskin2,2022.09.12.,59
16064,자유게시판,안부,헤라,2022.09.13.,51
16065,자유게시판,췌장암 환우 치유상황,건강장수1,2022.09.13.,225
16066,자유게시판,코로나가 갑상선에 미치는 영향(갑상선암  내일수술해요:::),루엔코,2022.09.13.,173
16068,질문과 대답(QnA),피르비늄 복용법,러블리팡팡,2022.09.13.,374
16069,정보 공유,[해외논문] 암 치료의 멜라토닌: 현재 지식과 미래 기회 - 구글 번역 - 멜라토닌에 관한 새로운 논문들 리스트,꿈많은사람2,2022.09.13.,192
16070,질문과 대답(QnA),"선지국, 순대, 순대 간 먹어도 괜찮을까요",아이스ㅣ 유방암ㅣ보,2022.09.14.,475
16071,자유게시판,혈액암 관해 2년6개월째,안평골,2022.09.14.,428
16072,자유게시판,무료나눔,향기로운 바람,2022.09.14.,235
16073,정보 공유,[해외영상] 파킨슨병은 살충제 사용과 관련이 있습니까? | DW 다큐멘터리 Is Parkinson's disease related to pesticide use? | DW Documentary,꿈많은사람2,2022.09.14.,156
16074,자유게시판,“반말해?” 운전 중인 대리기사 피투성이 만든 50대,퐝새댁2,2022.09.14.,169
16075,정보 공유,책소개,어머나81,2022.09.15.,145
16076,자유게시판,안부,헤라,2022.09.15.,77
16077,유투브방송 링크나눔,[해외다큐멘터리] 멸종으로 가는 우리의 길을 먹는 것 Eating Our Way to Extinction 그리고 다른 동영상 +,꿈많은사람2,2022.09.15.,109
16078,정보 공유,모발 미네랄검사 경험 공유,어머나81,2022.09.16.,154
16079,자유게시판,안부,헤라,2022.09.16.,41
16080,자유게시판,9월5일부터 시작,사랑밤비,2022.09.16.,290
16081,설금홍,"니클로사미드의 항암작용 총정리편. 특허, 임상, 각종 암에 대한 작용기전, 관련된 논문",설금홍,2022.09.16.,367
16082,자유게시판,메벤다졸c형,사랑밤비,2022.09.16.,428
16083,질문과 대답(QnA),독시사이클린 + 메벤다졸 + 이트라코나졸,아이스ㅣ 유방암ㅣ보,2022.09.16.,585
16084,질문과 대답(QnA),두피,아이스ㅣ 유방암ㅣ보,2022.09.17.,224
16085,자유게시판,안부,헤라,2022.09.17.,63
16087,암 호전사례 정보,"[해외호전사례] 미국 vicki 자궁내막암 3C1 기 - 자궁적출술 받음, 항암/방사선 거부, 멕시코 Hope 4 Cancer 3주, 펜벤다졸은 아직 복용전 🌺",꿈많은사람2,2022.09.17.,250
16088,가입 인사,유방암 췌장전이 상태입니다,파일사랑,2022.09.17.,873
16089,자연치유정보 나눔,발포부항,어머나81,2022.09.17.,226
16090,자유게시판,알벤다졸 복용,해피19,2022.09.18.,436
16092,질문과 대답(QnA),멜라토닌은 어디서,어머나81,2022.09.18.,319
16094,자유게시판,안부,헤라,2022.09.19.,47
16096,자유게시판,유방암 췌장전이 입니다,파일사랑,2022.09.19.,658
16097,정보 공유,중금속 해독 식품,어머나81,2022.09.19.,189
16098,정보 공유,토복령 ㅡ 중금속 해독,어머나81,2022.09.19.,180
16099,이버맥틴자가임상후기,소세포폐암 4기. 뇌전이.,똥진이,2022.09.20.,803
16100,자유게시판,안부,헤라,2022.09.20.,66
16102,폐암,비소세포폐암 1기 수술한지 1년 4개월만에 4기 됐어요ㅠㅠㅠ,푸른 숲,2022.09.20.,690
16103,질문과 대답(QnA),피르비늄 복통,러블리팡팡,2022.09.20.,362
16106,질문과 대답(QnA),가입후 질문글 먼저 올려서  죄송합니다.,일편심,2022.09.21.,180
16107,자유게시판,엄마. 식욕부진 + 요도염 + 신장염 + 폐혈증,아이스ㅣ 유방암ㅣ보,2022.09.21.,210
16108,자유게시판,오늘 핀 꽃,bearskin2,2022.09.21.,44
16109,유투브방송 링크나눔,장내 미생물이 암치료를 좌우한다,냥가,2022.09.22.,317
16110,자유게시판,안부,헤라,2022.09.22.,39
16111,자유게시판,의료보험 되는 수액 영양제 중에서,아이스ㅣ 유방암ㅣ보,2022.09.22.,365
16112,자유게시판,"암, 파킨슨 등 난치병 치유,완치에 관한 소고",건강장수1,2022.09.22.,219
16114,자유게시판,안부,헤라,2022.09.23.,59
16115,설금홍,"방광암에 유망한 대체약물, 보조제, 피토케미컬",설금홍,2022.09.23.,363
16118,자유게시판,맨발걷기로 전립선 암 치료,비소편평상피폐암,2022.09.23.,382
16119,질문과 대답(QnA),시메티딘,아이스ㅣ 유방암ㅣ보,2022.09.24.,252
16120,자연치유.민간요법,금강기공-항암기공 포함,우로보로스,2022.09.24.,149
16121,자유게시판,이 병명이 뭔지요..,이공,2022.09.24.,307
16122,자유게시판,오늘 처음으로 아이스크림 먹어요.,하늘별섬,2022.09.24.,208
16123,자유게시판,니클로사마이드  복용시 정말 조심 하세요.,둥글게,2022.09.24.,"1,071"
16124,암 호전사례 정보,"[해외호전사례] 미국 ﻿Sandra 여성 58세 , 유방암 폐 전이, 의사는 관해 없다함(no cure), 고용량 펜벤다졸 - 2부",꿈많은사람2,2022.09.24.,276
16125,자유게시판,안부,헤라,2022.09.25.,79
16126,자유게시판,혹시...촌충 관련 질문입니다^^;,웃는돌땡이,2022.09.25.,623
16127,자유게시판,[ 현안 문제/ 안부. ],나이야가라 폐선암4기,2022.09.26.,244
16128,자연치유.민간요법,"아침루틴, 커피관장 & 감사일기",자연가까이,2022.09.26.,241
16129,이버맥틴자가임상후기,프로토콜 다시 최신판으로 수정했어요~,똥진이,2022.09.26.,619
16130,자유게시판,스트레스는 역시 만명의 근원같습니다.,하늘별섬,2022.09.26.,302
16131,자연치유.민간요법,숨쉬기 힘든 환우분들께 민간요법 정보 하나 드립니다.,우로보로스,2022.09.27.,330
16132,자유게시판,안부,헤라,2022.09.27.,43
16133,자유게시판,나만그른가..,하늘별섬,2022.09.27.,237
16134,자유게시판,등업 감사드립니다....,일편심,2022.09.27.,58
16135,자유게시판,너무나  감사하신   목사님 이십니다,분홍앵초,2022.09.27.,294
16136,자유게시판,하늘마을힐링센터 채소기생충 제거방법,배다별,2022.09.27.,328
16137,자유게시판,이버맥틴  급하게 구합니다,0729kong,2022.09.28.,430
16138,자유게시판,안부,헤라,2022.09.28.,45
16139,자유게시판,늘 생각하지만,소하랑,2022.09.28.,366
16140,질문과 대답(QnA),췌장암 환우 구충제 문의,싱긋,2022.09.28.,528
16141,자유게시판,안부,헤라,2022.09.29.,65
16142,자유게시판,메가도스 3000 분말 비타민 옥수수전분,롱롱이닫,2022.09.29.,320
16143,가입 인사,안녕하세요.,곰도리,2022.09.29.,97
16144,자유게시판,안부,헤라,2022.09.30.,44
16145,가입 인사,"유방암 삼중음성 뇌, 폐, 뼈전이 보호자입니다.",꼬미당,2022.09.30.,525
16146,자유게시판,아르테미시닌 500mg 미사용 새제품 있으신분 계신가요?,콩이네,2022.09.30.,99
16148,설금홍,"다니엘이 말하는 종양학에서 이버멕틴의  마법 ; 구체적인 용량과 복용법에 대한 조언, 부작용은?",설금홍,2022.09.30.,409
16149,암 호전사례 정보,[해외호전사례] 스웨덴 Amanda 엄마 53세 inoperable 성상세포종 Astrocytoma brain tumor 뇌종양 3등 grade 3 - 고용량 펜벤다졸,꿈많은사람2,2022.09.30.,215
16150,자유게시판,오늘 핀 꽃,bearskin2,2022.10.01.,36
16151,이버맥틴자가임상후기,알벤이나 이버 복용하고 탈모 오는 분들 계신가요?,thebook,2022.10.01.,710
16152,자유게시판,mms단독 안약 자가임상  공유,말콥,2022.10.01.,327
16153,자유게시판,"천연발효효소식초, 천연효소, 커피원두 브랜딩",건강장수1,2022.10.01.,65
16154,자유게시판,등산은 참 좋네요.,소하랑,2022.10.01.,371
16155,자유게시판,좋은 글이 있어서 소개 : 영문 - 구글 번역 - Mario de Andrade (브라질) 의 글,꿈많은사람2,2022.10.01.,91
16156,암 호전사례 정보,[해외호전사례] 미국 Robin 68세 여성 - 아마도 폐암 ( 조직검사 거부 ) - 고용량 펜벤다졸 🔋 용법 - CT 사진 있음 😍,꿈많은사람2,2022.10.01.,368
16157,자유게시판,맨발로 걸어라,bearskin2,2022.10.01.,207
16158,자유게시판,"해발700  야생 표고버섯,느타리버섯 채취",건강장수1,2022.10.02.,82
16160,암 호전사례 정보,[해외호전사례] 미국 Peggy님 남편 colon 대장암 4기 - 조티펜스 복용법 시작 + 고용량 펜벤다졸 효과 + 대사치료쪽 의사 🌺,꿈많은사람2,2022.10.02.,187
16161,정보 공유,[해외뉴스]  Our Cancers Are Filled With Fungi 우리의 암은 곰팡이로 가득 차 있습니다 - 구글 번역,꿈많은사람2,2022.10.02.,405
16162,이버맥틴자가임상후기,이버맥틴의 복용방법문의,자연치유를위해,2022.10.03.,675
16163,자유게시판,안부,헤라,2022.10.03.,63
16165,질문과 대답(QnA),영양제 흡수율,싱긋,2022.10.03.,222
16166,자유게시판,이렇게 될줄 알았다면,어머나81,2022.10.03.,449
16167,자유게시판,알밴다졸,비소편평상피폐암,2022.10.04.,433
16169,자유게시판,안부,헤라,2022.10.04.,64
16171,자연치유.민간요법,색채요법,우로보로스,2022.10.04.,130
16172,자유게시판,이버멕틴 구할 수 있을까요?,lastintro1,2022.10.04.,492
16173,자연치유.민간요법,마당을 마사토로 하고 걸으니 좋군요.,우로보로스,2022.10.05.,237
16174,자유게시판,안부,헤라,2022.10.05.,48
16175,자유게시판,수지침,소하랑,2022.10.05.,214
16176,자유게시판,단벡질 보충용으로 콩두유 만들어 드시는 무농약 콩 판매합니다^^,산하,2022.10.05.,245
16177,자유게시판,스트레스 관리,하늘별섬,2022.10.06.,183
16178,자유게시판,오늘 핀 꽃,bearskin2,2022.10.06.,54
16179,자유게시판,이책 ㅡ 좋은거 같아요,어머나81,2022.10.06.,190
16180,자유게시판,천연구충제 흑호두액,치유와건강,2022.10.07.,334
16181,자연치유.민간요법,"혁명적인 대체의학, 종부테라피",우로보로스,2022.10.07.,514
16182,자유게시판,혹시 이트코로나졸 구할수 있을가요?,훔바탁,2022.10.07.,228
16183,자유게시판,안부,헤라,2022.10.07.,68
16185,자유게시판,유튜브 뿔난햄스터님 조언,알파카,2022.10.07.,540
16186,보관창고,나눔합니다(완료),분홍앵초,2022.10.08.,48
16187,암 호전사례 정보,"[해외호전사례] 미국 Douglas 남성 약 50~60세 대장암 3기, 후두암 4기 - 300mg 펜벤 / 일 - 고용량 펜벤다졸 🔋그룹",꿈많은사람2,2022.10.08.,246
16188,자유게시판,실내 접지(어싱),비소편평상피폐암,2022.10.08.,723
16190,자유게시판,안부,헤라,2022.10.09.,71
16191,자유게시판,자궁내막암,초정,2022.10.09.,299
16192,암 호전사례 정보,[해외호전사례] 미국 Kirk 남성 소세포폐암 SCLC 4기 뇌전이 (2019) - 조티펜스 복용법 (﻿Joe를 개인적으로 아는 사람을 알게됨) 🎯 - 엄청 긴 글,꿈많은사람2,2022.10.09.,475
16193,자유게시판,흑호두액 복용 3일째..,치유와건강,2022.10.10.,332
16194,자유게시판,안부,헤라,2022.10.10.,32
16195,자유게시판,전립선 암 4기에서 맨발걷기로 완치,비소편평상피폐암,2022.10.10.,409
16196,자유게시판,치유의 숲,늘푸른행복나무,2022.10.10.,170
16197,자유게시판,어싱의 과학 (어싱이 통증과 염증에 미치는 영향),생생,2022.10.10.,327
16198,자유게시판,오랜만에 글씁니다~,엄마딸,2022.10.10.,283
16199,자유게시판,안부,헤라,2022.10.11.,78
16200,자연치유.민간요법,김자영 암전문의가 맨발걷기를 권하는 이유,우로보로스,2022.10.11.,393
16202,설금홍,난소암 치료를 위한 대체약물들 종합편,설금홍,2022.10.12.,256
16203,질문과 대답(QnA),멜라토닌과 스틸녹스(수면제) 같이 먹어도 될까요,아이스ㅣ 유방암ㅣ보,2022.10.13.,437
16204,자유게시판,전립선4기암 왼치자의 두번째 인터뷰,비소편평상피폐암,2022.10.13.,322
16205,자연치유.민간요법,치유 확언 명상,우로보로스,2022.10.13.,137
16206,자유게시판,안부,헤라,2022.10.13.,58
16208,자유게시판,꽃모음,bearskin2,2022.10.13.,63
16209,자유게시판,안부,헤라,2022.10.14.,52
16210,자유게시판,아몬드 이렇게드시면 좋다네요,믹스커피 조와,2022.10.14.,212
16211,자유게시판,쉬러 동내 공원의 단풍 감상합니다.,나이야가라 폐선암4기,2022.10.14.,107
16212,자연치유.민간요법,아픈 분들을 위한 장기 빛 비추기 명상과 암환우분을 위한 명상!,우로보로스,2022.10.14.,104
16213,자유게시판,영남알프스 구경하세요~,소하랑,2022.10.14.,225
16214,자유게시판,Tudca or 우루사 드시는 분들 있으실까요?,시나브로,2022.10.15.,701
16215,질문과 대답(QnA),알벤다졸 복용횟수?,쭉둘맘,2022.10.16.,481
16216,자유게시판,안부,헤라,2022.10.16.,48
16217,암 호전사례 정보,[해외호전사례] 영국 Natalia 님 삼중음성 유방암 TNBC - 항암/수술/방사선-> 재발 (뼈전이) -> 제인 대사 치료쪽 전환후 관해 NED ﻿🏷️ 아주 긴글,꿈많은사람2,2022.10.16.,907
16218,자유게시판,제 생각의 흐름과 동의보감이라는 것에 마음을 빼앗김,꿈많은사람2,2022.10.16.,206
16219,자유게시판,안부,헤라,2022.10.17.,47
16220,정보 공유,"아유르베다 를 검색하다가 '암, 알아야 이긴다' 라는 네이버 건강 백과에 잘 정리된 것을 발견 - 한방, 마음 관리도 나옴 -",꿈많은사람2,2022.10.17.,526
16221,자유게시판,오늘 아침 식사,bearskin2,2022.10.17.,162
16222,자유게시판,아유르베다 관련된 영어책들을 아마존에서 검색 해 보았습니다. 동의보감도 이 정도로 널리 알려졌으면 하는 마음에서,꿈많은사람2,2022.10.17.,81
16223,자유게시판,오늘 핀 꽃,bearskin2,2022.10.17.,29
16224,자유게시판,맨발 걷기,bearskin2,2022.10.17.,230
16225,자유게시판,안부,헤라,2022.10.18.,45
16228,자유게시판,와이프 근황 - 노약자나 심신약자들에게는 좀 불편한 사진들이 포함 될수도 있습니다. 11월 10일에 임플란트 수술 예약,꿈많은사람2,2022.10.18.,421
16229,이버맥틴자가임상후기,이버멕틴 흡수,파일사랑,2022.10.18.,"1,116"
16230,자유게시판,안부,헤라,2022.10.19.,61
16233,유투브방송 링크나눔,항암약초 - 2003년 방송 4부작 - 진주 MBC - 정말 보물 같은 영상들입니다.,꿈많은사람2,2022.10.19.,240
16234,자유게시판,과일식으로 치유되는,들꽃이,2022.10.19.,424
16235,자유게시판,안부,헤라,2022.10.20.,45
16236,질문과 대답(QnA),췌장암 조직검사 결과,파일사랑,2022.10.20.,420
16237,자연치유.민간요법,부정맥 증상을 호전시키는 지압법,우로보로스,2022.10.20.,288
16238,암 호전사례 정보,관해 4년차   입니다,분홍앵초,2022.10.20.,955
16239,자유게시판,안부,헤라,2022.10.21.,46
16241,암 호전사례 정보,"[해외호전사례] 미국 Amanda 4B기 자궁경부암, 약 30대 중반 - 3월 진단 - 초간단 조티펜스 복용법 🎯",꿈많은사람2,2022.10.21.,290
16242,자유게시판,안부,헤라,2022.10.22.,51
16243,자유게시판,야생감 수확,건강장수1,2022.10.22.,104
16244,자유게시판,맥도날드 패티서 기생충(고래회충 유충) 나온 뉴스 공유,행복나무,2022.10.22.,"1,368"
16246,자유게시판,안부,헤라,2022.10.23.,45
16247,정보 공유,간기능 치료제 소개합니다.,나이야가라 폐선암4기,2022.10.23.,483
16249,자유게시판,오늘 핀 꽃,bearskin2,2022.10.23.,53
16250,자유게시판,안부,헤라,2022.10.24.,63
16252,자유게시판,책소개 영상입니다,초록초록,2022.10.24.,102
16253,자유게시판,[설문조사 결과 공유] 항암목적 구충제 사용 환자의 사용경험 및 이상반응 조사,송보미,2022.10.24.,250
16254,자유게시판,코진의에서 진행중인 백신승인취소 행정소송 9월말 변론기일 때부터 뭔가 좀 이상합니다.,풍랑,2022.10.25.,135
16255,자유게시판,안부,헤라,2022.10.25.,43
16257,자유게시판,안부,헤라,2022.10.26.,49
16258,자유게시판,메벤다졸 구합니다,미라클,2022.10.26.,147
16259,유투브방송 링크나눔,"이해하는 약리학총론 [김의사박사] - 전체 22개 동영상들 - 어려운 것은 그냥 넘어가더라고, 쭉~ 한번 보시면 기초 다지기 좋습니다.",꿈많은사람2,2022.10.26.,165
16261,유투브방송 링크나눔,"[강연] 생명의 나무, 분자 유전학 _ by 김상욱 ㅣ 2022 가을 카오스강연 '진화' 6강 - 진화 관련 강연에서 '암'이 왜 나와?",꿈많은사람2,2022.10.26.,59
16262,자유게시판,안부,헤라,2022.10.27.,39
16263,자유게시판,백신 부작용 연구소 운영자님은 고소 취소하시고 운영자 자리도 넘기고 활동 그만두겠다더니 갑자기 후원 계좌를 공지로 올리시네요 (제 글을 무통보 삭제해버려서 여기다가 다시 올립니다.),풍랑,2022.10.27.,219
16264,자유게시판,인도산 메벡스 메벤다졸 얻었는데....,옵션하다쪽박,2022.10.27.,370
16265,자유게시판,절대호중구수치요,알파카,2022.10.27.,277
16266,자유게시판,암을 이기는 최고의 비결-송약사 강좌,우로보로스,2022.10.27.,289
16267,자유게시판,저는 조만간 퇴장하고자 합니다. 다들 잘 살아 남으시기 바랍니다.,풍랑,2022.10.27.,614
16269,자유게시판,안부,헤라,2022.10.28.,64
16270,자유게시판,해발700 달뜬골 야생 아로니아 천연발효효소식초 거름 및 겨울 동파예방,건강장수1,2022.10.28.,63
16271,질문과 대답(QnA),독일꺼 요메산이요,jhk2077,2022.10.28.,130
16272,암 호전사례 정보,[해외호전사례] 미국 Eve 여성 간암 HCC (2년전부터) - 3개월전에 새로 생긴 병변이 없어짐 -  고용량 펜벤다졸 🔋그룹,꿈많은사람2,2022.10.29.,233
16273,자유게시판,저선량 ct,비소편평상피폐암,2022.10.29.,140
16274,정보 공유,암치료 과정들과 우리들이 할 수 있는 일들 그리고 그 과정에서 고민들을 잘 보여주는 실제 예시들이 있어서 소개 합니다. 제 생각도 정리 할 겸,꿈많은사람2,2022.10.29.,350
16275,유투브방송 링크나눔,"2018년도 중국 영화 ""나는 약신이 아니다. "" 마치 우리 카페 이야기 같아서 많이 울었어요.",꿈많은사람2,2022.10.29.,196
16276,자유게시판,췌장암 함암 시작 하려는데요,기적이 꼭 일어나길,2022.10.30.,236
16277,자유게시판,오늘 아침 식사,bearskin2,2022.10.30.,122
16278,자유게시판,오늘 핀 꽃,bearskin2,2022.10.30.,33
16279,질문과 대답(QnA),"펜벤다졸 구입처와 복용량,복용시간대 를 알고싶습니다",자연치유를위해,2022.10.30.,363
16280,자유게시판,안부,헤라,2022.10.31.,40
16281,자유게시판,비타민 D 섭취방법 알려주세요.,bearskin2,2022.10.31.,287
16282,자유게시판,동생의 점심식단... 공유합니다.,일편심,2022.10.31.,272
16283,자유게시판,정원맨발걷기,bearskin2,2022.10.31.,183
16284,자유게시판,안부,헤라,2022.11.01.,41
16285,자유게시판,야생 커피원두 태양광 자연건조 법제,건강장수1,2022.11.01.,72
16286,자유게시판,해발700 야생 표고버섯 자연건조,건강장수1,2022.11.01.,101
16287,자유게시판,안부,헤라,2022.11.02.,48
16288,자유게시판,한동안 카페에 방문을 못했습니다,새롬,2022.11.02.,263
16289,질문과 대답(QnA),"타카페에서 콜레스테롤이 암의 먹이가 된다는 논문들과 함께, 우루사 udca / 투두카 tudca 가 담즙 배설 촉진하니 혈중 콜레스테롤 상승, 결국 암의 먹이를 제공하는 꼴 아닌가요?",꿈많은사람2,2022.11.02.,602
16290,자유게시판,이버멕틴12 구입원합니다,대관령사랑,2022.11.03.,224
16291,자유게시판,"인간극장 ""우리 지금 이대로"" 재방송을 보면서...",건강장수1,2022.11.03.,186
16292,자유게시판,안부,헤라,2022.11.03.,44
16294,자유게시판,식물의 접지 실험,비소편평상피폐암,2022.11.03.,202
16295,자유게시판,맨발걷기,bearskin2,2022.11.04.,185
16296,자유게시판,안부,헤라,2022.11.04.,44
16298,자유게시판,메벤다졸 무료나눔 글쓴 사람입니다.,봉봉경북,2022.11.04.,408
16299,유방암,유방암 인데 간전이 심해요. 방사선 가능할까요?   다른 방법 있나요~?,희망바람,2022.11.04.,390
16300,자유게시판,그라비올라가 암치료에 효과가 있을까요?,띵오,2022.11.04.,138
16301,자유게시판,어싱효과가 차이를 보이는 이유 하나-동영상 펌,우로보로스,2022.11.04.,283
16302,암 호전사례 정보,"[해외호전사례] 미국, Joe 남성 74세 전립선암- 수술,항암,방사선 없음 , ADT 6개월 하다가 그만둠 - 조티펜스 복용법 🎯",꿈많은사람2,2022.11.05.,152
16303,자유게시판,읽어봐주세요,알파카,2022.11.05.,369
16304,정보 공유,펜벤다졸이 다른 사람들을 효과가 있고 일부 사람들에게는 효과가 없나요 ? - 고용량 펜벤다졸 페이스북 관리자의 글,꿈많은사람2,2022.11.05.,268
16305,질문과 대답(QnA),유방암2기인데 피르비늄 구입관련,서울크리스틴,2022.11.06.,347
16307,보관창고,"[공유] ""몰라서 못 받는 일 없도록""...복지부, 개인 맞춤형 복지 서비스 안내",우신사,2022.11.06.,12
16308,자유게시판,안부,헤라,2022.11.06.,43
16309,자유게시판,청정자연 수령이 오래된 은행 천연발효효소식초 담금,건강장수1,2022.11.06.,101
16310,정보 공유,[해외논문내용] 투드카그룹은 혈청 및 간의 총 콜레스테롤 수치는 LD 그룹에 비해 유의하게 감소했습니다. ✅ 🙋‍♂️,꿈많은사람2,2022.11.06.,267
16311,정보 공유,[해외논문] 연구에 따르면 담즙산 투드카 TUDCA는 혈액뇌장벽을 통과할 수 있으며 독성이 낮습니다. 라는 내용이 있는 논문 📝,꿈많은사람2,2022.11.06.,255
16312,자유게시판,안부,헤라,2022.11.07.,51
16313,자유게시판,췌장암4기 항암중단 구충제 어떤걸루 시작해야 하나요,pos2170,2022.11.07.,430
16314,설금홍,"암환자는 우루사를 먹어야 할까? : 담즙산과 UDCA, TUDCA와 암과의 관계",설금홍,2022.11.07.,412
16315,정보 공유,"완전 흥미 진진 합니다. 우루사, 투드카 관련되서 말입니다. 그 이유는 이렇습니다. 한국에서 논쟁이 세계적인 논쟁으로 확장된 사례",꿈많은사람2,2022.11.07.,716
16316,자유게시판,안부,헤라,2022.11.08.,59
16317,암 호전사례 정보,[해외호전사례] 영국 Katie 의 아빠 췌장암 2기 - 수술 후 1회 항암 후 중단 - 고용량 펜벤다졸  🔋그룹,꿈많은사람2,2022.11.09.,267
16318,자유게시판,안부,헤라,2022.11.10.,38
16320,질문과 대답(QnA),인산의학을 실천하고 있으신 분 계신가요?,서울크리스틴,2022.11.10.,311
16321,자유게시판,한강억새,bearskin2,2022.11.11.,66
16323,자유게시판,원적외선이 다량 나온다는 원주 치악산 싸리치 옛길-둘레길 7코스 맨발걷기,우로보로스,2022.11.11.,203
16324,자유게시판,안부,헤라,2022.11.11.,61
16325,자유게시판,"건강글귀, 걷기 운동이 좋은이유",소확왕,2022.11.11.,169
16326,자유게시판,안부,헤라,2022.11.12.,60
16327,자유게시판,오늘 핀 꽃,bearskin2,2022.11.12.,37
16328,정보 공유,"[해외뉴스] 호주, 장 건강 회복을 위한 대변 이식에 대한 세계 최초 승인",꿈많은사람2,2022.11.12.,147
16329,자유게시판,안부,헤라,2022.11.13.,34
16331,궁을,"좋은 CBD오일 특가판매, 추천합니다",궁을,2022.11.13.,431
16332,정보 공유,[해외-참신한-생각] 스무디로 아침도 먹고 펜벤다졸도 복용하고 - 죽 도 괜찮지 않을까요 ? 😍 - 엉뚱한 상상,꿈많은사람2,2022.11.13.,176
16333,자유게시판,이버맥틴 복용 후 손발 가려웅,이쁜허브,2022.11.13.,290
16334,자유게시판,안부,헤라,2022.11.14.,80
16335,자유게시판,[한국암재활협회]암환우와 그 가족을 위한 토닥토닥 힐링캠프,한암회,2022.11.14.,97
16337,자유게시판,안부,헤라,2022.11.15.,66
16338,자유게시판,실내 어싱,비소편평상피폐암,2022.11.15.,406
16339,자유게시판,충주 정원의단풍,bearskin2,2022.11.15.,114
16340,자유게시판,안부,헤라,2022.11.16.,73
16341,자유게시판,좋은소식!!,소하랑,2022.11.16.,595
16342,자유게시판,돼지고기 염지의 중요성,천리안,2022.11.16.,283
16343,자유게시판,안부,헤라,2022.11.17.,74
16345,자유게시판,안녕하세요 자궁내막암 전이 환자 입니다,해보자,2022.11.18.,273
16346,정보 공유,[해외논문리뷰기사] 항생제와 함께 프로바이오틱스를 섭취하면 장내 미생물 구성의 손상을 예방하거나 줄일 수 있습니다 🏷️,꿈많은사람2,2022.11.18.,136
16347,정보 공유,[딴짓거리-자가임상] 왜 지금 자가 임상 시험들이 활성화 되고 있는가? 라는 주제로 📝썰을 풀어 볼까해서 간단하게 적어 봅니다. 🙋‍♂️,꿈많은사람2,2022.11.18.,235
16348,암 호전사례 정보,[해외호전사례] 미국 Johnny 남성 폐암 4기 뼈전이 간전이 등 - 조티펜스 복용법 시작 + 제인 대사 치료 공부 + 고용량 펜벤다졸 페북에 글 올림 🔋,꿈많은사람2,2022.11.19.,216
16349,정보 공유,"안녕하십니까?이문셸,immunotherapthy에 알고싶습니다",자연치유를위해,2022.11.20.,90
16350,자유게시판,안부,헤라,2022.11.20.,42
16351,기생충정보,"중추신경계(뇌, 척수)의 기생충 감염 증상",말콥,2022.11.20.,359
16352,정보 공유,"[자료저장목적] 생리학, 해부학, 병리학, 약리학 박억숭 공저 수문사 동영상들이 유튜브에 있습니다. 그리고 번뜩이는 생각 🎯",꿈많은사람2,2022.11.20.,330
16353,자유게시판,명상의 꽃이라 불리는 명상법 하나,우로보로스,2022.11.20.,103
16354,자유게시판,이버맥틴구입ㅡ 사쿠라허브,lastintro1,2022.11.20.,481
16355,기생충정보,[사례]자궁내막증과 주혈흡충증,말콥,2022.11.21.,304
16357,자유게시판,[건강글귀] 박수로 건강을 지킨다,소확왕,2022.11.21.,78
16358,보관창고,"건강좋은글, 효과적인 면역력 높이는 방법들",소확왕,2022.11.22.,124
16359,정보 공유,"[해외공부열심하는분] Abbey Mitchell 호주 여성 , 2014년 유방암 진단 - 그동안 공부한 것들을 정리 아주 잘 해 놓았습니다. 📝",꿈많은사람2,2022.11.22.,213
16360,질문과 대답(QnA),비염에  이버나 기생충 약이 효과 있는가요 ?,당근맨123,2022.11.22.,306
16361,자유게시판,안부,헤라,2022.11.23.,39
16362,설금홍,[다니엘 토마스] 포괄적이고 강력한 암 치료 프로토콜 ; 실제 환자들 치료효과가 사례로 있고 미국내 플로리다에 병원이 있음,설금홍,2022.11.23.,287
16364,자유게시판,메트포르민 구합니다.,베베12,2022.11.24.,283
16367,자유게시판,친정엄마  글을  보는것 같아요,분홍앵초,2022.11.24.,310
16368,자유게시판,급하게 질문드립니다.,녹차향,2022.11.24.,213
16369,자유게시판,안부,헤라,2022.11.24.,62
16370,질문과 대답(QnA),목이 아파요,아이스ㅣ 유방암ㅣ보,2022.11.25.,205
16371,자유게시판,캠핑갔다와서 구충제 먹기,행복나무,2022.11.25.,187
16372,자유게시판,"건강상식모음,손이 보여주는 건강 신호 6가지",소확왕,2022.11.25.,140
16373,암 호전사례 정보,"[해외호전사례] 호주 Dione 님 자궁경부암 4기 뼈전이 림프전이, 항암 거부, 호주스타일 조티펜스의 복용법과 제인의 대사 치료법 🎯",꿈많은사람2,2022.11.25.,508
16374,설금홍,다니엘 토마스의 적은 약으로 암을 불구로 만들기,설금홍,2022.11.26.,347
16375,자유게시판,심장병환자 그리고 암환지입니다 기생충약 먹어도 돼나요?,suk1234055,2022.11.26.,362
16376,자유게시판,한강 가을풍경,bearskin2,2022.11.26.,77
16377,자유게시판,오늘 아침 식사,bearskin2,2022.11.27.,190
16378,질문과 대답(QnA),자궁내막암 림프전이 환자 복용약 검토부탁드립니다,황도주스,2022.11.27.,388
16379,질문과 대답(QnA),구충제 장기복용시 신장과는 상관이 없을려나요?,와우와우 쩝,2022.11.27.,442
16380,자유게시판,욕창연고.틀니세정제 나눔,초록빛,2022.11.27.,79
16381,질문과 대답(QnA),니클로사마이드로 복용중이신 분들께 문의드려요.,게딱지,2022.11.28.,567
16382,질문과 대답(QnA),날트렉손 복용법 항암중 복용 가능한가요?,황도주스,2022.11.28.,211
16383,자유게시판,안부,헤라,2022.11.28.,41
16384,자유게시판,제로콜라와 탄산수,하늘별섬,2022.11.28.,205
16385,정보 공유,펜벤다졸이 뭐라고 이렇게까지 하시는지요? 국립암센터 암정복추진연구개발사업의 재정지원을 통해 수행된 논문,꿈많은사람2,2022.11.28.,499
16386,자유게시판,영하7도 정원의 꽃,bearskin2,2022.11.28.,108
16387,질문과 대답(QnA),유방암 4기,귀인열전,2022.11.29.,330
16388,자유게시판,왠지 모를 찝찝함에... 소설을 써봅니다. 설마 아니겠죠? 펜벤다졸이 뭐라고,꿈많은사람2,2022.11.29.,482
16389,질문과 대답(QnA),날트렉손은,아이스ㅣ 유방암ㅣ보,2022.11.30.,196
16390,자유게시판,구충제 나눔,주윤발,2022.11.30.,287
16391,자유게시판,안부,헤라,2022.11.30.,44
16392,자유게시판,눈모낭충/속눈썹 비듬 가정 요법,말콥,2022.11.30.,191
16395,자유게시판,[한국암재활협회] 암환우와 그 가족을 위한 힐링공연,한암회,2022.11.30.,52
16396,질문과 대답(QnA),LDH 젖산탈수소효소 낮추는 방법없을까요???,탑찰스,2022.11.30.,100
16397,자유게시판,[공유] 암환자를 위한 국가지원제도 무엇이 있나,잠만보친구5,2022.11.30.,124
16398,자유게시판,"지구 반대편으로 배 타고 온 책들 자랑질, 그 중에서 제일 먼저 읽은 책의 4장 끝 , '죽음의 한가운데 있는 삶'의 내용",꿈많은사람2,2022.11.30.,162
16399,자유게시판,마지막 남은  몇장의 깻잎짱아찌,분홍앵초,2022.11.30.,217
16401,자유게시판,안부,헤라,2022.12.01.,64
16402,자유게시판,알벤다졸(국산) 유상나눔합니다,어메이징 그레이스,2022.12.01.,228
16403,자유게시판,완료,오소이아,2022.12.01.,109
16404,정보 공유,"[한발빠른-해외뉴스] FDA, Ferring Pharmaceuticals의 첫 마이크로바이옴 약물 승인 - 구글번역",꿈많은사람2,2022.12.01.,134
16405,자유게시판,안부,헤라,2022.12.02.,43
16406,자유게시판,겨울철 어싱을 위한 신발 두종 체험입니다.,우로보로스,2022.12.02.,772
16407,정보 공유,"[한발빠른-자가임상] 호주 ﻿IVOMEC 주사제 이버맥틴 Unboxing 언박싱, 오늘 받아서 바로 열어 보았습니다. 맛은 없어요 ㅠ.ㅠ",꿈많은사람2,2022.12.02.,298
16408,보관창고,"잘못 부과한 건보료 864억 원, 3년 지나니 건보공단이 ‘꿀꺽’",잠만보친구5,2022.12.03.,15
16409,자유게시판,안부,헤라,2022.12.03.,36
16410,자유게시판,요즘 식구모두 코로나걸려자가격리,헤라,2022.12.03.,364
16411,정보 공유,[책소개] 의사의 예상을 뒤엎고 암과 난치병을 이겨낸 사람들의 10가지 공통된 치유 요소 - 어쩜 이렇게 똑같아요 ?,꿈많은사람2,2022.12.03.,385
16412,자유게시판,안부,헤라,2022.12.04.,60
16413,자유게시판,불면증,bearskin2,2022.12.04.,236
16414,암 호전사례 정보,"[해외호전사례] 미국 David 남성 53세 63kg 췌장암 4기, 간전이 - 감동, 단 6개월만에 좋은 소식 - 최신 조티펜스 복용법 🎯",꿈많은사람2,2022.12.04.,381
16415,보관창고,[공유] 나도 의료비 돌려받나…작년 본인부담상한액 2조 환급,잠만보친구5,2022.12.05.,15
16416,자유게시판,"아버지, 하늘나라에서 편안하세요.",비발디,2022.12.05.,956
16417,질문과 대답(QnA),날트렉손이 필요한데,건강한신체,2022.12.05.,274
16418,자유게시판,[한국암재활협회] 석정웰파크병원과 함께하는 '암 면역 프로그램' 무료 체험,한암회,2022.12.05.,66
16421,자유게시판,안부,헤라,2022.12.06.,51
16422,자유게시판,흙 살리기,분홍앵초,2022.12.06.,149
16423,자유게시판,약물 상호작용에 대해 여쭙습니다.,소하랑,2022.12.06.,268
16424,자유게시판,해발800 야생 토종 왕태콩 메주 완성,건강장수1,2022.12.06.,59
16425,자유게시판,안부,헤라,2022.12.07.,39
16427,정보 공유,대한기능의학회 우리동네주치의 리스트 (59개) 하고 ﻿Dr. Ha Clinic Network 소속 병의원 (대한비타민C암연구회) 리스트 - 137개,꿈많은사람2,2022.12.07.,"4,086"
16428,자유게시판,2023년이 얼마 안남았군요.,하늘별섬,2022.12.07.,154
16429,자유게시판,맨발걷기 어싱 유튜브에서 찾아보았습니다,유예생,2022.12.07.,400
16430,자유게시판,피라맥스 구합니다,가끔하늘보기,2022.12.07.,123
16431,자유게시판,UDCA  VS   밀크씨슬,행복나무,2022.12.07.,121
16432,자유게시판,안부,헤라,2022.12.08.,43
16434,자유게시판,"건강글귀, 치매와 멀어지는 26가지 방법",소확왕,2022.12.08.,109
16435,자유게시판,니클로사마이드 팝니다,콩새,2022.12.08.,188
16436,자유게시판,담낭 용종,초록초록,2022.12.08.,171
16437,정보 공유,한국 신문 기사 - 서울 대형병원으로 쏠리고 인기과로 몰리는 전공의 지원자들,꿈많은사람2,2022.12.08.,207
16438,질문과 대답(QnA),안녕하세요 펜벤다졸은 다들 어디서 구하시나요?,와우와우 쩝,2022.12.09.,276
16439,질문과 대답(QnA),혹시 옴니쿠어 1통에 150그람짜리 파실분 있으신가요!,와우와우 쩝,2022.12.09.,88
16440,자유게시판,안부,헤라,2022.12.09.,46
16442,자유게시판,메트포르민 구합니다,칠전팔기,2022.12.09.,187
16443,자유게시판,비오틴,긍정의 힘,2022.12.09.,195
16444,자유게시판,"피르비늄,메트로니다졸여유있으신분구입원합니다",스파클2,2022.12.09.,105
16445,자유게시판,어싱매트 집안에 접지선이 없는경우,유예생,2022.12.09.,408
16446,자유게시판,변기물 내릴때 꼭 뚜껑닫으세요,행복나무,2022.12.10.,249
16447,자유게시판,안부,헤라,2022.12.10.,45
16448,자유게시판,황금향,주윤발,2022.12.10.,157
16449,자유게시판,오늘 식단,bearskin2,2022.12.10.,212
16450,자유게시판,안부,헤라,2022.12.11.,47
16455,자유게시판,어싱패드,bearskin2,2022.12.11.,359
16456,질문과 대답(QnA),내사주는  어떤 운명일까요?,이신니신,2022.12.11.,153
16457,암 호전사례 정보,[해외호전사례] 미국 Heather님 남편 췌장암 간 하고 복막전이 -항암+면역+임상시험  - 고용량 펜벤다졸 용법 🔋,꿈많은사람2,2022.12.11.,436
16458,자유게시판,안부,헤라,2022.12.12.,39
16459,설금홍,"항산화제 마냥 좋을까요? 암 치료를 위한 항산화제와 산화제의 역할, Nrf2 활성화제와 억제제",설금홍,2022.12.12.,245
16460,자유게시판,오늘은 대청소하는 날입니다.,하늘별섬,2022.12.12.,180
16461,자유게시판,우리는 사랑이다!,자유사랑,2022.12.12.,55
16462,자유게시판,동테이프로 어싱패드 만드는 방법,bearskin2,2022.12.12.,301
16463,자유게시판,접지단자,bearskin2,2022.12.12.,155
16464,가입 인사,가입인사 드립니다.,해,2022.12.12.,60
16465,자유게시판,안부,헤라,2022.12.13.,56
16466,자유게시판,""" 항산화제 마냥 좋을까요? "" 라는 글을 샘플로 해서 첫 문단만 동영상으로 만들어 봤습니다.",꿈많은사람2,2022.12.13.,126
16467,자유게시판,암환자가 먹으면 안되는 단백질,행복나무,2022.12.13.,421
16468,자유게시판,서울집 접지한곳,bearskin2,2022.12.13.,245
16470,자유게시판,안부,헤라,2022.12.14.,61
16471,자유게시판,아스피린먹고 피검사,artok,2022.12.14.,310
16472,질문과 대답(QnA),디스토시드 구합니다.,윤규보,2022.12.15.,252
16473,자유게시판,눈사람,요제니,2022.12.15.,82
16474,자유게시판,한국신문기사-이대목동병원 신생아 사망사건 의료진 전원 '무죄' 확정- 참 어처구니가 없습니다🤬🤬,꿈많은사람2,2022.12.15.,131
16475,자유게시판,안부,헤라,2022.12.16.,48
16476,정보 공유,"[해외책] 2023년 2월에 출시될 예정인 The War on Ivermectin, 저자는 Pierre Kory , FLCCC 공동 창업자입니다.",꿈많은사람2,2022.12.16.,119
16477,자유게시판,호스피스 구충제,황도주스,2022.12.16.,242
16478,자유게시판,"건강글귀, 골다공증 막기 위한 뼈 건강 관리법",소확왕,2022.12.16.,111
16479,자유게시판,눈사람과 맨발걷기,bearskin2,2022.12.16.,164
16480,자유게시판,안부,헤라,2022.12.17.,47
16481,질문과 대답(QnA),궁금하고 답답한 마음에 글을 남깁니다,무지개,2022.12.17.,97
16482,유투브방송 링크나눔,암세포를 정상 세포로 돌릴 수 있다.,냥가,2022.12.17.,435
16483,정보 공유,[해외커뮤니티] 영어권 해외 커뮤니티들 회원수 증가율 비교 2020년 12월부터 지금 2022년 12월까지,꿈많은사람2,2022.12.17.,104
16484,자유게시판,안부,헤라,2022.12.18.,44
16485,암 호전사례 정보,"[해외호전사례] 미국 Darcel님의 언니, 수술 불가능한 팬코스트 폐암 Pancoast cancer - 몇년전에 임시로 항암과 방사선 치료- 8개월전에 펜벤다졸 소식 듣고 - 고용량 펜벤다졸 용법 🔋",꿈많은사람2,2022.12.18.,300
16486,자유게시판,[공유] 암환자 국가지원 복지제도는? '의료비부터 생계비까지',잠만보친구5,2022.12.19.,105
16487,자유게시판,안부,헤라,2022.12.19.,47
16488,자유게시판,메트폴민 500mg 구입,lastintro1,2022.12.19.,128
16489,설금홍,[다니엘 토마스] 강력한 재택 암 치료,설금홍,2022.12.19.,352
16490,자유게시판,"건강정보글,손이 보여주는 건강 신호 6가지",소확왕,2022.12.19.,184
16491,자유게시판,참 스펙타클 합니다,새벽빛이었던 그는,2022.12.20.,321
16492,암 호전사례 정보,고용량 펜젠다졸,새벽빛이었던 그는,2022.12.21.,534
16493,질문과 대답(QnA),날트렉손  먹는 시간과 방법 알려주세요,아이스ㅣ 유방암ㅣ보,2022.12.21.,196
16494,자유게시판,기우이길 …,새벽빛이었던 그는,2022.12.21.,162
16495,자유게시판,안부,헤라,2022.12.21.,48
16496,설금홍,"[다니엘 토마스] 초기 암 치료에 대한 제언, 전반적인 고형암에 대한 치료법으로 봐도 무방할듯",설금홍,2022.12.21.,147
16497,자유게시판,103 세 노모 고관절 파손,양준,2022.12.21.,254
16498,자유게시판,어깨.목에 부항 떠보신분~,이공,2022.12.21.,179
16499,자유게시판,암세포 내 미생물,주윤발,2022.12.21.,264
16500,정보 공유,저번 10월에 배로 보낸 책들이 도착 - 그 중에서 - 암4기 투병여행 5년째  지푸라기 박수근 지음 책 중에서,꿈많은사람2,2022.12.21.,163
16501,자유게시판,요즘은,소하랑,2022.12.21.,288
16505,자유게시판,[공유] 암환자 정부지원금과 국가지원제도 확인하세요,잠만보친구5,2022.12.22.,121
16507,자유게시판,안부,헤라,2022.12.22.,40
16508,자유게시판,해발700 설경과 쪽빛 창공,건강장수1,2022.12.22.,89
16510,자유게시판,충주집의 설경,bearskin2,2022.12.22.,182
16511,자유게시판,안부,헤라,2022.12.23.,53
16512,자유게시판,고드름꽃,bearskin2,2022.12.23.,67
16513,암 호전사례 정보,"[해외호전사례] 미국 Jake의 아내 40세 (5명의 아이들), 대장암, PET 스캔 기다리다가 좋아진 경우 - 조티펜스 복용법 🎯 1-2",꿈많은사람2,2022.12.23.,568
16514,암 호전사례 정보,"[해외호전사례] 미국 Jake의 아내 40세 (5명의 아이들), 대장암, PET 스캔 기다리다가 좋아진 경우 - 조티펜스 복용법 🎯 2-2",꿈많은사람2,2022.12.24.,183
16515,정보 공유,[한발빠른해외뉴스] 미국 실리콘 밸리가 당신의 마이크로바이옴를 위해 오고 있습니다. (돈을 엄청 쏟아 붇고 있다는 것) 🍄,꿈많은사람2,2022.12.24.,162
16516,자유게시판,손녀들과의 겨울나들이,bearskin2,2022.12.24.,132
16517,자유게시판,안부,헤라,2022.12.25.,48
16518,자유게시판,메리크리스마스 해피뉴이어!,하늘별섬,2022.12.25.,123
16519,질문과 대답(QnA),메벤다졸버목스와 기본적으로 먹는 메벤다졸c형은 차이가 있나요? 혹시 잘아시는분들요!,와우와우 쩝,2022.12.25.,254
16520,가입 인사,가입인사,식도암 수술림프전이,2022.12.26.,152
16521,자유게시판,안부,헤라,2022.12.26.,47
16523,자유게시판,덕평휴게소별빛정원우주모습,bearskin2,2022.12.26.,105
16524,정보 공유,위암4기,반짝반짝 하니맘,2022.12.26.,418
16525,자유게시판,안부,헤라,2022.12.27.,55
16526,설금홍,암이라는 자동차의 배기구를 막자! ﻿암 치료의 핵심 전략 : 종양의 산 알카리를 이용한 pH 표적 치료법,설금홍,2022.12.27.,286
16527,자유게시판,정선군 알파인 활강스키장의 가리왕산 케이블카 시승체험과 절경,건강장수1,2022.12.27.,82
16528,자유게시판,안부,헤라,2022.12.28.,51
16529,강직성 척추염(척수염),3년동안 달려온 결과- 진행이 더상 안되고 그대로임 - 3전  x- ray 와 지금의 x-ray 사진은  동일,투게더투,2022.12.28.,417
16531,자유게시판,안부,헤라,2022.12.29.,60
16532,가입 인사,안녕하세요,노을이,2022.12.29.,64
16533,질문과 대답(QnA),cbd오일을 구매하고자 합니다,노을이,2022.12.29.,247
16534,자유게시판,간 이야기 ...간경화의 시작(알벤다졸 부작용),세꼬시,2022.12.29.,"1,086"
16535,정보 공유,[해외소식] 미국 FDA에 공식 웹 문서로 소개된 Off Label Drug 오프라벨 드럭 과 Right To Try 시도할 권리 1 -2,꿈많은사람2,2022.12.29.,702
16536,자유게시판,안부,헤라,2022.12.30.,29
16537,정보 공유,[해외소식] 미국 FDA에 공식 웹 문서로 소개된 Off Label Drug 오프라벨 드럭 과 Right To Try 시도할 권리 2 -2,꿈많은사람2,2022.12.30.,271
16538,자유게시판,각종 암과 파킨슨 등 퇴행성뇌질환에 대한 소고,건강장수1,2022.12.30.,173
16539,정보 공유,한국바이오협회 2022년 4월에 [보고서] [이슈 브리핑] ﻿의료용 대마의 산업적 활용에 대한 국내외 규제 동향 pdf,꿈많은사람2,2022.12.30.,91
16540,자유게시판,안부,헤라,2022.12.31.,41
16541,자유게시판,2022년잘마무리하시구2023년  새해복많이 받으세요 ^^,헤라,2022.12.31.,78
16542,자유게시판,알벤다졸 팝니다.,엄마가 보낸 남편,2022.12.31.,253
16543,자유게시판,"테일러님!, 제석산님! 일일 일생 좋다님 !",분홍앵초,2022.12.31.,569
16544,자유게시판,[한발빠른새해] 2023년에는 꼭 희망이 현실로 되기를 간절히 기원합니다. 🎯,꿈많은사람2,2022.12.31.,90
16545,가입 인사,가입인사 겸 새해인사🐰,플로킴입니다,2023.01.01.,68
16546,자유게시판,새해인사~~~,나이야가라 폐선암4기,2023.01.01.,156
16547,자유게시판,2023년 새해복많이 받으세요 ~^^,헤라,2023.01.01.,95
16548,암 호전사례 정보,"[해외호전사례-약간보기] 필리핀, Andy 남성, 비인두암 4기, 힘들어서 항암 치료 거부 -  고용량 펜벤다졸 용법 🔋",꿈많은사람2,2023.01.01.,439
16549,자유게시판,안부,헤라,2023.01.02.,46
16550,가입 인사,가입인사드립니다,인생은 선택의 연속,2023.01.02.,73
16551,질문과 대답(QnA),인도산 파나쿠어가 생겼는데 오스트리아산 보단 확실히 별로겠죠?,프리덤,2023.01.02.,180
16552,가입 인사,인사드립니다,코코넛밀크,2023.01.02.,64
16553,자유게시판,안부,헤라,2023.01.03.,52
16554,설금홍,"골육종에 이버멕틴이 얼마나 유효한지 가장 최근 논문과 담도암, 담관암 치료에 쓰이는 항암 대체약물들에 대한 정리",설금홍,2023.01.03.,418
16555,가입 인사,인사 드립니다,인천선비,2023.01.03.,86
16556,자유게시판,안부,헤라,2023.01.04.,51
16557,자유게시판,복용법 문의,알파카,2023.01.04.,302
16558,자유게시판,옛날 정원사진,bearskin2,2023.01.04.,117
16559,질문과 대답(QnA),"담도확장증,이트라코나졸 복용법 문의",괌돌이 엄마,2023.01.05.,424
16561,자유게시판,안부,헤라,2023.01.06.,36
16562,자유게시판,천종식 서울대 교수의 마이크로바이옴 특강마이크로바이옴 총정리! 장내 미생물과 질병과의 관계를 요약해드립니다 | 천종식 교수의 마이크로바이옴 클라스,투게더투,2023.01.06.,133
16563,암 호전사례 정보,"[해외호전사례] 미국 Konnie 여성 비소세포폐암 NSCLC 4기 뼈전이, 수술불가 - 조티펜스 복용법 🎯 이제 3년째 접어듬",꿈많은사람2,2023.01.06.,316
16564,자유게시판,니타조사나이드,Oo나라사랑oO,2023.01.07.,470
16566,기타 자가임상 후기,제가 경험한 이트라코나졸 정보를 공유합니다,괌돌이 엄마,2023.01.07.,602
16567,자유게시판,췌장암 이렇게 고친다네요.,분홍앵초,2023.01.07.,568
16568,정보 공유,[딴짓거리-인공지능] ChatGPT 를 통해서 보는 건강/의료에 대한 영향 (부제) 1탄 - The Future of AI in Medicine: A Perspective from a Chatbot 의료 분야 AI의 미래: 챗봇의 관점,꿈많은사람2,2023.01.07.,117
16569,이버맥틴,이버멕틴에 대한 보도자료,초생달,2023.01.07.,502
16573,정보 공유,"주혈흡충증 대장암,직장암,궤대,직장폴립 연관성",말콥,2023.01.08.,274
16574,자유게시판,안부,헤라,2023.01.09.,59
16575,자유게시판,옛날 정원사진,bearskin2,2023.01.09.,97
16576,자유게시판,안부,헤라,2023.01.10.,69
16578,정보 공유,[해외뉴스] CES(﻿소비자 가전 전시회) 2023 에서 소개된 건강 관련 기기들🎯 과 서울시의사회 박명하 회장께 한마디 💊,꿈많은사람2,2023.01.10.,169
16579,정보 공유,[딴짓거리-인공지능] 당신에게 잘못 부과된 주차 벌금 주차구역 과태료를 법원에서 인공지능이 도와 준다면 ?,꿈많은사람2,2023.01.11.,85
16580,보관창고,미국나사에서 개발 항암약,유정이,2023.01.12.,62
16582,자유게시판,[ 소아암 환아에게 희망을!! ]신청자 모집,한암회,2023.01.12.,64
16583,자유게시판,안부,헤라,2023.01.13.,48
16585,설금홍,"[해외호전사례]  조티펜스요법으로 전립선암을 치료한 여러 CASE 모음집, 꿈많은사람님 글 재편집",설금홍,2023.01.13.,160
16586,자유게시판,메시마 에프 필요하신분있나요?,Parkk,2023.01.13.,150
16587,가입 인사,안녕하세요,Parkk,2023.01.13.,81
16588,자유게시판,해발800 청정자연 야생 토종 왕태콩과 서리태 콩강정,건강장수1,2023.01.14.,74
16590,정보 공유,[해외속보] 조티펜스 2023년 질문 답변 페북 온라인 방송 라이브 미국 시간 1월 18일 11:00 AM CST - 지푸라기 저자께서도 꼭 ﻿Q&A 세션 보셨음 해요,꿈많은사람2,2023.01.14.,155
16591,정보 공유,[딴짓거리-인공지능] ChatGPT 를 통해서 보는 건강/의료에 대한 영향 (부제) 마지막편 - 미래를 예측하는 가장 좋은 방법은 미래를 만드는 것이다.,꿈많은사람2,2023.01.15.,117
16592,자유게시판,구충제 먹고 말기암에서 완치...,암낫는다,2023.01.15.,"1,012"
16593,자유게시판,안부,헤라,2023.01.15.,44
16594,자유게시판,해발700 산중 설경,건강장수1,2023.01.15.,73
16595,자유게시판,혹시 이지현 작가의 행복한 밝은 지혜TV에 접속이 안되는 이유를 아시는 분 계실까요?,늘푸른행복나무,2023.01.15.,106
16596,자유게시판,"[공유] “월급 3000만원 준데도 싫어?” 의사 부족 사태, 더 높아진 몸값",건강장수1,2023.01.15.,141
16597,가입 인사,안녕하세요,은빛별,2023.01.15.,102
16598,자유게시판,"발가락 습진, 어떻하면 나을 수 있을까요?",비발디,2023.01.16.,502
16599,자유게시판,안부,헤라,2023.01.16.,44
16600,설금홍,"전립선암 치료에 효과 있는 항암 대체 약물, 공통된 부분이 더 핵심",설금홍,2023.01.16.,196
16601,자유게시판,어싱(=접지) 제품중 슈스트랩 사용후기 적어봅니다.,유예생,2023.01.16.,357
16602,정보 공유,[해외뉴스] 악구충증 Gnathostomiasis 으로 7년동안 고생한 호주의 한 여성 사례가 신문에 나옴 - 알벤다졸 복용했었으면 쯔쯔쯔,꿈많은사람2,2023.01.16.,257
16603,자유게시판,안부,헤라,2023.01.17.,41
16604,설금홍,췌장암 치료에 쓰이는 스타틴 중에서 최고는?,설금홍,2023.01.17.,224
16605,자유게시판,오늘아침 메뉴,bearskin2,2023.01.17.,157
16606,자유게시판,분홍앵초님 감사합니다.,bearskin2,2023.01.17.,280
16607,자유게시판,요즘도 열심히,소하랑,2023.01.18.,221
16608,자유게시판,어싱의 효과,bearskin2,2023.01.18.,328
16609,암 호전사례 정보,유방암1기 - 4기 - 3기.. 현재까지 계속 구충제 요법 중,썬플라워,2023.01.18.,"1,170"
16610,자유게시판,안부,헤라,2023.01.19.,53
16611,설금홍,"폐암 뇌전이 환자에 탈리도마이드 사례, 하다 마사토",설금홍,2023.01.19.,203
16612,정보 공유,[조티펜스영상] 공식적인 4번째 페북 그룹 라이브 질문 답변 공개 방송 2023년 1월 18일 🎯 - 영문,꿈많은사람2,2023.01.19.,108
16613,질문과 대답(QnA),메트포르민 있으신분 구해봐요~,와우와우 쩝,2023.01.19.,93
16615,자유게시판,보약보다 더 좋은 누룽지의 효능,소확왕,2023.01.20.,274
16617,자유게시판,무릎관절염,bearskin2,2023.01.20.,166
16618,자유게시판,2023년 새해복많이 받으세요 ^^,헤라,2023.01.21.,65
16620,정보 공유,[조티펜스영상] 2019년 4월 27일에 KOKO 5뉴스 방송국 ( 미국 오클라호마 )에서 소개된 내용 - 입가에 웃음이 너무 보기 좋아요 😍,꿈많은사람2,2023.01.21.,111
16621,가입 인사,안녕하세요,마인드셋,2023.01.21.,93
16622,정보 공유,"[해외영화] 로렌조 오일 (1993) 영화를 소개 해요. 가슴 아픈 영화라 마음 약하신 분은 보지 마시고, 로렌조 오일이 탄생한 과정만 이해 해주세요.",꿈많은사람2,2023.01.22.,171
16623,자유게시판,새해,헤라,2023.01.22.,48
16624,질문과 대답(QnA),간암 환자 식단,마인드셋,2023.01.22.,231
16625,자유게시판,안부,헤라,2023.01.24.,38
16626,설금홍,"[하다 마사토] 흉수및 복수 사례에 탈리도마이드, 셀레콕시브,이리노테칸 및 시스플라틴(CDDP)의 조합",설금홍,2023.01.24.,161
16627,자유게시판,몸이 아플 때 손. 발. 지압법!,소확왕,2023.01.24.,118
16628,질문과 대답(QnA),니타(Nitazoxanide) 구합니다.,웃는돌땡이,2023.01.25.,238
16629,자유게시판,안부,헤라,2023.01.25.,52
16630,자유게시판,구충목적의 구충제 복용방법,행복나무,2023.01.25.,305
16631,암 호전사례 정보,메벤다졸,승우승혜하비,2023.01.25.,567
16632,자유게시판,안부,헤라,2023.01.26.,48
16633,자유게시판,몇가지 눈에 띄는 기사들이 있어서 소개 해요. 의료서비스 제공하는 쪽에서의 '열정' 은 대단하네요. 그렇다면 의료 소비자 입장은?,꿈많은사람2,2023.01.26.,120
16634,정보 공유,[해외약초] 호주산 blushwood 나무의 열매 항암 효능을 소개 하려 했는데요. 그 반전이 있습니다. 아니 거대 공룡의 발자취를 봄,꿈많은사람2,2023.01.26.,257
16635,자유게시판,안부,헤라,2023.01.27.,45
16636,자유게시판,가족과 고스톱을 ...,벤졸,2023.01.27.,128
16637,설금홍,항암을 위한 방향 : 면역과 염증을 해결하면 가능하다. 하다마사토 박사의 2004년 5월 이후 각종 암에 관한 임상 사례 요약,설금홍,2023.01.27.,257
16638,정보 공유,아래내용을  저장하신분은 공유좀 해주세요,안락동,2023.01.27.,222
16639,자유게시판,NAC 먹는 방법,벤졸,2023.01.28.,228
16641,설금홍,"췌장암, 전립선암에 효과가 있는 당뇨약 직듀오 서방정, 포시가정을 아시나요?",설금홍,2023.01.28.,255
16642,가입 인사,가입 인사 드립니다,새봄,2023.01.28.,58
16643,자유게시판,커피의 카페인,니타,2023.01.29.,208
16644,정보 공유,결정 하기 어려운 분께 나름 제공할 만한 공식을 생각했다가 이런 해외 호전 사례를 보고 다시 처음으로 🎯❓,꿈많은사람2,2023.01.29.,203
16645,자유게시판,걷는 순간 죽음의 4중주가 정지된다,소확왕,2023.01.29.,293
16647,자유게시판,안부,헤라,2023.01.30.,58
16648,자유게시판,암진단 후 1년차,소하랑,2023.01.30.,590
16649,정보 공유,폐암ㅡ구충제와 영양제 조합에 대한 문의,새봄,2023.01.30.,246
16650,자유게시판,디스토시드 구매요,해바라기17,2023.01.30.,237
16651,자유게시판,지방에 대한 근거 없는 궁금증,늘푸른행복나무,2023.01.31.,204
16652,자유게시판,안부,헤라,2023.01.31.,58
16653,자유게시판,[피부과 의사 유튜브] 앞부분에 이버멕틴 연고  언급하네요,아이스ㅣ 유방암ㅣ보,2023.01.31.,192
16655,자유게시판,구충제로 폐암 초기 완치 사례가 좀 있을까요?,새봄,2023.01.31.,343
16656,자유게시판,요즘 하늘별섬님 ! 뭐하시면서 즐기시나요?,분홍앵초,2023.02.01.,255
16657,자유게시판,안부,헤라,2023.02.01.,54
16659,자유게시판,요메산 구입했습니다 니클로사마이드,루시퍼,2023.02.01.,242
16660,설금홍,"이버멕틴과 기관지 천식, 항염증 반응, 이버멕틴은 간경변증과 간세포 암종을 유발하는 간섬유증 치료를 위한 잠재적 약물",설금홍,2023.02.01.,265
16661,가입 인사,안녕하세요,댈리만주,2023.02.01.,62
16662,자유게시판,유튜브 전자DIY신바람 님 가족 위암완치사례,댈리만주,2023.02.01.,181
16663,질문과 대답(QnA),이버멕틴 사람용 구매는 어떻게 하는건가요?,댈리만주,2023.02.01.,401
16664,자유게시판,알벤다졸 암세포의 포도당 대사를 억제하는 효과가 있나요?,댈리만주,2023.02.01.,256
16665,정보 공유,게놈수호자 P53.,루시퍼,2023.02.02.,98
16666,자유게시판,안부,헤라,2023.02.02.,21
16667,자유게시판,알벤다졸 보다 메벤다졸이 간독성이 덜하나요?,댈리만주,2023.02.02.,325
16669,정보 공유,(게놈수호자 P53  유전자 이야기 1) 코끼리가 암에 안걸리는 이유,루시퍼,2023.02.02.,102
16671,자유게시판,해발900 야생 양배추의 싱그러움,건강장수1,2023.02.02.,76
16672,질문과 대답(QnA),리포조말비타민C 멜라토닌 베타글루칸,반짝반짝 하니맘,2023.02.02.,195
16673,설금홍,이버멕틴은 면역 강화를 위해 Bifidobacteria를 공급합니다. Covid-19에 이버멕틴을 사용한 연구인데 장내미생물과 면역과 관련이 있습니다.,설금홍,2023.02.02.,194
16674,질문과 대답(QnA),제 게시글이 왜 삭제되었을까요?ㅠㅠ 다시 올려도 되나요?,치유와건강,2023.02.02.,257
16675,질문과 대답(QnA),도와주세요,반짝반짝 하니맘,2023.02.02.,230
16677,자유게시판,안부,헤라,2023.02.03.,41
16678,자유게시판,널리 알려주세요! 휴대폰을 두면 절대 안 되는 곳!,소확왕,2023.02.03.,304
16680,정보 공유,[책소개] 송명희 약사님의  '나는 죽을 때까지 안 아프며 살고 싶다' 라는 책 서문을 보고 깜짝 놀람,꿈많은사람2,2023.02.03.,311
16681,자유게시판,송명희 약사님 ㅡ어떤 사람들이 흡혈 기생충에 감염 될까요?,행복나무,2023.02.03.,271
16682,정보 공유,[책소개] 한국익생양술연구회에서 엮어낸 '산야초 한방대백과'을 받아보고 생각난 궁금한 것들 - 알려주세요,꿈많은사람2,2023.02.03.,113
16683,질문과 대답(QnA),시메티딘,승우승혜하비,2023.02.04.,255
16684,설금홍,이버멕틴 암에 대한 약속 3. 각종 암 치료에 사용된 임상자료. 왜 비공개로 있었을까요? ㅠㅠㅠ,설금홍,2023.02.04.,429
16685,자유게시판,안부,헤라,2023.02.04.,46
16686,질문과 대답(QnA),국산 이버멕틴에 대해 궁금한 점,늘푸른행복나무,2023.02.04.,429
16687,자유게시판,정월대보름,헤라,2023.02.05.,114
16688,가입 인사,안녕하세요~ 가입 인사드립니다.,자비준,2023.02.05.,42
16689,정보 공유,"[책소개] 자연스럽게 주변 사람들 설득하기 좋은 책들 순서대로 - 100% 만족하지 않지만, 급하니깐 우선 이렇게 선택 했슴",꿈많은사람2,2023.02.05.,208
16690,질문과 대답(QnA),폐암 구충제,2027,2023.02.05.,420
16691,보관창고,[공유] 나도 의료비 돌려받나…작년 본인부담상한액 2조 환급,윤주혁79,2023.02.06.,10
16694,질문과 대답(QnA),혈압,반짝반짝 하니맘,2023.02.06.,189
16695,자유게시판,너무 힘들어서 글씁니다..,사랑과전쟁,2023.02.07.,484
16696,자유게시판,안부,헤라,2023.02.07.,68
16699,자유게시판,옛날정원사진,bearskin2,2023.02.07.,107
16700,암 관해사례 정보,골반뼈 전이,안락동,2023.02.08.,340
16701,자유게시판,안부,헤라,2023.02.08.,52
16703,자유게시판,백수와 봄의 향연,나이야가라 폐선암4기,2023.02.08.,172
16704,자유게시판,안부,헤라,2023.02.09.,51
16705,자유게시판,이버멕틴 100정  구매하려고  합니다,폴로,2023.02.09.,292
16706,자유게시판,손가락 중지,bearskin2,2023.02.09.,230
16708,벤지미다졸 질문 게시판,메벤다졸 복용법 질문요~,맥퀸,2023.02.10.,293
16709,질문과 대답(QnA),알벤다졸 유통기한,3겹,2023.02.10.,183
16710,자유게시판,안부,헤라,2023.02.10.,45
16712,벤지미다졸 질문 게시판,알벤다졸과 니타조사나이드 동시복용,맥퀸,2023.02.10.,307
16713,암 호전사례 정보,[해외호전사례] 미국 Rachel의 남편 50세 대장암 4기 - 고용량 펜벤다졸 용법 + 제인의 대사 치료 + Chris Beat Cancer + 표준치료들,꿈많은사람2,2023.02.10.,349
16714,정보 공유,"[유튜브 영상] 노인이라고 생각 하시는 분, 노인이 곧 될 거라고 생각하시는 분들 꼭 보셔요. ""노인을 위한 병원은 없다"" - 정희원 교수",꿈많은사람2,2023.02.10.,164
16715,자유게시판,안부,헤라,2023.02.11.,52
16716,이버맥틴자가임상후기,이버멕틴+메벤다졸 (안녕하세요^^),달군,2023.02.11.,902
16717,암 호전사례 정보,"[해외호전사례] 미국 Janeane의 남편 전립선암(아마도) 4기- 간,뼈,폐,대장,림프 전이 - 최신 조티펜스 복용법 + 이버 + 독시",꿈많은사람2,2023.02.11.,346
16718,자유게시판,이트라코나졸과 스타틴 계열 약 병용금지,자격증없는의사,2023.02.12.,261
16719,정보 공유,[책소개] 동의보감 관련된 책들 - 우선 만화책으로 시작 후 - 느낀점들 간략 하게 정리,꿈많은사람2,2023.02.12.,190
16721,보관창고,매주 토요일 강남역에서 진실을 외치다,자유사랑,2023.02.12.,39
16722,자유게시판,안부,헤라,2023.02.13.,42
16724,설금홍,피타바스타틴과 이버멕틴 : 고급 장액성 암종(HSGC)=난소암에서 파클리탁셀의 효능을 향상시킨다,설금홍,2023.02.13.,189
16725,자유게시판,안부,헤라,2023.02.14.,55
16726,자유게시판,매일 부르고 듣는 곡입니다.,분홍앵초,2023.02.14.,299
16727,질문과 대답(QnA),이버맥틴 펜벤다졸등 1년이상 드신분들 구충제 관련 전문가님들에 의견을 여쭤봅니다!,와우와우 쩝,2023.02.15.,698
16729,자유게시판,안부,헤라,2023.02.15.,54
16730,자유게시판,메벤다졸 펜벤다졸 이버멕틴 피르비늄 필요합니다,자격증없는의사,2023.02.15.,388
16731,정보 공유,"[책소개] Pharmacognosy 생약학 지옥표 저 2009년 , 제 13장 항암, 구충 생약 - 본문 내용 약간",꿈많은사람2,2023.02.15.,95
16732,자유게시판,조티펜스 커큐민 대체할만한 영양제 있을까요,100세인생,2023.02.15.,218
16733,자유게시판,안부,헤라,2023.02.16.,33
16734,질문과 대답(QnA),메폴민 구합니다,반짝반짝 하니맘,2023.02.16.,143
16736,자유게시판,타그리소80mg,사랑과전쟁,2023.02.16.,161
16737,폐암,청원 부탁드려요,하루라도,2023.02.16.,203
16738,설금홍,[암 치료의 약물 용도 변경] 14장. 암에서의 나노기술적 접근 : 쎄레콕시브(쎄레브렉스)와 디설피람의 역할 1,설금홍,2023.02.16.,150
16739,보관창고,우리 아이들까지 이걸 맞아야 되나요???,자유사랑,2023.02.16.,24
16740,자유게시판,안부,헤라,2023.02.17.,44
16741,자유게시판,"건강정보모음,손이 보여주는 건강 신호 6가지",소확왕,2023.02.17.,103
16742,설금홍,이버멕틴이 종양 전이를 억제할수 있다는 연구. 세포 성장에 영향을 미치지 않는 농도에서 세포 운동성과 종양 전이를 억제한다는...,설금홍,2023.02.17.,311
16744,암 호전사례 정보,"[해외호전사례] 미국 April 의 72세 언니 , 뇌 종양 50센트 크기 여러개 (several non cancerous tumors) - 조티펜스 용법 + 고용량 펜벤다졸 그룹 🔋",꿈많은사람2,2023.02.17.,217
16745,가입 인사,안녕하세요~,파란연필,2023.02.17.,56
16746,자유게시판,안부,헤라,2023.02.18.,52
16747,정보 공유,"[책소개] 동의보감에 '충' 蟲 이야기가 나오다니 , 고미숙님의 해석을 소개해드립니다. '충 蟲 너는 뭐니 ?'",꿈많은사람2,2023.02.18.,200
16748,유방암,이버멕틴 유방암에 최고용량 알수있을까요?,무지개,2023.02.19.,847
16749,자유게시판,안부,헤라,2023.02.19.,42
16750,동영상링크(중요자료),기생충 때문에  생기는병,헤라,2023.02.19.,511
16751,암 호전사례 정보,"[해외호전사례] 미국 Kelli 님 유방암 4기 뼈전이 (2015년에는 2b였슴) ﻿ER+ PR+ HER- , 조티펜스 용법 시작 + 고용량 펜벤다졸 용법 + 제인 용법 🎯",꿈많은사람2,2023.02.19.,294
16752,자유게시판,안부,헤라,2023.02.20.,45
16753,자유게시판,대장암 폐전이 어떤 약이 좋을까요,리한,2023.02.20.,484
16754,자유게시판,안부,헤라,2023.02.21.,35
16755,자유게시판,러시아산 알로홀 9박스 있어요(완료),싼타공룡,2023.02.21.,150
16756,자유게시판,잦은 방사선노출로 인하여,새벽빛이었던 그는,2023.02.21.,417
16757,자유게시판,안부,헤라,2023.02.22.,56
16759,정보 공유,[조티펜스활동] Dr. Debbie Ozment의 팟캐스트에 조티펜스님이 나와서 생생한 목소리로 전해 드림 Cancer Hope via Pet Dewormer Fenbenzadole,꿈많은사람2,2023.02.22.,100
16760,자유게시판,가슴통증,비소편평상피폐암,2023.02.23.,250
16762,자유게시판,안부,헤라,2023.02.23.,39
16763,기타 자가임상 후기,니클 포접 에 관하여,벤졸,2023.02.23.,279
16764,자유게시판,닥터팬더의 대장청소하는법과 영양제들,행복나무,2023.02.23.,142
16765,자유게시판,니타조사나이드 구할수 있을까요???,소보루빵셔틀,2023.02.24.,144
16766,질문과 대답(QnA),안녕하세요?,생명을얻고풍성한삶,2023.02.24.,85
16767,질문과 대답(QnA),알로홀은 언제부터..,우리만두 보고시포,2023.02.24.,243
16768,자유게시판,안부,헤라,2023.02.24.,50
16769,설금홍,[암 치료의 약물 용도 변경] 15장. 용도 변경 약물 : 중추신경계 약물,설금홍,2023.02.24.,121
16770,질문과 대답(QnA),세라펩타제 복용시...,맥퀸,2023.02.24.,125
16771,정보 공유,[수리생물학] B세포 림프종 항암치료는 오전이 좋을까? 오후가 좋을까? 일주 리듬을 고려한 시간항암요법 이야기가 나오는 유튜브 동영상,꿈많은사람2,2023.02.24.,119
16772,자유게시판,피르미늄.핀란드100M.24.10.월,안락동,2023.02.25.,128
16773,자유게시판,안부,헤라,2023.02.25.,41
16774,자유게시판,추억속의 홋카이도 마라톤 2017년8월,나이야가라 폐선암4기,2023.02.25.,106
16775,자유게시판,이제 읽게 됐네요.,소하랑,2023.02.25.,264
16776,암 호전사례 정보,"[해외호전사례] 미국 Brett 남성 약 50대, 구인두-편도암(HPV 관련) Oropharyngeal cancer, No surgery No radiation. 고용량 펜벤다졸",꿈많은사람2,2023.02.25.,425
16777,자유게시판,안부,헤라,2023.02.26.,23
16778,질문과 대답(QnA),알로홀 구입처 부탁드려요,뽀미마미,2023.02.26.,60
16780,자유게시판,건강검진하니 단백뇨증상이 좀 있다고 하는데 구충제 고용량 덕분일까요?,하늘별섬,2023.02.26.,327
16781,자유게시판,안녕하세요 봄이오는날 글을 처음써봅니다,내마음속메이,2023.02.26.,177
16783,암 호전사례 정보,[해외호전사례] 중국 Marco 님 osteosarcoma 골육종 stage middle-late 2021년 8월 진단 받음 - 고용량 펜벤다졸 복용법,꿈많은사람2,2023.02.26.,216
16784,자유게시판,안부,헤라,2023.02.27.,34
16785,질문과 대답(QnA),뼈전이 통증 치료하시고 계시거나 하신분요~,미토콘드리아,2023.02.27.,283
16786,설금홍,"[암 치료의 약물 용도 변경] 15장. 용도 변경 약물 : NSAID, 항경련제, 스타틴",설금홍,2023.02.27.,102
16787,자유게시판,니타조사나이드 정리합니다.,두리,2023.02.27.,209
16788,자유게시판,추워도 봄은 옵니다.,bearskin2,2023.02.27.,82
16789,질문과 대답(QnA),알로홀과 관장관련,우리만두 보고시포,2023.02.28.,179
16790,자유게시판,안부,헤라,2023.02.28.,38
16791,자유게시판,이트나 코나졸 과 셀레콕시브 복용중,안락동,2023.02.28.,176
16793,자유게시판,니타조사나이드 정리합니다.,건강청년,2023.02.28.,202
16794,정보 공유,[딴짓거리-인공지능] 챗GPT가 쓴 책 -자기계발 22위 (현재 랭킹) - 삶의 목적을 찾는 45가지 방법 - 제발 구매는 하지 말아주세요 !,꿈많은사람2,2023.02.28.,133
16795,자유게시판,안부,헤라,2023.03.01.,43
16796,자유게시판,시드니 마라톤,나이야가라 폐선암4기,2023.03.01.,73
16797,자유게시판,동경 마라톤,나이야가라 폐선암4기,2023.03.01.,82
16798,자유게시판,1999년 새천년 국토 이어 달리기,나이야가라 폐선암4기,2023.03.01.,80
16799,자유게시판,안부,헤라,2023.03.02.,36
16800,설금홍,"[암 치료의 약물 용도 변경] 15장. 용도 변경 약물 : 당뇨병 치료제, 항말라리아제, 항바이러스제, 항균제, 항진균제, 구충제",설금홍,2023.03.02.,214
16802,질문과 대답(QnA),진짜 cbd 맞나요?,노을이,2023.03.02.,265
16803,자유게시판,안부,헤라,2023.03.03.,60
16805,자유게시판,오레가노 오일 100%원액 사용방법,치유와건강,2023.03.03.,198
16806,자유게시판,안부,헤라,2023.03.04.,36
16807,자유게시판,대상포진,bearskin2,2023.03.04.,249
16808,암 호전사례 정보,"[해외호전사례] 미국 Peggi님 3C 유방암에서 NED 5개월째 -﻿화학 요법, 수술, 방사선 치료를 거부- 수필 같은 게시글 - 조티펜스 복용법 💊",꿈많은사람2,2023.03.04.,290
16809,자유게시판,안부,헤라,2023.03.05.,42
16810,자유게시판,요지경님  감사합니다,희망바람,2023.03.05.,117
16812,암 호전사례 정보,[해외호전사례] 북마케도니아 Sonja의 엄마 55세 폐암 소세포 암종 - 귀리 세포 암종 - 고용량 펜벤다졸 복용법 🔋,꿈많은사람2,2023.03.05.,217
16814,자유게시판,안부,헤라,2023.03.06.,52
16817,자유게시판,안부,헤라,2023.03.07.,36
16819,질문과 대답(QnA),cbd오일 구입방법 아시는 분 계실까요?,건강희망,2023.03.07.,294
16820,자유게시판,방광암 수술병원 추천좀부탁드려요,하나님나라,2023.03.07.,114
16821,자유게시판,니타조사나이드 정리합니다.,건강청년,2023.03.07.,205
16822,자유게시판,안부,헤라,2023.03.08.,39
16824,자유게시판,"가족건강지킴이, 발 건강과 증상",소확왕,2023.03.08.,97
16825,자유게시판,암환자에 생채식 유감.. 현미효소 섭생법이 대안,세꼬시,2023.03.09.,812
16826,자유게시판,안부,헤라,2023.03.09.,36
16827,자유게시판,알로홀정리합니다,인생이란119,2023.03.09.,134
16828,자유게시판,"건강박사, 두부의 영양",소확왕,2023.03.09.,75
16829,자유게시판,fenbendazole powder 구입시에,새벽빛이었던 그는,2023.03.09.,196
16830,자유게시판,파나쿠어c 구합니다,예서아빵,2023.03.09.,130
16831,가입 인사,가입인사드립니다.,예감이좋아,2023.03.10.,68
16832,자유게시판,안부,헤라,2023.03.10.,51
16834,기타 자가임상 후기,무좀 및  각질 사라지는 증상 발견,투게더투,2023.03.10.,478
16835,자유게시판,이제 봄이네요.,bearskin2,2023.03.10.,87
16836,질문과 대답(QnA),프테로스틸벤 구합니다,반짝반짝 하니맘,2023.03.11.,85
16837,자유게시판,안부,헤라,2023.03.11.,46
16839,암 호전사례 정보,"[해외호전사례] 미국 kelly 여성 SCLC 소세포폐암 2B - 항암, 방사선 거부 - 조티펜스 복용법 💊",꿈많은사람2,2023.03.11.,190
16841,자유게시판,안부,헤라,2023.03.12.,31
16842,정보 공유,이버멕틴 복용량,나이야가라 폐선암4기,2023.03.12.,924
16843,자유게시판,"건강식, 나이와 다이어트의 관계",소확왕,2023.03.12.,75
16844,자유게시판,"100세시대 건강관리, 발 건강과 증상",소확왕,2023.03.13.,87
16845,자유게시판,안부,헤라,2023.03.13.,36
16846,자유게시판,훌다클락 신장청소,시슬라,2023.03.13.,208
16847,자유게시판,"[딴짓거리] 뉴턴의 고전 물리학이 현대 의학의 기본이라면, 양자역학이 미래 의학의 기본이 되어야 하지 않을까요?",꿈많은사람2,2023.03.13.,76
16848,정보 공유,[해외뉴스] 호주에서 펜벤다졸을 제조해서 판매하는 사람이 호주 이베이에 나타났네요.,꿈많은사람2,2023.03.13.,351
16849,자유게시판,"건강글, 오래 사는 비결 2023년 건강정보",소확왕,2023.03.14.,71
16850,자유게시판,안부,헤라,2023.03.14.,43
16851,자유게시판,따듯한 봄날 흐느적~~~       우리 아파트도 봄이 찾아왔어요~~ 매화와 산수유~~~,나이야가라 폐선암4기,2023.03.14.,108
16852,자유게시판,"건강이기본, 피로의 원인과 대응법",소확왕,2023.03.14.,109
16853,자유게시판,콩팥기능수치,반짝반짝 하니맘,2023.03.14.,221
16854,자유게시판,실내 어싱[접지],비소편평상피폐암,2023.03.14.,458
16855,자유게시판,안부,헤라,2023.03.15.,45
16856,자유게시판,"건강이기본, 이것이 人生이다",소확왕,2023.03.15.,66
16857,자유게시판,니타조사 나이드 어디서 구매해야 하나요,안락동,2023.03.15.,169
16858,질문과 대답(QnA),이제 일반회원은 나눔 게시판 이용을 못하는 건가요?,언제나평화,2023.03.15.,152
16859,자유게시판,"[딴짓거리] 양자의사 (2017년 번역) 책과 달라이라마 동영상 - 자기 관리, 자가 임상, 자가 치유 까지의 큰 그림",꿈많은사람2,2023.03.15.,76
16860,자유게시판,구충제 복용 후 간수치 확인.,소하랑,2023.03.15.,774
16861,자유게시판,안부,헤라,2023.03.16.,43
16865,자유게시판,기침을 없애는 계피 생강 음료 [건강해지는법],소확왕,2023.03.16.,118
16866,자유게시판,가려움 후기.,소하랑,2023.03.16.,356
16867,자유게시판,세계일주,나이야가라 폐선암4기,2023.03.16.,173
16868,자유게시판,"건강음식, 뇌졸중 확인법",소확왕,2023.03.17.,90
16869,자유게시판,다시  재도전  합니다,희망바람,2023.03.17.,241
16871,자유게시판,안부,헤라,2023.03.18.,29
16872,자유게시판,효소욕의 세계에 입문했습니다.,소하랑,2023.03.18.,240
16873,암 호전사례 정보,[해외호전사례] 미국 Kirk 남성 소세포폐암 SCLC 4기 뇌전이 (2019) - 조티펜스 복용법🎯 - 2년 3개월 암 없음.,꿈많은사람2,2023.03.18.,288
16874,자유게시판,메벤다졸(푸가카) 정리해요,푸른바다111,2023.03.18.,243
16875,정보 공유,"빵 드실때, 유기농밀인지 천연발효인지 꼭 체크하시고 사드시길요!",자유사랑,2023.03.18.,133
16876,정보 공유,[딴짓거리-인공지능] 챗GPT (ChatPDF.com)를 이용해서 개인 PDF 문서들과 대화 할 수 있슴 - 예제 동영상- 이렇게 써먹을 수 있죠,꿈많은사람2,2023.03.18.,291
16877,자유게시판,안부,헤라,2023.03.19.,38
16878,자유게시판,일반인이 멜라토닌 잠안올때 먹으려고 하는데 얼마나 복용하면 되는거죠?,띵오,2023.03.19.,154
16879,자유게시판,"건강글귀모음, 염증에 좋은 음식들",소확왕,2023.03.19.,91
16880,질문과 대답(QnA),이버놈 12 판매할수 있을까여,늘푸른나무야,2023.03.19.,269
16882,자유게시판,[암 환우와 그 가족을 위한 토닥토닥 힐링캠프] 신청자 모집,한암회,2023.03.20.,56
16883,설금홍,"위암(Stomach  cancer, Gastric cancer)치료 전략과 대체약물 총정리",설금홍,2023.03.20.,185
16884,암에대한통합정보,아스피린 일 수도...,벤졸,2023.03.20.,305
16885,정보 공유,"[딴짓거리-인공지능] 마이크로소프트 Bing 에서 펜벤다졸 논문 검색해보기, 요약하기, 등등 - 이제 대화로 검색해요 - 맛보기",꿈많은사람2,2023.03.20.,160
16886,자유게시판,오늘 핀 꽃,bearskin2,2023.03.20.,42
16887,자유게시판,"건강박사, 물을 마셔야 하는 45가지 이유",소확왕,2023.03.20.,110
16888,가입 인사,안녕하세요,숑마미,2023.03.21.,63
16889,자유게시판,안부,헤라,2023.03.21.,51
16891,자유게시판,"건강글귀모음, 간이 피곤하면 보내는 7가지 신호",소확왕,2023.03.21.,162
16892,자유게시판,오늘 야채 뷔페식단,bearskin2,2023.03.21.,251
16893,가입 인사,안녕하세요~,건강행복35,2023.03.21.,75
16894,자유게시판,혹시 최근에 이버구입하신분계신가요,겁없는기사,2023.03.21.,332
16895,자유게시판,오늘2023년3월22일병원다녀왔어요,헤라,2023.03.22.,"1,219"
16896,자유게시판,"암예방, 오래 사는 비결 2023년 건강정보",소확왕,2023.03.22.,175
16897,자유게시판,오늘 핀 꽃,bearskin2,2023.03.23.,64
16898,정보 공유,프라지콴텔,suk1234055,2023.03.23.,299
16899,자유게시판,[공유] 최근에 본 신비한 책입니다 ^^ 우리의 존재자체가 너무 감사하네요,자유사랑,2023.03.23.,255
16900,자유게시판,안부,헤라,2023.03.24.,65
16901,정보 공유,[책소개] 열방약국 말기암 통합요법 상담소 - 세바시 45분 유튜브 동영상 보고 깜짝 놀람. 이것이 사실이라면 한국형 Jane McLelland,꿈많은사람2,2023.03.24.,740
16903,자유게시판,안부,헤라,2023.03.25.,52
16905,정보 공유,[책소개] 열방약국 말기암 통합요법 상담소 - 뒷조사 - 한국형 제인이기를 바라면서 - 저의 욕심인가요 ?,꿈많은사람2,2023.03.25.,"2,046"
16906,자유게시판,안부,헤라,2023.03.26.,41
16907,자유게시판,파라곤 복용중입니다,행복나무,2023.03.26.,672
16910,자유게시판,안부,헤라,2023.03.27.,49
16911,자유게시판,무료드림 (완료),반짝반짝 하니맘,2023.03.27.,285
16912,정보 공유,[과거사정리-최원철] 지혜와 성실님이 그립습니다. 최원철 교수님도 그립습니다. 이제는 소비자 주도의 의료 서비스가 되어가는 큰 흐름입니다.,꿈많은사람2,2023.03.27.,699
16913,자유게시판,니클로사마이드 구해용,하나님나라,2023.03.28.,208
16914,자유게시판,접지 측정,비소편평상피폐암,2023.03.28.,156
16916,자유게시판,안부,헤라,2023.03.29.,40
16917,만성간염,니타조사나이드에 대하여,정상인,2023.03.29.,399
16918,정보 공유,[과거사정리-김일훈] 넥시아와 같은 사례들이 예전에도 많이 있었다고 해서 - 천지산/인산 김일훈/기준성 님 등 조사 중에 '촉'이 내림,꿈많은사람2,2023.03.29.,344
16919,자유게시판,오늘 핀 꽃,bearskin2,2023.03.29.,34
16920,자유게시판,안부,헤라,2023.03.30.,56
16921,자유게시판,오늘 핀 꽃,bearskin2,2023.03.30.,37
16922,자유게시판,화창한 날,새벽빛이었던 그는,2023.03.31.,111
16923,정보 공유,디설피람(Disulfiram) 정보,나이야가라 폐선암4기,2023.03.31.,289
16924,자유게시판,어디까지 믿어야 하는지요.,분홍앵초,2023.03.31.,469
16925,자유게시판,[호주식물들] 호주 특파원 생생한 리포트 - 세상에 이렇게 다양한 식물들이 있다니 🫂🪃🦘🌏🇦🇺,꿈많은사람2,2023.03.31.,94
16926,자유게시판,안부,헤라,2023.04.01.,53
16927,자유게시판,실내어싱2편,비소편평상피폐암,2023.04.01.,285
16928,폐암,펜벤다졸과 전립선비대증 약 복용,달리자런런,2023.04.01.,195
16929,자유게시판,cbd에 관한 국내 진행상황,비소편평상피폐암,2023.04.01.,183
16930,자유게시판,멜라토닌 20mg 있어요(완료 ),싼타공룡,2023.04.02.,187
16931,자유게시판,안부,헤라,2023.04.02.,66
16932,설금홍,커트 마이클 그레이던의 모든 암 환자를 위한 지원 자료 : 세세한 생활요법과 약물요법이 총 망라되어 있습니다.,설금홍,2023.04.02.,260
16933,정보 공유,"[조티펜스사진] 가장 최근 근황 , 더 젊어지신것 같아요 ㅍㅎㅎ😊🫂❤️",꿈많은사람2,2023.04.02.,228
16934,자유게시판,사람의 생각의 경로는 비슷한가봐요.,소하랑,2023.04.02.,198
16935,자유게시판,오늘 핀 꽃,bearskin2,2023.04.02.,19
16936,자유게시판,[호주동식물들] 설마 여기가 같은 지구인가요? 여행 사진 몇장,꿈많은사람2,2023.04.02.,128
16937,자유게시판,봄꽃들과 만날수 있는 봄,행복나무,2023.04.02.,65
16938,자유게시판,안부,헤라,2023.04.03.,37
16939,자유게시판,상추의 기막힌 효능 [건강정보글],소확왕,2023.04.03.,217
16940,자유게시판,광절열두조총에 관한 뉴스내용,행복나무,2023.04.03.,121
16942,자유게시판,안부,헤라,2023.04.04.,32
16943,자유게시판,미국 제약업체들이 만든 광고회사,일단 살고보자,2023.04.04.,147
16945,자유게시판,찬바람 불 때 체온 높이는 6가지 음식 [건강음식],소확왕,2023.04.04.,132
16946,자유게시판,안부,헤라,2023.04.05.,51
16947,가입 인사,안녕하세요,애기앙마,2023.04.05.,58
16948,질문과 대답(QnA),구충약  구매방법좀  알수 있을까요?,애기앙마,2023.04.05.,371
16950,자유게시판,약국에서 바이엘 아스피린 500mg,카누 커피,2023.04.05.,194
16951,자유게시판,"나트랑, 달랏 패키지 여행 (3/31 ~ 4/4)",나이야가라 폐선암4기,2023.04.06.,218
16952,자유게시판,"니타조사나이드, 디스토시드 판매합니다.",마이미미,2023.04.06.,278
16953,자유게시판,접지 은 목걸이 만들기,비소편평상피폐암,2023.04.06.,243
16954,질문과 대답(QnA),니클로사마이드 이 사이트에서 구매하신 분들 계시는지요? +아버지근황,건강희망,2023.04.06.,410
16955,정보 공유,"[과거사정리-천지산] 1996년에 천지산 관련된 항암제 (비소)가 논란 시작 - 육산화사비소(As4O6, 약명 테트라스캅셀) 케마스 회사 2017년 뉴스",꿈많은사람2,2023.04.06.,473
16956,자유게시판,"건강정보모음, 나이 들어 생각해 두어야 할 일",소확왕,2023.04.06.,94
16957,자유게시판,오늘 핀 꽃,bearskin2,2023.04.06.,45
16958,자유게시판,신장에 좋은약,나이야가라 폐선암4기,2023.04.07.,406
16959,암 호전사례 정보,"[해외호전사례] 미국 여성 Leslie - ﻿골반, 난소, 비장 및 림프절로 전이된 4B기 자궁경부암- 6개월만에 Cancer Free - 조티펜스 복용법 💊",꿈많은사람2,2023.04.07.,507
16960,자유게시판,일욜에 여주 벚꽃축제장 갑니다. 여주는 아직 꽃이 많아요,아이스ㅣ 유방암ㅣ보,2023.04.08.,82
16961,자유게시판,안부,헤라,2023.04.08.,41
16962,정보 공유,"[자가임상-필수] 🎯 어떻게 많은 약들, 보조제들 정리/ 수납장 - 해외 사례들 사진들 포함 - 선배님들은 어떤가요? 댓글로 사진 공유해주세요",꿈많은사람2,2023.04.08.,193
16963,자유게시판,"암 관련 자료들을 보다보니, 인생을 잘못 살았다는 생각이 들었습니다.",늘푸른행복나무,2023.04.08.,281
16964,정보 공유,"[딴짓거리-인공지능] 해외 논문 검색에 활용 가능한 인공지능 도구들 소개 영상 , 그리고 예제 🥇📝",꿈많은사람2,2023.04.09.,207
16965,자유게시판,"건강글, 내 몸 살리는 공짜 보약, 계단 오르기",소확왕,2023.04.09.,86
16966,자유게시판,안부,헤라,2023.04.10.,38
16967,자유게시판,살인진드기뉴스,bearskin2,2023.04.10.,118
16968,설금홍,"천지산, 육산화사비소 관련 논문, 케마스의 임상1상 시험 내용",설금홍,2023.04.10.,101
16969,자유게시판,생활의 지혜 한 꾸러미 [건강글],소확왕,2023.04.10.,66
16970,질문과 대답(QnA),"오프라벨과 자기 관리 (self care / self clinical trial )등 조사하다가, 호스피스에서 오프라벨 약들 사용은 아주 흔한 경우라고 하는데요? 그렇다면!",꿈많은사람2,2023.04.10.,119
16971,가입 인사,안녕하세요 가입인사드립니다 여러분 모두가 다 건강하시기를 바랍니다,1004,2023.04.11.,45
16972,자유게시판,안부,헤라,2023.04.11.,36
16973,자유게시판,유방암 염증이 많아져 겨드랑이 림프절이 아픈데 먹는 소염제와 다른 약이 있을까요?,무지개,2023.04.11.,395
16974,질문과 대답(QnA),펜벤다졸 500미리 알약을 옴니쿠어와 교환 및 옴니쿠어 있으신분~,와우와우 쩝,2023.04.11.,113
16975,자유게시판,오늘 핀 꽃,bearskin2,2023.04.11.,35
16976,자유게시판,안부,헤라,2023.04.12.,36
16977,자유게시판,산정특례 종료 안내를 받았어요..,해바라기17,2023.04.12.,433
16980,자유게시판,[책리뷰] 소하랑 작가님 휴가갑니다.  책이 나왔습니다. 그래서 제가 빨리 구매해서 인스타그램에 리뷰를 달았어요. 🎁,꿈많은사람2,2023.04.12.,217
16981,가입 인사,안녕하세요 가입인사드립니다,할수있다할수있다,2023.04.13.,43
16982,가입 인사,구충제 추천 부탁 드립니다,빠드루가,2023.04.13.,335
16983,자유게시판,안부,헤라,2023.04.13.,39
16984,자유게시판,건강한 노후를 위해  읽어 보면 좋을 듯한 책이 있네요.,늘푸른행복나무,2023.04.13.,106
16985,자유게시판,계란기생충 사실이었네요 ㄷㄷㄷ,시골향기,2023.04.13.,444
16986,자유게시판,오늘 핀 꽃,bearskin2,2023.04.13.,37
16988,자유게시판,안부,헤라,2023.04.14.,40
16989,이버맥틴자가임상후기,이버멕틴 24mg  3개월째 복용중입니다,꾸준히히,2023.04.14.,"1,173"
16990,자유게시판,혹시 한방 항암제 넥시아를 개발하신 최원철 박사의 최근 소식을 알고 계신 분 계신가요?,늘푸른행복나무,2023.04.14.,465
16991,정보 공유,[해외복용법] ﻿﻿커트 마이클 그레이던의 ' 초보자를 위한 8단계 암 치료법 ' (2023.04 버젼),꿈많은사람2,2023.04.14.,669
16992,자유게시판,미국산 500미리 아스피린 구할수있나요?  해외직구로 구입했는데 시간이 없어서~,무지개,2023.04.15.,176
16993,자유게시판,이버멕틴 저렴하게 주실분 있으시나요?,무지개,2023.04.15.,236
16994,질문과 대답(QnA),균검사 질문드려요 그리고 아지트로마이신 잇으신분~,2410,2023.04.15.,220
16995,정보 공유,[딴짓거리-자가임상] 숨사랑 카페 2010년 게시글들 중에서 조회수 많은 것들과 '그때와 지금은 많이 달라졌는가?',꿈많은사람2,2023.04.15.,207
16996,자유게시판,삭힌 홍어,초록초록,2023.04.16.,132
16997,자유게시판,안부,헤라,2023.04.16.,51
16999,질문과 대답(QnA),벤다졸계열의 출혈위험에 대해 질문드립니다,싼타공룡,2023.04.16.,355
17000,자유게시판,"봄, 봄, 봄.",나이야가라 폐선암4기,2023.04.16.,91
17001,자유게시판,안부,헤라,2023.04.17.,37
17003,가입 인사,프놈펜입니다,프놈펜,2023.04.18.,156
17004,질문과 대답(QnA),알벤다졸복용법 알려주세요,날로,2023.04.18.,258
17005,자유게시판,안부,헤라,2023.04.18.,49
17006,기타 자가임상 후기,알았었는데 왜? 실천을 못했었을까?,분홍앵초,2023.04.18.,748
17007,질문과 대답(QnA),혹시 알로홀 구매하신분계시나요?,츄릅꽁냥,2023.04.18.,150
17008,자유게시판,펜벤+시메티딘,하나님나라,2023.04.18.,253
17009,자유게시판,오늘 핀 꽃,bearskin2,2023.04.18.,26
17010,자유게시판,오늘 핀 꽃,bearskin2,2023.04.18.,46
17011,자유게시판,안부,헤라,2023.04.19.,45
17012,자유게시판,제주 여행,나이야가라 폐선암4기,2023.04.19.,172
17013,자유게시판,"메벤다졸, 이버멕틴 구합니다.",경호원,2023.04.19.,183
17014,자유게시판,안부,헤라,2023.04.20.,54
17015,자유게시판,저희 집 봄맞이 풍경입니다.,해바라기17,2023.04.20.,211
17016,자유게시판,2023 올해의 천체사진은?(사진+타임랩스 영상)+ 우주 관련 성경 구절,노력의천재인,2023.04.20.,74
17017,자유게시판,"해발700-1000 청정자연 토봉꿀, 밀납, 애벌레, 프로폴리스 등 전체 토봉 약꿀술 담음",건강장수1,2023.04.20.,79
17019,자유게시판,이젠 마스크만이 아니고 썬그라스도 필요하네요,분홍앵초,2023.04.21.,260
17020,자유게시판,모기 물리지 않게 조심하세요,행복나무,2023.04.21.,209
17021,자유게시판,안부,헤라,2023.04.22.,43
17023,암 호전사례 정보,"[해외호전사례] 미국 David 남성 54세 췌장암 4기 (2022년 7월), 유튜브 동영상 있슴 (작년에 쓴 것에 추가) - 조티펜스 새 복용법 🎯",꿈많은사람2,2023.04.22.,499
17025,자유게시판,안부,헤라,2023.04.23.,48
17026,자유게시판,근황입니다.,소하랑,2023.04.23.,291
17027,정보 공유,"[책소개] 자연요법 종양학 Naturopathic Oncology, 장애의 역사, 특허로 만나는 우리 약초 1,2,3 그리고 가을 사진들",꿈많은사람2,2023.04.23.,172
17029,자유게시판,안부,헤라,2023.04.24.,56
17030,자유게시판,단백료 해결. 당 해결.,하늘별섬,2023.04.24.,258
17032,자유게시판,해발800-1000 청정자연 야생 자연산 참두릅 등 건강한 먹거리 채취 산행,건강장수1,2023.04.24.,60
17033,자유게시판,오늘 핀 꽃,bearskin2,2023.04.24.,26
17034,자유게시판,케모하신분들 샤워 해결은 어찌하시나요,이공,2023.04.25.,123
17035,자유게시판,안부,헤라,2023.04.25.,50
17036,자유게시판,터뜨리기직전! 진실을아시죠!,자유사랑,2023.04.25.,332
17037,만성간염,검사 결과를 알려드립니다.,정상인,2023.04.25.,281
17039,질문과 대답(QnA),니클로사마이드 있으신분있으시면 구매하고싶어요 부탁좀드릴게요~,와우와우 쩝,2023.04.26.,66
17041,자유게시판,우리가 늘 사용하는 ‘말’의 힘!(관련 성경 구절),노력의천재인,2023.04.26.,65
17042,질문과 대답(QnA),구매처 알고 싶어요,뽀미마미,2023.04.26.,143
17043,자유게시판,오늘 핀 꽃,bearskin2,2023.04.26.,30
17044,자유게시판,안부,헤라,2023.04.27.,43
17045,자유게시판,디스토시드구합니다,순천요,2023.04.27.,88
17047,자유게시판,요즘 봄이라 약초끓여먹는데..,치유와건강,2023.04.27.,143
17048,자유게시판,이버멕틴 드림,행복꾸러미,2023.04.27.,298
17049,가입 인사,가입인사 드립니다,빅앤러,2023.04.28.,109
17050,자유게시판,세라펩타제외 몇가지로,치유와건강,2023.04.28.,230
17051,자유게시판,이런거 올려도 될까요 ㅎㅎ,소하랑,2023.04.28.,384
17052,자유게시판,mms를 안먹다가 먹었더니..,치유와건강,2023.04.29.,286
17053,자유게시판,역사속에 등장하는 식물들은 우리의 건강과 어떤 연관 관계가 있을까요?,늘푸른행복나무,2023.04.29.,59
17054,암 호전사례 정보,"[해외호전사례] 독일 Dominique 남성 고환암 ﻿testis cancer, Seminoma (2018년 12월 진단, 3개월 여명), 4.5년 지금까지 생존 - 고용량 펜벤다졸 복용법 🔋",꿈많은사람2,2023.04.29.,341
17055,설금홍,마음의 온도는 몇도일까요? 산하님 아들 정여민 시인이 또 나를 울리네요ㅠ,설금홍,2023.04.29.,201
17057,질문과 대답(QnA),니클로사마이드 태국산 이거 있으신분 있으시면 부탁좀드릴게요ㅜ구매하고싶어요ㅜ,와우와우 쩝,2023.04.29.,143
17058,자유게시판,안부,헤라,2023.04.30.,43
17059,정보 공유,"[책소개] 식욕의 과학 - 앤드루 젠킨슨 2021년, 🍳비만 관련된 책에서 암의 원인과 치료법의 실마리를 얻은 듯해요 (혼자 신남) 👀🍕",꿈많은사람2,2023.04.30.,177
17060,자유게시판,항암+구충제,도리,2023.04.30.,484
17061,자유게시판,다양한 구충제 및 필요한 제품 말하면 구매해주는 사이트 공유합니다.,풀풀상승,2023.04.30.,256
17062,자유게시판,안부,헤라,2023.05.01.,44
17064,자유게시판,오늘 핀 꽃,bearskin2,2023.05.02.,37
17065,자유게시판,안부,헤라,2023.05.02.,47
17066,질문과 대답(QnA),태국산 니클로사마이드 있으신분 있으시면 구매하고싶어요!,와우와우 쩝,2023.05.02.,76
17067,벤지미다졸정보나누기,펜벤 구할수있을까요?,럭키공주,2023.05.02.,240
17068,자유게시판,당신의 혈관을 막는,분홍앵초,2023.05.02.,322
17069,자유게시판,간혹 새로오신분을 위해 글을 남깁니다.,하늘별섬,2023.05.02.,524
17070,자유게시판,저는 확실히 구충제 효과를 봤어요(비염),김그,2023.05.03.,388
17071,자유게시판,늦었지만 제주여행 사진 올립니다.,나이야가라 폐선암4기,2023.05.03.,140
17073,자유게시판,구충제 복용시 보충제,맥퀸,2023.05.03.,146
17074,암 호전사례 정보,비소세포폐암 4기 호전 사례,푸른 숲,2023.05.03.,"1,320"
17075,자유게시판,니클로사마이드 구합니다.,경호원,2023.05.03.,58
17076,자유게시판,"백신 부작용 혈전에 나토키나제 성분 엄청난 효과, 어떻게 먹을까?",노력의천재인,2023.05.04.,152
17077,자유게시판,니클로사마이드 믿고 구매할 수 있는 데 좀 알려주세요.,일단 살고보자,2023.05.04.,184
17079,설금홍,이트라코나졸의 각종 암에 대한 효과와 실전 사용 용량,설금홍,2023.05.04.,561
17081,자유게시판,(급)질문 올립니다.,경호원,2023.05.05.,134
17082,자유게시판,약과 체력,비소편평상피폐암,2023.05.05.,150
17083,자유게시판,질문요,GKGK14,2023.05.05.,94
17084,암 호전사례 정보,"[해외호전사례] 미국 81세 Virginia 여성, 재발, 자궁 내막 자궁암 4기, 전이됨, 5개월만에 호전됨 - 고용량 펜벤다졸 복용법 🎯",꿈많은사람2,2023.05.05.,806
17085,자유게시판,안부,헤라,2023.05.06.,44
17086,자유게시판,"“AI, 5년내 일자리 23% 뒤흔든다” 다보스포럼…1400만개 사라져",노력의천재인,2023.05.06.,82
17087,암 호전사례 정보,"[해외호전사례] 미국 Kate 엄마 63세, 4등급 교모세포종 (2022.10월 진단)- 오렌지 크기 종양 제거후 항암/방사선 거부 - 제인 대사치료법 🎈",꿈많은사람2,2023.05.07.,408
17088,자유게시판,해발700 청정자연,건강장수1,2023.05.07.,42
17089,자유게시판,해발700 서출동류 선녀탕 식수원,건강장수1,2023.05.07.,35
17090,정보 공유,대사 치료의 원로 - 토마스 ﻿세이프리드 (Thomas Seyfried) 유튜브 인터뷰 영상 중에서 - 펜벤다졸과 메벤다졸 이야기 함.,꿈많은사람2,2023.05.07.,211
17091,질문과 대답(QnA),메트포르민 있으신분 구해봐요~,와우와우 쩝,2023.05.07.,83
17092,자유게시판,CBD오일 구할수어1ㅂㅅ나요??,루게릭,2023.05.07.,172
17094,질문과 대답(QnA),혹시 옴니쿠어 있으신분들 있으시면 구해봐요~,와우와우 쩝,2023.05.08.,101
17095,자유게시판,실내 수도배관접지,비소편평상피폐암,2023.05.08.,221
17096,자유게시판,[공유]질병 예방·조기 발견 위한 ‘건강검진’ 대상자와 항목은?,윤후네5,2023.05.08.,46
17097,자유게시판,요새 이녀석을 보면서 힐링중입니다.,하늘별섬,2023.05.08.,216
17098,자유게시판,도움부탁드립니다,슝슝숭,2023.05.09.,141
17099,가입 인사,인사드립니다,유식무경,2023.05.09.,46
17100,자유게시판,이버맥틴 구합니다,슝슝숭,2023.05.09.,202
17102,자유게시판,안부,헤라,2023.05.09.,50
17103,자유게시판,이젠 점점 여름내음이 코끝을 스쳐 지납니다,안락동,2023.05.09.,41
17105,자유게시판,기능의학,둥이232,2023.05.09.,215
17106,자유게시판,안부,헤라,2023.05.10.,42
17107,가입 인사,안녕하세요^^,에너자이져,2023.05.10.,90
17108,자유게시판,담낭암에 좋은 항암구충제...,에너자이져,2023.05.10.,324
17110,설금홍,유방암 간전이의 병인과 항암 대체 약물. 간 미세 환경,설금홍,2023.05.10.,203
17111,기생충정보,유구조충,4282clover,2023.05.11.,135
17114,설금홍,췌장암을 극복중인 분의 소중한 이야기,설금홍,2023.05.12.,304
17116,자유게시판,안부,헤라,2023.05.12.,37
17119,자유게시판,베트남제약 디스토시드(프라지콴텔) 나눔 원합니다,100세건강,2023.05.12.,152
17120,설금홍,과분한 선물을 받았습니다 ㅠ,설금홍,2023.05.12.,447
17121,자유게시판,오늘 핀 꽃,bearskin2,2023.05.12.,31
17122,암 호전사례 정보,"[해외호전사례] 미국 Sarah 남편, 44세, ﻿3c기 전이성 흑색종 (4월) - 5월 NED, 키투루다를 할것인가 말것인가 - 조티펜스 복용법 🎯",꿈많은사람2,2023.05.13.,256
17123,자유게시판,열방약국 (김훈하 약사) 상담,소금별82,2023.05.13.,503
17124,자유게시판,안부,헤라,2023.05.13.,48
17125,자유게시판,이버맥틴 구매방법 문의드립니다.,스칸,2023.05.13.,244
17126,정보 공유,"[해외뉴스] 호주 - '이제 더 받아 들일 수 있습니다': 약용 대마초 사용 증가, 환자 1 백만 명 돌파 ‘More acceptable now’: Medicinal cannabis use rising, passes 1 million patients 🍗🍜",꿈많은사람2,2023.05.13.,120
17127,자유게시판,안부,헤라,2023.05.14.,26
17128,정보 공유,[책소개] 서울대 김범석교수의 항암 치료란 무엇인가 (2015년) - 현재 항암치료 의사들의 생각 알수 있슴 ! 그리고 가능성 - 상,꿈많은사람2,2023.05.14.,203
17129,자유게시판,"소득이 줄어든 364만 명, 건강보험료 환급 신청하세요!",윤후네5,2023.05.14.,77
17130,설금홍,주말은 텃밭과 함께~ 오늘 핀 꽃,설금홍,2023.05.14.,141
17131,질문과 대답(QnA),안녕하세요~ 오랬동안 자연치유 하시는분들에 노하우를 알고싶습니다,와우와우 쩝,2023.05.14.,157
17132,자유게시판,해발700 청정자연 황장목 송순 천연발효효소식초 담금,건강장수1,2023.05.14.,44
17133,정보 공유,[해외소식] 무지개 복용법 최신 엑셀 버전 - 곧 책을 출판할 예정 patient led empowerment in oncology,꿈많은사람2,2023.05.14.,189
17134,정보 공유,"""[6월] ~ 카페 온라인 활성화 지원 신청 했습니다.-[결과발표] 선정이 안되었습니다..이쉽네요..",신풍,2023.05.14.,176
17135,자유게시판,"[공유] ""잠자는 건강보험·국민연금 환급금 찾아가세요""",윤후네5,2023.05.15.,37
17136,자유게시판,안부,헤라,2023.05.15.,46
17138,설금홍,간 전이성 유방암에 식이 요법이 치료에 미치는 영향 : 단식 모방 다이어트 FMD,설금홍,2023.05.15.,126
17139,자유게시판,이트라코나졸과 칸디다아제 동시 복용 해보신 분 계신가요?,프리덤,2023.05.15.,250
17140,가입 인사,안녕하세요,팔미호,2023.05.15.,80
17141,자유게시판,작은 외침을 해봅니다.,소하랑,2023.05.15.,233
17142,자유게시판,파라캅L 구합니다.,웃는돌땡이,2023.05.16.,214
17143,자유게시판,안부,헤라,2023.05.16.,45
17144,가입 인사,안녕하세요,중투라지,2023.05.16.,58
17146,자유게시판,안부,헤라,2023.05.17.,56
17147,설금홍,"[제프리 닥] 각종 암 치료를 위한 용도변경 약물 프로토콜 요약. ""Cracking cancer tool kit""",설금홍,2023.05.17.,465
17148,자유게시판,[공유] 운동하면 나라에서 5만원 준다? 관심 쏟아진 이 캠페인,윤후네5,2023.05.17.,70
17150,자유게시판,메벤다졸 구합니다,지여니,2023.05.17.,149
17152,암 관해사례 정보,저  림프종 완치 판정 받았습니다.,분홍앵초,2023.05.18.,"1,163"
17155,자유게시판,탄산수.,하늘별섬,2023.05.18.,149
17157,자유게시판,비가 오락가락 하는 오후날씨에 오늘산행은 접어야 겠네요 ! 안녕 하세요 ? 부산지역에 파나쿠어 500m 어디서 구입 하시는지요 ?,안락동,2023.05.18.,135
17158,자유게시판,진지발리스균이 유발하는 질병들,행복나무,2023.05.18.,151
17159,자유게시판,안부,헤라,2023.05.19.,54
17160,정보 공유,[딴짓거리-인공지능] MirrorThink.Ai 라는 것을 써 봤습니다. 왜냐구요? 차츰 이렇게 발전해 간다고 보여드리고 싶어서요,꿈많은사람2,2023.05.19.,93
17161,자유게시판,오늘 핀 꽃,bearskin2,2023.05.20.,30
17162,자유게시판,[공유] 2023년 달라진 근로자녀장려금...신청 방법·대상·지급일,윤후네5,2023.05.20.,39
17163,자유게시판,해발800 야생 자연산 고사리 채취 및 꽃향기 호사,건강장수1,2023.05.20.,24
17165,자유게시판,수영장 물이 얼마나 더럽냐면...,하늘별섬,2023.05.20.,470
17169,정보 공유,"[해외소식] 미국 Paula 유방암 4기 + ﻿다발성 골수종, 고용량 펜벤다졸 복용법 🎯 - 담당 의사의 반응 그리고",꿈많은사람2,2023.05.20.,411
17171,질문과 대답(QnA),CT   찍으면 대장암을  알수 있나요?,분홍앵초,2023.05.21.,354
17173,정보 공유,[책소개] 서울대 김범석교수의 항암 치료란 무엇인가 (2015년) - 현재 항암치료 의사들의 생각 알수 있슴 ! 그리고 가능성 - 하,꿈많은사람2,2023.05.21.,254
17174,자유게시판,오늘 핀 꽃,bearskin2,2023.05.21.,29
17175,자유게시판,[공유] 국민연금 ‘지역가입자 보험료 지원’ 신청하세요,윤후네5,2023.05.22.,68
17176,자유게시판,안부,헤라,2023.05.22.,60
17177,자유게시판,비염 후기,소하랑,2023.05.22.,204
17178,자유게시판,노자임 캡슐 필요하신 분..,자격증없는의사,2023.05.22.,134
17179,정보 공유,[호주소식] Lindy는 불치병에 걸렸습니다. '마법의 버섯'에서 발견된 화합물인 실로시빈에 관한 임상시험 뉴스입니다. 호주 대단 하네요,꿈많은사람2,2023.05.22.,224
17180,자유게시판,베이킹소다 에 대한 문의,차분침착맨,2023.05.23.,517
17181,자유게시판,날씨 좋은날 탄천 나들이,나이야가라 폐선암4기,2023.05.23.,98
17182,자유게시판,[공유] 건강보험료 환급 신청 가능! 소득이 줄어든 364만 명을 대상으로 합니다.,윤후네5,2023.05.24.,42
17183,자유게시판,안부,헤라,2023.05.24.,58
17184,자유게시판,3-40대가 20대 초반들에게 실비들라고 절규하는 이유,긍정에세이,2023.05.24.,220
17185,정보 공유,"대한장연구학회 건강정보 - 설사 泄瀉, diarrhea - 액상 또는 액상에 가까운 대변을 부정시에 배출하는 것 ✔ 👍",꿈많은사람2,2023.05.25.,84
17186,자유게시판,기능의학 산정특례,둥이232,2023.05.25.,114
17187,설금홍,"암 환자의 콜레스테롤 관리와 면역의 중요성, 콜레스테롤 비율",설금홍,2023.05.25.,186
17188,자유게시판,"달뜬골 해발700 청정자연 황장목 송순등 천연발효효소식초 담금 완료 및 파킨슨등 퇴행성뇌질환, 각종 암등 난치병 치유",건강장수1,2023.05.25.,45
17189,정보 공유,PD수첩 - 의대 블랙홀 영상 한번 봐주세요. 왜 환자 주도형 임상 시험이 꼭 필요한지 아실 것입니다. 아프지 맙시다.,꿈많은사람2,2023.05.25.,140
17190,이버맥틴자가임상후기,목감기-이버멕틴으로 해결,도날드,2023.05.25.,578
17192,자유게시판,틱장애(뚜렛증후군)을 만성으로 앓고 있거나 자녀가 틱장애가 있는분들께 도움되는 글들입니다. 한번 읽어 보시라고 공유해봅니다.,올바른생활,2023.05.26.,118
17193,정보 공유,[실전편] [공유] 보충제 효과를 극대화 시키는 섭취 타이밍! - 아주 실전편에서 유용한 글입니다.,꿈많은사람2,2023.05.26.,227
17194,정보 공유,[실전편] [해외소식] 특정 보충제를 섭취하기 가장 좋은 시기 (고용량 펜벤다졸 페북 그룹 관리자 글) -  그리고 질문 있어요.,꿈많은사람2,2023.05.27.,387
17195,질문과 대답(QnA),"이버놈(이버멕틴) 12미리 100알 6통(총 600알) 유통기한 23년 10월, 신청 종료됐습니다.",놀자,2023.05.27.,418
17196,자유게시판,안부,헤라,2023.05.28.,47
17197,정보 공유,[해외 정보] 설사 Diarrhea 증상 / 해결책 조사 중 - 같이 읽어 볼 만한 글을 소개 합니다.,꿈많은사람2,2023.05.28.,225
17200,자유게시판,안부,헤라,2023.05.29.,55
17201,자유게시판,[공유] 상조회사 폐업으로 인한 가입자의 납입금 환급 방법은?,윤후네5,2023.05.30.,66
17202,자유게시판,조영제 투여 하고 시티 찍는것에 대하여,랍슨,2023.05.30.,294
17203,자유게시판,중고책 산 것 중에서 이런 감동을 느끼다니 너무 행복합니다. 2천원과 손글씨 - 이런 경험 있으신가요?,꿈많은사람2,2023.05.30.,131
17204,자유게시판,해발700 청정자연 아카시아꽃 천연발효효소식초 담금,건강장수1,2023.05.31.,32
17205,자유게시판,발톱하나가 또 빠졌습니다.,하늘별섬,2023.05.31.,267
17206,자유게시판,눈밑 꿈틀이.,하늘별섬,2023.05.31.,257
17207,정보 공유,[해외소식] ﻿알카라인 포스파타제(Alkaline phosphatase : ALP) 낮추는 방법을 물어보는 글이 있어서 옮겨 봅니다.,꿈많은사람2,2023.05.31.,500
17208,자유게시판,안부,헤라,2023.06.01.,36
17209,자유게시판,해발700 야생 자연산 고사리 채취 및 산책,건강장수1,2023.06.01.,67
17210,암 호전사례 정보,"[해외호전사례] 미국 Tasha 님 남편 신장암 4기 (2022년 10월), 사진(﻿쇄골에 종괴 a mass growing on his collar bone)을 보니 더 놀라움 - 고용량 펜벤다졸 복용법 🎈",꿈많은사람2,2023.06.01.,167
17211,자유게시판,오늘 핀 꽃,bearskin2,2023.06.01.,34
17212,자유게시판,[공유] “더 낮은 금리로 갈아타는데 단 15분”…온라인 원스톱 대환대출 시작,윤후네5,2023.06.02.,50
17213,가입 인사,인사드립니다,리얼리치,2023.06.02.,75
17214,자유게시판,안부,헤라,2023.06.02.,42
17215,자유게시판,히포크라테스는 지금의 시각에서 보더라도 정말 대단하네요.,늘푸른행복나무,2023.06.02.,132
17216,자유게시판,완치 시한부선고 암 환우분들 정 나눔,건강장수1,2023.06.02.,307
17217,자유게시판,지난해 소득이 줄어든 직장가입자 360만여 명이 건강보험료를 환급받는다는 좋은 소식입니다. 보수가 줄어든 364만 명은 1인당 평균....,윤후네5,2023.06.03.,62
17218,질문과 대답(QnA),"[해외소식] 78세 아버지, 간암 말기 (추정 - 6주 전에 진단) , 자녀가 이 사실을 아버지에게 솔직하게 말해드려야 하는지 물어봄 -",꿈많은사람2,2023.06.03.,607
17219,질문과 대답(QnA),이버맥틴 복용시 총빌리루빈 상승 할수 잇나요? 그리구 유방암에 어떤 구충제가 효과 있는지..,쭉둘맘,2023.06.03.,309
17220,질문과 대답(QnA),이버맥틴 복용시 총빌리루빈 상승 할수 잇나요? 그리구 유방암에 어떤 구충제가 효과 있는지..,분홍앵초,2023.06.04.,241
17221,자유게시판,영월 동강의 상류 1급수 조양강 다슬기 및 모래무지,건강장수1,2023.06.04.,58
17222,정보 공유,"[기록목적] 광 생물 변조 (Photobiomodulation. PBM ) - 광(빛) 기반 치료법의 하나, 호주에서는 의사들이 기계도 만듬",꿈많은사람2,2023.06.04.,269
17224,자유게시판,안부,헤라,2023.06.05.,52
17225,자유게시판,아지스로마이신 구합니다,온리유I환lBR3기,2023.06.05.,137
17226,정보 공유,[인공지능] MBC 스트레이트에서 ﻿어려운 의무 기록을 이해하기 쉽게 풀어 설명해 주는 앱 SickGPT 을 소개 - 직접 써보세요,꿈많은사람2,2023.06.05.,169
17227,자유게시판,메벤 유상나눔해주실분계실까요?,어메이징 그레이스,2023.06.06.,90
17228,자유게시판,6월부터 달라지는 정부 정책 11가지,윤후네5,2023.06.06.,136
17230,자유게시판,"혹시 카페 회원님들은 암치료 이후 식단이나 생활환경, 습관에 180도 변화를 가져오신 분들이 얼마나 되실까요?",늘푸른행복나무,2023.06.06.,192
17231,자유게시판,정부가 166만여명에게 1인당 평균 135만원씩 돌려준다고 합니다,윤후네5,2023.06.07.,149
17233,기생충정보,주의해야할 음식(기생충 정보),제리호야,2023.06.07.,409
17234,자유게시판,안부,헤라,2023.06.08.,46
17235,벤지미다졸정보나누기,메벤다졸 (mebendazole) 정보!,수수꽃다리,2023.06.08.,402
17237,암 호전사례 정보,"[해외호전사례] 미국 brian 54세 남자 직장암 4기, 간전이, 수술, 항암 했슴 - 최신 조티펜스 복용법 🔋",꿈많은사람2,2023.06.08.,516
17238,자유게시판,놀자 님 너무 감사합니다  물건 잘왔답니다,아빠힘내요,2023.06.08.,179
17240,자유게시판,날트렉손정,온리유I환lBR3기,2023.06.09.,195
17241,자유게시판,펜벤.메벤.이버멕틴 구합니다,최고로 건강하다,2023.06.09.,255
17242,자유게시판,오늘 핀 꽃,bearskin2,2023.06.09.,31
17244,자연치유정보 나눔,활성산소 없애는 수소수 효능과 후기 입니다.,수수꽃다리,2023.06.10.,363
17246,자유게시판,안부,헤라,2023.06.11.,50
17247,정보 공유,[기록목적] 이런 사람의 열정 하나씩 모여서 세상을 더 좋게 만드네요. 마크 션 테일러 - 환자 주도 종양학 임상시험,꿈많은사람2,2023.06.11.,142
17249,자유게시판,[공유] 상조회사 폐업 ‘날벼락’…납부한 회비 환급 가능할까?,윤후네5,2023.06.12.,93
17250,질문과 대답(QnA),약도 상하나요?,하늘별섬,2023.06.12.,244
17251,암 관해사례 정보,구충제로 19년 신장암 완치 되었습니다.,kimsh7605,2023.06.13.,"1,344"
17252,암 호전사례 정보,"우리엄마 암투병기 공유합니다( 레포트렉타닙, 면역항암제, 젤코리, 라무루시맙(사이람자), 도세탁셀)",서대문예,2023.06.13.,585
17253,설금홍,구충제로 19년 신장암 완치되었습니다 : 항암 프로토콜과 후기를 요약 정리했습니다.,설금홍,2023.06.13.,732
17255,자유게시판,아..또 디스토시드 한번 먹어줘야겠군요.,하늘별섬,2023.06.13.,316
17256,자유게시판,안부,헤라,2023.06.14.,51
17257,자유게시판,근황입니다,소하랑,2023.06.14.,551
17258,자유게시판,암환자 산재 그리고 연명의향서.,하늘별섬,2023.06.14.,245
17259,가입 인사,안녕하세요~가입했습니다,엘리제intp,2023.06.14.,186
17260,질문과 대답(QnA),구충제요법 하며 통합치료 병행해도 문제없는지 여쭈어 보아요~,엘리제intp,2023.06.15.,346
17264,정보 공유,[조티펜스영상] 공식적인 5번째 페북 그룹 라이브 질문 답변 공개 방송 2023년 6월 13일 🎯 - Onco Pathway 4 제품 새로 나옴 - 영문,꿈많은사람2,2023.06.15.,229
17266,가입 인사,가입인사드립니다.,녹내장환자,2023.06.15.,52
17267,자유게시판,안부,헤라,2023.06.16.,70
17268,자유게시판,[공유] 잠자는 건강보험·국민연금 환급금 374억원…“어서 찾아가세요”,윤후네5,2023.06.16.,42
17269,가입 인사,처음이자마지막이될 편지,코알라산속,2023.06.16.,580
17270,자유게시판,산책,나이야가라 폐선암4기,2023.06.16.,183
17271,자유게시판,안개 분사기에 있던 박테리아(레지오넬라균)에 감염되어 사지절단,행복나무,2023.06.16.,231
17272,자유게시판,6년전 우리나라 민물 어류촌충의 실태,대전소생,2023.06.17.,175
17274,자유게시판,탈리도마이드  구매합니다.,빅토리한,2023.06.18.,82
17275,자유게시판,안부,헤라,2023.06.18.,70
17276,정보 공유,[해외책] 멕시코 Hope 4 Cancer 병원 원장 Antonio Jimenez 의 7 Principles to Remove Fear and Empower Your Healing Journey,꿈많은사람2,2023.06.18.,122
17277,설금홍,피부암 치료를 위한 용도변경 약물,설금홍,2023.06.19.,157
17279,자유게시판,[공유] 잠자는 건강보험·국민연금 환급금 374억원…“어서 찾아가세요”,윤후네5,2023.06.21.,26
17280,자유게시판,안부,헤라,2023.06.21.,53
17281,자유게시판,기생충에 의한 증상들,제리호야,2023.06.21.,344
17282,질문과 대답(QnA),소금은 먹어 보셨나요? 죽염이 한국에서만 나오는 군요. 인산 김일훈 선생님 대단 하십니다.,꿈많은사람2,2023.06.21.,381
17284,설금홍,"책소개 : 암을 굶기는 치료법 + 페롭토시스 Ferroptosis - Jane McLelland,  옮긴이 홍수진/하태국",설금홍,2023.06.22.,205
17285,자유게시판,안녕하세요~내일부터 구충제요법 실행하려는데 과하거나 부족한 부분 조언 부탁드려요,엘리제intp,2023.06.22.,516
17286,자유게시판,안부,헤라,2023.06.23.,54
17287,설금홍,이버멕틴에 관한 국내 의대와 병원의 연구 성과 : 췌장암에 이버멕틴과 젬시타빈 병용의 효과,설금홍,2023.06.23.,296
17289,자유게시판,중국발 멜라토닌 후기,소하랑,2023.06.23.,390
17291,자유게시판,오늘 핀 꽃,bearskin2,2023.06.23.,42
17292,자유게시판,보험에 대한 고민이 눈앞을 가리네요.,하늘별섬,2023.06.23.,299
17293,자유게시판,안부,헤라,2023.06.25.,34
17295,정보 공유,"[해외책] 암에 대한 PH 기적: 모든 유형의 암의 원인, 예방, 치료 및 반전에 대한 진실 발견 (영어) pdf",꿈많은사람2,2023.06.25.,150
17297,자유게시판,알벤다졸 장기간복용,주니나나맘,2023.06.25.,414
17298,유투브방송 링크나눔,EBS Documentary [Full] 귀하신 몸 - 6부 탄수화물과 치명적 동거 - 저번주까지 '저의 모습'을 보는 듯 했어요.,꿈많은사람2,2023.06.25.,157
17299,유방암,유방암 곰팡이균 약에대해서,무지개,2023.06.26.,532
17300,설금홍,대장암에 대한 이버멕틴의 효과 : 쥐 생체 실험을 통한 효능과 용량 추정,설금홍,2023.06.26.,254
17301,질문과 대답(QnA),약 복용법을 조금 바꾸었는데 조언부탁 드려요~♡~,엘리제intp,2023.06.26.,218
17303,폐암,목림프절 전이  구충제 어떤걸로 해야될까요?,푸른푸른,2023.06.26.,345
17304,질문과 대답(QnA),금욜부터 시작 3일차 되었는데 명현현상 내지는 약효가 있는것 같아요~,엘리제intp,2023.06.26.,353
17305,기타 자가임상 후기,프라지콴텔 약 10회차 즈음의 개인 경험담,대전소생,2023.06.27.,468
17306,자유게시판,길찿사♡많은분들의 선한 노고와 사랑으로 보석이 가득하네요,엘리제intp,2023.06.27.,184
17307,자유게시판,안부,헤라,2023.06.28.,48
17308,정보 공유,이버멕틴 효능?,나이야가라 폐선암4기,2023.06.28.,"1,075"
17309,정보 공유,"[해외뉴스-딴짓거리] 바이오테크, 인공지능으로 설계한 신약의 인체 시험 시작 ( 영문 - 구글 번역 )",꿈많은사람2,2023.06.28.,62
17310,자유게시판,"""숨어있는 4대 사회보험료 환급금 돌려드려요""",윤후네5,2023.06.29.,37
17311,자유게시판,안부,헤라,2023.06.29.,51
17312,자유게시판,펜벤다졸 구입하고 싶습니다.,무지개,2023.06.29.,145
17313,설금홍,돼지촌충 감염으로 생기는 신경낭미충증(Neurocysticercosis) 치료에 이버멕틴의 가치,설금홍,2023.06.29.,276
17314,정보 공유,[해외논문] 제인 페이스북 그룹에 '전립선암 치료에서 약물 용도 변경의 약리학적 효능' 논문 소개 - 여기에도 이버멕틴 나오네요 - DeepL 번역,꿈많은사람2,2023.06.29.,380
17316,자유게시판,오늘 핀 꽃,bearskin2,2023.07.01.,34
17317,암 호전사례 정보,"[해외호전사례] 미국 Patsy 여성 직장암 4기 (2020) 폐와 간전이 - 수술후, 항암(화학)에 펜벤다졸의 효과로 3년만에 NED - 고용량 펜벤다졸 복용법 🎈",꿈많은사람2,2023.07.01.,226
17318,자유게시판,안부,헤라,2023.07.02.,43
17319,정보 공유,[딴짓거리-기록목적] 구글 앤그램 뷰어 (Ngram Viewer)를 통한 펜벤다졸 용어가 책에서 언급되는 경향성 알아 보기,꿈많은사람2,2023.07.02.,168
17320,바르는산소_자가임상,오랜만에 자가 임상실험중입니다.,신풍,2023.07.02.,372
17321,자유게시판,파킨슨 이버멕틴 복용방법,주니나나맘,2023.07.02.,283
17322,자유게시판,"가족건강지킴이, 혈압이 높을 때 좋은 음식들",소확왕,2023.07.02.,98
17323,질문과 대답(QnA),루게릭에는 뭐가 좋을까요,루게릭,2023.07.03.,194
17324,자유게시판,신풍카페지기님께서  기부를해주셔서 10명에게  행복드려요,헤라,2023.07.03.,494
17326,자유게시판,꿈많은사람님께  늘감사합니다,헤라,2023.07.03.,181
17327,설금홍,비타민 E와 A는 P-gp 기질인 이버멕틴이 생쥐의 뇌로 전달되는 것을 증가시킵니다.,설금홍,2023.07.03.,198
17328,자유게시판,어지럼 + 메스꺼움,아이스ㅣ 유방암ㅣ보,2023.07.03.,187
17329,자유게시판,할머니가 눈물 많이 + 눈꼽,아이스ㅣ 유방암ㅣ보,2023.07.03.,142
17330,자유게시판,간암 8.8센티 경계성종양,주니나나맘,2023.07.04.,336
17331,자유게시판,오늘 핀 꽃,bearskin2,2023.07.04.,21
17332,자유게시판,니타 요즘 어디서구할수잇을까요?,깡도령,2023.07.05.,124
17333,자유게시판,[공유] 건강등급 따라 보험료 최대 40% 할인,윤후네5,2023.07.05.,50
17334,자유게시판,메벤다졸 후기,소하랑,2023.07.05.,454
17335,가입 인사,"우연히 여기를 알게되었는데, 우리 후손들에게 희망이 있는 것 같습니다..",kf20,2023.07.05.,199
17338,자유게시판,빵이 왜이리 고운거죠?^^감사함미당♡,엘리제intp,2023.07.05.,209
17340,자유게시판,투루카와 이버 같이 복용하시는 분 계신가요?,재재,2023.07.06.,203
17341,자유게시판,오늘 핀 꽃,bearskin2,2023.07.06.,45
17342,자유게시판,뚜레주르 선물,나이야가라 폐선암4기,2023.07.07.,161
17343,자유게시판,안부,헤라,2023.07.07.,54
17344,자유게시판,노안은 어쩔수없는것.,하늘별섬,2023.07.07.,258
17345,정보 공유,[해외논문] ﻿존스 홉킨스 대학의 리긴 연구실-메벤다졸로 TNBC 치료 실험 논문: 펜벤다졸은 암 환자를 죽이는 암세포를 죽입니다. (DeepL번역기),꿈많은사람2,2023.07.07.,421
17346,자유게시판,왕자와 거지 밥상^^(밥시리즈1),엘리제intp,2023.07.07.,165
17348,자유게시판,해발700 청정자연 된장 간장,건강장수1,2023.07.07.,96
17349,정보 공유,2023 제로암[ZEROAM] 암환우 일기 공모전 - ﻿23.06.28(수) ~ 23.09.01(금) - ﻿10만원 상당 경품 및 상품권 제공- 그리고 비밀병기 한가지 소개,꿈많은사람2,2023.07.07.,123
17350,자유게시판,안부,헤라,2023.07.08.,45
17351,설금홍,이버멕틴 중독의 성공적인 관리 : 고용량에도 안정성과 내약성이 있다,설금홍,2023.07.08.,461
17352,질문과 대답(QnA),약 구하는 법..,예스리다,2023.07.08.,300
17353,자유게시판,니클로사미드 차이,kf20,2023.07.08.,352
17355,자유게시판,안부,헤라,2023.07.09.,62
17356,정보 공유,장마철을 어떻게 보네시나요,안락동,2023.07.09.,147
17357,자유게시판,함암을 포기한 결정적인 이유.,하늘별섬,2023.07.09.,919
17359,기타 자가임상 후기,유방암(만6년차) 이버멕틴 메벤다졸 후기,완치해야지,2023.07.10.,797
17360,자유게시판,항암중에도 소화 잘되고 건강한 대변을 보면 건강회복이 빠르다,세꼬시,2023.07.10.,715
17361,자유게시판,안부,헤라,2023.07.11.,46
17362,자유게시판,양치질..,하늘별섬,2023.07.11.,410
17363,유투브방송 링크나눔,꼭 한 번 보시면 좋을 거 같아요.,머위맘,2023.07.12.,114
17364,자유게시판,안부,헤라,2023.07.12.,44
17365,바르는산소_자가임상,"바르는 산소 자가임상 중간보고, 암환우 산소포화도 91%에서 98%로 변화를 확인 했습니다.",신풍,2023.07.12.,251
17366,가입 인사,안녕하세요. 가입 인사입니다!!!,호주최고의기능의학,2023.07.12.,163
17367,질문과 대답(QnA),사철쑥 필요하시면 밑에 댓글 신청 하시고 주소보내주세요^^,산하,2023.07.12.,158
17368,가입 인사,가입했습니다,크라이시스코어,2023.07.12.,78
17369,자유게시판,인간 복제 시대가 코앞? 황우석 박사의 충격 근황 ㅣ킹 오브 클론 감독 인터뷰- 이 동영상을 보고 느낀 점 한가지,꿈많은사람2,2023.07.12.,164
17370,자유게시판,이버맥틴 구합니다,무지개,2023.07.12.,117
17371,가입 인사,가입했습니다,어쩌다,2023.07.13.,36
17372,자유게시판,[정책달력] 7월부터 달라집니다 정책 확인하세요,윤후네5,2023.07.13.,75
17373,자유게시판,SBS 생방송투데이 오지기행 방송출연 및 방송일시,건강장수1,2023.07.13.,116
17376,질문과 대답(QnA),이버멕틴 용량 구분 어떻게 하죠 ?,임당,2023.07.13.,236
17377,암 호전사례 정보,[해외호전사례] ﻿상피모양혈관내피종 - '포기하지마라' vs '이젠 편하게 보내드려라' 고민 질문들에 달린 많은 호전사례 댓글들 - 조티펜스 복용법 🔋,꿈많은사람2,2023.07.13.,488
17378,자유게시판,암통증은 무엇인가?,무지개,2023.07.14.,368
17379,질문과 대답(QnA),이버멕틴 용량 구분 어떻게 하죠 ?,임당,2023.07.14.,66
17380,질문과 대답(QnA),메벤다졸 종류가 많던데 이거먹으면 되나요??,크라이시스코어,2023.07.14.,289
17381,자유게시판,베이킹소다 질문요.,주니나나맘,2023.07.14.,281
17382,자유게시판,면역관리 팁 따로 있을까요,UME,2023.07.14.,89
17383,가입 인사,안녕하세요 유방암 보호자입니다,핔크리,2023.07.14.,188
17384,가입 인사,가입 했습니다,토인,2023.07.14.,44
17385,가입 인사,하루만에 죽음의 문턱에 서있습니다,평안하자,2023.07.14.,491
17386,질문과 대답(QnA),설금홍님 또는 EB바이러스에 대해 아시는분,크롬리아,2023.07.14.,167
17388,자유게시판,변비로 고생힌시는 분들께,벤졸,2023.07.15.,304
17389,자유게시판,펜벤다졸500mg 구합니다.,최고로 건강하다,2023.07.15.,173
17390,이버맥틴자가임상후기,인사드립니다,주님내안에,2023.07.15.,170
17392,자유게시판,니타조 나눔해주실분 찾습니다,대전소생,2023.07.15.,104
17393,자유게시판,알테수네이트   구입 하고 싶은데요~,엠버2,2023.07.16.,213
17394,자유게시판,암조직내  세균박멸 항생제가 어떤것이 있나요?,무지개,2023.07.17.,337
17395,가입 인사,가입인사 드립니다,로핫,2023.07.17.,64
17396,질문과 대답(QnA),입 맛 없을 때 어떤거 주로 드시나요?,핔크리,2023.07.17.,170
17397,질문과 대답(QnA),우유대신...,UME,2023.07.17.,218
17399,자유게시판,핸폰으로 볼려고 카페들어오니,분홍앵초,2023.07.18.,232
17400,자유게시판,오늘도 비가 많이 오네요,핔크리,2023.07.18.,37
17401,자유게시판,비 피해 없으시길 바랍니다,토인,2023.07.18.,48
17403,암 호전사례 정보,[해외호전사례] 남아프리카 Jacqui의 아버지 폐암 5기 -  Just unreal 정말 믿기지 않는 - 고용량 펜벤다졸 복용법 🎈,꿈많은사람2,2023.07.18.,264
17404,자유게시판,안부,헤라,2023.07.19.,72
17405,자유게시판,니클로사마이드 포접방법,벤졸,2023.07.19.,271
17407,자유게시판,펜벤다졸 500미리 구합니다,재재,2023.07.19.,116
17408,자유게시판,"[고민상담] 예상은 하고 있었지만, 이런 반응을 어떻게 하면 좋을까요? 공룡이 휩쓸고 간 자리에는 큰 흔적이 남았네요",꿈많은사람2,2023.07.19.,284
17409,가입 인사,가입 인사!,극복하자구,2023.07.19.,54
17410,자유게시판,식혜의 효능 [건강관리],소확왕,2023.07.19.,156
17411,자유게시판,요즘 핀 꽃,bearskin2,2023.07.20.,29
17412,자유게시판,요즘 핀 꽃,bearskin2,2023.07.20.,27
17413,자유게시판,요즘 핀 꽃,bearskin2,2023.07.20.,47
17415,자유게시판,"피라맥스 ,아지트로마이신 구하는방법있을까요?",대관령사랑,2023.07.21.,284
17416,질문과 대답(QnA),항암 중 구충제,도리,2023.07.21.,400
17417,자유게시판,시원하게 변비 탈출하는 4가지 방법,소확왕,2023.07.21.,154
17418,암 호전사례 정보,"[해외호전사례] 미국 남자 Rocky의 연골육종, chondrosarcoma, 팔을 자르지 않아됨 - 고용량 펜벤다졸 복용법 🎈 - 정말! 와우!",꿈많은사람2,2023.07.21.,163
17419,자유게시판,구충제와 베르베린,주니나나맘,2023.07.22.,342
17420,자유게시판,암 통증 원인 및 해결 (나트룸 통로 차단),무지개,2023.07.22.,198
17421,자유게시판,중복글 죄송합니다 스타틴구합니다,대관령사랑,2023.07.22.,156
17422,자유게시판,안녕하세요 !,안락동,2023.07.22.,92
17423,자유게시판,제주도여행중,헤라,2023.07.22.,269
17424,자유게시판,약사기꾼 조심하세요,헤라,2023.07.23.,974
17425,자유게시판,민물 물놀이와 약수 음용을 조심해야 합니다.,말콥,2023.07.23.,161
17426,자유게시판,요즘 핀 꽃,bearskin2,2023.07.23.,34
17427,자유게시판,몸에 맞는 전통차 12가지 모음 [건강해지는법],소확왕,2023.07.24.,59
17428,자유게시판,유방암에 있는 기생충과 구충제 문의,무지개,2023.07.24.,396
17429,자유게시판,게으름뱅이의 아침,엘리자,2023.07.24.,189
17430,자유게시판,MBC 생방송오늘저녁 촬영 및 방송,건강장수1,2023.07.24.,157
17431,자유게시판,니이야가라폐암4기님 지혜난초님 다들 잘지내시죠?,사랑과전쟁,2023.07.24.,245
17432,자유게시판,해발700-900 야생 자연산 돌복숭아 채취 및 천연발효효소식초 담금,건강장수1,2023.07.24.,76
17433,바르는산소_자가임상,"바르는 산소 무릎에도 발라봅니다_ 노벨상 받은,균과 암을 죽이는 산소의 원리",신풍,2023.07.25.,288
17434,자유게시판,효소욕 후기,소하랑,2023.07.25.,185
17435,자유게시판,유방암4기 폐전이,해님75,2023.07.25.,351
17436,자유게시판,대나무 압력타윌,유지원,2023.07.25.,109
17437,가입 인사,안녕하세요,재정1,2023.07.25.,68
17438,질문과 대답(QnA),알벤 휴약 중입니다,재정1,2023.07.25.,260
17439,자유게시판,"암통증 진통효과(복어독,테트로도톡신)",무지개,2023.07.26.,154
17440,자유게시판,"복어독,테트로도톡신 유방암세포 이동 침습전이 억제효과",무지개,2023.07.26.,170
17441,자유게시판,얄리의 추억,엘리자,2023.07.26.,223
17443,자유게시판,안부,헤라,2023.07.27.,59
17444,자유게시판,나만의 꿀잠자는 방법을 이제서야 터득했습니다.,하늘별섬,2023.07.27.,282
17446,자유게시판,접지(야외 또는 실내접지),비소편평상피폐암,2023.07.27.,258
17447,암 호전사례 정보,"[해외호전사례] 캐나다 여성 Christine 소세포 폐암 4기 뇌전이- 방사선, post chemo + 더발루맙(면역항암), 이버멕틴 - 고용량 펜벤다졸 복용법 🎈",꿈많은사람2,2023.07.27.,245
17448,정보 공유,맨발 걷기 운동의 효과,나이야가라 폐선암4기,2023.07.28.,334
17449,자유게시판,안부,헤라,2023.07.28.,58
17450,정보 공유,"[해외다큐] 부패한 식품 산업 | 건강에 반하는 로비 | 육류 소비 - 2016년, 프랑스 제작, 식품산업 vs 제약산업",꿈많은사람2,2023.07.28.,113
17451,자유게시판,무료 나눔합니다. [[종료]],나이야가라 폐선암4기,2023.07.28.,227
17452,자유게시판,니클 포접 이렇게 ㅋㅋㅋ,벤졸,2023.07.28.,230
17453,자유게시판,변비 탈출을 위해 노력하고 있습니다.,하늘별섬,2023.07.29.,279
17454,자유게시판,간청소 다시 한번 생각해봅니다.,하늘별섬,2023.07.29.,458
17456,자유게시판,안부,헤라,2023.07.30.,69
17457,자유게시판,요즘 핀 꽃,bearskin2,2023.07.30.,49
17458,자유게시판,멜라토닌 구매,주니나나맘,2023.07.31.,236
17459,기타 자가임상 후기,[암 산소에 답이 있다] 추천 도서,신풍,2023.07.31.,455
17460,자유게시판,상황버섯효소 분말 일주일 무료체험신청,산하,2023.07.31.,193
17461,정보 공유,"만병의 주범 ""혈액 오염""",나이야가라 폐선암4기,2023.08.01.,257
17462,자유게시판,암통증의 원인(3)(말초신경장애),무지개,2023.08.01.,159
17463,자유게시판,눈으로 볼수없는 2차코로나 !,안락동,2023.08.01.,245
17464,자유게시판,저용량날트렉손 질문,알파카,2023.08.01.,455
17465,자유게시판,아이의 성향,알파카,2023.08.01.,172
17466,자유게시판,안부,헤라,2023.08.02.,63
17467,바르는산소_자가임상,[공유] [회원 특가 소개 ]바르는 산소 피부로 흡수되는 숲속 산소의 100배 고농축 센트바이오,신풍,2023.08.02.,797
17468,자유게시판,이버멕틴 구매처 알 수 있을까요?,도리,2023.08.02.,433
17469,정보 공유,고농축 비타민c,안락동,2023.08.02.,268
17470,자유게시판,요즘 핀 꽃,bearskin2,2023.08.03.,29
17471,가입 인사,인사드립니다^--^,윌리,2023.08.03.,161
17472,질문과 대답(QnA),90대 할머니. 욕창은  어떻게  하면 좋을까요,아이스ㅣ 유방암ㅣ보,2023.08.04.,164
17473,자유게시판,명현현상,주니나나맘,2023.08.04.,259
17474,자유게시판,해발700 야생 부추와 야생 풋고추 수확,건강장수1,2023.08.04.,67
17475,암 호전사례 정보,"[해외호전사례] 미국 여성 질 편평 상피 세포 암종, 직장 전이 2016년, 2년동안 펜벤다졸 복용 지금은 Cancer Free ,  - 고용량 펜벤다졸 복용법",꿈많은사람2,2023.08.04.,210
17476,질문과 대답(QnA),수술 후 홍삼,빠르겡,2023.08.04.,93
17477,바르는산소_자가임상,"바르는 산소, 비염에 효과 바로 보고 있다고 하고 추가 주문이 처음으로 들어 왔다고 합니다.",신풍,2023.08.04.,215
17478,바르는산소_자가임상,"산소 공급량을 늘려라-암, 산소에 답이 있다 중에서 발췌",신풍,2023.08.04.,230
17479,바르는산소_자가임상,산소결핍 해소를 통한 암 치유 정리,신풍,2023.08.04.,269
17480,자유게시판,안부,헤라,2023.08.05.,61
17481,설금홍,콜레스테롤과 LDL-C 관리. 낮은 콜레스테롤은 일부 암의 원인이기도 한데 적절한 수치는???,설금홍,2023.08.05.,158
17483,자유게시판,"해발700 야생 아로니아 천연발효효소식초 거름 및 토굴 안치, 암 및 퇴행성뇌질환 등 난치병 치유, 완치",건강장수1,2023.08.05.,75
17484,질문과 대답(QnA),이버멕틴이 외부기생충에 작용되는 기전이 궁금,대전소생,2023.08.05.,339
17486,자유게시판,요즘 핀 꽃,bearskin2,2023.08.06.,19
17487,자유게시판,요즘 핀 꽃,bearskin2,2023.08.06.,29
17489,자유게시판,아토바스타틴 과 메트포르민 구합니다,코스모스,2023.08.07.,144
17490,자유게시판,40년 지음지기 재회와 암투병,건강장수1,2023.08.07.,172
17491,자유게시판,메트로니다졸 400mg 구할수 있을까요?,w관세음보살,2023.08.07.,134
17492,정보 공유,[해외논문] 일반적인 혈액 희석제가 암 치료의 두 배가 될 수 있습니다. - 의학용어 warfarin 와파린 = coumadin 쿠마딘,꿈많은사람2,2023.08.07.,173
17493,자유게시판,안부,헤라,2023.08.08.,49
17495,암 호전사례 정보,"어머니 흉부,복부 ct결과 깨끗하다네요^^",푸른 숲,2023.08.08.,608
17496,자유게시판,코로나에 또 걸렸네요.,소하랑,2023.08.08.,255
17497,신풍 생각,코로나 치료 후기,신풍,2023.08.08.,315
17498,자유게시판,메벤다졸 복용법,롱롱이닫,2023.08.09.,330
17499,질문과 대답(QnA),어느 구충제를 먹으면될까요? 흉추 물혹,쭉둘맘,2023.08.09.,363
17502,암 호전사례 정보,"[해외사례] 미국 Cliff의 아내 52세, 폐와 뇌에 전이가 있는 4기 직장암 (3년전) -2023년 1월부터 펜벤다졸 복용. 고용량 펜벤다졸 복용법 🎈",꿈많은사람2,2023.08.10.,305
17503,바르는산소_자가임상,바르는 산소 사용후기,춤추는나무,2023.08.10.,340
17505,자유게시판,소금의 20가지 활용법 [건강식],소확왕,2023.08.10.,188
17506,자유게시판,안부,헤라,2023.08.11.,52
17507,자유게시판,항암 프로토콜 시작했어요,윌리,2023.08.11.,220
17508,자유게시판,근황입니다.,소하랑,2023.08.11.,306
17510,자유게시판,깜빡했습니다.,하늘별섬,2023.08.11.,250
17511,자유게시판,안부,헤라,2023.08.12.,66
17514,정보 공유,전립선 치유중 붕장어 구이 섭취해도 되나요?,안락동,2023.08.12.,102
17516,자유게시판,"천연식초 제조법과 장단점 및 해발800-1000 청정자연 야생 자연산 산사과, 다래, 머루, 아로니아 천연발효효소식초 거름 및 토굴에 자연숙성 안치",건강장수1,2023.08.13.,64
17518,자유게시판,감기에 좋은 음식 8가지 [건강이기본],소확왕,2023.08.14.,60
17521,자유게시판,그간 부모님 두분 암 재발로 맘고생이 많았어요,똥진이,2023.08.14.,661
17522,신풍 생각,공포 마케팅에 속지 마십시요,신풍,2023.08.15.,426
17523,자유게시판,"100세시대 건강관리, 체질에 꼭 맞는 음식궁합",소확왕,2023.08.15.,79
17524,자유게시판,몸에 맞는 전통차 12가지 모음 [건강해지기],소확왕,2023.08.16.,62
17525,자유게시판,요즘 핀 꽃,bearskin2,2023.08.16.,29
17526,정보 공유,요즘 일상 (자연치유 효과),나이야가라 폐선암4기,2023.08.17.,325
17527,자유게시판,안부,헤라,2023.08.17.,46
17528,암 호전사례 정보,[해외호전사례] 미국 Jasmine의 아버지 sam 소세포암 4기 - 9개월만에 좋은 소식 - 고용량 펜벤다졸 복용법 🎈,꿈많은사람2,2023.08.17.,176
17530,자유게시판,"건강관리모음, 술이 보내는 뇌 손상 경보",소확왕,2023.08.17.,75
17531,바르는산소_자가임상,새벽에 깨는 이유는 산소부족이다.,신풍,2023.08.17.,288
17532,바르는산소_자가임상,바르는 산소체험,bearskin2,2023.08.17.,177
17533,바르는산소_자가임상,바르는 산소 사용후기,진토일미,2023.08.18.,186
17534,바르는산소_자가임상,바르는 산소 후기,섬,2023.08.18.,212
17536,자유게시판,드림,반짝반짝 하니맘,2023.08.18.,93
17537,바르는산소_자가임상,바르는산소 사용후,빅앤러,2023.08.18.,242
17538,자유게시판,"일본의 뉴스를 보니, ""YouTube, 유해 또는 무효로 입증된 암 치료 관련 동영상 삭제 시작"" 기사가 눈에 띄네요.",늘푸른행복나무,2023.08.18.,151
17539,질문과 대답(QnA),호주에 사시는 지인이 이번에 한국 방문하시면서 필요한거 얘기하라 하시는대요~^^,엘리자,2023.08.18.,208
17540,정보 공유,복합 대사치료제/ 호주 개발,나이야가라 폐선암4기,2023.08.18.,129
17541,자유게시판,식초차 드신분게 비율방법을 조언 받고 싶습니다,안락동,2023.08.18.,119
17542,자유게시판,신체가 독소로 가득하다는 신호들 [100세시대 건강관리],소확왕,2023.08.18.,211
17543,정보 공유,사기꾼들에게 속아 투자 하지 마세요,신풍,2023.08.18.,377
17544,자유게시판,다시 보는 조티펜스 영상들 (feat. 펜벤다졸 구충제) - 영상박제,스마트퓨쳐,2023.08.18.,219
17545,정보 공유,꿈님! 복합 대사치료제 자료,나이야가라 폐선암4기,2023.08.19.,157
17546,자유게시판,안부,헤라,2023.08.19.,46
17547,자유게시판,강원도 정선 청정자연 해발700 야생 산배추 수확 및 건강김치,건강장수1,2023.08.19.,80
17548,정보 공유,유방암 치료를 위한 힘든 여행을 하신분의 블로그를 소개합니다.,신풍,2023.08.19.,333
17549,자유게시판,식혜의 효능 [암예방],소확왕,2023.08.20.,167
17550,자유게시판,안부,헤라,2023.08.20.,47
17551,자유게시판,"해발700-900 청정자연 야생 자연산 아로니아, 각종 자연산 허브류 채취 및 천연발효효소식초 담금",건강장수1,2023.08.20.,45
17552,자유게시판,맨발걷기,빅앤러,2023.08.20.,243
17553,자유게시판,"요메산 니클로사마이드,메벤다졸 구해요",이이아옷,2023.08.20.,184
17554,질문과 대답(QnA),멜라토닌 질문입니다.,chems,2023.08.21.,297
17555,자유게시판,몸에 맞는 전통차 12가지 모음 [건강음식],소확왕,2023.08.21.,65
17556,자유게시판,안부,헤라,2023.08.22.,39
17558,자유게시판,이버멕틴 주사약 구할수 있나요?,무지개,2023.08.23.,217
17559,가입 인사,안녕하세요,존재의힘,2023.08.23.,63
17560,질문과 대답(QnA),알로홀,둥이둥이,2023.08.23.,132
17561,자유게시판,친동생 선항암치료중.. 수술날짜는 아직 안잡혔어요,지질학,2023.08.23.,478
17562,질문과 대답(QnA),메벤다졸 어디서 구매하시나요?,맛있는버터,2023.08.24.,555
17563,정보 공유,소금과 베이킹소다와 곰팡이,나이야가라 폐선암4기,2023.08.24.,346
17564,자유게시판,변비약,비소편평상피폐암,2023.08.24.,124
17565,질문과 대답(QnA),이버멕틴,도리,2023.08.24.,335
17566,자유게시판,안부,헤라,2023.08.24.,75
17567,자유게시판,희망을 가져 봅니다,비타민1471,2023.08.24.,450
17568,바르는산소_자가임상,"바르는산소 , 사소한 것이지만 자가 임상 내용 올립니다.",신풍,2023.08.24.,342
17569,자유게시판,알벤다졸,양준,2023.08.25.,187
17570,암 호전사례 정보,[해외호전사례] 캐나다 Karen의 남편 췌장암 4기 (2021년) - one year 🎁 no evidence of disease - 고용량 펜벤다졸 복용법,꿈많은사람2,2023.08.25.,374
17571,자유게시판,쪽지로 응원해주셔서 감사해요 면역치료 관련해서 여쭤보시는 분들이 좀 많으시더라구요,지질학,2023.08.25.,269
17572,자유게시판,시 함께 즐겨요,낮달맞이,2023.08.25.,51
17574,바르는산소_자가임상,암 환자에게 산소가 왜 필요한지?,신풍,2023.08.25.,281
17575,질문과 대답(QnA),질문있습니다,임당,2023.08.25.,266
17576,설금홍,유방암 치료에 테스토스테론의 사례를 통한 효과 [증례보고서],설금홍,2023.08.26.,119
17578,자유게시판,[공유] 암 투병 정신과 의사 김준기 고백,건강장수1,2023.08.26.,239
17579,가입 인사,두경부편평세포페암 폐전이 뇌전이 환우 가족입니다.,골드밍키,2023.08.27.,124
17580,자유게시판,구충제 구입처 도와주세요ㅠ,골드밍키,2023.08.27.,293
17583,자유게시판,[과거사정리-딴짓거리] 김범석 vs 최원철 - 현대의학 vs 인간의학 - 나는 어디로 가고 싶은가?,꿈많은사람2,2023.08.27.,158
17584,자유게시판,안부,헤라,2023.08.28.,49
17585,바르는산소_자가임상,바르는 산소 25일 후기,햄버거,2023.08.28.,287
17586,벤지미다졸정보나누기,벤다졸 졸음 관련 정보,맛있는버터,2023.08.28.,165
17587,자유게시판,폐암4기 뇌전이  수술 했습니다,전기,2023.08.29.,278
17588,자유게시판,신기한 푸른숲님~^^,산하,2023.08.29.,226
17590,이버맥틴,이버멕틴은 COVID 사망 위험을 92% 감소,감사해,2023.08.29.,244
17591,자유게시판,뱀 기생충이 사람머리에 있다는군요!,이삭,2023.08.30.,286
17592,자유게시판,안부,헤라,2023.08.30.,47
17593,자유게시판,수술 날짜가 잡혔네요..걱정이 되지만 잘 이겨낼거라 믿어요,지질학,2023.08.30.,404
17594,가입 인사,인사드립니다 ^^,제라늄,2023.08.30.,142
17596,자유게시판,혹시 구강용 프로폴리스 스프레이 어떤게 좋나요?,주니나나맘,2023.08.31.,95
17597,자유게시판,7년된 천연발효효소식초 거름 및 건강한 먹거리의 핵심 기준,건강장수1,2023.08.31.,33
17598,자유게시판,건강한 먹거리 탐방으로 해발800 청정자연 야생 산수박(복수박) 및 야생 오이맛 풋고추 득템,건강장수1,2023.08.31.,36
17599,자유게시판,식물을 통해 본 자연의 힘,늘푸른행복나무,2023.08.31.,77
17600,자유게시판,구충제  문의,해님75,2023.08.31.,173
17601,자유게시판,펜벤다졸 파나쿠어C (1g) 구합니다.,kong1353,2023.08.31.,97
17602,자유게시판,"건강박사, 이것이 人生이다",소확왕,2023.08.31.,64
17603,자유게시판,설금홍님 문의 드립니다.,말콥,2023.09.01.,245
17604,자유게시판,안부,헤라,2023.09.01.,38
17606,자유게시판,삼중음성 유방암도움되는 영양제,jj2422,2023.09.01.,72
17607,자유게시판,"건강관리모음, 불면증을 물리치는 12가지 생활 습관",소확왕,2023.09.01.,84
17608,자유게시판,베르베린과 투드카 수술후 복용시기,주니나나맘,2023.09.01.,213
17609,바르는산소_자가임상,안녕하세요. 바르는 산소 총판 김성진입니다.,바르는 산소 총판,2023.09.01.,346
17610,자유게시판,접지 경침과 은팔찌,비소편평상피폐암,2023.09.02.,479
17611,자유게시판,서출동류수가 식수인 명당터 중 최고의 명당터,건강장수1,2023.09.02.,74
17612,질문과 대답(QnA),알벤다졸 올리브유와 복용시 기침,제라늄,2023.09.02.,392
17613,자유게시판,안부,헤라,2023.09.03.,53
17614,자유게시판,pga k,또디기,2023.09.03.,67
17616,자유게시판,흔히 잘못 알고 있는 상식들 [건강글귀모음],소확왕,2023.09.03.,128
17617,질문과 대답(QnA),수술후 항암치료 2번 하고 힘들어서 포기하려는 환자,아이스ㅣ 유방암ㅣ보,2023.09.03.,187
17618,자유게시판,이버멕틴에 대한 논문을 보고 싶은데요,아이스ㅣ 유방암ㅣ보,2023.09.04.,194
17619,자유게시판,안부,헤라,2023.09.04.,88
17620,설금홍,삼중음성 유방암 치료에 관한 정보들 모음,설금홍,2023.09.04.,158
17621,정보 공유,"[해외뉴스-미국] 연방 항소법원, COVID-19에 대한 이버멕틴에 대해 의사 편들기 - 'FDA는 의사가 아닙니다.' 이런것은 미국이 엄청 부럽네요",꿈많은사람2,2023.09.04.,130
17622,자유게시판,새롬님. 별사탕님,분홍앵초,2023.09.04.,184
17623,정보 공유,이버멕틴 국립암센터 2017년 자료,향기로운 바람,2023.09.05.,261
17624,이버맥틴,이버맥틴 있습니다,행콩,2023.09.05.,364
17625,질문과 대답(QnA),갑자기 생긴 목 이물감,제라늄,2023.09.05.,341
17626,자유게시판,"암 및 퇴행성뇌질환, 당뇨, 신부전증, 간염, 고혈압 등 난치병 환우분들과 가족분들의 냉엄한 현실과 대응방안에 대한 고언",건강장수1,2023.09.06.,76
17627,자유게시판,근황입니다 - 혈액검사결과,소하랑,2023.09.06.,446
17629,자유게시판,생활의 지혜 한 꾸러미 [건강상식모음],소확왕,2023.09.06.,64
17630,자유게시판,[오지랖] 최근에 있었던 일들 - 항암구충요법을 어떻게 소개 해야 할까요?,꿈많은사람2,2023.09.06.,446
17631,기생충정보,우리나라 톡소포자충증의 발생 특성 연구,말콥,2023.09.06.,168
17633,자유게시판,요즘 핀 꽃,bearskin2,2023.09.07.,26
17634,자유게시판,요즘 핀 꽃,bearskin2,2023.09.07.,44
17636,자유게시판,안부,헤라,2023.09.08.,44
17637,바르는산소_자가임상,"[공유] [﻿ 카페 회원 특가 공급 연장 ] ""바르는 산소"" 피부로 흡수되는 숲속 산소의 100배 고농축 센트 바이오",신풍,2023.09.08.,339
17638,바르는산소_자가임상,"[바르는산소] 자가임상 및  말초혈관 효과 사례, 통풍이 있는 분 소개 부탁합니다.",신풍,2023.09.08.,233
17639,바르는산소_자가임상,바르는 산소 효과,푸른매화,2023.09.09.,267
17640,자유게시판,안부,헤라,2023.09.09.,38
17641,자유게시판,프라지콴텔 또는 니타족사니드,곰지,2023.09.09.,194
17642,설금홍,"말콥님 숙제 : 피부 기생충과 약물 치료에 관한 부분(이버멕틴, 알벤다졸, etc...)",설금홍,2023.09.09.,256
17643,자유게시판,구충제 복용하면서 비타민C 메가도스 해도되나요?,맥퀸,2023.09.10.,280
17644,자유게시판,호스피스 병동 입실조건에 대해 여쭤봅니다.,아리아스안,2023.09.10.,211
17645,암 호전사례 정보,"[해외호전사례] 필리핀계 미국(?) Rosalind 82세 여성, 대장암 4기 (3년전에) - 조티펜스 복용법 (친구가 알려줌, 4개 팩의 펜벤다졸과 함께)",꿈많은사람2,2023.09.10.,184
17646,자유게시판,산행하면서 나무잡기 돌 만지기 계곡 물에 발 담그기 나물 뜯기 등등,비소편평상피폐암,2023.09.11.,196
17647,자유게시판,"건강음식, 오래 사는 비결 2023년 건강정보",소확왕,2023.09.11.,66
17648,자유게시판,정 나눔,건강장수1,2023.09.11.,69
17650,정보 공유,카페에 정보를 가장한 광고나 사기 글이 있군요,신풍,2023.09.12.,244
17651,자유게시판,변비약,비소편평상피폐암,2023.09.12.,438
17652,자유게시판,안부,헤라,2023.09.12.,41
17653,기생충정보,눈기생충 잡기 자가임상 1년 동양안충 감염경로와 증상,말콥,2023.09.12.,336
17654,자유게시판,600m  고랭지  첫물 영양 고추가루  집에 데려가세요~~,산하,2023.09.12.,214
17655,자유게시판,흔히 잘못 알고 있는 상식들 [건강관리모음],소확왕,2023.09.12.,122
17656,자유게시판,"이버멕틴,베르베린 열",도리,2023.09.12.,398
17657,자유게시판,"매일건강관리, 발 건강과 증상",소확왕,2023.09.13.,124
17658,자유게시판,가을이에요,낮달맞이,2023.09.13.,73
17659,자유게시판,아..맵다 매워...,하늘별섬,2023.09.13.,171
17660,자유게시판,안부,헤라,2023.09.14.,59
17661,자유게시판,"건강필수, 쌈채소의 궁합 알고 먹자",소확왕,2023.09.14.,108
17662,설금홍,"트립토판 보충제, 많이들 복용하시나요? 세로토닌과 멜라토닌을 만드는 트립토판의 장단점을 알려드립니다.",설금홍,2023.09.15.,205
17663,정보 공유,항암치료를 안 하신분들을 위하여,신풍,2023.09.15.,447
17664,가입 인사,자궁경부암4기 환자입니다,임인년 봄,2023.09.16.,418
17665,자유게시판,안부,헤라,2023.09.16.,52
17666,암 호전사례 정보,[해외호전사례] 미국 Lisa 남편 폐암 3A 기 - 2022년 8월 완화치료만 - 이젠 '치료 가능'으로 변경 - 조티펜스 복용법,꿈많은사람2,2023.09.16.,227
17667,자유게시판,리보세라닙(아파티닙) 필요하신 분 계신가요?,두발로서서,2023.09.17.,85
17668,자유게시판,"진정한 친환경, 유기농 사과의 실체 및 정의",건강장수1,2023.09.17.,166
17669,자유게시판,이버멕틴 맛이달라요...,suk1234055,2023.09.18.,282
17670,자유게시판,비타민 시의 분리작용,양준,2023.09.18.,155
17671,기생충정보,[펌]톡소포자충 수막뇌염 사례,말콥,2023.09.19.,113
17672,설금홍,"이버멕틴, 알벤다졸, 니클로사미드 복합제 개발과 폴리비닐 피롤리돈, 아라비노 갈락탄 배합으로 용해도 증가",설금홍,2023.09.19.,234
17673,자유게시판,해발700 청정자연 야생 자연산 오미자 천연발효효소식초 담금,건강장수1,2023.09.19.,36
17674,자유게시판,코로나가 휩쓸고 지나간 자리에 등장했군요.,하늘별섬,2023.09.19.,174
17675,자유게시판,혜봉스님 암 치유상황과 아호 선물,건강장수1,2023.09.19.,104
17676,자유게시판,[공유] 암 중입자 치료(Heavy Ion Particle Cancer Therapy),건강장수1,2023.09.20.,139
17678,자유게시판,안부,헤라,2023.09.20.,43
17679,자유게시판,[공유] CT 검사의 방사능 노출(Radiation Exposure Concerns with CT Scans),건강장수1,2023.09.20.,55
17680,자유게시판,"아내의 유방암 복어독, TTX치료 2달차의  치료 이야기",무지개,2023.09.20.,313
17681,설금홍,톡소포자충증(Toxoplasmosis) : 톡소플라즈마 곤디(Toxoplasma gondii) 감염에 의한 질환. 치료는?,설금홍,2023.09.20.,113
17682,암 호전사례 정보,[해외호전사례] 미국 karen의 남편 원발성 중추신경계(CNS) 림프종 비호지킨 - 뇌암 (2021년 11월) - 더 이상 뇌암 없음. 의사는 충격을 받았다고 인정 - 조티펜스 복용법 🎈,꿈많은사람2,2023.09.20.,267
17683,자유게시판,대사증후군 기전과 치료,건강장수1,2023.09.20.,91
17684,자유게시판,인생을 바꾸고 싶다면 세 가지 버릇을 고쳐라,소확왕,2023.09.21.,107
17685,가입 인사,안녕하세요 인사드립니다,임인년 봄,2023.09.21.,226
17687,가입 인사,안녕하세요,냐냐냥77,2023.09.21.,65
17688,자유게시판,우리 몸을 살리는 수퍼푸드 20가지 효능 [건강식단모음],소확왕,2023.09.22.,138
17689,자유게시판,기력을 보강해주는 토종 약초 [건강글귀],소확왕,2023.09.22.,86
17690,질문과 대답(QnA),혹시 펜벤이랑 알테 함께 복용하는 분 계신가요?,슝슝숭,2023.09.23.,152
17691,질문과 대답(QnA),도와주세요,살로메,2023.09.23.,238
17692,자유게시판,철분제..암환자는 드시면 안되겠네요 ㅠ,주니나나맘,2023.09.23.,363
17693,자유게시판,황톳길 맨발걷기,나이야가라 폐선암4기,2023.09.23.,429
17694,자유게시판,안부,헤라,2023.09.24.,41
17695,자유게시판,"암 ""맨발 걷기""로 완치된 사례올립니다.",의암호,2023.09.24.,431
17696,정보 공유,"[실전편] [환자주도형임상시험]  - 알약케이스, 요일별 약통 이 정도는 모두들 가지고 계시죠? - 고용량 펜벤다졸 페북 그룹 게시글 참조",꿈많은사람2,2023.09.24.,201
17697,가입 인사,안녕하세요,에뜰사랑,2023.09.25.,94
17698,자유게시판,서출동류 약수 단수 해결 및 자연의 선물 천연발효효소식초 담금,건강장수1,2023.09.25.,49
17699,질문과 대답(QnA),주변에서 많이 사용하시는 천연 항암제는 무엇이 있을까요?,늘푸른행복나무,2023.09.26.,372
17700,가입 인사,안녕하세요~,언주,2023.09.26.,52
17701,자유게시판,♤4대 자연 항암제!!,신풍,2023.09.26.,372
17702,기생충정보,[혐오사진]내시경시 발견되는 기생충,말콥,2023.09.26.,362
17703,자유게시판,사주팔자 [四柱八字],소확왕,2023.09.26.,126
17704,자유게시판,혹시 의무기록 발급 받아보신 분 계실까요?,통나무통,2023.09.26.,60
17705,자유게시판,풍요로운 한가위 되세요,신풍,2023.09.26.,101
17706,기생충정보,기생충성 류머티즘(관절염),말콥,2023.09.27.,244
17707,기생충정보,피부경화증 및 레이노 현상/기생충 측면,말콥,2023.09.27.,147
17708,자유게시판,"매일건강관리, 발 건강과 증상",소확왕,2023.09.27.,103
17709,자유게시판,"건강식, 노화를 막아주는 음식 9가지",소확왕,2023.09.28.,103
17711,자유게시판,오늘 추석이네요~^^,헤라,2023.09.29.,82
17712,자유게시판,[뉴스] 암치료  첨단 장비 나왔다는데,아이스ㅣ 유방암ㅣ보,2023.09.29.,156
17714,자유게시판,즐거운 추석휴가입니다.,하늘별섬,2023.09.30.,39
17715,자유게시판,메필렉스보더-욕창밴드,싼타공룡,2023.09.30.,69
17716,암 호전사례 정보,"[해외호전사례] 미국 2022년 10월 유방암 4기, 뼈전이 - 이버멕틴도 사용 - 고용량 펜벤다졸 복용법 - 누구나 할만한 고민들까 지🎈",꿈많은사람2,2023.09.30.,623
17718,가입 인사,반갑습니다,매일새로운,2023.10.01.,37
17719,정보 공유,환자주도형임상시험 할때 꼭 명심해야 할 5가지 - Tammy 씀 - 고용량 펜벤다졸 복용법 페북 그룹에서,꿈많은사람2,2023.10.01.,192
17721,자유게시판,"건강식, 술이 보내는 뇌 손상 경보",소확왕,2023.10.02.,70
17722,기생충정보,구강건조증(입마름)을 유발하는 기생충,말콥,2023.10.02.,356
17723,자유게시판,"건강관리모음, 오래 사는 비결 2023년 건강정보",소확왕,2023.10.02.,44
17724,정보 공유,[공유] 제13회 임상통합의학암학회 세미나 - 꼭 한번 가보세요.,꿈많은사람2,2023.10.02.,73
17725,기생충정보,진드기 감염 라임관절염 증상과 치유,말콥,2023.10.03.,85
17727,자유게시판,꼬막에 퍼져있는 전염성 암 발견,말콥,2023.10.03.,260
17728,기생충정보,[혐오사진]기생충성 (자궁)근종,말콥,2023.10.03.,322
17729,자유게시판,신체가 독소로 가득하다는 신호들 [건강음식모음],소확왕,2023.10.03.,167
17730,자유게시판,입맛이 없을떄,매일새로운,2023.10.03.,59
17731,가입 인사,반갑습니다,별별이,2023.10.03.,39
17732,자유게시판,암 이겨내신 분들,별별이,2023.10.03.,175
17733,자유게시판,항암약 부작용,별별이,2023.10.04.,105
17734,가입 인사,안녕하세요,복둥이,2023.10.04.,45
17736,자유게시판,안부,헤라,2023.10.04.,41
17737,정보 공유,맨발 걷기 / 통합본(수정본),나이야가라 폐선암4기,2023.10.04.,190
17739,자유게시판,위가 안좋을 때 나타나는 증상 25가지 [오늘도건강정보],소확왕,2023.10.04.,97
17740,기생충정보,기생충과 암/미생물 상호작용/기생충 백신,말콥,2023.10.05.,133
17741,기생충정보,기생충의 인간 면역 회피 메카니즘,말콥,2023.10.05.,146
17742,암 호전사례 정보,"[해외호전사례] 미국 nicole의 남편 35세, ﻿폐 선암 4기 NSCLC (아마도) - 조티펜스 복용법 + 제인 대사 치료법 추가 할 거임. 🎈",꿈많은사람2,2023.10.06.,199
17743,자유게시판,"건강정보글, 뇌졸중 확인법",소확왕,2023.10.06.,78
17745,정보 공유,"맨발걷기용 값싼 제전 슬리퍼 (20,000원 미만) 소개합니다.",나이야가라 폐선암4기,2023.10.07.,545
17746,기생충정보,복부대동맥류와 기생충,말콥,2023.10.07.,208
17748,자유게시판,자유게시판이잖아요 ㅎ 애견이쁨나눔이요,똥진이,2023.10.07.,117
17749,정보 공유,"[해외기사] 고용량 이버멕틴, 암 전이 감소 - 관련 링크들이 아주 풍부합니다. 그리고 동영상(영어)도 대박 (의료전문가의 관리아래서 치료되는 환자들).",꿈많은사람2,2023.10.07.,620
17750,정보 공유,[해외정보] 예전 코로나 예방 치료법 공개 FLCCC에서 -암 치료에서 용도 변경된 약물과 대사 중재의 역할- 영문 책 및 영상들- 강추,꿈많은사람2,2023.10.07.,78
17751,정보 공유,인체내 활성산소 제거에 의한 면역항암제 개발로 노벨의학상,나이야가라 폐선암4기,2023.10.08.,172
17752,정보 공유,활성산소,나이야가라 폐선암4기,2023.10.08.,127
17753,정보 공유,진짜와 가짜의 비교/ 판단은 여러분께서~~,나이야가라 폐선암4기,2023.10.08.,386
17754,암 호전사례 정보,[해외호전사례] Dr Chetty & Dr Landrito - Ivermectin & Lactoferrin for Cancer - ﻿이버멕틴+락토페린 사용 - 다른 의사들/환자들 인터뷰 영상,꿈많은사람2,2023.10.08.,119
17755,기생충정보,기생충 감염으로 인한 심장 질환,말콥,2023.10.08.,242
17756,정보 공유,꿈님!!!,나이야가라 폐선암4기,2023.10.08.,244
17757,정보 공유,신풍님! 인체내 정전기의 접지를 통한 제거,나이야가라 폐선암4기,2023.10.08.,423
17758,자유게시판,해발800-1000 청정자연 건강한 먹거리 기준 및 대자연의 베품 채취,건강장수1,2023.10.08.,42
17759,자유게시판,어싱과 활성산소 제거 논문들과 내용(제가 찾아본),말콥,2023.10.08.,298
17760,자유게시판,욕창 으로 고생하시는분 보세요,벤졸,2023.10.08.,248
17761,자유게시판,안부,헤라,2023.10.09.,52
17762,자유게시판,[완료]나눔 가능한지 모르겠네요,혜통,2023.10.09.,178
17764,기생충정보,기생충성 유방 결절/종양 사례,말콥,2023.10.09.,360
17765,자유게시판,"건강글귀, 나이와 다이어트의 관계",소확왕,2023.10.09.,61
17766,니클로사미드,국내 니클로사마이드 개발현황,크로버맨,2023.10.10.,280
17767,자유게시판,니클 시작합니다,해님,2023.10.10.,355
17770,자유게시판,안부,헤라,2023.10.11.,68
17771,자유게시판,좀뛰어볼까..?,하늘별섬,2023.10.11.,173
17772,자유게시판,무기력 울렁거림 심장통증등,내모든것,2023.10.12.,260
17773,자유게시판,요즘 핀 꽃,bearskin2,2023.10.12.,34
17774,자유게시판,약이 되는 약차 [건강식],소확왕,2023.10.13.,57
17775,기생충정보,과민성대장증후군(IBS) 유발 기생충,말콥,2023.10.13.,629
17776,가입 인사,가입했어요,Rrri,2023.10.13.,54
17777,자유게시판,해발700 청정자연 야생 표고버섯,건강장수1,2023.10.14.,49
17778,자유게시판,기침을 없애는 계피 생강 음료 [건강정보모음],소확왕,2023.10.14.,78
17779,질문과 대답(QnA),제가 지금 필리핀에 와있어요,최보배,2023.10.14.,200
17780,니클로사미드,5년하고도 10개월전,크로버맨,2023.10.15.,356
17781,자유게시판,"건강해지는법, 아침에 먹으면 좋은 음식들",소확왕,2023.10.15.,84
17782,자유게시판,"100세시대 건강관리, 술이 보내는 뇌 손상 경보",소확왕,2023.10.15.,71
17783,자유게시판,안부,헤라,2023.10.16.,45
17785,자유게시판,평생 살며 적게 해야 할 5가지,소확왕,2023.10.16.,99
17786,기생충정보,포배낭 감염과 하시모토갑상선,말콥,2023.10.16.,114
17787,자유게시판,구충제로 치료,양준,2023.10.16.,300
17788,질문과 대답(QnA),간수치 정상 아니라도 구충제 먹어도 될까요?,크라이시스코어,2023.10.16.,453
17789,자유게시판,안부,헤라,2023.10.17.,40
17790,유투브방송 링크나눔,(김자영 미토 TV) 아스피린의 암전이 억제 1부,제리호야,2023.10.17.,109
17791,자유게시판,황장목 솔잎 천연발효효소식초에 대하여...,건강장수1,2023.10.17.,49
17792,자유게시판,자연치유 전문의 조병식의사의 황장목 천연발효효소식초 소개 및 치료법 사용,건강장수1,2023.10.17.,70
17793,자유게시판,야생초,비소편평상피폐암,2023.10.17.,103
17794,자유게시판,안부,헤라,2023.10.18.,38
17795,자유게시판,"건강관리모음, 사과의 8가지 놀라운 효능",소확왕,2023.10.18.,105
17797,질문과 대답(QnA),우루사 먹는데 투드카 추가로 먹어도 되나요,크라이시스코어,2023.10.18.,366
17799,자유게시판,위가 안좋을 때 나타나는 증상 25가지 [건강관리모음],소확왕,2023.10.19.,95
17800,자유게시판,소 쓸개,양준,2023.10.19.,162
17801,자유게시판,보리밥회동,헤라,2023.10.19.,324
17802,자유게시판,유방암 TTX 치료 세달차 기록,무지개,2023.10.19.,285
17803,니클로사미드,니클로사마이드 개발소식,크로버맨,2023.10.20.,265
17804,자유게시판,식혜의 효능 [암예방],소확왕,2023.10.20.,166
17805,자유게시판,요즘 핀 꽃,bearskin2,2023.10.20.,32
17806,자유게시판,생활의 지혜 한 꾸러미 [건강식 모음],소확왕,2023.10.21.,40
17807,자유게시판,안부,헤라,2023.10.21.,45
17808,자유게시판,동물 구충제 이버맥틴집앞,양준,2023.10.21.,281
17809,설금홍,[Paul E. Marik] 암 치료 Cancer Care : 용도변경약물들과 여러 프로토콜을 정리할 기회입니다.,설금홍,2023.10.21.,238
17810,자유게시판,갑자기 '선택'에 대한 생각이 스치네요.,늘푸른행복나무,2023.10.21.,197
17811,자유게시판,패혈증으로 조카가입원을,김주현2,2023.10.22.,298
17812,자유게시판,요즘 핀 꽃,bearskin2,2023.10.22.,49
17813,자유게시판,"건강관리, 나이 들어 생각해 두어야 할 일",소확왕,2023.10.23.,54
17814,자유게시판,오랜만 입니다.,힘내자님,2023.10.23.,118
17815,자유게시판,기침을 없애는 계피 생강 음료 [건강정보모음],소확왕,2023.10.24.,71
17816,자유게시판,안부,헤라,2023.10.24.,33
17817,정보 공유,온열요법은 필수입니다,아리아리랑,2023.10.24.,320
17818,자유게시판,이틀만에 정신차리고 커피마시고 있습니다.,하늘별섬,2023.10.24.,291
17819,기생충정보,여성 생식기 주혈흡충증 불임.방광:자궁 질환 유발,말콥,2023.10.24.,368
17820,자유게시판,안부,헤라,2023.10.25.,30
17821,설금홍,[Paul E. Marik] 암 치료 Cancer Care : 용도 변경된 약물 요약,설금홍,2023.10.25.,171
17822,자유게시판,보약보다 좋은 목욕의 건강 효과 [건강박사],소확왕,2023.10.25.,107
17823,정보 공유,암 환자를 삽니다 [풀영상] | 창 439회 (KBS 23.10.24) - 암환자전용 요양병원은 정말 검증된 수익 모델인가 봅니다.,꿈많은사람2,2023.10.25.,547
17824,질문과 대답(QnA),메벤다졸 구매,빠드루가,2023.10.26.,186
17825,자유게시판,"건강식단, 6대암 간단하게 발견하는 방법",소확왕,2023.10.26.,139
17826,암 호전사례 정보,"[해외호전사례] 미국 Brenda (약 50-60세) 유방암 삼중음성 2B -> 3B, 저용량 항암, 냉동 절제술 Yes, 방사선 No, 고밀도 화학 요법 No - 고용량 펜벤다졸 복용법 🎈",꿈많은사람2,2023.10.26.,374
17827,폐암,글루타치온,rlaghddhr577,2023.10.26.,265
17828,자유게시판,기침을 없애는 계피 생강 음료 [매일건강관리],소확왕,2023.10.27.,86
17829,자유게시판,렌비마,간지킴이,2023.10.27.,101
17830,자유게시판,"건강해지는법, 체질에 꼭 맞는 음식궁합",소확왕,2023.10.28.,70
17831,자유게시판,요새 연예인들,매일새로운,2023.10.28.,234
17832,질문과 대답(QnA),용량이 궁금합니다,최보배,2023.10.28.,292
17833,기생충정보,어린이의 갑작스런 시럭 저하​와 기생충 감염,말콥,2023.10.29.,219
17834,자유게시판,서초 대법원 앞 정원,bearskin2,2023.10.29.,58
17835,자유게시판,간암수술후 싸이모신알파 주사 맞아도 될까요?,매일새로운,2023.10.29.,110
17836,정보 공유,[해외커뮤니티] Abbey Mitchell (호주) 팟캐스트에서 그녀의 이야기와 영어권쪽 커뮤니티 분위기를 알 수 있어요. [번역이 많음],꿈많은사람2,2023.10.29.,125
17837,자유게시판,아이기침 2달이 넘었어요,은하수별,2023.10.29.,179
17838,자유게시판,"건강음식, 오래 사는 비결 2023년 건강정보",소확왕,2023.10.30.,56
17839,기생충정보,기생충 감염과 발암 및 악성종양,말콥,2023.10.30.,299
17840,질문과 대답(QnA),피브카는 왜 올랐을까요 이대로 지켜볼까요?,크라이시스코어,2023.10.30.,97
17841,자유게시판,보약보다 좋은 목욕의 건강 효과 [건강이기본],소확왕,2023.10.30.,95
17842,자유게시판,안부,헤라,2023.10.31.,61
17843,질문과 대답(QnA),장마비 환자 이버멕틴 복용 질문,tqtodzl,2023.10.31.,191
17844,자유게시판,요즘 핀 꽃,bearskin2,2023.10.31.,29
17845,자유게시판,"건강정보, 암세포를 파괴하고 암을 예방하는데 효과적인 식품들",소확왕,2023.11.01.,204
17847,이버맥틴자가임상후기,구충제효능,포터2,2023.11.01.,309
17848,자유게시판,메벤다졸~~,힘내자님,2023.11.01.,160
17849,질문과 대답(QnA),이트라코나졸이랑 니클로사마이드 혼합복용가능할까요?,leesh14,2023.11.01.,192
17850,암 호전사례 정보,어머니 폐 ct결과 여전히 좋네요~^^,푸른 숲,2023.11.01.,484
17851,자유게시판,"암 치료를 위한 각종 의료비, 의료비 등으로  경제적으로 어려움을 겪는 분들이 많습니다.
이럴때 지원 받을 수 있는 정부 지원금, 복지제도 한눈에 알수있네요 도움되면 좋겠네요..",유유자적790,2023.11.02.,77
17852,자유게시판,가을이긴 한가보네요,핔크리,2023.11.02.,44
17853,자유게시판,암환자 정신건강의학과 진료도 같이 봐야해요,똥진이,2023.11.02.,132
17854,자유게시판,클로로퀸 아지스로마이신 먹고 일반항생제 먹어도 되나요,은하수별,2023.11.02.,143
17855,자유게시판,요즘 핀 꽃,bearskin2,2023.11.03.,31
17856,자유게시판,요즘 정원,bearskin2,2023.11.03.,44
17857,암 호전사례 정보,"[해외호전사례] 미국 약 40~50대 Lisa 여성, 대장암 4기 KRAS+ 돌연변이 (2020, 12월 진단) - 고용량 펜벤다졸 복용법 + 🎈",꿈많은사람2,2023.11.03.,325
17858,자유게시판,구충제 시작하려구요,빠드루가,2023.11.04.,260
17859,정보 공유,"[딴짓거리] 음식 알레르기의 종말 책을 보다가, 혹시, 이버멕틴과 관련된 논문이 있을까? 해서 찾아 보니 🎆🎃",꿈많은사람2,2023.11.04.,177
17860,가입 인사,안녕하세요?,지니영,2023.11.04.,153
17861,질문과 대답(QnA),안녕하세요~ 니클로사마이드 태국산 어디서 구하시는지 아시는분 계시나요?,와우와우 쩝,2023.11.04.,196
17862,자유게시판,피브 트러블?,하늘별섬,2023.11.05.,103
17863,가입 인사,안녕하세요~~,테니스 백합,2023.11.05.,203
17864,자유게시판,정선군 임계면 짬봉 식도락과 통기타 축제,건강장수1,2023.11.05.,48
17865,자유게시판,니클로사마이드 인도산 필요하신분 계신가요?(완료),소중한 건 건강,2023.11.05.,179
17866,암 호전사례 정보,"[해외호전사례] 영국 여성 67세, 50kg, 자궁내막암, 신장이 하나뿐- 고용량 펜벤다졸 복용법 🎈 방금 올라온 거라, 간단하게 소개만",꿈많은사람2,2023.11.05.,212
17867,자유게시판,간병인 비용 많이 비쌀까요 ?,매일새로운,2023.11.05.,173
17868,질문과 대답(QnA),메벤다졸 이버멕틴 부작용 문의드려요...,tqtodzl,2023.11.06.,665
17869,자유게시판,상추의 기막힌 효능 [100세시대 건강관리],소확왕,2023.11.06.,154
17870,자유게시판,해발800-1000 청정자연 야생 자연산 감식초 완성,건강장수1,2023.11.06.,67
17872,자유게시판,연말 느낌~,매일새로운,2023.11.08.,70
17873,기생충정보,눈의 기생충 감염V_2,말콥,2023.11.08.,293
17874,자유게시판,입맛이 좋아지고 기력이 회복되는건 좋은 징조겠죠,크라이시스코어,2023.11.08.,160
17875,자유게시판,유기농 쌀 20kg 한푸대 데려사세요 (우렁이 공법),산하,2023.11.08.,195
17876,질문과 대답(QnA),안녕하세요 메트포르민 있으신분 있으실까요?,와우와우 쩝,2023.11.08.,143
17877,가입 인사,가입인사,최민우,2023.11.09.,62
17878,자유게시판,림프부종,녹차향,2023.11.09.,255
17879,자유게시판,[오지랖2] 폐암 카페에 두 사람들의 게시글을 1년여 지켜 보면서... 그들의 마음을 바꿀 기회는 없는가? 라는 고민,꿈많은사람2,2023.11.10.,374
17880,자유게시판,"Ast alt 비율 문제, 구충제 중단",크라이시스코어,2023.11.10.,223
17881,자유게시판,말기암 시한부선고 완치 선장님의  정나눔과 식도락,건강장수1,2023.11.10.,224
17882,질문과 대답(QnA),"혹시, 세포 주기, 세포 사멸, 자가 포식 확실하게 구분이 가능하신가요?",꿈많은사람2,2023.11.11.,212
17883,자유게시판,숯에 관하여 (옛날 민간 요법)책 보다가 올려 봅니다,지구별 여행자,2023.11.12.,382
17884,자유게시판,사주팔자 [四柱八字],소확왕,2023.11.12.,121
17885,자유게시판,강원도 정선군 게릴라 콘서트와 핑거푸드 시식,건강장수1,2023.11.12.,53
17886,자유게시판,자가포식(지난번에 읽고 정리한것 있어 공유함 ),지구별 여행자,2023.11.12.,364
17887,자유게시판,우리 몸을 살리는 수퍼푸드 20가지 효능 [건강관리],소확왕,2023.11.13.,106
17888,자유게시판,이버맥틴 인도산 직구 혹은 파시는분 소개 부탁합니다.,신풍,2023.11.13.,697
17889,자유게시판,자궁선근증 도와주십시오,냥꼬센세,2023.11.14.,606
17890,자유게시판,안부,헤라,2023.11.14.,57
17891,기생충정보,폐의 기생충 감염과 질환,말콥,2023.11.14.,292
17892,질문과 대답(QnA),태국산 니클로사마이드 필요하신분 계신가요?,와우와우 쩝,2023.11.14.,147
17894,자유게시판,안부,헤라,2023.11.15.,52
17895,자유게시판,드림（완료),반짝반짝 하니맘,2023.11.15.,174
17897,자유게시판,강원도 정선 해발800-1000 청정자연 은행과 산사과 채취 및 천연발효효소식초 담금 완료,건강장수1,2023.11.15.,70
17899,자유게시판,안부,헤라,2023.11.16.,52
17901,암 호전사례 정보,"[해외호전사례] 미국 64세 여성 대장암 4기, 난소/자궁/소장 전이 - 수술 + 항암 + 좌약 , 고용량 펜벤다졸 복용법 🎈",꿈많은사람2,2023.11.16.,587
17902,자유게시판,"건강한 먹거리 기준과 각종암, 파킨슨, 만성신부전증 등 각종 난치병, 불치병 치유와 완치",건강장수1,2023.11.16.,109
17903,자유게시판,약한 변비 증상 이 자세 시도해 보십시오.,말콥,2023.11.17.,159
17905,기생충정보,기생충성 폐렴,말콥,2023.11.17.,427
17906,가입 인사,안녕하세요,깜돌맘,2023.11.17.,74
17907,자유게시판,약없이 혈당을 낮추는 양배추 (가난한 사람들의 의사 양배추),지구별 여행자,2023.11.17.,317
17909,질문과 대답(QnA),등업 부탁드립니다.,깜돌맘,2023.11.19.,51
17910,자유게시판,안부,헤라,2023.11.19.,76
17911,자유게시판,대구에 림프부종치료 잘하는 병원있나요?,무지개,2023.11.20.,715
17912,자유게시판,혜봉스님 암 치유상태,건강장수1,2023.11.21.,251
17913,질문과 대답(QnA),안녕하세요~ 옴니쿠어 혹시 파시는분 있으실까요? 파는곳도 알려주시면 감사하겠습니다!,와우와우 쩝,2023.11.21.,83
17914,정보 공유,"[해외뉴스] 호주 여성 췌장암 진단을 받지 못하고, 나중에서야 3.7cm 종양 발견 - 이런 어처구니 없는 일이... 호주가 이렇습니다.",꿈많은사람2,2023.11.21.,234
17915,자유게시판,안부,헤라,2023.11.22.,51
17916,질문과 대답(QnA),"뇌의 구조와 명칭들, 그리고 딴짓거리 질문들 ( 의견도 좋아요) + 사람의 뇌는 계속 탐구 되고 있다고 합니다.",꿈많은사람2,2023.11.22.,126
17917,가입 인사,가입인사,ock6,2023.11.23.,40
17918,자유게시판,오늘 장에 가시거든 팽이버섯을 꼭 사오세요(가난한 사람의 의사 팽이버섯),지구별 여행자,2023.11.23.,337
17920,암 호전사례 정보,"[해외호전사례] 캐나다 Karen 자궁경부암 (2020 stage 3C1), 재발 전이 2021 - stage 4B incurable - 고용량펜벤다졸 복용법",꿈많은사람2,2023.11.23.,312
17921,가입 인사,가입인사,ginkgo76,2023.11.23.,58
17922,가입 인사,안녕하세요..,마쥰사,2023.11.23.,88
17923,질문과 대답(QnA),대장암수술 후 항암 4개월 뒤 전신다발뼈전이,마쥰사,2023.11.24.,736
17924,자유게시판,안부,헤라,2023.11.24.,52
17925,자유게시판,옛날엔 임금님만 인삼을 드셨다지요? 추워지니 인삼차 한잔 어떠실까요? 천연 구충제라는 자료도 있습니다,지구별 여행자,2023.11.24.,194
17926,자유게시판,중3 동규의 크론병 치유 상황,건강장수1,2023.11.25.,184
17927,기생충정보,"담도(담낭, 담관)의 기생충 질환",말콥,2023.11.25.,190
17928,기생충정보,기생충 감염과 관련된 사구체병증(신장감염1),말콥,2023.11.25.,235
17929,자유게시판,선배님들 조언 부탁 드립니다 🙏,또또 0410,2023.11.26.,295
17930,자유게시판,머위 뿌리즙 필요하신분 계실까요?,엄마딸,2023.11.26.,133
17931,자연치유.민간요법,바이오 필름 방해기전,라스알코어,2023.11.27.,183
17932,가입 인사,가입인사드립니다.,키라이,2023.11.27.,123
17934,질문과 대답(QnA),가정 호스피스,마쥰사,2023.11.27.,209
17935,질문과 대답(QnA),간청소 중인데 둘째날 아침 올리브유 질문입니다.,강한용사,2023.11.28.,221
17936,자유게시판,안부,헤라,2023.11.28.,43
17937,바르는산소_자가임상,"""바르는 산소"" [﻿ 연말 및 설 카페 회원 특가 공급 ] 피부로 흡수되는 숲속 산소의 100배 고농축 산소",바르는 산소 총판,2023.11.28.,582
17940,자유게시판,안부,헤라,2023.11.29.,37
17941,정보 공유,염증과 통증잡는 오레가노오일,치유와건강,2023.11.29.,235
17942,자유게시판,사람 창자에   파리 성체 ??? 발견,투게더투,2023.11.29.,155
17945,정보 공유,딴짓거리 - 영어권 해외 커뮤니티들 회원수 증가율 비교 - 2023년 12월까지 - 초안,꿈많은사람2,2023.11.29.,94
17946,자유게시판,오랜만에 들러 눈팅하다 글 남깁니다.,일어나자,2023.11.29.,211
17947,자유게시판,메벤다졸c형 유럽산을 직구하신 분 계신가요?,키라이,2023.11.30.,205
17948,암 호전사례 정보,[해외호전사례] 미국 Ailish 여성 삼중음성 HER2 - 유방암 4기 (2020년) - 조티펜스 복용법 🎁 (+ COC ),꿈많은사람2,2023.11.30.,264
17949,자유게시판,암 완치 서해 선장님 내외분과 혜봉스님 정 나눔,건강장수1,2023.12.01.,134
17950,질문과 대답(QnA),고기 섭취..,마쥰사,2023.12.01.,236
17951,정보 공유,"생리통잡는 오레가노오일, 기침가래엔",치유와건강,2023.12.01.,297
17952,자유게시판,니클 파세요,노르웨이,2023.12.01.,183
17953,자유게시판,못올린 정원사진,bearskin2,2023.12.02.,50
17954,자유게시판,정원사진,bearskin2,2023.12.02.,69
17955,자유게시판,안부,헤라,2023.12.03.,53
17956,기생충정보,요로 기생충,말콥,2023.12.03.,380
17957,정보 공유,"[해외인물] 고용량 펜벤다졸 페이스북 그룹, Zahrah Sita 의 개인적인 이야기와 힐링 - 유튜브 영상 (영어)",꿈많은사람2,2023.12.03.,212
17958,자유게시판,솔잎 스파이크 단백질(코로나19백신 관련 등),건강장수1,2023.12.03.,167
17959,정보 공유,간이통관시청안내문작성 어떻게하는가요?전엔 이런거없이 받았는데...,바다,2023.12.05.,304
17960,자유게시판,강원도 정선군 해발 800-1000 청정자연 수백년 이상 수령의 황장목 솔잎 등 천연발효효소식초 담금과 세계 한민족 공연 관람,건강장수1,2023.12.05.,45
17961,자유게시판,못올린 정원시진,bearskin2,2023.12.06.,50
17962,질문과 대답(QnA),가정용산소치료기 대여문의 합니다..,산하,2023.12.06.,110
17963,자유게시판,이제야 기침과  가래로부터 해방되었어요.,bearskin2,2023.12.06.,311
17964,정보 공유,메번다졸C형 구합니다.저렴히 주실분,빅토리한,2023.12.07.,152
17965,암 호전사례 정보,"[해외호전사례] 미국 여성 은퇴하신분, Pat, 비소세포폐암 1기 (2020진단) - 조티펜스 복용법",꿈많은사람2,2023.12.07.,146
17966,자유게시판,바르는 산소의   나의 체험,행복한 보배,2023.12.07.,297
17967,질문과 대답(QnA),수혈,마쥰사,2023.12.07.,124
17968,정보 공유,3중음성 유방암을 비롯한 각종 암의 원인중에 하나입니다...,아내사랑,2023.12.08.,586
17969,자유게시판,인체접지,비소편평상피폐암,2023.12.08.,199
17970,자유게시판,안부,헤라,2023.12.08.,62
17971,질문과 대답(QnA),구충..열,마쥰사,2023.12.08.,166
17972,기생충정보,간의 기생충 감염,말콥,2023.12.08.,489
17973,자유게시판,산소바르는 회원님들도  해보셔요,행복한 보배,2023.12.08.,243
17974,정보 공유,바르는산소 👍 대박 👍 에요!,조용한빛,2023.12.08.,325
17975,질문과 대답(QnA),"영양제 같이 먹으면 상쇄, 상충될까요?",날개달은천사,2023.12.09.,295
17976,질문과 대답(QnA),이버멕틴과 비타민c,날개달은천사,2023.12.09.,377
17978,정보 공유,바르는 산소 후기(2),조용한빛,2023.12.10.,192
17979,질문과 대답(QnA),리포조말 비타민c,날개달은천사,2023.12.11.,241
17982,정보 공유,Tv 프로 몸신에 나왔던 희토루 자석,분홍앵초,2023.12.11.,274
17983,질문과 대답(QnA),옴니쿠어 파실분 계실까요?,와우와우 쩝,2023.12.11.,54
17984,질문과 대답(QnA),구충제 장복시 빈혈 올 수 있나요?,dong,2023.12.11.,315
17986,질문과 대답(QnA),위암 복막 난소전이 이버멕틴 복용문의,라떼맘,2023.12.11.,336
17987,기타 자가임상 후기,위암4기와 대사치료 6개월 경과,조용한빛,2023.12.12.,640
17988,자유게시판,구해요,곰지,2023.12.12.,140
17989,자유게시판,바르는 산소 vs aso 액체산소 차이점이 먼가요..,고양덕양구동동바,2023.12.12.,308
17990,자유게시판,청정자연 해발800-900 조선토종 왕태콩 베품과 건강한 먹거리 기준,건강장수1,2023.12.12.,48
17991,자유게시판,안부,헤라,2023.12.13.,45
17992,자유게시판,줄기세포 패치,유정이,2023.12.13.,176
17993,자유게시판,"소하랑님 유튜브 영상 -남편분을 받아줄 병원이 없다고 합니다. 혹시 병원관계자와 인맥이 있으시다면, 도와주세요",꿈많은사람2,2023.12.13.,419
17994,암 호전사례 정보,[해외호전사례] 영국 Kath 남편 전립선암 4기 (2022년 7월진단) - 완화치료 & androgen blockers - 대사치료법,꿈많은사람2,2023.12.13.,161
17995,질문과 대답(QnA),용인지역 IVC 주사,날개달은천사,2023.12.14.,119
17996,기타 자가임상 후기,산소같은사장님~,조용한빛,2023.12.14.,247
17997,기타 질병,발톱무좀 - 플루코나 복용중 나타나는 현상 -- 이게 다이오프 ??,투게더투,2023.12.15.,353
17998,질문과 대답(QnA),아지트로마이신&독시사이클린,날개달은천사,2023.12.16.,419
17999,자유게시판,안부,헤라,2023.12.16.,64
18001,자유게시판,안부,헤라,2023.12.17.,52
18002,자유게시판,바르는산소 추첨완료~4번 알카파님 축하드림미당~!!!,조용한빛,2023.12.17.,134
18003,자유게시판,안부,헤라,2023.12.18.,48
18004,정보 공유,인체의 활성산소에 대한 중요한 해석,센트바이오,2023.12.18.,216
18005,자유게시판,항암 중 구충제 요법,빠드루가,2023.12.18.,332
18006,정보 공유,이 기사를 검증해 주시면 감사하겠습니다~,조용한빛,2023.12.18.,427
18007,자유게시판,NK세포치료 양도 받으실 분 계신가요?,소토보체,2023.12.18.,151
18008,자유게시판,암환우와 그 가족을 위한 토닥토닥 신년회를 진행합니다~,한암회,2023.12.19.,142
18009,자유게시판,안부,헤라,2023.12.20.,53
18011,자유게시판,이버맥틴 새꼬시 선생님,알파카,2023.12.20.,365
18012,암 호전사례 정보,"[해외호전사례] 미국 Courtney의 아빠, 62세 남성 Adenocarcinoma, 비세포폐암 3기 , 선암 - 딸 결혼식 참석 - 고용량 펜벤다졸 복용법 🎈",꿈많은사람2,2023.12.20.,256
18013,질문과 대답(QnA),"독시사이클린, 아지트로마이신 보관",날개달은천사,2023.12.20.,192
18014,자유게시판,은행.도라지청 사진 올려드려요.,bearskin2,2023.12.21.,160
18016,가입 인사,안녕하세요,해와달과별,2023.12.21.,48
18017,질문과 대답(QnA),유방암 항암중인데 싸이모신알파주사 어때요,별별이,2023.12.21.,391
18018,자유게시판,오랫만에 창발님 동영상 올립니다.,분홍앵초,2023.12.22.,328
18019,자유게시판,줄기세포,유정이,2023.12.22.,198
18020,자유게시판,안부,헤라,2023.12.23.,67
18021,자유게시판,크리스마스 이브입니다,헤라,2023.12.24.,121
18022,자유게시판,안부,헤라,2023.12.25.,58
18023,자유게시판,시한부선고 중병 환우분들 사례 및 자연치유,건강장수1,2023.12.25.,243
18026,자유게시판,안부,헤라,2023.12.26.,52
18027,자유게시판,국산서리태,헤라,2023.12.26.,186
18028,자유게시판,초기암은 구충제로 완치가능한것 같습니다.,하늘별섬,2023.12.26.,827
18029,자유게시판,이버드림 너무 심심해서 혼자서 뽑기완료욤~ 1(one)번 선생님 추카드려효♡,조용한빛,2023.12.26.,162
18030,자유게시판,리포조말 추천좀. .,이공,2023.12.28.,101
18032,자유게시판,안부,헤라,2023.12.28.,64
18034,자유게시판,안부,헤라,2023.12.30.,57
18035,질문과 대답(QnA),좌약 만드는 법이 궁금합니다.,맛있는버터,2023.12.30.,282
18036,정보 공유,점액성 난소암 또는 자궁경부암 및 여성산부인과 질환을 겪는 분의 나노광학현미경으로 조직검사 분석결과,아내사랑,2023.12.31.,322
18037,자유게시판,독시사이클린 약 좀 봐주세요.,지니영,2023.12.31.,193
18038,자유게시판,2023년 잘마무리하세요^^,헤라,2023.12.31.,79
18039,자유게시판,2024년  새해복많이 받으세요 ^^,헤라,2024.01.01.,66
18040,유방암,유방암 재발인데 수술 전 후 전이예방과 곰팡이균 복용 후기 궁금해요,지금처럼난,2024.01.01.,579
18042,정보 공유,"3중음성 유방암, 간암, 자궁암, 난소암 각종 암환자들에게 공통적으로 발견되는 말라리아균 원충 및 포자충",아내사랑,2024.01.02.,541
18043,자유게시판,자연치유,건강장수1,2024.01.03.,167
18044,자유게시판,안부,헤라,2024.01.03.,38
18045,암 호전사례 정보,"[해외호전사례] 캐나다 Christine의 남편 (40세), 중급 신경교종 뇌종양 - 60일동안만에 효과를 봄 - 고용량 펜벤다졸 복용법 🎈",꿈많은사람2,2024.01.03.,494
18046,기생충정보,(펌) “괴물 5마리가 꿈틀?” 70대男 담도에서 발견된 ‘이것’ 정체는?,제리호야,2024.01.03.,349
18047,정보 공유,바르는 산소 관련 개발자님 블로그입니다^,바르는 산소 총판,2024.01.04.,251
18048,정보 공유,[해외글] Curing the Incurable: Cancer - ADAM GAERTNER 불치병 암을 치료하다. (이버멕틴/펜벤다졸 나옮)✨,꿈많은사람2,2024.01.04.,362
18049,가입 인사,가입인사,빈이맘,2024.01.04.,50
18050,자연치유정보 나눔,혹시 변비약 필요하신분,힘내자힘내자,2024.01.05.,143
18051,암 호전사례 정보,"[해외호전사례] 캐나다 Christine의 남편, Sean (40세), 중급 신경교종 뇌종양 - 2번째 이야기 - 더 자세한 내용 🎉 꼭 읽어보세요! (조직검사 거부)",꿈많은사람2,2024.01.07.,448
18053,자유게시판,강원도 정선군 해발700-1000 청정자연 수백년 수령의 황장목 솔잎등 채취 및  천연발효효소식초 담금,건강장수1,2024.01.07.,66
18054,자유게시판,안부,헤라,2024.01.08.,59
18055,가입 인사,가입인사가 누락되어 남겨요~,쌩글쌩글,2024.01.09.,49
18058,자유게시판,안부,헤라,2024.01.10.,53
18059,자유게시판,""" 메트포르민 ""   이란 약 소개 합니다 ..",당근맨123,2024.01.10.,253
18060,정보 공유,안녕하세요. 바르는산소 입니다. 신기한 현상을 소개합니다.,센트바이오,2024.01.10.,287
18062,정보 공유,"[딴짓거리] 항암 버섯 37 가지 종류 - Dr. Eashwarran Kohilathas 영국 의사를 그만 두고, 재야(?)의 고수로 변신..",꿈많은사람2,2024.01.10.,249
18063,정보 공유,[조티펜스영상] 어제 2024년 1월 10일 Q&A Session With Joe Tippens 을 온라인으로 했슴. (영어) 🎈 유튜브에 올림,꿈많은사람2,2024.01.11.,166
18066,자유게시판,삼중음성유방암 신약 표적치료제 보험급여 조기실시 국민청원 동의 요청드립니다,무지개,2024.01.11.,99
18067,자유게시판,"시한부 암, 혈액투석 만성신부전 부부 정 나눔과 명품 생막걸리",건강장수1,2024.01.11.,155
18068,가입 인사,안녕하세요~,미리내7486,2024.01.12.,67
18070,육종암,안냥하세요~,써니맘,2024.01.12.,181
18071,자유게시판,차팔기도 힘드네요.,하늘별섬,2024.01.12.,302
18072,정보 공유,"[해외논문] 흑색종과 미생물군: 현재 이해와 향후 방향 - 셀 (CELL) 논문, 2024년 1월 8일 Melanoma and microbiota: Current understanding and future directions",꿈많은사람2,2024.01.12.,118
18073,자유게시판,오늘은 손주가 오는 날,분홍앵초,2024.01.13.,187
18074,정보 공유,오늘 메트포르민 처방받아서 먹고 있습니다.,신풍,2024.01.13.,593
18075,자유게시판,간염에서는 이번 검사에서 확실히 치료되었군요.,신풍,2024.01.13.,326
18076,자유게시판,고양이 키우시는 분은 기생충에 조심해야 하겠습니다.,배다별,2024.01.13.,302
18077,기생충사진공유,코에서 나온 알수 없는 기생물,배다별,2024.01.14.,403
18078,자유게시판,바르는 산소 후기입니다,소하랑,2024.01.14.,339
18079,질문과 대답(QnA),진통제 복용 관련,복둥이,2024.01.16.,126
18080,질문과 대답(QnA),신풍선생님께 문의드립니다.,늘푸른행복나무,2024.01.16.,265
18081,질문과 대답(QnA),구충제와 함께 복용하는 영양제?,하늘날자23,2024.01.16.,385
18082,자유게시판,바르는산소의 효과를 지금 바로 보여드립니다.,소하랑,2024.01.16.,392
18083,자유게시판,안부,헤라,2024.01.17.,65
18084,자유게시판,절친이야기 입니다,분홍앵초,2024.01.17.,765
18085,가입 인사,안녕하세요,암극복할수있어요,2024.01.17.,94
18086,가입 인사,안녕하세요,풍풍이,2024.01.18.,63
18087,암 호전사례 정보,"[해외호전사례] 미국 Lacye 남편 (41세) SCLC 소세포폐암 4기, 2023년 8월 진단, 조티펜스 복용법으로 시작해서 고용량 복용법으로 🎈",꿈많은사람2,2024.01.18.,222
18088,암 관해사례 정보,[해외관해사례] 미국 Frank 비소세포폐암 (Stage 4 NSCLC) 4년 6개월 암 없음 Cancer Free - 조티펜스 복용법 - 오늘은 맛보기만 🎆,꿈많은사람2,2024.01.19.,224
18090,정보 공유,"[해외논문] 암이 있다면, 고용량 멜라토닌 (1000mg + / 일) 복용해라 ?  Doris Loh 그리고 Russel J. Reiter",꿈많은사람2,2024.01.19.,475
18091,자유게시판,엄마가 췌장암 진단 받으셨어요 ㅜㅜ,레드민트,2024.01.20.,474
18092,질문과 대답(QnA),안녕하세요~ 구충제 관련 고수님들 조언줌부탁드립니다~,와우와우 쩝,2024.01.20.,272
18093,자유게시판,늙은호박 속 나물,bearskin2,2024.01.21.,184
18094,정보 공유,[해외논문] 슬관절 전치환술 후 멜라토닌 (5mg)이 주관적 수면의 질을 향상합니까?,꿈많은사람2,2024.01.21.,204
18095,질문과 대답(QnA),혹시 니클로사마이드 이버멕틴 믿을만한 구매처 알수있을까요?,기스톤,2024.01.21.,522
18097,자유게시판,안부,헤라,2024.01.23.,46
18098,질문과 대답(QnA),펜벤다졸 복용시기 여쭤봐요~,미리내7486,2024.01.23.,304
18099,자유게시판,[소아암 환아에게 희망을!!］2024-1차 소아암 지원 사업 신청자 모집,한암회,2024.01.23.,51
18100,자유게시판,안부,헤라,2024.01.24.,55
18102,바르는산소_자가임상,센트바이오 오일 효과?,Red stallion,2024.01.24.,178
18103,가입 인사,안녕하세요,인내,2024.01.25.,65
18104,자유게시판,b형 간염,비소편평상피폐암,2024.01.25.,298
18106,자유게시판,안부,헤라,2024.01.26.,55
18107,암 호전사례 정보,"[해외호전사례] 미국 Moss 의 아내 약 60대 여성, 4기 악성 흉막 중피종 , 60일만에 좋은 소식- 조티펜스 복용법 🎈",꿈많은사람2,2024.01.26.,428
18108,자유게시판,(수정)대한민국 신체건장한 남성의 2월 치병계획(61세. 173cm.60kg),조용한빛,2024.01.27.,454
18109,가입 인사,안녕하세요 만성 염증으로 고생했던 사람입니다.,꼬북앙,2024.01.28.,278
18110,가입 인사,가입했습니다,천사 간내 길병원,2024.01.29.,70
18111,자유게시판,안부,헤라,2024.01.29.,47
18112,자유게시판,추위를 이겨내고  꽃봉오리 만드는 게발선인장,분홍앵초,2024.01.29.,119
18113,자연치유.민간요법,오늘은 생리통없이 온 비결,치유와건강,2024.01.29.,233
18115,가입 인사,안녕하세요,그으윽뽁,2024.01.30.,83
18116,자유게시판,안부,헤라,2024.01.31.,60
18117,자유게시판,오랫만에 바르는  산소  경험담  올려요~~,행복한 보배,2024.02.01.,251
18118,암 호전사례 정보,"[해외호전사례] 미국 Samantha의 남편, 교모세포종 2023년 11월 - 고용량 펜벤다졸 복용법 (+이버멕틴)",꿈많은사람2,2024.02.01.,292
18119,자유게시판,파인애플에 들어있는 브로멜라인 성분의 항종양.항균.항염증 효과,늘푸른행복나무,2024.02.01.,279
18120,자유게시판,두번째 암 ㅠ 세번째가 올까봐 무섭습니다.,초코구름빵,2024.02.02.,302
18121,니타조사나이드,나타 복용후 - 피부 가려움증 ???  발생--> 없어짐,투게더투,2024.02.02.,254
18122,정보 공유,"[해외논문] Doris Loh의 또 다른 멜라토닌 게시글, 한국 환경에서는 어려울 수 있지만, 그래도 한번 봐주세요.",꿈많은사람2,2024.02.02.,254
18123,질문과 대답(QnA),맨 처음   암이라는 것을 알게 된 계기는  어떤일로 알게 되셨나요?,분홍앵초,2024.02.03.,829
18124,자유게시판,이버멕틴 관련하여 궁금한 점,늘푸른행복나무,2024.02.03.,420
18125,자유게시판,안부,헤라,2024.02.04.,42
18126,정보 공유,[해외논문]  멜라토닌의 식이 공급원 및 생체 활동 Dietary Sources and Bioactivities of Melatonin,꿈많은사람2,2024.02.04.,183
18127,자유게시판,cbd오일 구해요,힘내자님,2024.02.05.,170
18128,자유게시판,해발700 달뜬골 설경,건강장수1,2024.02.05.,65
18129,기생충사진공유,나타 (500mg)+ 펜벤 (15mgx5T) =조석으로 복용 20일차 도중 발견,투게더투,2024.02.05.,259
18130,자유게시판,진통제 관련 도움 요청글,천사 간내 길병원,2024.02.05.,119
18132,기타 질병,발톱무좀,포터2,2024.02.05.,487
18133,정보 공유,[해외책리뷰] 유전자가 생명의 청사진이 아니라는 사실을 인정해야 할 때입니다. Nature BOOK REVIEW,꿈많은사람2,2024.02.06.,111
18135,자유게시판,안부,헤라,2024.02.07.,67
18136,암 호전사례 정보,"[해외호전사례] 미국 Kevin 남성 51세, 대장암 직장암 4기, 해병대 출신, 많은 인터뷰 영상들 - Kevin 복용법 (펜벤다졸 + 기타등등 )",꿈많은사람2,2024.02.07.,275
18137,질문과 대답(QnA),메벤다졸 500mg을 얼마에 구할수 있는지요?,언제나평화,2024.02.08.,244
18138,자유게시판,저 정신병원 폐쇄병동5주 합 두달 입원 후 퇴원했습니다,똥진이,2024.02.08.,496
18139,자유게시판,새해복많이 받으세요 ^^,헤라,2024.02.09.,70
18140,정보 공유,[미국소식-용도변경된약들 Repurposed Drugs 임상시험] - 5개의 클리닉에서 한다고 합니다. FLCCC 에 공지가 떴어요. 너무 부럽다. 많이!,꿈많은사람2,2024.02.09.,154
18141,가입 인사,암정보 얻고자 가입했습니다.,행운7,2024.02.10.,85
18142,정보 공유,"[딴짓거리-스마트 기기] 나의 몸 상태를 측정하는 기기들 - HRV 심박변이도, ECG 심전도, 산소포화도 등",꿈많은사람2,2024.02.10.,106
18143,가입 인사,안녕하세요,늠희,2024.02.11.,41
18144,자유게시판,전기 자극을 이용한 암치료,비소편평상피폐암,2024.02.11.,193
18145,자유게시판,[유튜브]  (의사가 말하는) 암이 폭증하는 진짜 이유,아이스ㅣ 유방암ㅣ보,2024.02.12.,318
18146,정보 공유,"[해외뉴스] 호주 NSW 주 -대마 산업이 호황을 누리면서 NSW 주, 약용 대마초 확대 및 마약법 개혁 고려",꿈많은사람2,2024.02.12.,107
18148,자유게시판,안부,헤라,2024.02.13.,45
18149,암 호전사례 정보,"[해외호전사례] 55세, Paul Mann, 전립선암 4기 - 이버멕틴 by Dr. Kathleen Ruddy, FLCCC",꿈많은사람2,2024.02.14.,311
18150,질문과 대답(QnA),비염특효 구충제있을까요?,건강희망,2024.02.14.,204
18151,자유게시판,수액.,하늘별섬,2024.02.14.,218
18152,보관창고,"""산소"" [﻿ 카페 회원 특가 공급 연장 ] 피부로 흡수되는 숲 속 산소의 100배 고농축 산소",바르는 산소 총판,2024.02.14.,436
18153,정보 공유,다이오프 증상별 극복 방법,말콥,2024.02.14.,216
18154,자유게시판,안부,헤라,2024.02.15.,50
18155,자유게시판,감사합니다.,제발포그야,2024.02.15.,108
18157,설금홍,"[Paul E. Marik] 암 치료 Cancer Care : 암 신호 경로, 암 줄기세포, 기존 항암 치료의 문제점, 해결 방안",설금홍,2024.02.15.,180
18158,자유게시판,수액2,하늘별섬,2024.02.15.,139
18159,자유게시판,파라캅엘 복용방법,주니나나맘,2024.02.16.,199
18161,가입 인사,가입했어요,박멸암,2024.02.16.,50
18162,질문과 대답(QnA),메벤다졸,믹스커피 조와,2024.02.16.,241
18163,정보 공유,[설금홍님 블로그 활용법 101] 2024년 최신 개정판 - 누구에게도 알려 주지 않았던 비법 - ✨🎁 컴퓨터편,꿈많은사람2,2024.02.16.,394
18164,자유게시판,실내어싱을 하려고 어싱세트를 샀는데요,소하랑,2024.02.17.,297
18165,정보 공유,"[딴짓거리] 용도변경된약들 활용 사례 (비만치료제)와 앞으로 미래, 약 기전이 정확하지 않아도 사용이 된다고 ( 유튜브 영상 )",꿈많은사람2,2024.02.17.,130
18166,자유게시판,이버멕틴 이버놈 문의,아카시아,2024.02.17.,648
18167,자유게시판,안부,헤라,2024.02.18.,68
18168,자유게시판,니클로사마이드를 5일째 먹고 있습니다. 이제 메벤다졸 먹으려고 하는데요!,제발포그야,2024.02.19.,228
18169,자유게시판,"이버멕틴과 알벤다졸로 여성 질염,항문 치질 개선된 이야기 입니다.",언제나평화,2024.02.19.,879
18171,자유게시판,오늘도 화이팅,인내,2024.02.19.,57
18172,질문과 대답(QnA),페암 가려움,인내,2024.02.19.,170
18174,자유게시판,시끄러운 세상,분홍앵초,2024.02.19.,604
18176,자유게시판,커큐민 부작용,초록초록,2024.02.20.,177
18177,자유게시판,바르는산소 나눔,세꼬시,2024.02.20.,515
18178,자유게시판,마시는 산소,당근맨123,2024.02.20.,202
18179,자유게시판,눈밑 떨림은  기생충 하고 연관이 있을까요 ?,당근맨123,2024.02.20.,134
18180,정보 공유,[해외공동체] 고용량 펜벤다졸 페이스북 그룹팀원들에 대한 자세한 소개 - 어떻게 생각하시나요? ✨,꿈많은사람2,2024.02.20.,181
18181,설금홍,"[Paul E. Marik] 암 치료 Cancer Care : 식이 칼로리 제한, 케톤 생성 식단 및 ""진짜"" 음식, 밴팅 다이어트",설금홍,2024.02.20.,141
18182,자유게시판,안부,헤라,2024.02.21.,41
18185,자유게시판,해발700 달뜬골 서출동류수,건강장수1,2024.02.21.,41
18186,자유게시판,안녕하세요 바르는 산소 총판입니다.,바르는 산소 총판,2024.02.21.,283
18188,정보 공유,[호주의사] 2024 올해의 호주인 덕분에 진행성 흑색종은 이제 치료가 가능한 질병이 되었습니다.,꿈많은사람2,2024.02.21.,297
18189,자유게시판,봄이오는길목에 겨울비가 잦습니다,안락동,2024.02.22.,82
18190,기생충정보,기생충 감염과 근염(근육 염증),말콥,2024.02.22.,989
18191,자유게시판,수북히 쌓인눈속에서,분홍앵초,2024.02.22.,184
18192,질문과 대답(QnA),CT 판독 결과지인데 번역을 해봐도 모르겠네요. 도와주세요,지성무식,2024.02.22.,299
18193,자유게시판,안부,헤라,2024.02.23.,68
18194,가입 인사,안녕하세요,풍풍이,2024.02.23.,52
18195,설금홍,[Paul E. Marik] 암 치료 Cancer Care : 먹어야 할 것과 먹지 말아야 할 것. 대사 및 생활 습관 중재,설금홍,2024.02.23.,276
18197,자유게시판,소박한 보름밥을 받았습니다^^,조용한빛,2024.02.24.,165
18198,정보 공유,기생충 감염병 관리 지침 파일 pdf 입니다.,시그널,2024.02.24.,170
18199,자유게시판,안부,헤라,2024.02.25.,72
18200,자유게시판,'알킬정' 알벤다졸 구매 원합니다.,제발포그야,2024.02.26.,192
18201,질문과 대답(QnA),옴니쿠어 있으신분있으시면 구해봐요~,와우와우 쩝,2024.02.26.,59
18202,자유게시판,아직도 살아있습니다.,하늘별섬,2024.02.26.,361
18203,자유게시판,과연 저같은 체질은 운동을 해야할까요?,하늘별섬,2024.02.26.,156
18204,정보 공유,항암 또는 암환자들을 위한 식단 계획표 도움이 될 것같아 공개해드립니다.,아내사랑,2024.02.27.,641
18205,자유게시판,항암치료 때문에 공부하게 되는데요,복둥이,2024.02.27.,127
18206,자유게시판,감사한 맘으로~~~,kimsh7605,2024.02.27.,235
18207,정보 공유,[해외논문] 간암 및 관련 합병증에서 장내 미생물군집 및 대변 미생물군 이식의 역할: 메커니즘 및 치료 잠재력 - 구글번역,꿈많은사람2,2024.02.27.,254
18208,정보 공유,[재능기부모집] 민들레 꽃 팀 - 우리들의 이야기를 민들레 홀씨처럼 자연스럽게 널리 퍼뜨리는 일,꿈많은사람2,2024.02.27.,120
18209,가입 인사,안녕하세요.  가입했습니다.,대박오오,2024.02.27.,46
18210,질문과 대답(QnA),골수증식종양에는,지성무식,2024.02.27.,255
18211,자유게시판,나이들면 말이야....,하늘별섬,2024.02.28.,195
18212,자유게시판,안부,헤라,2024.02.29.,33
18213,자유게시판,유방암 항암 후 미즐토주사하고 싸이모신알파주사 맞는중이에요.,복둥이,2024.02.29.,186
18214,자유게시판,유전력이 있을까요 ?,해와달과별,2024.02.29.,155
18215,암 호전사례 정보,"암 치료는 정말 정말 이분과 같은 생각으로 하셔야 합니다^^[췌장암 치병 일기] 유튜버, 암까페 회원이신 뿔난토끼님 부군!",설금홍,2024.02.29.,494
18216,자유게시판,안부,헤라,2024.03.01.,47
18217,자유게시판,정품 이버멕틴? 가짜 이버멕틴?,세꼬시,2024.03.01.,858
18218,자유게시판,돌아온것 같습니다.,하늘별섬,2024.03.01.,244
18219,자유게시판,이트라코나졸 구매했으면 합니다,찹쌔,2024.03.01.,244
18220,자유게시판,육십이 넘어서 세월이 지나가면 갈수록 변화 하는 게 많군요._그래서 건강 신호에 민감해집니다. 조언필요.,신풍,2024.03.02.,371
18221,보관창고,실내어싱에 대해서 ..,당근맨123,2024.03.02.,85
18222,자유게시판,운수좋은날.,하늘별섬,2024.03.02.,181
18223,자유게시판,비소세포페암 4기  어머니 호전 후기,나영만세,2024.03.03.,"1,147"
18224,질문과 대답(QnA),"미국에서 만들었다는 줄기세포패치 사용해 보신분 계시나요,",분홍앵초,2024.03.03.,186
18226,자유게시판,월요팅,그으윽뽁,2024.03.04.,68
18227,질문과 대답(QnA),"이버멕틴,펜벤다졸 구입처 문의합니다.",행운7,2024.03.04.,361
18229,자유게시판,코로나 백신 후 -- 질환 증상,투게더투,2024.03.05.,200
18231,자유게시판,이제 봄이네요.,rabbitskin2,2024.03.05.,79
18232,자유게시판,안부,헤라,2024.03.06.,41
18233,암 호전사례 정보,[해외호전사례] 미국 여성 Tara 편평 세포 암종 설암 (혀) 2/3 기 - 수술후 방사선 거부 - 조티펜스복용법 + 고용량 펜벤다졸 복용법 🎆,꿈많은사람2,2024.03.06.,164
18234,정보 공유,[해외책] 이버멕틴 - 이버멕틴의 화학적 및 생물학적 활성 Chemistry and Biological Activities of Ivermectin - 구글 번역,꿈많은사람2,2024.03.06.,261
18235,자유게시판,오늘 핀 꽃,rabbitskin2,2024.03.06.,45
18236,암 호전사례 정보,[이버멕틴호전사례] 미국 간호사가 전해주는 이버멕틴 호전 사례 2가지 - Lyme Disease 하고 노인성 관련 황반변성,꿈많은사람2,2024.03.06.,379
18237,질문과 대답(QnA),고혈합,양준,2024.03.06.,190
18238,자유게시판,가슴뛰는 삶!,하늘별섬,2024.03.07.,167
18239,자유게시판,안부,헤라,2024.03.08.,61
18240,자유게시판,믹스커피가 누가 나쁘다 했는가?,양준,2024.03.08.,333
18241,정보 공유,[해외뉴스] 호주 연구자가 프로클로르페라진(PCZ)을 HER2 양성 유방암 환자들 항암 치료에 병행 사용 (임상시험) - 용도변경된약들의 활용 사례,꿈많은사람2,2024.03.08.,138
18242,자유게시판,내가 건강을 위해서 하는것들,맨발의 중년,2024.03.09.,235
18243,질문과 대답(QnA),이버맥틴,양준,2024.03.10.,557
18245,가입 인사,안녕하세요. 가입인사드립니다.,여전히초보,2024.03.10.,61
18246,자유게시판,안부,헤라,2024.03.11.,57
18248,질문과 대답(QnA),의료파업으로 인한 항암 일정 차질,빠르겡,2024.03.11.,195
18249,정보 공유,"[해외영상] 로디 박사 - 기생충과 암- 웨비나 (영어 영상), 유튜브에 올려 놓았어요. Dr. Lodi – Parasites Webinar Replay",꿈많은사람2,2024.03.11.,145
18250,자유게시판,MMS 어떤가요? 복용해봐도 될까요?,맥퀸,2024.03.12.,247
18251,자유게시판,오늘 핀 꽃,rabbitskin2,2024.03.12.,37
18252,자유게시판,유튜브 영상들- 의료증원 문제가 쏘아 올린 한국 의료 산업/정책 문제점들 - 의료소비자의 입장은 왜 빠져 있는가? 🎗,꿈많은사람2,2024.03.12.,143
18253,자유게시판,안부,헤라,2024.03.13.,58
18254,자유게시판,[시드니일상] NSW 시니어 박람회 2024 - 사진 몇장들,꿈많은사람2,2024.03.13.,116
18255,암 호전사례 정보,"[해외호전사례] 미국 Christina 남자친구 방광암 2023.5 진단, 수술 후 항암 하지 않음 - 조티펜스 복용법 (댓글들에 다른 방광암 호전사례들 나옴)",꿈많은사람2,2024.03.14.,264
18256,암 호전사례 정보,"[해외호전사례] 미국 교모세포종 Anne의 이야기를 남편 Lawrence이 씀, 12살 아들과 강아지 데리고 지금은 멕시코 - 제인 대사치료법 + 다양한 방법들 (감동 + ) 🎇",꿈많은사람2,2024.03.15.,257
18257,자유게시판,어느 봄날의 공짜,작은할배,2024.03.16.,123
18258,자유게시판,(공부용) 기생충  틱톡 영상,시그널,2024.03.16.,166
18259,정보 공유,[해외뉴스] 햇볕이 잘 드는 호주에서 왜 그렇게 많은 사람이 비타민 D가 부족할까요? - The Sydney Morning Herald,꿈많은사람2,2024.03.17.,204
18260,자유게시판,오늘 핀 꽃,rabbitskin2,2024.03.17.,33
18263,자유게시판,안부,헤라,2024.03.18.,45
18264,자유게시판,베이킹 소다수,양준,2024.03.18.,362
18265,가입 인사,안녕하세요,푸른산바다,2024.03.18.,51
18266,자유게시판,지금 우리는 이버멕틴을 저렴하게 구입중입니다.,분홍앵초,2024.03.18.,815
18267,자유게시판,오늘 핀 꽃,rabbitskin2,2024.03.19.,34
18271,정보 공유,"[해외논문] 제주대학교 2023년 11월 - 펜벤다졸, 마우스 림프종 모델에서 시험관 내 및 생체 내 차별적 항암 효과 입증",꿈많은사람2,2024.03.20.,206
18272,자유게시판,2016년12월부터 2024년3월20일병원 다녀왔습니다~^^,헤라,2024.03.20.,504
18273,자유게시판,메트포르민 구매방법 알려주세요,아빠힘내요,2024.03.21.,343
18274,암 호전사례 정보,[해외호전사례] 미국 Robin의 남편 식도암 2기 (2023.12.04) - 2024.03.18 종양 없어짐 - 조티펜스 복용법🎇,꿈많은사람2,2024.03.21.,377
18275,설금홍,"마이크로바이오옴 : 대장암 간전이, 복막 전이에 관련된 장내미생물 : 방사선, 화학요법 치료, 면역관문차단제 치료와도 관련이 있습니다.",설금홍,2024.03.22.,173
18276,정보 공유,"[해외논문] 연구팀, 인간 장내에서 셀룰로오스를 분해할 수 있는 박테리아 3종 확인  by Bob Yirka , Phys.org",꿈많은사람2,2024.03.22.,153
18277,가입 인사,가입했습니다.,py5905,2024.03.23.,42
18278,자유게시판,오늘 핀 꽃,rabbitskin2,2024.03.23.,57
18280,자유게시판,"[딴짓거리] tvN 눈물의 여왕 홍해인 교모세포종 - 독일 가지 말고, 이것을 읽어 봤으면 🎁, 해피엔딩 결말 기대해봄.",꿈많은사람2,2024.03.24.,351
18281,가입 인사,안녕하세요,건강발원,2024.03.26.,80
18282,자유게시판,오늘 핀 꽃,rabbitskin2,2024.03.26.,41
18283,자유게시판,눈에띈다 증말..,하늘별섬,2024.03.26.,263
18284,암 호전사례 정보,"[해외호전사례] 영국 Philly의 아내 32세, 비소세포폐암 NSCLC 4기 뇌/간/림프 전이 , 3개월만에 좋은 결과 나옴 - 고용량 펜벤다졸 복용법 🎈",꿈많은사람2,2024.03.26.,277
18285,자유게시판,이른 봄철의 진미 웅어 정나눔,건강장수1,2024.03.26.,72
18286,플라이패치_자가임상,항암부작용 극복한 경험을 공유코자 올립니다,보성김,2024.03.27.,812
18287,자유게시판,메트폴린 필요하신분 계시나요?,분홍앵초,2024.03.27.,229
18288,정보 공유,[해외논문뉴스] 비타민 D는 노화의 생물학적 메커니즘을 표적으로 삼는 데 유망하다는 연구 결과가 있습니다. (구글번역),꿈많은사람2,2024.03.28.,189
18289,자유게시판,천연구충 항암제 소개합니다,에너자이져,2024.03.28.,586
18291,자유게시판,손톱밑 살이 쩍쩍 갈라지시는 분들 사용해보세요.,rabbitskin2,2024.03.28.,231
18292,자유게시판,안부,헤라,2024.03.29.,80
18295,자유게시판,이버백틴구입,켜다,2024.03.30.,287
18296,자유게시판,오늘 핀 꽃,rabbitskin2,2024.03.31.,37
18297,설금홍,"항암제로서의 시메티딘 : 용도 변경 약물(ReDO), 핵심만 별도 요약",설금홍,2024.04.01.,136
18299,플라이패치_자가임상,"전립선암 난소암 환우 패치로 치료된사례  알려 드리고자 ,,",보성김,2024.04.01.,667
18300,자유게시판,이버멕틴 구하고 싶어요,lilillllllilililliil,2024.04.01.,240
18301,자유게시판,연극 배우 모집,양준,2024.04.01.,184
18302,자유게시판,건강한 먹거리 장 담금,건강장수1,2024.04.02.,75
18304,자유게시판,메트포르민  필요하신분 드릴게요(마감),바다,2024.04.02.,114
18305,설금홍,대장암 발생 및 발달에 영향을 미치는 세 가지 특정 장내 세균과 대장암 치료에서 F. nucleatum 퇴치를 위한 새로운 전략,설금홍,2024.04.03.,143
18306,플라이패치_자가임상,"플라이 패치관련 경혈자리 자료,사용중 사진..",신풍,2024.04.03.,456
18307,자유게시판,입속에서 시작하는 미생물 이야기 (독서리뷰),지구별 여행자,2024.04.03.,379
18308,설금홍,대장암을 일으키는 특정 장내 세균의 메커니즘과 치료법,설금홍,2024.04.04.,228
18311,암 호전사례 정보,"[해외호전사례] 미국 Kirk 남성 소세포폐암 SCLC 4기 뇌전이 (2019) - 조티펜스 복용법🎯 - 3년째 암 없음, 그리고 저의 이야기 짧게.",꿈많은사람2,2024.04.04.,232
18312,자유게시판,유사카페가 있는거같네요,대전소생,2024.04.05.,312
18313,자유게시판,안녕하세요~ 델리샵입니다.,델리샵,2024.04.06.,240
18315,자유게시판,오늘 핀 꽃,rabbitskin2,2024.04.06.,54
18316,자유게시판,인생무상,양준,2024.04.06.,200
18317,자유게시판,어린아이  이버멕틴,내모든것,2024.04.07.,272
18318,자유게시판,안부,헤라,2024.04.08.,44
18319,가입 인사,안녕하세요.,고다이고,2024.04.08.,59
18321,자유게시판,오늘 핀 꽃,rabbitskin2,2024.04.08.,32
18322,자유게시판,"[환자주도형임상시험] 이것에 대해서, 기술적인 관점만 생각했습니다. 어제까지는 ... 정리는 안되었지만, 기록목적으로 남겨봐요.",꿈많은사람2,2024.04.08.,151
18324,자유게시판,많이 찾으시는 이버멕틴...! 간단하게 알아보고 가실까요?,델리샵,2024.04.09.,275
18325,자유게시판,안부,헤라,2024.04.10.,43
18326,자유게시판,암에 걸리셨다고요.,분홍앵초,2024.04.10.,"1,028"
18327,암 호전사례 정보,"[해외호전사례] 미국 Johanna 여성 피부암 4기(2023년 7월) 흑색종, 폐/부신/간 전이 - 수술/항암/방사선 없음, 면역요법+고용량 펜벤다졸 복용법 🎇",꿈많은사람2,2024.04.10.,337
18328,자유게시판,대자연의 베품과 즐거움,건강장수1,2024.04.11.,40
18329,이버맥틴,국산이버멕틴 사는 방법좀 알려주세요.,암낫는다,2024.04.11.,625
18336,가입 인사,가입 합니다,미라클J,2024.04.12.,37
18337,플라이패치_자가임상,자석팔찌나 은팔찌 착용하는게 효과 있을까요?,아이스ㅣ 유방암ㅣ보,2024.04.13.,303
18338,플라이패치_자가임상,항암중 패치사용 후기입니다 (꼭!보시길),빅앤러,2024.04.13.,547
18339,자유게시판,안부,헤라,2024.04.14.,53
18340,플라이패치_자가임상,나는 몸신이다 자석건강법 (2015.4.22),지구별 여행자,2024.04.14.,209
18341,정보 공유,이버맥틴도 가짜가 있나 봅니다.  중국도 아닌데.. 인도산이,신풍,2024.04.15.,630
18342,자유게시판,각종 유실수 식목 및 대자연의 베품,건강장수1,2024.04.15.,31
18345,자유게시판,안부,헤라,2024.04.16.,47
18346,플라이패치_자가임상,플라이패치 사장님을 만나   치료 받고 왔습니다,분홍앵초,2024.04.16.,753
18348,플라이패치_자가임상,대추혈은 어디인가?,분홍앵초,2024.04.17.,287
18349,플라이패치_자가임상,플라이패치에 대해서,행복한 보배,2024.04.17.,415
18350,플라이패치_자가임상,플라이패치 사용해보신분들 조언부탁드려요.,지성무식,2024.04.17.,358
18351,자유게시판,고라니,rabbitskin2,2024.04.18.,62
18353,플라이패치_자가임상,플라이 패치 자가임상 메뉴를 만들었습니다.,신풍,2024.04.18.,450
18354,플라이패치_자가임상,편두통 플라이패치 후기 1일차,새벽빛이었던 그는,2024.04.19.,159
18355,정보 공유,"드디어, 입증되었습니다.",크로버맨,2024.04.19.,287
18356,니클로사미드,"드디어, 니클로사마이드 포문을 열었습니다.",크로버맨,2024.04.19.,317
18357,플라이패치_자가임상,편두통 플라이패치 후기 2일차,새벽빛이었던 그는,2024.04.19.,137
18358,플라이패치_자가임상,플라이 패치 붙이시는 회원님들  참고하시면  조을꺼 같아요,행복한 보배,2024.04.19.,340
18359,자유게시판,이버를 먹으니 머리에서 뭐가 막 나오네요,대전소생,2024.04.19.,341
18360,플라이패치_자가임상,이렇게도  해보세요,행복한 보배,2024.04.19.,197
18362,플라이패치_자가임상,편두통 플라이패치 후기 3일차,새벽빛이었던 그는,2024.04.19.,103
18363,플라이패치_자가임상,편두통 플라이패치 후기 4일차,새벽빛이었던 그는,2024.04.19.,244
18365,자유게시판,안부,헤라,2024.04.20.,58
18368,플라이패치_자가임상,플라이패치 첫날 이렇게 시작해 봤어요.,지성무식,2024.04.20.,370
18370,자유게시판,안부,헤라,2024.04.21.,56
18371,플라이패치_자가임상,플라이패치 후기입니다,빅앤러,2024.04.21.,290
18372,플라이패치_자가임상,플리이패치 후기,켜다,2024.04.22.,294
18374,질문과 대답(QnA),요요드,양준,2024.04.22.,181
18375,자유게시판,청정자연 해발700-800 각종 유실수 식목 및 건강한 먹거리 성찬,건강장수1,2024.04.22.,64
18376,자유게시판,안부,헤라,2024.04.23.,43
18378,자유게시판,임신 한 것도   아닌데,분홍앵초,2024.04.23.,306
18379,자유게시판,요즘 핀 꽃,rabbitskin2,2024.04.23.,63
18380,자유게시판,안부,헤라,2024.04.24.,55
18381,가입 인사,방광암에 구충제 드시는분 계신가요?,starsg1201,2024.04.24.,287
18382,자유게시판,유방암4기,곰돌이몽몽이,2024.04.24.,240
18383,자유게시판,안부,헤라,2024.04.25.,51
18385,자유게시판,인도산 이버멕틴 12mg 기존꺼보다 알이 많이 작은데 봐주실분 계실까요?,언제나평화,2024.04.25.,578
18386,가입 인사,인사드립니다.,승우08,2024.04.25.,56
18387,자유게시판,암 수술 전 환우입니다.,쏴링,2024.04.25.,171
18389,암 관해사례 정보,안녕하세요. 구충제와 항암을 적절히 사용하는것도 좋지만 더 효과적인것이  있는것같아요. 그냥 제 경험입니다.,바다,2024.04.26.,982
18390,플라이패치_자가임상,3차항암 후기,빅앤러,2024.04.26.,169
18392,질문과 대답(QnA),안녕하세요 혹시 펜벤다졸이나 옴니쿠어 사다드시는분들 어디서 사다드시나요?,와우와우 쩝,2024.04.26.,189
18394,자유게시판,이분은 좋은분이시네요,분홍앵초,2024.04.26.,364
18395,플라이패치_자가임상,플라이패치 1주일 후기,지성무식,2024.04.26.,343
18396,자유게시판,안부,헤라,2024.04.27.,67
18397,자유게시판,요즘 핀 꽃들,rabbitskin2,2024.04.27.,71
18398,자유게시판,짧은 한국 여행을 다녀왔어요. 최소한 제가 하고픈 이야기(프리젠테이션까지 준비)는 했어요.,꿈많은사람2,2024.04.28.,197
18399,정보 공유,[해외인물] Mark Sean Taylor 의 기능의학 쪽 조언이라고 할까요? integrative oncology 통합 종양학 (?),꿈많은사람2,2024.04.29.,83
18400,플라이패치_자가임상,복띠용패치 부착,빅앤러,2024.04.29.,172
18403,정보 공유,[해외논문] 용도변경된 약들에 대한 2024년 논문들 몇가지 소개 - 구글 번역 - 암 치료를 위한 약물 용도 변경 (1 of 4 ),꿈많은사람2,2024.04.30.,313
18404,질문과 대답(QnA),안녕하세요 메트포르민있으신분 구입하고싶네요!,와우와우 쩝,2024.05.01.,72
18405,정보 공유,[해외논문] 진행성 비소세포폐암 환자에 대한 화학요법 유무에 관계없이 면역관문 억제제의 효능에 대한 프로바이오틱스의 영향 - 2024년,꿈많은사람2,2024.05.01.,150
18406,질문과 대답(QnA),딸 아이 폐렴..알벤 먹여도 될까요?도와주세요ㅠ,오소이아,2024.05.01.,312
18407,자유게시판,옥상에서 주민분들과 함께,분홍앵초,2024.05.01.,330
18408,자유게시판,구충제 복용법,루피나쵸,2024.05.01.,327
18410,자유게시판,삼중음성유방암 신약 청원에 동의부탁드려요,이천댁런런어뭉,2024.05.02.,78
18412,가입 인사,안녕하세요,다산의꿈,2024.05.03.,81
18413,정보 공유,"[질문] 프로바이오틱스 , 장내미생물, 마이크로바이옴 등을 내 몸에서 어떻게 측정하면 좋을까요?",꿈많은사람2,2024.05.03.,108
18414,플라이패치_자가임상,편두통 플라이패치 후기 N일차,새벽빛이었던 그는,2024.05.03.,226
18415,자유게시판,해발700 청정자연 각종 유실수 식재 완료 및 대자연의 베품,건강장수1,2024.05.03.,33
18416,정보 공유,[해외기사] 식물을 약으로 사용하는 부상당한 오랑우탄 - BBC 사이언스,꿈많은사람2,2024.05.03.,95
18417,설금홍,이버멕틴. 항암효과.어디가 끝일까?,설금홍,2024.05.03.,641
18420,정보 공유,"[기록목적] 마이크로바이옴 장내미생물에 미친 사람, 켄 라세센(Ken Lassesen) - 마이크로바이옴 검사 후 어떻게 할 것인가?",꿈많은사람2,2024.05.04.,144
18421,자유게시판,"정선군 가리왕산 케이블카, 전국노래자랑 낙낙",건강장수1,2024.05.04.,50
18422,자유게시판,요즘 핀 꽃,rabbitskin2,2024.05.05.,37
18423,자유게시판,분홍앵초의 플라이패치 이야기,분홍앵초,2024.05.06.,438
18424,설금홍,"적인가, 친구인가? 대장암의 종양 미세환경에 풍부한 박테리아",설금홍,2024.05.06.,126
18425,질문과 대답(QnA),위암 수술을 앞두고...,rose1496,2024.05.06.,189
18426,가입 인사,안녕하세요.,곰곰가족,2024.05.06.,46
18427,질문과 대답(QnA),매트포르민 복용랭 여쭤요?,뽀미마미,2024.05.06.,119
18428,자유게시판,안녕하세요 니타조 파실분 계실까요??,소보루빵셔틀,2024.05.07.,95
18429,정보 공유,[기록목적] Mark Lintern 8년간 스스로 연구해서 책 펴냄 - 암 해결?: 또 다른 렌즈를 통해 재해석된 암. 616쪽 (2023),꿈많은사람2,2024.05.07.,187
18431,자유게시판,패치로 쟈스민꽃 활짝 피었네요,보성김,2024.05.07.,168
18432,질문과 대답(QnA),셀레늄,승우승혜하비,2024.05.07.,245
18433,기타 자가임상 후기,플라이패치 후기,조용한빛,2024.05.07.,375
18435,자유게시판,어버이날  축하드립니다 ~^^,헤라,2024.05.08.,66
18436,암 호전사례 정보,"[해외호전사례] 미국 Peggy, 여성 약 70대, 3C 등급 호르몬 양성 침윤성 유관 유방암, 병원치료 거부 - 2023년 옮긴 글로 부터 2번째 - 고용량펜벤다졸",꿈많은사람2,2024.05.08.,281
18437,가입 인사,안녕하세요,리리루,2024.05.08.,55
18438,질문과 대답(QnA),항암하고 물집이 생겨 따끔거려요,리리루,2024.05.08.,146
18439,자유게시판,안부,헤라,2024.05.09.,38
18440,가입 인사,반갑습니다,날마다 좋다,2024.05.09.,47
18441,자유게시판,암수치에 도움되는거 있을까요~,날마다 좋다,2024.05.09.,142
18442,자유게시판,[소아암 환아에게 희망을!］2024-2차 소아암 지원 사업 신청자 모집,한암회,2024.05.09.,37
18444,암 호전사례 정보,"[해외호전사례] 미국 Ben Williams, 교모세포종 뇌종양 1995년 진단 (50세), 현재까지 78세 건강하게 살고 계심",꿈많은사람2,2024.05.09.,327
18447,정보 공유,[강추 다큐 영상] 2015년에 발표된 다큐 - 환자주도형임상 ( 뇌종양 - Dr. Ben Williams 생존자와 여러명 ) - 말기 암에서 살아남기 - 환자 옹호 영화 ✨✨✨✨✨,꿈많은사람2,2024.05.10.,146
18448,자유게시판,sambong 76 이라는 아이디나 네이버 아이디 쓰시는분,분홍앵초,2024.05.10.,180
18449,플라이패치_자가임상,분홍앵초의 플라이패치 이야기 2,분홍앵초,2024.05.10.,442
18451,자유게시판,프라지콴텔(디스토시드) 나눔해주실 분 계실까요./ 완료 감사합니다.,대전소생,2024.05.11.,110
18453,자유게시판,요즘 핀 꽃,rabbitskin2,2024.05.12.,29
18454,자유게시판,안부,헤라,2024.05.12.,27
18455,정보 공유,한국 신약개발을 어찌할 것인가 - 전문가 릴레이 인터뷰 중에서 같이 생각해 봤으면 하는 내용 (feat. 인공지능 챗봇 답장 비교) - 기사는 히트뉴스,꿈많은사람2,2024.05.12.,89
18456,질문과 대답(QnA),안녕하세요~ 메벤다졸c형 구입은 어디서들하시나요!,와우와우 쩝,2024.05.12.,125
18457,정보 공유,"[의료인공지능챗봇] 55세 남성의 혈액 검사와 증상을 설명해주고, 의견을 물어봄 ( 예제 )",꿈많은사람2,2024.05.12.,108
18459,자유게시판,5월의 청명함과 200년 이상 수령의 황장목 천연발효효소식초 11년차 숙성용 천연토굴 조성,건강장수1,2024.05.13.,43
18460,기타 자가임상 후기,12차 항암 실황중계 올립니다,보성김,2024.05.13.,224
18461,기타 자가임상 후기,12차항암 현지상황(2),보성김,2024.05.14.,316
18462,자유게시판,다같이 걸어보아요,리리루,2024.05.14.,59
18463,자유게시판,플라이패치 와의 만남6일째,안평골,2024.05.14.,464
18464,정보 공유,[빠른시작복용법] Quick Start Protocol 이라고 입문용/시작 복용법 같은 것을 고용량 펜벤다졸 페북 그룹에서 작성.,꿈많은사람2,2024.05.14.,889
18467,자유게시판,안부,헤라,2024.05.15.,32
18468,정보 공유,안녕하세요 센트바이오 입니다.,센트바이오,2024.05.15.,239
18469,자유게시판,네이처메딕 후코이단 액상형 나눔합니다,두발로서서,2024.05.15.,104
18470,질문과 대답(QnA),아버지 악성 흑색종 + 폐(양쪽 모두 전이),아버지완쾌기원,2024.05.15.,351
18471,자유게시판,구충제의 목적변경 치료제로서의 항암효과와 이에 대한 AI 의 판단 및 답변,세꼬시,2024.05.16.,421
18472,자유게시판,암 발생 만 6년,분홍앵초,2024.05.16.,588
18476,가입 인사,안녕하세요,바니여니,2024.05.16.,69
18477,암 관해사례 정보,방광암,안락동,2024.05.16.,203
18479,자유게시판,비타민17  살구씨 암을 예방 치료한다는게 그리핀 암없는세상  효과 진짜 있나요,꿀잠식사운동,2024.05.17.,172
18480,자유게시판,살아있는게 중요하다,지구별 여행자,2024.05.17.,196
18482,자유게시판,'2024 암 환우와 그 가족을 위한 토닥토닥 힐링캠프' 신청자 모집,한암회,2024.05.17.,100
18483,자유게시판,안부,헤라,2024.05.18.,54
18484,정보 공유,[실전편] 자주 질문하는 것들 (해외) - 공복(empty stomach : 空腹)은 언제를 말하는 것인가요? 당신은 어떻게합니까?,꿈많은사람2,2024.05.18.,211
18485,질문과 대답(QnA),항암 중 구충제 복용 방법,엘리올리버,2024.05.19.,319
18487,위암,위암 4기,봄빛,2024.05.19.,320
18488,가입 인사,안녕하세요,FROMM,2024.05.19.,126
18489,자유게시판,인생의 날개를 활짝 펴십시오.,분홍앵초,2024.05.19.,123
18490,정보 공유,[실전편] 암 진단서 해석은 인공지능 챗봇으로 하세요. 컴퓨터에서 해본 것. Poe.com 강추,꿈많은사람2,2024.05.19.,179
18491,가입 인사,안녕하세여,엘리올리버,2024.05.19.,68
18492,질문과 대답(QnA),세꼬시님,엘리올리버,2024.05.20.,218
18495,자유게시판,소확행,빅앤러,2024.05.20.,116
18497,정보 공유,[호주의사] Richard Scolyer : 호주 최고 의사는 1 년 후에도 뇌암이 없습니다. BBC 뉴스 - 교모세포종,꿈많은사람2,2024.05.20.,201
18498,자유게시판,플라이패치후기,알파카,2024.05.20.,362
18499,자유게시판,안부,헤라,2024.05.21.,46
18500,자유게시판,조직검사와 스탠트 시술 오늘했습니다.,바니여니,2024.05.21.,161
18501,정보 공유,[해외논문] 질문- 항암제 임상시험에 참여하는 것이 참여한 환자의 생존 기간 연장과 관련이 있나요? 2024년 5월 최신,꿈많은사람2,2024.05.21.,130
18503,자유게시판,오랜만입니다.,힘내자님,2024.05.22.,87
18504,플라이패치_자가임상,5차 항암치료 오늘 입원했어요,빅앤러,2024.05.22.,177
18506,정보 공유,[해외의견] 조티펜스(JT) 프로토콜이 왜 저에게 작동하지 않나요? 질문에 대한 어떤 분의 의견. (상) ❤💘💥,꿈많은사람2,2024.05.23.,222
18507,플라이패치_자가임상,유방암,온리치,2024.05.23.,171
18508,자유게시판,아프고 .병들고. 힘드신분들!,분홍앵초,2024.05.23.,235
18513,플라이패치_자가임상,5차항암 후기입니다,빅앤러,2024.05.24.,144
18514,정보 공유,[해외의견] 조티펜스(JT) 프로토콜이 왜 저에게 작동하지 않나요? 질문에 대한 어떤 분의 의견. (하) ❤💘💥,꿈많은사람2,2024.05.24.,"1,236"
18515,자유게시판,항생제 복용시 이버맥틴 먹어도 되나요,루피나쵸,2024.05.24.,196
18516,설금홍,미생물과 암 : 친구인가 적인가? 장내미생물을 알면 내일이 보입니다.,설금홍,2024.05.24.,220
18517,가입 인사,안녕하세요,풍노자연,2024.05.24.,69
18518,자유게시판,니타조사나이드의 광범위한 효력,비소편평상피폐암,2024.05.25.,651
18519,자유게시판,요즘 핀 꽃,rabbitskin2,2024.05.25.,40
18520,질문과 대답(QnA),안녕하세요~ 구충제섭취시 통증이 바로잡히는 이유가 정확히 무었때문이지 아시는분 있으신가요?,와우와우 쩝,2024.05.26.,170
18521,플라이패치_자가임상,놀랍네요,빅앤러,2024.05.27.,246
18522,자유게시판,내가 꿈꾸던 삶,조용한빛,2024.05.27.,171
18525,자유게시판,세상에 이런일이,분홍앵초,2024.05.27.,412
18526,자유게시판,플라이패치 궁금하네요,김그,2024.05.27.,158
18527,자유게시판,"해발 700-1000 황장목 송순, 솔잎 등 및 해발 2000-3000 야생 자연산 원두, 서출동류 약수 천연발효효소식초 담금",건강장수1,2024.05.27.,35
18528,플라이패치_자가임상,플라이패치가 여러 효과를 나타내고 있군요.,신풍,2024.05.27.,334
18529,기타 자가임상 후기,알벤수의 효능을 직접 체험했습니다,보성김,2024.05.27.,285
18532,자유게시판,안부,헤라,2024.05.28.,51
18533,자유게시판,플라이팻치,안락동,2024.05.28.,275
18534,췌장암,이트라코나졸,유레테,2024.05.28.,325
18535,설금홍,곰팡이와 종양 : 종양 형성에서 곰팡이의 역할.,설금홍,2024.05.28.,357
18536,자유게시판,알벤수를 안약으로..,노르웨이,2024.05.29.,127
18537,정보 공유,[마이크로바이옴] 장 및 정신 건강 (gut and mental health)을 향상시키기 위해 미생물 microbes 에 영양을 공급하세요. (영어 구글 번역),꿈많은사람2,2024.05.29.,147
18538,설금홍,암 해결방법? 마크 린턴이 제안하는 암의 기원. 세포 억제 이론. 곰팡이(Fungi) 마이크로바이오옴,설금홍,2024.05.30.,161
18539,자유게시판,내일은 사랑스러운 손주가 오늘 날,분홍앵초,2024.05.30.,160
18540,정보 공유,[프로바이오틱스] 해외 논문- 고용량 Saccharomyces Boulardii에는 항진균 효과가 있는 것으로 보입니다. 이트라코나졸과 스포라녹스- 자폐 스펙트럼 장애(ASD) 완치 사례,꿈많은사람2,2024.05.30.,965
18542,질문과 대답(QnA),선배님들 너무 초보라 이 내용(세라펩타제) 확인 부탁드립니다.,곰곰가족,2024.05.31.,526
18543,자유게시판,안부,헤라,2024.05.31.,50
18544,자유게시판,항암중 플라이패치 사용후기,날마다 좋다,2024.05.31.,342
18545,자유게시판,뇌졸중 반신불가 환자가,안락동,2024.05.31.,248
18546,자유게시판,요즘 핀 꽃,rabbitskin2,2024.05.31.,45
18548,자유게시판,청정자연 생존환경 정선군의 즐거움들,건강장수1,2024.06.01.,49
18550,가입 인사,인사겸..펜벤 어떤거 드셨어요?,헬렌,2024.06.02.,180
18551,정보 공유,[기록목적] 암 치료 계획을 위한 AI 지원 - Nature에 소개된 글을 구글 번역 - 인공지능 활용 이야기,꿈많은사람2,2024.06.02.,99
18552,가입 인사,안녕하세요,사랑해많이,2024.06.02.,58
18553,자유게시판,플라이패치 관심이많아요,사랑해많이,2024.06.02.,232
18554,자유게시판,율금,양준,2024.06.03.,116
18556,정보 공유,[기록목적 - 추천해외다큐] The C World (2016) - 프랑스 의사 데이비드 서반-슈라이버 암에 관련된 여정,꿈많은사람2,2024.06.03.,95
18557,설금홍,[책] 암 해결 방법? THE CANCER RESOLUTION? : Mark Lintern. 잠재적 항암 치료법 : 7단계 실행 계획,설금홍,2024.06.04.,235
18558,유투브방송 링크나눔,과잉진료의 진실,대각성,2024.06.04.,136
18559,자유게시판,강북 삼성병원 전문의의 폐암 무료 강좌 안내드립니다.,의암호,2024.06.04.,44
18562,자유게시판,안부,헤라,2024.06.05.,48
18563,자유게시판,참고있던 가슴 한구석의 무게가..,바니여니,2024.06.05.,177
18564,자유게시판,엉뚱한 곳에서 맴돌던 나의 혀,분홍앵초,2024.06.05.,324
18565,질문과 대답(QnA),전립선암: 구충제치병ㅡ2019년이후업데이트가 필요합니다,건강희망,2024.06.06.,439
18566,자유게시판,나만의 세상,테니스 백합,2024.06.06.,189
18567,정보 공유,[기록목적] Mark Lintern 의 최근 인터뷰 (2024.06.02) - 유튜브 영상 요약본 - 구글 번역 A New Theory on Cancer 암에 관한 새로운 이론,꿈많은사람2,2024.06.06.,144
18568,정보 공유,[기록목적] 해외 영상 - 아주 영리한 곰팡이 - 점균류(Slime mold) - 미친 생물학: 슬라임 곰팡이 The Insane Biology of: Slime Mold,꿈많은사람2,2024.06.06.,166
18569,자유게시판,무엇을  먹어서?,분홍앵초,2024.06.07.,233
18572,자유게시판,구충순서  조언좀  듣고싶어요,헬렌,2024.06.07.,269
18573,질문과 대답(QnA),메트포르민과 배르배린..?,뽀미마미,2024.06.08.,242
18574,정보 공유,"[기록목적] Jane의 페이스북 그룹에서 Mark Lintern의 이론에 대한 대화가 이뤄짐, 그리고 런던 컨퍼런스에서 (6월 6일~8일) 사람들과 이야기함.",꿈많은사람2,2024.06.08.,133
18575,자유게시판,가시밭길 인생같으니라귀..,하늘별섬,2024.06.08.,171
18577,자유게시판,지난5.31일 뇌졸중 반신불가 환자가,안락동,2024.06.09.,267
18578,자유게시판,안부,헤라,2024.06.09.,68
18579,가입 인사,유방암말기환자,가을파도1,2024.06.09.,423
18580,가입 인사,안녕하세요,박지우,2024.06.09.,95
18581,설금홍,[책] 암 해결 방법? THE CANCER RESOLUTION? : Mark Lintern. 잠재적 항암 치료법 : 35가지 핵심 요소,설금홍,2024.06.10.,198
18582,자유게시판,NK세포검사가 필요할까요?,리리루,2024.06.10.,140
18583,자유게시판,자주나오는  질문이겠지만  비타민C요,헬렌,2024.06.10.,219
18584,강직성 척추염(척수염),플라이패치 -- 후기 입니다,투게더투,2024.06.11.,433
18585,질문과 대답(QnA),참 선택 어렵네요,뽀미마미,2024.06.11.,190
18586,방광암,방광암,kyoungs0311,2024.06.11.,207
18589,자유게시판,안부,헤라,2024.06.13.,43
18590,정보 공유,[기록목적] 해외 논문 - 니클로사마이드 Niclosamide 와 구조적으로 관련된 살리실라닐라이드 Salicylanilides의 항진균 잠재력 (2024.05.29 ),꿈많은사람2,2024.06.13.,207
18591,자유게시판,요즘 핀 꽃,rabbitskin2,2024.06.13.,46
18592,질문과 대답(QnA),담도암 항암 직후에 어떻게 하시나요?,애정애,2024.06.14.,227
18593,정보 공유,[조티펜스영상] 어제 2024년 6월 12일 Q&A Session With Joe Tippens 을 온라인으로 했슴. (영어) 🎈,꿈많은사람2,2024.06.14.,140
18594,설금홍,[책] 암 해결 방법? THE CANCER RESOLUTION? : Mark Lintern. 잠재적 항암 치료법 2부 추가 세부 사항,설금홍,2024.06.14.,106
18595,정보 공유,[국내논문] 어머나! 대박! 윤상필 교수 -제주대-2022년 대한약리학회에 발표: 5-플루오로우라실 내성 대장암 세포에 대한 펜벤다졸의 항암 효과 😍,꿈많은사람2,2024.06.14.,263
18597,정보 공유,"[기록목적] 해외논문 - 인간 표적 약물 노출에 대한 장내 미생물군의 반응, 내성 및 회복 ( CELL에 발표 ) 2024년 6월",꿈많은사람2,2024.06.16.,100
18599,자유게시판,요즘 핀 꽃,rabbitskin2,2024.06.16.,35
18600,자유게시판,유방암 수술 후 회복중입니다,건강만하자,2024.06.17.,206
18601,자유게시판,한여름에도 내복 입고 살았는데요.,분홍앵초,2024.06.17.,297
18602,자유게시판,안부,헤라,2024.06.18.,50
18603,플라이패치_자가임상,칼에 베인 상처 치료후기 ㅡ플라이패치,투게더투,2024.06.18.,285
18604,자유게시판,인공방광만들고 간 림프전이 구충제 추천좀 부탁합니다,kyoungs0311,2024.06.19.,92
18605,설금홍,"[책] 암 해결 방법? THE CANCER RESOLUTION? : Mark Lintern. 미생물이 암의 원인, 발암의 일관성 : 면역 억제, 염증, 젖산, 철분",설금홍,2024.06.19.,146
18606,자유게시판,질문드립니다~(유통기한),구름별,2024.06.19.,162
18607,자유게시판,영암 아리랑 고개,양을산,2024.06.20.,47
18608,기타 자가임상 후기,조금이나마 환우분들께 도움이 되시기를 바랍니다 간략정리 했습니다,pilgrims,2024.06.20.,870
18609,암 호전사례 정보,"[해외호전사례] 미국 남성 비세포페암 4기 뇌전이 , Shayna의 약혼자 Anthony, 63세 (2021년 진단) - 고용량 펜벤다졸 복용법 +🎁",꿈많은사람2,2024.06.20.,280
18610,정보 공유,"[기록목적] (개인적관심사) 제올라이트 zeolite , 클리노프틸로라이트 clinoptilolite 의 흥미로운 점들",꿈많은사람2,2024.06.20.,197
18611,자유게시판,미분화 결체조직(류마티스),요제니,2024.06.20.,111
18612,질문과 대답(QnA),림프전이 상악동암(두경부암),엘리올리버,2024.06.21.,336
18613,자유게시판,이런 뉴스가 떴네요.,분홍앵초,2024.06.21.,317
18614,질문과 대답(QnA),구충제를 피부에 바르는 프로토콜?,온리치,2024.06.21.,158
18615,질문과 대답(QnA),항암 부작용 도움이요,아자아자화이짜,2024.06.21.,140
18617,암 호전사례 정보,"[해외호전사례] 미국 sally의 친구 코에 편평세포암, squamous cell carcinoma, 3~4주만에 떨어짐, 펜벤다졸 복용법",꿈많은사람2,2024.06.21.,225
18618,가입 인사,안녕하세요,자연치유식,2024.06.22.,263
18619,정보 공유,[실전편] 펜벤다졸 복용법으로 종양을 축소하는 데 시간이 얼마나 걸립니까? 라는 질문에 해외 페이스북 그룹 답변 정리,꿈많은사람2,2024.06.22.,283
18620,정보 공유,[실전편] 조티펜스 복용법으로 어느 정도 지나야 NED 관해 또는 Cure 완치에 이르렀나요? 라는 질문이 페이스북 그룹에 올라와서 댓글들을 옮겨봅니다.,꿈많은사람2,2024.06.23.,242
18621,정보 공유,"[기초편] 미생물학 - 미생물들의 크기별 종류, 감염 치료약등, 세포벽과 세포막의 차이 등등 . 이것으로 마침표 찍어드려요",꿈많은사람2,2024.06.23.,361
18622,자유게시판,"소금의 역활입니다.천일염 매일먹고 만성피로가 없어졌고,혈압,맥박이 아주 좋아졌어요.",크리스,2024.06.24.,395
18623,자유게시판,안부,헤라,2024.06.24.,31
18624,정보 공유,[기초편] 면역에 대해서 인공지능과 대화 내용. 인간의 복잡한 면역 말고요. 미생물들의 면역 이야기,꿈많은사람2,2024.06.24.,123
18625,자유게시판,폐암 늑막전이 무섭네요,급한걸까,2024.06.24.,313
18626,정보 공유,[해외논문] 이탈리아 유명한 대학병원 (소아 종양학 교수)에서 메벤다졸 항암 효과 특히나 뇌암 Brain Cancer 리뷰 논문을 2023년 1월에 발표,꿈많은사람2,2024.06.24.,394
18627,정보 공유,[기초편] 인공지능 claude.ai 와 GPT-4o 로 어제 메벤다졸 리뷰 논문에 나왔던 표들을 해석해 달라고 함. 깜놀! 💘,꿈많은사람2,2024.06.25.,171
18628,자유게시판,항암중 패치 두번쨰 사용후기,날마다 좋다,2024.06.26.,121
18629,바르는산소_자가임상,암 부위 피부에서 땀방울 모양 검정 먹물,온리치,2024.06.26.,139
18631,정보 공유,"[기초편] 연못에 있는 미생물들의 계절에 따른 변화, 콤부차에 있는 미생물들의 관계 - 현미경으로 관찰한 2 영상",꿈많은사람2,2024.06.26.,98
18632,자유게시판,안부,헤라,2024.06.27.,50
18633,정보 공유,"[해외인물] 호주 애비 미첼 Abbey Mitchell의 유방암 치유, 그리고 분자 수소 치료법 Molecular Hydrogen Therapy",꿈많은사람2,2024.06.27.,120
18634,정보 공유,[기록목적] 해외논문 CELL에 '암 면역 치료 결과와 관련된 장내 미생물의 생태학적 토폴로지를 기반으로 한 맞춤형 점수 부여' 2024년 6월 20일,꿈많은사람2,2024.06.27.,44
18635,자유게시판,요즘 핀 꽃,rabbitskin2,2024.06.27.,23
18636,가입 인사,안녕하세요 엄마가 대장암 4기 간전이 판정받았습니다.,물1리터,2024.06.27.,225
18638,정보 공유,"[국내논문] 삼성서울병원, 성균관대, 건국대, 을지대 2023년 9월 - 난소암에서 펜벤다졸 함유 PLGA 나노입자의 항암 효과 🎁",꿈많은사람2,2024.06.28.,621
18639,자유게시판,새롭게 내어난 불루베리,분홍앵초,2024.06.28.,154
18640,정보 공유,[기록목적] 곰팡이들이 호주 개구리들을 멸종 시키고 있다고 합니다. 다행히 해법을 찾은듯 ...,꿈많은사람2,2024.06.28.,128
18641,정보 공유,[실전편] 질문 - 곰팡이가 암을 유발하는 데 관여하는데 버섯이 암 퇴치에 좋은 이유는 무엇일까요? (Linda의 페북 그룹) 🎈,꿈많은사람2,2024.06.29.,240
18643,바르는산소_자가임상,바르면 즉시 찾아오는 따가운 통증,온리치,2024.06.29.,138
18644,정보 공유,[실전편] 질문 - 펜벤다졸은 왜 암세포만 공격하고 건강한 세포는 공격하지 않나요? 💥💌❓ 상편,꿈많은사람2,2024.06.30.,398
18645,자유게시판,안부,헤라,2024.06.30.,42
18646,자유게시판,"책-소금과 물,우리몸이 원한다. 64.암세포는 소금과 물로 파괴된다.",크리스,2024.06.30.,220
18647,정보 공유,[해외뉴스] 미국에서 시금치에 Listeria monocytogenes 리스테리아균이 발견되어서 몇개 제품 회수,꿈많은사람2,2024.06.30.,142
18649,정보 공유,[조티펜스소식] 그의 페이스북 그룹에서 조티펜스 복용법 전체를 $510에 판매 - 딱 하루 20명 (선착순) (미국내에서) - 경고: 조티펜스공식 페북 그룹이 아님.📢,꿈많은사람2,2024.07.01.,115
18651,가입 인사,안녕하세요.,빛이되길,2024.07.01.,51
18652,자유게시판,태국 치앙마이 => 베트남 나트랑 여행 중입니다 어떤 걸 사야할까요,동글동글이글,2024.07.02.,85
18653,가입 인사,안녕하세요. 췌장암환우의 아들입니다.,모진바람이겨내,2024.07.02.,192
18654,정보 공유,[실전편] 질문 - 펜벤다졸은 왜 암세포만 공격하고 건강한 세포는 공격하지 않나요? 💥💌❓ 하편,꿈많은사람2,2024.07.03.,455
18655,정보 공유,"[해외컨퍼런스] Cancer Breakthroughs Summit 2.0, 50명 전문가들과의 인터뷰 -다양한 통합 치료법을 소개 (유료)",꿈많은사람2,2024.07.03.,112
18656,자유게시판,안부,헤라,2024.07.04.,49
18659,자유게시판,프라지콴텔,kimkorea,2024.07.04.,105
18660,자유게시판,생귀 퇴마하고 이사나왔습니다.,하늘별섬,2024.07.04.,234
18661,자유게시판,미국 암환자와 한국암환자의차이,빅토리한,2024.07.04.,151
18662,자유게시판,"(완료)프라지콴텔, 메벤 나눔 판매(게시판 쓰기 등급이 안되서 여기에 임시 쓸께요)",가이아,2024.07.04.,142
18663,자유게시판,해발700 청정자연 명당터 약된장과 약간장 건강한 먹거리 장만,건강장수1,2024.07.04.,26
18664,정보 공유,[해외소식] 암 치료의 조용한 혁명: 대안적 접근법으로 주도권을 잡는 환자들 - 제인의 페북에서 - 4기 - 경화성 상피 섬유 육종의 경험담 🎈,꿈많은사람2,2024.07.04.,198
18665,가입 인사,안녕하세요,jade00,2024.07.05.,31
18666,질문과 대답(QnA),구충제 구입 질문 및 제품선택 팁 부탁드립니다,jade00,2024.07.05.,172
18667,정보 공유,유튜브영상 - 충북대학교 기생생물세계은행 상임이사 이동민 박사님을 모시고 기생충의 생존방법에 대해 이야기,꿈많은사람2,2024.07.05.,333
18668,자유게시판,꿈많은사람님 POE 서비스 알려주셔서 감사해요,지성무식,2024.07.05.,66
18669,가입 인사,안녕하세요,완치의길제발,2024.07.05.,57
18670,자유게시판,췌장암 진단 후 2년 다시 항암을 시작해야 하는 선택에 있어서,기적이 꼭 일어나길,2024.07.05.,226
18671,자유게시판,힘든가 봅니다.,분홍앵초,2024.07.05.,318
18672,정보 공유,[기록목적] 실마리를 찾다 - 일본 붉은 누룩 보충제 사건의 기사를 보고 - 박테리아(세균)와 진균(fungi)의 관계에서 ✨💡,꿈많은사람2,2024.07.05.,168
18673,정보 공유,[기록목적] 세균성 항암제의 몇 가지 예시 - perplexity.ai 검색 결과 - 박테리아가 생산해 내는 독소를 이용한 항암,꿈많은사람2,2024.07.05.,135
18674,자유게시판,라이프 스타일 .,하늘별섬,2024.07.06.,95
18675,자유게시판,"여성 폐암 발생율이 남성 폐암 발생율의 2배, 대처 방법은 흉부 저선량  CT 검사",의암호,2024.07.06.,69
18676,정보 공유,[기록목적] 토코트리에놀은 심바스타틴의 항종양 활성을 높인다. 일본 간자클리닉 최신 자료,꿈많은사람2,2024.07.06.,232
18677,자유게시판,너무나 한가한 울 카페 ~! 망설이다가 올려봅니다.,분홍앵초,2024.07.07.,312
18678,정보 공유,[해외인물] 마크 테일러 - 너무 멋지네요. 병원까지 만들 계획이고 진행 중이라니,꿈많은사람2,2024.07.07.,77
18679,자유게시판,요즘 핀 꽃,rabbitskin2,2024.07.07.,29
18680,바르는산소_자가임상,겨드랑이에 바르면 생기는 검정 땀방울,온리치,2024.07.08.,116
18682,정보 공유,"[마크린턴] 그의 페북에 꼭 물어보고 싶었던 질문들이 올라옴 (by Nabil), 니클로사미드 niclosamide (2024 논문), 연세대 저자들이 회사를 차림",꿈많은사람2,2024.07.08.,375
18683,자유게시판,5년 암 졸업을 앞두고,비소편평상피폐암,2024.07.09.,376
18684,정보 공유,"[해외인터뷰] 에피소드 33: 웬디 맥파일 - 오존 요법, 커피 관장제를 이용한 칸디다균 제거하기",꿈많은사람2,2024.07.09.,224
18685,자유게시판,힐링툴 제품 사용(재피케이터 기타 제품) 안 하시는 분들 계실까요?,곰곰가족,2024.07.10.,117
18686,정보 공유,[실전편] 유방암에 대한 펜벤다졸의 효과적인 치료 용량 (data 분석 결과) -조티펜스복용법 ✨🎈🎁,꿈많은사람2,2024.07.10.,347
18687,정보 공유,[해외뉴스] 오픈AI 스타트업 펀드와 쓰라이브 글로벌이 설립한 ‘쓰라이브 AI 헬스(Thrive AI Health)’는 AI를 활용해 전문가 수준의 건강 코칭을 제공,꿈많은사람2,2024.07.10.,68
18689,자유게시판,해발700 산중 아침 맞이,건강장수1,2024.07.11.,55
18690,자유게시판,진료과  변경,기적이 꼭 일어나길,2024.07.11.,95
18692,자유게시판,유방암이 사라졌습니다! [전 세계 무료 온라인 치유 집회 <치유 물결들> 24.7.26(금)-28(일) 오후 11시,빛돌,2024.07.12.,245
18693,자유게시판,요즘 핀 꽃,rabbitskin2,2024.07.12.,37
18694,자유게시판,패치 가지고 별짓다하네,분홍앵초,2024.07.13.,385
18695,자유게시판,명수네 현미효소 자가임상 5개월차~,말콥,2024.07.13.,202
18696,정보 공유,"[기록목적] 죽음이 그렇게 나쁘고 피하고 싶은 것이라면, 왜 진화는 살아 있는 생물을 죽어가도록 내버려 둔 걸까요?",꿈많은사람2,2024.07.13.,123
18697,자유게시판,안부,헤라,2024.07.14.,35
18698,정보 공유,[해외뉴스] 식물은 암에 걸릴 수 있으며 어떻게 질병으로부터 자신을 방어할 수 있습니까? 호주 ABC 뉴스,꿈많은사람2,2024.07.14.,159
18699,정보 공유,[고품질논문생성] 인공지능 STORM 주제만 입력하면 고품질 리포트 3분 완성 - 미국 스텐포드 대학에서 만듬 - 무료 사용- 강추!🎈,꿈많은사람2,2024.07.14.,107
18700,자유게시판,"천일염 물에 타먹고,비타민c 하루 6알먹고부터 소변이 자주 마렵지 않아요.",크리스,2024.07.14.,179
18701,자유게시판,초복이네요^^,헤라,2024.07.15.,68
18702,정보 공유,"[해외논문] 암 면역 치료에서 종양 마이크로바이옴의 중요한 역할 - Cancer Biology & Therapy Volume 25, 2024 - Issue 1",꿈많은사람2,2024.07.15.,339
18703,자유게시판,건강을 위한 선택과 기록,늘푸른행복나무,2024.07.15.,88
18704,정보 공유,[해외논문] 췌관 선암에 (췌장암) 대한 장내 미생물 군집의 기여: 기계론적 통찰과 치료적 관점 풀기 (Frontiers in Immunology 2024년 7월) 🎇,꿈많은사람2,2024.07.15.,226
18707,정보 공유,"[인공지능 챗봇] [CHOA.AI] 인생고민, 무엇이든 물어 보세요!  초아 서대원 선생의 50년간 노하우가 들어 있는 챗봇 - 무료",꿈많은사람2,2024.07.16.,258
18708,자유게시판,제약 트렌드의 변화에서 느끼는 항암 단상,늘푸른행복나무,2024.07.16.,80
18710,정보 공유,"[기록목적] 미생물들의 유전자 전달 방식은 두가지가 있어요. 수직 vs 수평 , 여기서 수평 방식이 혹시 암의 발생 원인 아닐까요?",꿈많은사람2,2024.07.16.,587
18711,자유게시판,여러 약으로 도전하려고 합니다,노르웨이,2024.07.17.,232
18712,정보 공유,[해외논문] 폐 마이크로바이옴: 호흡기 질환의 발병 기전에 대한 새로운 인사이트 - 폐암 연구도 (2024년 1월) 네이쳐 발표,꿈많은사람2,2024.07.17.,187
18714,자유게시판,요즘 핀 꽃,rabbitskin2,2024.07.18.,30
18715,자유게시판,안부,헤라,2024.07.19.,51
18716,정보 공유,[기록목적] 2024 대한의료정보학회 춘계학술대회 - 6월에 가톨릭대학교 성의교정에서 했어요.,꿈많은사람2,2024.07.19.,163
18718,질문과 대답(QnA),펜벤다졸 왜 동물용으로 복용해야되나요?,wlgns7994,2024.07.20.,315
18719,정보 공유,"[실전편] 자주 질문하는 것 -  대체 암 치료법에 대한 논쟁: 생명을 구할 것인가, 아니면 돈을 쫓을 것인가?",꿈많은사람2,2024.07.20.,624
18720,정보 공유,[인공지능] 2024년 보건의료빅데이터 활용 창업경진대회- 셀타스퀘어: 인공지능 기반 Off-label Indication 제시 가능한 서비스,꿈많은사람2,2024.07.20.,219
18721,이버맥틴,이버멕틴 어디서 구매할수있나요,100세인생,2024.07.21.,418
18722,자유게시판,청정 대자연과 강릉 버스킹 전국대회,건강장수1,2024.07.21.,32
18723,정보 공유,[기초편] 인간 세포들와 생체분자들을 알고 있나요? 세포생물학 vs 생화학 - 세라펩타제 (Serrapeptase) 시리즈 1,꿈많은사람2,2024.07.21.,272
18724,정보 공유,[해외논문] 암 생물학을 위한 진화론적 토대 Evolutionary foundations for cancer biology (2013년),꿈많은사람2,2024.07.22.,148
18725,자유게시판,요즘 핀 꽃,rabbitskin2,2024.07.22.,19
18726,자유게시판,치유 간증 매거진 <나라들을 향한 치유> 7월호,빛돌,2024.07.23.,39
18727,암 호전사례 정보,[해외호전사례] 3A기 선암종 폐암 Lisa 남편- 일관성의 중요성: 암 생존자의 조티펜스 프로토콜을 통한 여정 The Importance of Consistency: A Cancer Survivor's Journey with JT Protocol,꿈많은사람2,2024.07.23.,201
18729,정보 공유,골수섬유증에 알벤다졸 효과가 있을까? Llama-3-70b 답변,지성무식,2024.07.24.,219
18730,자유게시판,가족과 함께 소아암 환아를 위한 무료 캠프 가셔서 힐링하세요~,한암회,2024.07.24.,20
18731,정보 공유,"[실전편] 조티펜스복용법- 호르몬 양성 및 삼중 음성 유방암에 대한 JTP/펜벤다졸의 효능: 114명 유방암 회원 분석 결과 (현재 Health Sciences 겸임교수 , 전 의과대학 교수가 작성)",꿈많은사람2,2024.07.24.,243
18732,설금홍,[책] 암 해결 방법? THE CANCER RESOLUTION? : Mark Lintern. 11장 암의 원인이 곰팡이. 종양 형성 과정에서 곰팡이의 역할,설금홍,2024.07.24.,182
18734,자유게시판,어머님 본 고향 으로 가셨습니다,양준,2024.07.24.,264
18735,자유게시판,"의사의 유방암 소견 98% ,조직검사 거부",마요,2024.07.24.,415
18736,자유게시판,요즘 핀 꽃,rabbitskin2,2024.07.25.,23
18737,자유게시판,3기 유방암이 치유되다![전 세계 무료 온라인 치유집회 치유물결들 24.7.26(금)-28(일) 밤 11시],빛돌,2024.07.26.,130
18738,가입 인사,안녕하세요,꿈을꾸게,2024.07.26.,55
18739,자유게시판,폭염 조심하세요,꿈을꾸게,2024.07.26.,62
18740,자유게시판,nk세포 면역활성도 검사 했어요. ~,리리루,2024.07.26.,139
18741,정보 공유,"[기록목적] 마크 린턴의 최근 소식, 암 원형이론(Atavistic theory of cancer) 저자와의 만남",꿈많은사람2,2024.07.27.,78
18742,암 호전사례 정보,[해외호전사례] 미국 Christen 여성 유방암 4기 - 제인 프로토콜 + 병원 치료 + 펜벤다졸 ( 처음부터 알았더라면 100% 사용 했을것 ),꿈많은사람2,2024.07.28.,666
18743,자유게시판,요즘 핀 꽃,rabbitskin2,2024.07.28.,40
18745,자유게시판,긴급 알립니다.,분홍앵초,2024.07.29.,539
18746,자유게시판,꿈님의 '암의 기원'을 찾아서 - 스케치 - 생체분자 알아보다가 빅히스토리와 암 아타비즘 이론 (고대 세포로의 후퇴?) 까지,꿈많은사람2,2024.07.29.,91
18747,자유게시판,완치됬어요,예경,2024.07.30.,498
18748,정보 공유,[해외논문] Microbial Therapy and Breast Cancer Management 미생물 치료 및 유방암 관리 (2024),꿈많은사람2,2024.07.30.,165
18749,자유게시판,뇌와 장 그리고 건강장수,건강장수1,2024.07.30.,127
18750,자유게시판,요즘 핀 꽃,rabbitskin2,2024.07.31.,32
18751,질문과 대답(QnA),아버지가 전립선암 4기입니다..,스탠,2024.07.31.,231
18752,자유게시판,폐암4기 어머니 ct 결과 공유합니다(이번엔 좀 좋지못하네요),푸른 숲,2024.08.01.,448
18753,자유게시판,안부,헤라,2024.08.02.,35
18754,자유게시판,담석 수술했어요,헤라,2024.08.02.,270
18755,가입 인사,위암중증판정받고 대학병원 대기중인 새내기회원입니다.,황금부자,2024.08.02.,95
18756,질문과 대답(QnA),펜벤다졸 222mg 하나로 울렁증,스탠,2024.08.02.,210
18757,자유게시판,위암중증판정 받자마자 이카페에 가입한 새내기입니다.,황금부자,2024.08.02.,238
18758,자유게시판,림프종  유튜브방송입니다,분홍앵초,2024.08.03.,171
18759,자유게시판,태국산 니클로사마이드,은하수별,2024.08.03.,215
18760,암 호전사례 정보,"[해외호전사례] Alexandra, HPV 양성 고등급 편평 상피 세포 암종, T2 N1 M0 , 3월부터 조티펜스 복용법, No 항암 / 방사선 (두경부암, 편도암 tonsil )",꿈많은사람2,2024.08.03.,308
18761,자유게시판,요즘 핀 꽃,rabbitskin2,2024.08.04.,28
18762,자유게시판,부추김치,rabbitskin2,2024.08.04.,81
18764,자유게시판,요즘 핀 꽃,rabbitskin2,2024.08.05.,20
18766,자유게시판,요즘 핀 꽃,rabbitskin2,2024.08.06.,30
18767,자유게시판,혈액암 4기 5년 완치,안평골,2024.08.07.,"1,042"
18768,정보 공유,[해외논문] 종양 미생물 환경의 특성을 규명하고 이를 통해 다학제적 접근법을 적용한 새로운 치료 방법을 모색 2023,꿈많은사람2,2024.08.07.,84
18769,자유게시판,"[공유] ""똥이 약 된다""…4기 암 환자에 '대변이식'했더니 놀라운 효과",건강장수1,2024.08.07.,141
18770,질문과 대답(QnA),이산화염소 복용법,유레테,2024.08.07.,181
18771,가입 인사,가입입사 드립니다.,오퍼스원,2024.08.07.,36
18772,자유게시판,안녕하세 요,양준,2024.08.08.,65
18773,자유게시판,요즘 핀 꽃,rabbitskin2,2024.08.08.,26
18774,질문과 대답(QnA),코로나,양준,2024.08.09.,97
18775,자유게시판,안부,헤라,2024.08.09.,60
18776,가입 인사,안녕하세요 가입했어요,배쨜,2024.08.09.,63
18777,암 호전사례 정보,[호전 기전] 악액질로 진행된 상태에서 생명 연장 30배까지 가능한 사례 분석과 종양 두통에 적용 사례,홍콩 박,2024.08.09.,278
18778,정보 공유,환자주도형임상시험이 존재하는 이유: 국내 4기 폐암 5년 6%의 생존율: 4기 폐암 환자가 직접 나서야 하는 이유,꿈많은사람2,2024.08.09.,311
18779,정보 공유,[암치료역사] 당신은 역사의 큰 흐름에 변곡점을 목격하고 있습니다. 그 이유는 이렇습니다.,꿈많은사람2,2024.08.09.,221
18780,자유게시판,요즘 핀 꽃,rabbitskin2,2024.08.10.,27
18781,자유게시판,진짜 유기농 옥수수 판매합니다.,산하,2024.08.11.,231
18782,암 호전사례 정보,"[해외호전사례] 미국 Dan 님, 비행사, 뼈전이 4기 식도암 - 죽기 전에 삶을 멈추지 마세요. 4기예요. 할 수 없을 때까지 계속하세요. 조티펜스 복용법",꿈많은사람2,2024.08.11.,393
18783,암 호전사례 정보,[진통 사례] 통증으로 잠도 3일째 못자고 2주간 누워만 있던 분의 사례,홍콩 박,2024.08.12.,361
18784,자유게시판,요즘 핀 꽃,rabbitskin2,2024.08.12.,30
18785,가입 인사,가입인사드립니다,iuf,2024.08.12.,46
18786,설금홍,"살베스트롤 소개와 각종 암 치료 사례, 제품 구하는 방법",설금홍,2024.08.13.,303
18787,자유게시판,황장목 천연발효효소식초와 주목나무 천연발효효소식초 거름 및 천연토굴 숙성,건강장수1,2024.08.13.,54
18788,정보 공유,[마크린턴소식] 저번주에 다른 학자들과 토론을 했다고 사진 몇장을 올렸어요. 기초과학 강국은 이런 분위기가 있어야!!,꿈많은사람2,2024.08.14.,130
18789,자유게시판,요즘 핀 꽃,rabbitskin2,2024.08.15.,36
18790,자유게시판,요즘 핀꽃,rabbitskin2,2024.08.17.,27
18791,자유게시판,꽈리고추 멸치조림,rabbitskin2,2024.08.17.,98
18793,자유게시판,구충제 구입처,할수있어,2024.08.19.,273
18794,자유게시판,항암 많이 힘드네요,배쨜,2024.08.19.,264
18795,가입 인사,안녕하세요 잘부탁드려요,또르륵,2024.08.19.,47
18796,자유게시판,저의청원에 동의를 부탁드립니다,또르륵,2024.08.19.,153
18797,자유게시판,청정자연 해발700-800 야생 자연산 아로니아 채취 및 천연발효효소식초 담금,건강장수1,2024.08.20.,51
18799,자유게시판,이 카페 오래유지 하는 힘,승이엄마,2024.08.21.,183
18800,정보 공유,[마크린턴인터뷰] Is the standard cancer theory wrong? 표준 암 이론이 틀렸나요? 유튜브 영상,꿈많은사람2,2024.08.21.,93
18801,자유게시판,안부,헤라,2024.08.22.,56
18802,정보 공유,역사상 8번째로 나이가 가장 많은 여성 Maria Branyas Morera 별세 (117세). 그녀의 장수 비결 정리,꿈많은사람2,2024.08.22.,162
18804,자유게시판,별써미 근황,하늘별섬,2024.08.22.,188
18806,정보 공유,[해외논문] 다양한 지역과 질병에 걸쳐 인간 장내 미생물 군집의 글로벌 구성 및 기능 상태를 탐색 Genome Res. 2024,꿈많은사람2,2024.08.23.,108
18807,자유게시판,산하님 아들! 정여민군 근황^^ 너무나 잘 컸네요~,설금홍,2024.08.24.,196
18809,암 호전사례 정보,"[해외호전사례] 미국 TOM 남성 전립선암 3기 림프절 전이, 4개월전 PSA 6.2, 지금 3.46 - 고용량펜벤다졸 복용법 (시작은 조티펜스 복용법)",꿈많은사람2,2024.08.24.,348
18810,정보 공유,[정보검색AI] 이제는 genspark.ai (젠스파크)를 사용해서 검색하세요. 지금까지 이런 검색엔진은 없었다. 강추 별5개,꿈많은사람2,2024.08.24.,174
18811,설금홍,"암에 관한 기본적인 개념잡기, 잘못된 이론, 의심스러운 과학, 출발이 좋아야 답을 찾을수 있지 않을까요!",설금홍,2024.08.26.,137
18812,자유게시판,안부,헤라,2024.08.26.,43
18813,기타 자가임상 후기,메벤다졸 구합니다..,ing0411,2024.08.26.,191
18815,자유게시판,[소아암 환아에게 희망을!］2024-4차 소아암 지원사업 신청자 모집 안내,한암회,2024.08.27.,32
18816,자유게시판,엉덩이와 뒤쪽 허벅지 연결부위 근육통증,roric02,2024.08.27.,318
18817,암환우 자가임상 추천해 주세요,자궁 암육종3기 복용법 조언 좀 부탁드립니다.,자몽혀니,2024.08.28.,232
18818,자유게시판,분홍앵초님,할수있어,2024.08.28.,245
18819,암 호전사례 정보,"[해외호전사례] 미국 Billy 여성 약 40대중반 4기 식도 선암(7년전) , 24년 1월 말부터 고용량 펜벤다졸 복용법. 감동적인 이야기",꿈많은사람2,2024.08.29.,246
18820,질문과 대답(QnA),안녕하세요 혹시 mms 구입해서 먹고싶은데 구할수있는데가 있을까요?,와우와우 쩝,2024.08.29.,69
18821,자유게시판,7월 말에 핀 꽃들,rabbitskin2,2024.08.29.,21
18822,암 호전사례 정보,"[해외호전사례] 미국 Debbie 여성 약61세, 림프종 뇌전이 (2년 반전에), 지금은 관해 - 조티펜스 복용법",꿈많은사람2,2024.08.30.,112
18823,가입 인사,안녕하세요 가입인사 남깁니다,힘내자나자신,2024.08.30.,40
18824,자유게시판,매니저님 광고병원 위드힘 왜 강퇴안시킵니까,힘내자나자신,2024.08.30.,171
18825,자유게시판,[공유] ‘세계적 암 전문의’ 김의신 박사 “한국서 암 폭증하는 결정적 이유는…”,건강장수1,2024.08.30.,126
18826,설금홍,"2장. 현실을 엿보다, DNA 이론의 모순, 와버그 효과, 포도당 제한, 케톤 생성 식단 : Mark Lintern [책] 암 해결 방법?",설금홍,2024.08.31.,80
18827,자유게시판,안부,헤라,2024.08.31.,46
18828,정보 공유,서울대 인공지능 바이오 연구단 - 연구비 200억원으로 출발 - 이현숙 센터장 인터뷰,꿈많은사람2,2024.08.31.,202
18829,자유게시판,7월 말일 핀 꽃,rabbitskin2,2024.09.01.,24
18830,정보 공유,[실전편] Sherri 님께서 물어본 - 이게 정말 효과가 있다면 왜 사람들이 계속 죽는 걸까요? 조티펜스 복용법 페북 그,꿈많은사람2,2024.09.02.,694
18831,자유게시판,면역력과 건강장수에 관한  연재에 앞서 드리는 말씀,건강장수1,2024.09.02.,58
18832,질문과 대답(QnA),유방암재발 수술하고 관리 어떻게 하면 좋을까요,회원,2024.09.02.,85
18833,자유게시판,유방석회 관련문의 드립니다.,니타,2024.09.02.,348
18834,가입 인사,안녕하세요. 가입 인사 드립니다.,좋은생각1,2024.09.03.,31
18835,자유게시판,안부,헤라,2024.09.03.,49
18837,자유게시판,암세포란,건강장수1,2024.09.03.,125
18838,설금홍,"3.4장 화학 요법 효과와 실패, 암 줄기세포 : Mark Lintern [책] 암 해결 방법?",설금홍,2024.09.03.,147
18842,암 호전사례 정보,"[해외호전사례] 미국 David의 아내, 교모세포종 (2022년 2월), 80% 종양 제거후 항암/방사선 후 조티펜스 복용법으로 현재는 안정적 상황. 담당의사도 놀람.",꿈많은사람2,2024.09.04.,353
18843,자유게시판,항암 부작용으로 탈모 되신분들~! 신청해 주세요.,분홍앵초,2024.09.04.,330
18844,정보 공유,SKT 쓰시는 분은 이것 Perplexity Pro 1년 무료라고 하니 꼭 써보세요.,꿈많은사람2,2024.09.04.,151
18845,자유게시판,7월 30일 핀 꽃,rabbitskin2,2024.09.05.,15
18846,자유게시판,청정자연 해발700 등검은말벌 노봉방주 담금,건강장수1,2024.09.05.,21
18847,췌장암,췌장 선방 세포암에서 2년 이상 생존의 의미와 앞으로 각오,홍콩 박,2024.09.05.,308
18848,기타 자가임상 후기,구충제만으로 뇌종양고친것,헤라,2024.09.06.,"1,011"
18849,가입 인사,가입했는데 인사드립니다,한방에주님곁으로,2024.09.06.,31
18850,설금홍,"5장. 화학 요법의 모순, 살베스트롤, 3BP(고영희 박사, 강력하고 신속한 항암제) : Mark Lintern [책] 암 해결 방법?",설금홍,2024.09.06.,88
18852,플라이패치_자가임상,12차항암 그리고 모발이야기,빅앤러,2024.09.06.,296
18853,자유게시판,식욕은 좀 돌아왔어요,배쨜,2024.09.06.,104
18854,자유게시판,3. 현대의학의 암 치료법에대한 고찰,건강장수1,2024.09.07.,132
18855,가입 인사,안녕하세요.,이 간절함,2024.09.08.,63
18856,자유게시판,c비d오일 어디서 구매해서 드시나요?,힘내자님,2024.09.08.,131
18857,자유게시판,7월 말일 핀 꽃,rabbitskin2,2024.09.08.,29
18858,자유게시판,안부,헤라,2024.09.09.,46
18859,자유게시판,교모세포종 치료에 좋은 소식?,이삭,2024.09.09.,137
18861,자유게시판,유방암 환우분들 만나고 싶습니다.,경아,2024.09.10.,333
18863,자유게시판,4. 자연치유법 중 거슨요법에 대한 고찰,건강장수1,2024.09.10.,87
18864,자유게시판,5. 자연치유법 중 브루스 요법에 대한 고찰,건강장수1,2024.09.10.,79
18866,정보 공유,맨발걷기 / 어싱: 자연 치유는 인간 상수 영역! 원인과 결과!,귀뚫린종,2024.09.11.,161
18867,설금홍,"환상적인 자유 라디칼, 활성 산소종, 산화 스트레스, 올바른 항산화제는...: Mark Lintern [책] 암 해결 방법?",설금홍,2024.09.11.,117
18868,정보 공유,[해외논문] 대박논문! 인간과 동물의 암 치료를 위한 경구용 펜벤다졸 - 2024.09 Anticancer Research,꿈많은사람2,2024.09.11.,473
18869,자유게시판,7월 말일 핀 꽃,rabbitskin2,2024.09.12.,29
18871,자유게시판,백김치레시피,rabbitskin2,2024.09.13.,228
18872,자유게시판,"10월 말에 한국 잠깐 들어갑니다. 혹시 시간 되실까요? 제목 수정 , 투표도 뺌.",꿈많은사람2,2024.09.13.,431
18873,가입 인사,가입인사드립니다,hyrlovely,2024.09.14.,27
18874,자유게시판,8월 12일 핀 꽃,rabbitskin2,2024.09.14.,27
18875,자유게시판,너라는계절,헤라,2024.09.15.,93
18877,자유게시판,커뮤니티 카페 복막투석 배액 인데요,시골향기,2024.09.15.,104
18880,암 호전사례 정보,[해외호전사례] 미국 Terri의 남편(David) 교모세포종 GBM 4등급 멘톨 야생형 (2022년) - 감동적 이야기 💥 - 조티펜스 복용법,꿈많은사람2,2024.09.16.,324
18881,자유게시판,펜벤다졸 셋트,깨몽,2024.09.16.,243
18882,자유게시판,행복한한가위되세요^^,헤라,2024.09.17.,43
18883,정보 공유,10월17일 서울 모임 자세한 지도와 시간 스케줄 그리고 부산 모임은 10월 26일 점심때쯤,꿈많은사람2,2024.09.17.,364
18884,자유게시판,코로나 ㅡ두줄 확진,양준,2024.09.18.,158
18885,자유게시판,너무나 더워서,분홍앵초,2024.09.18.,143
18886,가입 인사,안녕하세요,겸손하게,2024.09.19.,42
18887,질문과 대답(QnA),유전자 발현 검사를 하지 않고,겸손하게,2024.09.19.,178
18888,정보 공유,[마크 린턴] 그의 cell suppression theory 를 실험하기 위해서 다른사람들과 논의를 하고 있다는 소식,꿈많은사람2,2024.09.19.,121
18889,가입 인사,안녕하세요,림,2024.09.20.,72
18891,자유게시판,해피힐링 스토어에서 펜벤다졸 직구해보신분,달리자런런,2024.09.20.,170
18892,자유게시판,기침,안평골,2024.09.20.,362
18893,자유게시판,유충이행증 ?,이삭,2024.09.20.,112
18894,가입 인사,안녕하세요. 크론병 입니다. 등업 부탁드립니다.,꼬꼬미미미미민,2024.09.21.,161
18895,정보 공유,Life Extension 미국 회사 웹사이트에 [약물 재창출 - 암치료] 정리가 잘 되어 있어서 소개합니다.,꿈많은사람2,2024.09.21.,266
18896,자유게시판,나이야 가라님께서 후원금을 보내 주셨습니다.,분홍앵초,2024.09.22.,365
18897,자유게시판,6. 자연치유법에 관한 총평과 장단점 및 건강장수  실천방안 등 고찰,건강장수1,2024.09.22.,78
18898,가입 인사,가입,ehdsoato3451,2024.09.22.,66
18899,자유게시판,자궁선근증 도와주십시오 2화 그 이후,냥꼬센세,2024.09.22.,290
18900,질문과 대답(QnA),디스토시드가 독한 약인가요 ?,왼손등,2024.09.23.,210
18903,자유게시판,내일이면 퇴원합니다,배쨜,2024.09.23.,146
18904,자유게시판,8월 중순에 핀꽃,rabbitskin2,2024.09.23.,31
18905,자유게시판,기가막히게 맛있는 고구마순 김치레시피,rabbitskin2,2024.09.23.,125
18907,자유게시판,(논문연구소TV) 이버멕틴 1편 - 이버멕틴의 발견과 잠재적 가능성,100세건강,2024.09.25.,104
18908,암 호전사례 정보,"[해외호전사례] 미국 Angel 유방암 3기 ER, PR 양성 (HER2음성) 2023년 5월 - 2024년 9월까지 NED - 조티펜스 복용법",꿈많은사람2,2024.09.25.,753
18909,자유게시판,(논문연구소TV) 기생충 이야기 1편 - 기생충 종류와 감염,100세건강,2024.09.25.,57
18910,자유게시판,(논문연구소TV) 기생충 이야기 2편 - 기생충과의 전쟁,100세건강,2024.09.25.,32
18911,자유게시판,(논문연구소TV) 기생충 이야기 4편 - 기생충과 암 (그 역사적 순간의 시작),100세건강,2024.09.25.,51
18912,자유게시판,"(논문연구소TV) 기생충 이야기 5편 - 기생충과 면역 (B세포, 정교한 타격가)",100세건강,2024.09.25.,86
18916,플라이패치_자가임상,"플라이패치: 부모님 관절통, 족저근막염, 이명",꿈꾸는 냐냐,2024.09.26.,326
18917,자유게시판,펜벤다졸 팝니다(판매완료되었습니다),행복꾸러미,2024.09.26.,262
18919,자유게시판,달면서 매운 고산지대  영양고추가루  주문해 주세요~~^^,산하,2024.09.28.,180
18920,가입 인사,안녕하세요 환우입니다,희망은 방울방울,2024.09.29.,152
18921,암 호전사례 정보,"[해외호전사례] Caroline의 엄마, 남아프리카 80세 , 여성, 피부암 편평상피세포암, 이버멕틴과 펜벤다졸 사용",꿈많은사람2,2024.09.29.,601
18922,자유게시판,이버멕틴,사탄은 지옥간다,2024.09.30.,163
18923,자유게시판,안부,헤라,2024.10.01.,52
18924,설금홍,"암의 형성 과정, 암의 특징, 홀마크 재배치, 대사이론과 DNA이론 : Mark Lintern [책] 암 해결 방법?",설금홍,2024.10.01.,105
18925,자유게시판,이보맥틴 복용법,롱롱이닫,2024.10.01.,177
18928,자유게시판,7. 건강한 먹거리의 항산화성분에 대한 오해와 고찰,건강장수1,2024.10.02.,82
18930,가입 인사,안녕하셔요.가입인사 올립니다.,난 항상 너야,2024.10.03.,51
18931,자유게시판,암환우를 위한 힐링 콘서트 놓치지 마세요,의암호,2024.10.03.,56
18933,자유게시판,항암주사시 골수억압은 며칠뒤에 오는건가요?,짱짱맨,2024.10.04.,51
18934,자유게시판,안부,헤라,2024.10.04.,35
18935,암 호전사례 정보,"[해외호전사례] Theodore의 친구, 여성 폐암 4기, 뇌전이 - 조티펜스 복용법 - 누구나 꼭 하는 질문도 함께!",꿈많은사람2,2024.10.04.,336
18936,자유게시판,안부,헤라,2024.10.05.,37
18937,정보 공유,[마크린턴] 항진균제 이트라코나졸보다 더 나은(더 효과적인) 오프라벨 치료법은 없다는 것- Mark Sean Taylor 의 발표자료 2024년 9월 24일 영국 런던,꿈많은사람2,2024.10.05.,398
18940,자유게시판,8월 중순에 핀 꽃들,rabbitskin2,2024.10.06.,29
18941,자유게시판,안부,헤라,2024.10.07.,52
18942,설금홍,암의 원인으로 미생물을 지목하는 과정과 이유 : Mark Lintern [책] 암 해결 방법? 책 다봤어요^^,설금홍,2024.10.07.,212
18943,자유게시판,안녕하세요? 유방암 진단받고 가입하였습니다,시모나,2024.10.07.,160
18944,벤지미다졸 질문 게시판,이버멕틴 구매하고싶습니다,샤프가이다아아,2024.10.08.,123
18947,암 관해사례 정보,[조티펜스] 가장 최진 소식 - 방금 자신의 건강한 사진을 올렸어요! （￣︶￣）↗　❤💘💥,꿈많은사람2,2024.10.08.,446
18948,자유게시판,"크리스 목사님, 베니 힌 목사님과 함께하는 생방송 치유 예배 치유 물결들 10.25-27 밤 10시",빛돌,2024.10.09.,42
18950,가입 인사,가입 인사드립니다.,full,2024.10.10.,48
18951,자유게시판,"김의신 박사의 ""암과 면역력"" 강의 & 지노박의 힐링 컨서트 개최 안내",의암호,2024.10.10.,63
18952,자유게시판,안부,헤라,2024.10.11.,39
18953,질문과 대답(QnA),메트폴민?에 대해 질문드려요.,심스짱,2024.10.11.,158
18954,질문과 대답(QnA),유방암 치료를 위한 구충제복용법 문의,꿈꾸는 냐냐,2024.10.12.,358
18955,암 호전사례 정보,[해외호전사례] 미국 MeLinda 여성 신장암 - 원형 세포 육종과 방추 세포 육종 - 고용량펜벤다졸 복용법,꿈많은사람2,2024.10.12.,195
18956,정보 공유,[고용량펜벤다졸복용법] 2024년 최신 개정판이 방금 페이스북 그룹에 올라 왔습니다.,꿈많은사람2,2024.10.13.,250
18957,가입 인사,가입 인사 - 반갑습니다,Ssmk,2024.10.13.,54
18958,자유게시판,"8-1. 파킨슨, 치매, 3개월 시한부선고 간경변 완치 투병기 - 생명터 인연을 맺다.",건강장수1,2024.10.13.,98
18959,정보 공유,분자교정의학 / 정분자 의학(Orthomolecular medicine) 저널에 2024년 9월 19일 발표된 리뷰논문 - A Hybrid Orthomolecular Protocol,꿈많은사람2,2024.10.13.,112
18960,설금홍,암에서 DNA 이론을 능가하는 미토콘드리아-줄기세포 연결 이론은 완성도가 높을까? 부족한것은 무엇일까? [꿈많은사람님이 올리신 글에 대한 반론입니다],설금홍,2024.10.14.,217
18961,가입 인사,안녕하세요,jinsarng8,2024.10.14.,47
18962,정보 공유,나는 암 이상의 존재 I'm more than Cancer - 고용량 펜벤다졸 페북 그룹에 각자의 얼굴 사진 올림 - 감동 가득 🎁,꿈많은사람2,2024.10.14.,425
18963,자유게시판,안부,헤라,2024.10.15.,47
18964,자유게시판,플라이패치 후기,rabbitskin2,2024.10.15.,188
18965,정보 공유,[해외] 이트라코나졸 itraconazole 과 보리코나졸 voriconazole 및 기타 항진균제에 대한 사람들의 경험을 듣고 싶습니다.,꿈많은사람2,2024.10.15.,390
18966,자유게시판,유방암환우님들 17일에 만나요,경아,2024.10.15.,169
18968,암 호전사례 정보,푸들 16세 암으로 의심되는 골프공만한 종괴의 치료 경과,설금홍,2024.10.16.,443
18969,자유게시판,저용량날트렉손 알아보다가,바다,2024.10.16.,175
18970,자유게시판,이버멕틴   구입비,분홍앵초,2024.10.16.,685
18973,자유게시판,꿈님은 ktx 타고 먼저 떠나서 죄송해요.. 서울 홍제동 모임 간단후기,꿈많은사람2,2024.10.17.,432
18974,자유게시판,"김의신 박사 ""암과 면역력"" 강의 & 지노박 힐링 콘서트 안내",의암호,2024.10.18.,43
18975,자유게시판,2024. 10. 16 국정 감사에서 폐암 관련  질의 응답 영상입니다.,의암호,2024.10.18.,89
18976,자유게시판,강원도 정선군 해발700-800 청정자연 야생 표고버섯 소량 판매,건강장수1,2024.10.18.,61
18978,자유게시판,"8-2. 파킨슨, 치매, 3개월 시한부선고 간경변 완치 투병기 - 건강장수 주거지 신축 재료 및 공법",건강장수1,2024.10.18.,81
18979,자유게시판,메멘다졸 문의,세진아빠1138,2024.10.18.,123
18980,유방암,유방석회제거술만 3번 받은 상태,니타,2024.10.18.,307
18981,자유게시판,"8-3. 파킨슨병, 치매, 3개월 시한부선고 간경변 완치 투병기 - 치료법 선택, 기본식사",건강장수1,2024.10.19.,107
18982,자유게시판,상추 한쌈드세요.ㅋㅋㅋ,rabbitskin2,2024.10.20.,114
18983,자유게시판,"8-3. 파킨슨병, 치매, 3개월 시한부선고 간경변 완치 투병기 - 황장목 천연발효효소식초 1-1",건강장수1,2024.10.20.,80
18984,자유게시판,기생충 다이어트 하다가 심각한 ..,이삭,2024.10.21.,295
18985,자유게시판,흑색종,미소8,2024.10.21.,98
18986,질문과 대답(QnA),이버멕틴 복용,강무지,2024.10.22.,368
18988,자유게시판,"8-5. 파킨슨병, 치매, 3개월 시한부선고 간경변 완치 투병기 - 황장목 천연발효효소식초 1-2",건강장수1,2024.10.22.,62
18991,질문과 대답(QnA),6세아이 담도암 어떻게 해야 할까요? 도움 부탁합니다.,행운7,2024.10.23.,280
18992,자유게시판,"8-6. 파킨슨병, 치매, 3개월 시한부선고 간경변 완치 투병기 - 황장목 천연발효효소식초 1-3",건강장수1,2024.10.23.,119
18993,자유게시판,이트라코나졸,분홍앵초,2024.10.24.,678
18994,가입 인사,안녕하세요,메이지유신,2024.10.25.,44
18995,가입 인사,안녕하세요~,하하하엄마,2024.10.25.,60
18996,자유게시판,지난번에 글 올렸던 6세 아이 횡문근육종 진단받았습니다.,행운7,2024.10.25.,314
18997,질문과 대답(QnA),이버멕틴을 DMSO에 녹여서 복용하면....,일단 살고보자,2024.10.26.,216
18998,질문과 대답(QnA),파나쿠어c 구입하고 싶은데,Yuri,2024.10.27.,297
18999,자유게시판,좁쌀여드름 딸(20대  중반),해님,2024.10.27.,182
19000,자유게시판,안부,헤라,2024.10.28.,70
19001,초기암,갑상선유두암인데 구충제치료하고싶어서요,보배맘,2024.10.29.,219
19003,자유게시판,"일상으로 복귀, 안전하게 시드니로 도착했어요. 몇가지 생각 정리 노트",꿈많은사람2,2024.10.29.,188
19005,가입 인사,안녕하세요,별사탕7,2024.10.30.,31
19006,자유게시판,저는 희귀난치성 자가면역질환 IGG4 환자입니다.,나로,2024.10.30.,517
19007,가입 인사,안녕하세요. 반갑습니다.,나로,2024.10.30.,60
19008,자유게시판,카페 기념품,나이야가라,2024.10.31.,212
19009,정보 공유,"[FLCCC - 해외의사단체] 대체 암 치료: 입증된 18가지 개입 방법 (영어) Dr. Paul Marik’s “Cancer Care: 2nd Edition,”",꿈많은사람2,2024.10.31.,362
19010,설금홍,암세포를 죽이는 약물들 : 주로 대체 항암제로 쓰일수 있는 약물들 목록과 그 특징,설금홍,2024.11.01.,393
19011,자유게시판,어느덧 가을,건강만하자,2024.11.01.,34
19012,가입 인사,안녕하세요,민트민트,2024.11.01.,34
19013,정보 공유,"[해외논문] 환각버섯 실로시빈 Paul Stamets 이 소개한 논문 - “버섯이 더 생생하고 활기차다"": 합성 실로시빈과 유기농 실로시빈에 대한 환자 보고서- 기록 목적",꿈많은사람2,2024.11.01.,168
19014,자유게시판,안부,헤라,2024.11.02.,44
19015,정보 공유,[해외뉴스] 식물에서 발견되는 천연 화합물이 치명적인 진균을 억제합니다. Emory University 2023.09.12 + 새로운 학술 검색 AI,꿈많은사람2,2024.11.02.,171
19016,자유게시판,"8-7. 각종암의 부작용, 재발, 전이 우려 없는 완전한 치유 및 완치에 대한 소고 (건강한 먹거리)",건강장수1,2024.11.02.,94
19017,자유게시판,"[편집된영상] 2024년 10월 17일 분홍앵초님 감사패 증정, 편지 읽는 부분만 올려봅니다.",꿈많은사람2,2024.11.02.,184
19018,이버맥틴,감사드립니다급구,stanmaquay,2024.11.02.,131
19019,자유게시판,즐거운 일요일입니다. (난소암),하늘별섬,2024.11.03.,229
19020,정보 공유,"[해외논문] Nature : 바이오필름: 좋고 나쁜 것들 그리고 혁신적인 것들 Biofilms: The Good, the Bad & the Groundbreaking",꿈많은사람2,2024.11.03.,216
19021,질문과 대답(QnA),귀 뿌리가 아픕니다,freejet,2024.11.03.,129
19023,자유게시판,암환우를 위한 일본 후쿠오카 온천캠프를 개최합니다!,한암회,2024.11.04.,103
19024,질문과 대답(QnA),왼쪽 뒤 허리통증의 원인은 뭘까요?,니타,2024.11.05.,343
19025,자유게시판,수술 후 후유증인건지,건강만하자,2024.11.05.,89
19026,자유게시판,무농약 수수 판매 합니다,산하,2024.11.05.,126
19027,자유게시판,삼중음성 폐전이 이버멕틴 복용시간 궁금해요,클레어리,2024.11.06.,620
19028,정보 공유,[딴짓거리] 대한민국의 IT쪽 오픈소스 활용도 vs 기여도 차이와 환자주도형임상시험 커뮤니티 공통점 ?,꿈많은사람2,2024.11.06.,72
19029,자유게시판,집에서 식단관리 다들 어떻게 하시나요~,암극복할수있어요,2024.11.06.,178
19030,자유게시판,채식뷔페,rabbitskin2,2024.11.07.,204
19031,정보 공유,"[교모세포종] 호주 의사 Richard Scolyer 최고의 피부암 melanoma 전문가가 교모세포종 진단 후 , 치료 과정을 책으로 출판",꿈많은사람2,2024.11.07.,203
19033,자유게시판,"온 우주가 나서서 ""그대""를 돕고 있습니다 ; 산하님 수수",설금홍,2024.11.08.,174
19034,정보 공유,[추천영상] 카오스 사이언스 [대담] 2024 '노벨상 해설강연' 과학톡! (TALK) 시리즈 - 딴짓거리,꿈많은사람2,2024.11.08.,69
19035,정보 공유,암전이를 막아주는 아스피린,한싹,2024.11.08.,202
19036,질문과 대답(QnA),혹시 저용량 날트렉손 드시는분 계신가요?,부산에 삽니다,2024.11.09.,464
19038,암 호전사례 정보,[해외호전사례] 미국 Chas의 남편 (59세) 췌장암 4기(2023년 8월) 간과 폐전이 (2016년에는 전립선암) - 조티펜스 복용법 💥,꿈많은사람2,2024.11.09.,800
19039,자유게시판,다슬기,다슬기 010 4412 9780,2024.11.10.,66
19041,자유게시판,주말 티비에 내가 누워있는 병원이 TV조선 명의보감,리리루,2024.11.11.,93
19043,자유게시판,울산 압노바  미슬토  처방해주시는  병원이 있습니다.,바다,2024.11.11.,126
19044,자유게시판,맨발걷기 나왔습니다~,날마다 좋다,2024.11.12.,122
19045,자유게시판,위암,그으윽뽁,2024.11.12.,165
19047,자유게시판,8월 말에 핀꽃들,rabbitskin2,2024.11.13.,42
19048,정보 공유,[해외기사] Nature | Virologist Beata Halassy (49세) says self-treatment 종양 용해성 바이러스 치료(OVT)를 자가 투여하여 자신의 3기 유방암을 성공적으로 치료했습니다.,꿈많은사람2,2024.11.13.,139
19049,유투브방송 링크나눔,‘항암치료’ 새길 열리나? 천 원짜리 알약 ‘대반전’,대각성,2024.11.14.,283
19050,자유게시판,안부,헤라,2024.11.14.,39
19055,정보 공유,[딴짓거리] 그러나 정말 중요합니다. 해외호전사례들을 각자의 비지니스에 이용하는 사례들 발견 (1부),꿈많은사람2,2024.11.14.,191
19056,가입 인사,가입인사,철방구리인천,2024.11.15.,28
19057,정보 공유,[딴짓거리] 그러나 정말 중요합니다. 해외호전사례들을 각자의 비지니스에 이용하는 사례들 발견 (2부),꿈많은사람2,2024.11.15.,116
19058,자유게시판,암요양병원 상담후기,고통의끝,2024.11.15.,252
19059,자유게시판,조폭들이 치료효과가 좋았다 ?,이삭,2024.11.15.,195
19060,자유게시판,오늘 핀 꽃,rabbitskin2,2024.11.16.,33
19061,자유게시판,해발 600m 고랭지 사과 판매합니다.,산하,2024.11.17.,131
19062,질문과 대답(QnA),세라펩티아제는 근육감소에 영향을 줄까요?,산하,2024.11.17.,152
19063,자유게시판,너무너무 맛있는 총각김치 레시피,rabbitskin2,2024.11.17.,236
19064,암 호전사례 정보,"[해외호전사례] 미국 Tammy의 아버지 전립선암 4기, 림프절과 간전이 (2024년8월진단) - 조티펜스 복용법",꿈많은사람2,2024.11.19.,415
19065,자유게시판,클로로퀸이 오랜만에 뉴스가 나왔네요 ?,이삭,2024.11.19.,159
19066,자유게시판,관장할때 간흡충..,YM,2024.11.19.,183
19067,질문과 대답(QnA),백혈구 수치가 낮음.,왼손등,2024.11.19.,269
19068,질문과 대답(QnA),이버멕틴과 메벤다졸이 도움 되기를,Kyung,2024.11.20.,428
19069,자유게시판,9월 초순에 핀 꽃,rabbitskin2,2024.11.20.,21
19070,자유게시판,저용량 날트렉손 궁금해요,클레어리,2024.11.20.,400
19071,정보 공유,"[해외인물] Doris Loh - 멜라토닌 전문가, 예전에는 클래식 공연 피아니스트, 지금은 BIOCELL 학술 잡지 편집자로",꿈많은사람2,2024.11.21.,139
19072,자유게시판,수술 후 암요양병원이요,그으윽뽁,2024.11.21.,225
19073,자유게시판,"전기매트, 온열매트, 전기장판 등 전자파 차단 시트 제작",마음만들기,2024.11.22.,185
19074,자유게시판,전자파가 내몸을 망친다,이겨내보자,2024.11.23.,268
19075,가입 인사,안녕하세요,행복사랑,2024.11.23.,37
19076,자유게시판,"강원도 해발 900 청정자연 야생 자연산 토종 산감 채취 및 식도락, 천연발효효소식초 담금",건강장수1,2024.11.23.,31
19077,자유게시판,강원도 정선군 해발 700 청정자연 야생 자연산 은행 천연발효효소식초 담금,건강장수1,2024.11.23.,39
19078,가입 인사,안녕하세요,jiamo,2024.11.23.,41
19079,정보 공유,[국내논문] 한양대학교 (2022년) - 메트포르민 누적 사용 기간이 길수록 전립선암 위험이 낮아지고 전립선암으로 인한 사망률이 낮아지는 것,꿈많은사람2,2024.11.24.,157
19080,자유게시판,이상과 현실,하늘별섬,2024.11.24.,179
19081,자유게시판,암치료에 개인적인 생각,세종ㅣ뚱이공주아부지,2024.11.24.,310
19082,자유게시판,9월 중순에 핀 꽃,rabbitskin2,2024.11.25.,26
19083,자유게시판,알벤다졸 탈모 후 삭발,들잔디,2024.11.26.,420
19084,자유게시판,찬란하게 빛나는 나주시,분홍앵초,2024.11.26.,112
19085,자유게시판,MBN 천기누설 촬영과 마을 관광행사 참석,건강장수1,2024.11.26.,81
19086,자유게시판,안부,헤라,2024.11.27.,34
19088,자유게시판,급성골수성백혈병,츄튜즁제,2024.11.27.,177
19089,가입 인사,안녕하세요,수빈포에버,2024.11.28.,34
19090,정보 공유,[조티펜스-최신소식] 조티펜스님께서 최근 뉴스에 '나는 지금까지 잘 살고 있다'라고 답글을 남김,꿈많은사람2,2024.11.28.,144
19091,질문과 대답(QnA),칸디다균 잡는. 구충제나 약 있을까요..?,수빈포에버,2024.11.28.,321
19092,질문과 대답(QnA),이버멕틴 펜벤다졸 니타조사나이드. 프라지콰텔 구해요 ㅜㅜ,수빈포에버,2024.11.28.,120
19093,암 호전사례 정보,[해외호전사례] 미국 Kirk 남성 소세포폐암 SCLC 4기 뇌전이 (2019) - 조티펜스 복용법🎯 - 담당의사의 감탄사,꿈많은사람2,2024.11.28.,175
19095,자유게시판,암과 비타민C (이왕재 박사님 동영상),초생달,2024.11.28.,159
19096,정보 공유,"추수감사절에 Abbey Mitchell이 - 감사를 느끼고 표현하는 연습을 하면 염증, 통증, 정신 건강에 상당한 생물학적 효과가 있는 것",꿈많은사람2,2024.11.29.,51
19097,정보 공유,"드디어, 소하랑씨 인간극장 나옴 - KBS1 인간극장 : 12월 2일~6일, 오전 7시 50분에 방송 본방사수해주세요.",꿈많은사람2,2024.11.29.,874
19098,암 호전사례 정보,"[해외호전사례] 영국 Julia 여성, 4기 말기 암(전이된 자궁경부 편평세포암) (2020년) - 제인 프로토콜 + COC + 펜벤다졸 💥",꿈많은사람2,2024.11.30.,349
19099,자유게시판,맛있는 김장 김치 레시피,rabbitskin2,2024.11.30.,159
19100,자유게시판,안부,헤라,2024.12.01.,91
19101,자유게시판,귀차니즘.,하늘별섬,2024.12.01.,151
19102,질문과 대답(QnA),궁금해서...,둥이232,2024.12.02.,126
19103,설금홍,암은 무엇인가? 원인은? 해결책은 무엇인가? 마크 린턴의 책을 통으로 요약했습니다.,설금홍,2024.12.03.,588
19104,가입 인사,안녕하세요,뀨이치,2024.12.03.,42
19105,자유게시판,호르몬수용체양성유방암4기  진단 2개월차 입니다.,시모나,2024.12.04.,566
19106,자유게시판,피곤함,영등포은이,2024.12.04.,78
19107,자유게시판,골격근이 줄면 치매 위험이 높아진다는 군요?,이삭,2024.12.04.,68
19108,자유게시판,12월,하늘샘물,2024.12.04.,25
19109,자유게시판,폐암 혹,정다운빛,2024.12.04.,156
19110,설금홍,변형 감귤 펙틴에 대한 완벽한 가이드 Modified Citrus Pectin,설금홍,2024.12.05.,123
19111,자유게시판,아는분이 췌장암 이신데 빨리 초진 받을수있는 곳,달고나야,2024.12.05.,135
19112,자유게시판,눈꺼풀에 지렁이가 ?,이삭,2024.12.05.,119
19113,자유게시판,췌장암 악명에 비타민c ?,이삭,2024.12.05.,204
19114,정보 공유,"[실전편] 미국 여성 Andrea님께서 이젠 암이 없는데, 의사가 keytruda를 해야 한다함. 제1형 당뇨병 가지고 있음. -고용량 펜벤다졸 복용법",꿈많은사람2,2024.12.06.,198
19115,자유게시판,이버맥틴이 기생충  죽이는 실험 영상 입니다.,시그널,2024.12.07.,270
19116,자유게시판,[공유] ＜＜양심의사의 고백성사＞＞.. 나는 지금까지 항암제로 수백명의 환자를 괴롭히고 죽게하였다!!!,고구려,2024.12.07.,195
19118,벤지미다졸정보나누기,메벤다졸 구매 희망합니다,레알넙치,2024.12.08.,104
19119,자유게시판,메벤다졸 구매 희망합니다,레알넙치,2024.12.08.,86
19120,자유게시판,물냉면에 겨자듬뿍!,하늘별섬,2024.12.08.,158
19121,자유게시판,이버멕틴,츄튜즁제,2024.12.09.,301
19122,자유게시판,일반적인 항암 실패 사례,고구려,2024.12.09.,214
19123,자유게시판,암환자들이 맹독성 항암제를 맞는 이유/극도의 공포심과 도의적인 의무감 때문,고구려,2024.12.10.,108
19124,자유게시판,무우조림👍👍👍,rabbitskin2,2024.12.10.,84
19125,자유게시판,암치료 의학 발전의 실체,고구려,2024.12.10.,116
19126,자유게시판,항암제 관련 잡음,고구려,2024.12.10.,95
19127,자유게시판,요양병원이요,푸른산바다,2024.12.10.,187
19128,자유게시판,미쯔이 온열치료기 사용법문의요~,날마다 좋다,2024.12.10.,144
19129,암 호전사례 정보,"[해외호전사례] 미국 38세 남성 4기 식도암으로 간, 췌장, 신장, 척추 및 거의 모든 곳으로 전이됨 (2022) - 고용량 펜벤다졸 복용법",꿈많은사람2,2024.12.11.,287
19130,자유게시판,암요양병원 퇴원하셨어요,암극복할수있어요,2024.12.11.,125
19131,정보 공유,[해외커뮤니티] 영어권 해외 커뮤니티들 회원수 증가율 비교 2020년 12월부터 지금 2024년 12월까지,꿈많은사람2,2024.12.11.,99
19132,자유게시판,메벤다졸 투여 문의,레알넙치,2024.12.11.,178
19134,자유게시판,카페를 이용하려고 하면 화만 나네요,빛이되길,2024.12.12.,269
19136,자유게시판,MBN 천기누설 방송 예정,건강장수1,2024.12.12.,141
19138,자유게시판,폐암 4기 몸의 변화,영등포은이,2024.12.13.,336
19139,자유게시판,강원도 태백산맥 청정자연  해발800-1000 가혹한 성장환경에서 야생 자연산으로 성장한 수령 200년이상의 황장목 천연발효효소식초 담금 완료,건강장수1,2024.12.14.,43
19140,정보 공유,[해외논문] 도시에서의 테라지아증: 도시 거주자를 위한 새로운 인수공통 위험을 강조하는 사례 보고서 - 41세 베이징 여성 - 2024년 11월 발간,꿈많은사람2,2024.12.15.,98
19141,암 호전사례 정보,[해외호전사례] 미국 여성 약 50대후반 Noel 4기 위식도암 선암 (2018년 6월 진단) - COC + 조티펜스 복용법,꿈많은사람2,2024.12.15.,280
19142,자유게시판,안부,헤라,2024.12.15.,58
19143,자유게시판,믿거나 말거나 ^^;;,세종ㅣ뚱이공주아부지,2024.12.15.,219
19145,가입 인사,가입인사 드립니다,재피,2024.12.16.,30
19147,정보 공유,[해외논문] 효모에 기반한 경구용 치료제는 장 종양 부담을 줄여주는 면역 관문 억제제를 제공 - 사카로미세스 보울라디(Saccharomyces boulardii) 효모,꿈많은사람2,2024.12.16.,159
19148,가입 인사,안녕하세요 ? 반갑습니다,주인공,2024.12.17.,64
19149,가입 인사,인사드립니다~,겨울펭귄하수정,2024.12.18.,48
19152,자유게시판,동아일보 전문가 칼럼 기고문입니다.,의암호,2024.12.19.,87
19153,자유게시판,안부,헤라,2024.12.20.,64
19154,설금홍,"""암 해결법"" 최종 요약 정리. 항암 효과 약물과 천연물. 항암 치료의 접근과 핵심, 계획.",설금홍,2024.12.20.,313
19155,자유게시판,재발인건가?,하늘별섬,2024.12.20.,318
19156,가입 인사,안녕하세요^^,사랑해봄아,2024.12.21.,62
19157,자유게시판,9월 중순 피었던꽃들,rabbitskin2,2024.12.22.,39
19158,가입 인사,안녕하세요 가입하였습니다.,어서 낫기를,2024.12.23.,77
19159,정보 공유,유튜브 - 멜라토닌은 만병통치약이 될지도 모릅니다 (강동경희대병원 신경과 신원철 교수) + 유튜브 영상 요약 도구들,꿈많은사람2,2024.12.24.,752
19160,자유게시판,메리크리스마스,헤라,2024.12.25.,73
19161,가입 인사,안녕하세요!,뚜림,2024.12.25.,84
19162,가입 인사,안녕하세요,하늘 바라 보기,2024.12.26.,37
19163,정보 공유,[기록목적] 용도변경약물 리스트 Re_DO Project 최신 갱신 그리고 그 뒷 배경에는 이야기 - 깊고 넓게 공부 하실 분 보셔요,꿈많은사람2,2024.12.26.,178
19164,가입 인사,안녕하세요,김포네겸둥지유,2024.12.26.,132
19165,자유게시판,[공유] 항암 치료의 진상은 무엇인가,고구려,2024.12.27.,202
19166,자유게시판,기능의학 궁금하신 분 모이세요.,하늘별섬,2024.12.27.,409
19167,자유게시판,니클로사마이드 구합니다.,맥스63,2024.12.28.,124
19168,정보 공유,[해외뉴스] 의사가 반려동물 치료법(pet treatment)으로 4기 종양을 줄이는 것을 발견하면서 암 획기적 진전 - dailymail.co.uk 2024.12.29,꿈많은사람2,2024.12.29.,359
19169,가입 인사,안녕하세요,사하라사막,2024.12.30.,31
19170,암 호전사례 정보,[해외호전사례] 모음집 - 펜벤다졸 암 치료 성공 사례: 80건의 사례 보고서 모음집(2024년 12월판) - 영문,꿈많은사람2,2024.12.30.,383
19171,자유게시판,국내에서 뇌 기생충이,이삭,2024.12.30.,202
19172,가입 인사,안녕하세요,고니10,2024.12.31.,49
19173,가입 인사,안녕하세요,한아이,2024.12.31.,30
19174,질문과 대답(QnA),"미만성 대B-세포림프종, 뇌와 췌장암에 효과있는 구충제가 있을까요?",아름다우다,2024.12.31.,263
19175,가입 인사,안녕하세요,아름다우다,2024.12.31.,51
19176,자유게시판,새해가  밝았어요.,분홍앵초,2025.01.01.,118
19177,자유게시판,세해인사,철방구리인천,2025.01.01.,33
19178,자유게시판,2025 새해인사,세꼬시,2025.01.01.,95
19179,정보 공유,[해외복용법] THE FORTIFIED CANCER PROGRAM - 강화된 암 프로그램 - kevin의 2025년 신년 프로토콜 (식단 + 운동),꿈많은사람2,2025.01.01.,363
19180,정보 공유,나이야가라 / 이홍석 암 병력,나이야가라,2025.01.02.,748
19181,정보 공유,[실전편] 누군가 제가 이버멕틴을 사용하는 이유와 펜벤다졸을 사용하는 이유에 대해 설명해 주실 수 있나요? 370개 댓글 분석,꿈많은사람2,2025.01.03.,649
19182,자유게시판,맛있는 황태채 무침,rabbitskin2,2025.01.03.,109
19183,벤지미다졸정보나누기,펜벤다졸 이버멕틴 구매 원합니다.(구매완료),고니10,2025.01.03.,223
19184,자유게시판,9월 중순에 핀꽃,rabbitskin2,2025.01.04.,28
19185,자유게시판,이버멕틴 구매원합니다~,또디기,2025.01.05.,225
19187,자유게시판,"""암 환우와 그 가족을 위한 토닥토닥 무료 신년캠프"" 신청자 모집!",한암회,2025.01.06.,50
19188,자유게시판,1월 7일 화요일 한국 방문 합니다. 상담이 필요하신 분들은 언제든지 연락주시면 됩니다.,호주최고의기능의학,2025.01.06.,151
19190,자유게시판,니클로사마이드가 암전이를 100% 억제했다고 하네요.,우리순이1,2025.01.06.,376
19191,벤지미다졸정보나누기,투드카는 어디서 구매가능한가요?,고니10,2025.01.06.,194
19193,자유게시판,9월 중순에 핀 꽃,rabbitskin2,2025.01.07.,19
19195,자유게시판,"개똥쑥차, 겨우살이차  어디에서 구해드시는지요?",아이스ㅣ 유방암ㅣ보,2025.01.08.,137
19196,암 호전사례 정보,[해외호전사례] 호주 Si의 남자친구 36세 전이성 유잉육종(Metastasized Ewing Sarcoma)- 고용량 펜벤다졸 복용법 (+ 1g 멜라토닌),꿈많은사람2,2025.01.08.,293
19197,가입 인사,안녕하세요,스페이스X,2025.01.08.,92
19198,암 호전사례 정보,"[해외호전사례] 미국 Tammy의 아버지 전립선암 4기, 림프절과 간전이 (2024년8월진단) - 조티펜스 복용법-오늘 소식",꿈많은사람2,2025.01.09.,201
19199,정보 공유,"[해외인터뷰] Mel Gibson 영화배우 멜깁슨과 Joe Rogan의 2시간 인터뷰 (2025.01.10) , 펜벤다졸과 이버멕틴 이야기가 나옵니다.",꿈많은사람2,2025.01.11.,507
19200,질문과 대답(QnA),이버멕틴 부작용,김포네겸둥지유,2025.01.12.,399
19201,정보 공유,[해외기사] 이버멕틴과 펜벤다졸만으로는 충분하지 않을 때 1-3편 by Justus R. Hope,꿈많은사람2,2025.01.13.,515
19202,자유게시판,강원도 정선군 해발 800-900 청정자연 건강한 먹거리인 야생 서리태 장만의 행운,건강장수1,2025.01.14.,41
19203,자유게시판,즐거운 설명절 선물로 사과를 추천 드림니다.,산하,2025.01.14.,100
19204,질문과 대답(QnA),이버맥틴복용,프리실라,2025.01.14.,274
19205,자유게시판,저용량날트렉손(Low Dose Naltrexone)은 내몸의 면역대왕,세꼬시,2025.01.15.,428
19206,자유게시판,약 구매했는데 사기당했습니다,알파카,2025.01.16.,414
19207,설금홍,세꼬시님이 올리신 저용량 날트렉손(LDN)의 중요성에 관하여~%필수%,설금홍,2025.01.16.,385
19208,자유게시판,요즘  안부잠시 쉽니다,헤라,2025.01.16.,265
19209,자유게시판,강원도 정선군 청정자연 해발800-900야생 토종 왕태콩과 서리태 메주 작업완료,건강장수1,2025.01.16.,49
19210,자유게시판,"세상 사는 것이 날씨 같아요. 오늘 있었던 일들 ... 그래도 오늘은 가고, 내일은 온다고 생각해요 ^^",꿈많은사람2,2025.01.16.,137
19211,자유게시판,지난 9월 중순에 핀 꽃,rabbitskin2,2025.01.17.,29
19212,정보 공유,"[해외뉴스] JAK1·2, ACVR1 억제제 골수섬유증 희귀약 '옴짜라' Omjjara - 이것을 호주 과학자들이 발명 했다고 뉴",꿈많은사람2,2025.01.17.,181
19213,암 호전사례 정보,[해외호전사례] николай (Nicholas)의 아내 난소암 4기 제일 가슴 아픔 이야기 - 조티펜스 복용법 - 많은 댓글들에 호전 사례들,꿈많은사람2,2025.01.18.,612
19214,가입 인사,안녕하세요,후후맘,2025.01.18.,88
19215,자유게시판,사기 신고,신풍,2025.01.19.,381
19216,정보 공유,투병 중 도움되는 실버채 사이드테이블 추천해요,skyjau,2025.01.21.,142
19217,자유게시판,"메티포르민 850이리,1000미리 판매합니다.",무지개,2025.01.22.,100
19218,자유게시판,이버멕틴과 알벤다졸 펜벤다졸 메벤다졸 구해봅니다.세꼬시님께 도움요청도 하려고 합니다.,라떼,2025.01.22.,333
19219,폐암,"국가건강검진 결과 통지서 개정{ 흉부촬영검사는 폐결핵 진단검사이며, 폐암선별 검사는 아닙니다}",의암호,2025.01.22.,199
19220,자유게시판,니타조사나이드(유통기간 지남) 필요하신분(거래완료),행복꾸러미,2025.01.23.,173
19221,자유게시판,안녕하세요 이버멕틴 여유되시는분  파세요,바다,2025.01.23.,205
19222,자유게시판,반신욕 시간 얼마나 해야 효과가 있을까요,힘내자나자신,2025.01.24.,136
19225,정보 공유,"[해외논문] 강추 - 종양 내 미생물군: 암 시작, 발전 및 치료 효능에서의 역할 16 January 2023",꿈많은사람2,2025.01.25.,380
19226,질문과 대답(QnA),펜벤다졸 체중에 따른 복용량 조정 궁금해요,Yuri,2025.01.25.,154
19228,정보 공유,#젭젤카 #토포테칸 #파클리탁셀 #이리노테칸 #플루오로우라실 등에서 병원 항암제 기본 개념과 앞으로는 ?,꿈많은사람2,2025.01.26.,142
19229,자유게시판,2025년  새해복많이 받으세요,헤라,2025.01.27.,82
19230,자유게시판,보름동안 아팠습니다 .,하늘별섬,2025.01.28.,356
19231,정보 공유,Jane McLelland가 그녀의 페이스북 그룹에서 짧게 설문 조사(약식여론조사)한 내용 2025.01.29,꿈많은사람2,2025.01.29.,65
19232,자유게시판,이버멕틴이 항암효과가 있다고 밝혀졌다는 소식들이 많네요,grmrm,2025.01.30.,365
19233,정보 공유,Haley 정리노트 - 나의 프로토콜/복용법을 만들 것인가? 커뮤니티 복용법을 따를 것인가? - 조티펜스 페이스북 그룹에,꿈많은사람2,2025.01.30.,253
19236,가입 인사,안녕하세요,니클,2025.02.01.,40
19237,정보 공유,[의료인공지능챗봇] 강추 5개 ✨💥- OpenEvidence AI - 병원 의사의 대답과 일치 또는 더 정확함. 현재는 무료,꿈많은사람2,2025.02.01.,223
19238,자유게시판,안부,헤라,2025.02.02.,84
19239,자유게시판,이버멕틴 문의드립니다,jaredletoandmars,2025.02.02.,276
19241,정보 공유,구충록 책을 통해서 이런 사실을 알게됨 : 수치심과 기생충 박멸 - 한국 근현대사의 그림자 -한국 질병 대응 전략,꿈많은사람2,2025.02.02.,290
19244,자유게시판,지난 9월 20일경에 핀꽃,rabbitskin2,2025.02.03.,29
19245,자유게시판,지난 9월 30일 핀꽃,rabbitskin2,2025.02.04.,18
19246,질문과 대답(QnA),안녕하세요 선배님들 자문좀 구하고싶습니다 (비소세포폐암 4기),사랑하는우리엄마S2,2025.02.05.,400
19247,정보 공유,[인공지능] 오픈AI의 3일날 출시된 Deep Research를 사용한 Felipe Millon (오픈AI 직원)의 아내 유방암 치료 계획 자료 조사 사연 소개,꿈많은사람2,2025.02.05.,140
19248,암 호전사례 정보,"[해외호전사례] 캐나다 Brandon의 아내 4기 교모세포종 2018 , 조티펜스 복용법, 남편과 장모 그리고 두 딸들의 보살핌",꿈많은사람2,2025.02.07.,185
19249,자유게시판,지난 9월에 핀꽃,rabbitskin2,2025.02.08.,23
19250,자유게시판,지난 10월 초순에 핀꽃,rabbitskin2,2025.02.09.,13
19251,플라이패치_자가임상,플라이패치 감사합니다.,rabbitskin2,2025.02.09.,288
19252,질문과 대답(QnA),알벤다졸로 먼저 시작해보려하는데,사랑하는우리엄마S2,2025.02.09.,205
19253,정보 공유,"[책소개] 고통의 비밀 - 통증에 관한 오해와 진실 - 몬티 라이먼 (지은이),박선영 (옮긴이) 상상스퀘어2022-11-09",꿈많은사람2,2025.02.09.,110
19254,자유게시판,어떻게 해야 할까요,계 정혜,2025.02.09.,210
19257,가입 인사,가입인사드립니다.,청운v서울,2025.02.11.,20
19258,자유게시판,탈모 해방을 위한 프로젝트,분홍앵초,2025.02.11.,184
19259,가입 인사,안녕하세요,엄마완치확신,2025.02.12.,47
19260,질문과 대답(QnA),어머니가 폐암4기b 진단을 받으셨습니다,엄마완치확신,2025.02.12.,321
19261,자유게시판,왜 해외에서만 호전이 일어날까요?,이공,2025.02.12.,203
19264,자유게시판,폐암없는 세상 만들기에 참여하여  주셔요,의암호,2025.02.12.,86
19265,자유게시판,안녕하세요!,his,2025.02.13.,35
19266,자유게시판,어느덧 보옴~,하늘별섬,2025.02.14.,108
19267,자유게시판,"시한부선고 재발, 전이 암 환우분 래방후 완치사례",건강장수1,2025.02.14.,222
19268,자유게시판,지난 10월 초순에 핀 꽃,rabbitskin2,2025.02.14.,16
19269,가입 인사,인사남겨요,가족의해,2025.02.14.,27
19270,암 호전사례 정보,[해외호전사례] Justus R. Hope의 지인 남성 69세 전립선암 재발 - 3주만에 PSA가 50% 감소 - 이버멕틴 기반 칵테일 복용법,꿈많은사람2,2025.02.15.,209
19271,설금홍,"이트라코나졸, 항진균제이면서 용도변경된 항암제, 수년간의 자료를 요약했습니다",설금홍,2025.02.15.,409
19272,정보 공유,"[이론편] [암을 바라보는 관점] fungi in cancer 암에서 진균은? - nature review cancer 저널 , 2024년 12월 16일, 3명의 전문가들",꿈많은사람2,2025.02.15.,91
19274,자유게시판,니클로사마이드 구입원해요~~,라이푼,2025.02.15.,110
19275,자유게시판,이버멕틴구매,아로하,2025.02.15.,315
19276,정보 공유,다양한 박테리아가 대장암(CRC) 발병에 기여- 어떻게 숙주 상피 세포에 접근하여 해를 끼칠 수 있는지를 알아냄 - Iliyan D. Iliev,꿈많은사람2,2025.02.16.,91
19277,가입 인사,어머니 병 을 고치려 가입했습니다,췌장암 무찌른다,2025.02.16.,152
19278,질문과 대답(QnA),"어머니께서 췌장암4기 간,폐,복막전이 고견 부탁드립니다",췌장암 무찌른다,2025.02.16.,317
19279,플라이패치_자가임상,플라이 패치가 지방종에도 효과가 있을까요?,건강희망,2025.02.16.,221
19280,자유게시판,새벽에   눈이  떠져,분홍앵초,2025.02.17.,408
19281,기타 자가임상 후기,췌장암을 비롯한 말기암에 통증이 극심한 분들만 보시길 바랍니다.,홍콩 박,2025.02.18.,835
19282,암 호전사례 정보,[해외호전사례] 미국 Leslie의 남편 췌장암 4기 (2024.09) - 고용량 펜벤다졸 복용법 + 이버멕틴,꿈많은사람2,2025.02.19.,421
19283,정보 공유,"[실전편] 미국 Matthew의 고민 - 암 검사를 해보라는데, 겁도 나고 돌봐야 하는 부모님도 계시고 - 조티펜스 복용법",꿈많은사람2,2025.02.19.,296
19284,가입 인사,가입인사드립니다,헤헷콩,2025.02.19.,21
19286,암 호전사례 정보,[해외호전사례] 미국 Melissa 유방암 4기 HER2 triple positive (2024.8월) - 고용량 펜벤다졸 복용법 + 이버멕틴,꿈많은사람2,2025.02.20.,402
19287,자유게시판,"스타틴, 로라타딘 구합니다",킴룰루,2025.02.20.,72
19288,자유게시판,[온라인 치유집회] 크리스 목사님과 함께하는 치유물결들 생방송 치유예배 3.14-16 밤10시,빛돌,2025.02.21.,80
19289,자유게시판,식품안전기사 필기 2월 20일 오전 11:10분 시험 합격 보고,홍콩 박,2025.02.22.,198
19290,정보 공유,[실전편] Roger님이 어떤 암종들이 펜벤다졸로 얼마나 효과가 있을까? 를 정리했슴 - 조티펜스 복용법 페이스북 그룹 - 1편,꿈많은사람2,2025.02.23.,257
19291,암 호전사례 정보,[실전편] Roger님이 어떤 암종들이 펜벤다졸로 얼마나 효과가 있을까? 를 정리했슴 - 조티펜스 복용법 페이스북 그룹 - 2편 - 댓글들 정리,꿈많은사람2,2025.02.23.,438
19292,자유게시판,안부,헤라,2025.02.24.,65
19293,자유게시판,강원도 정선군 해발 700-1000 청정자연 수령 300년 이상 최고의 황장목으로 담근 천연발효효소식초를 만12년만에 최종적으로 거름하여 안치하다.,건강장수1,2025.02.24.,36
19294,자유게시판,갱스터 마인드ㅎㅎㅎ,고구려,2025.02.24.,34
19295,자유게시판,메트로포민  구입합니다,순리,2025.02.24.,94
19296,자유게시판,날트렉손,건강한신체,2025.02.24.,146
19298,자유게시판,10월 초순에 핀 꽃,rabbitskin2,2025.02.25.,32
19300,정보 공유,"[실전편] 호주에서는 어떤 제품들을 사용하는가? 펜벤다졸 이버멕틴 , 그럼 한국은?",꿈많은사람2,2025.02.27.,444
19301,설금홍,폴 마릭 박사의 [암 치료 Cancer Care] 2nd Edtion : 18가지 입증된 대체암 치료법과 요법,설금홍,2025.02.28.,177
19302,자유게시판,수백년 이상 수령의 가래나무 수액과 건강한 먹거리의 기준,건강장수1,2025.02.28.,46
19303,자유게시판,지난주 일요일 저녁에 24.9x13.4x18.9mm 종양에서 이제 흔적만 남았습니다.,홍콩 박,2025.03.01.,384
19305,자유게시판,뒤로 넘어져도 코가 깨진다는말...,하늘별섬,2025.03.02.,202
19306,가입 인사,오늘 가입 했습니다.,깜둥파파,2025.03.02.,33
19307,기생충정보,기생충 감염시 일어나는 발진,지구별 여행자,2025.03.03.,119
19308,자유게시판,강원도 정선군 여량면 해발700 달뜬골 봄맞이 대기중,건강장수1,2025.03.03.,20
19309,질문과 대답(QnA),안녕하세요~ 이버맥틴은 어디서 다들 구입하시는지 알려주시면 정말감사하겠습니다!,와우와우 쩝,2025.03.03.,189
19312,질문과 대답(QnA),이버맥틴복용후 가려움,자연회복,2025.03.04.,166
19313,가입 인사,안녕하세요.,쉿,2025.03.04.,34
19314,암 호전사례 정보,"[해외호전사례] 미국 Sunny 여성 (30대 중반 추정) - 직장암 2020년에 4기 진단, 2년동안 NED 그런데 ... - 고용량 펜벤다졸 복용법",꿈많은사람2,2025.03.04.,299
19315,가입 인사,안녕하세요.,벽양,2025.03.04.,87
19316,자유게시판,안부,헤라,2025.03.05.,66
19317,자유게시판,24시간 안에 홍콩 중국심천 찍고 다시 돌아가는 길에 국제미아의 심정으로,홍콩 박,2025.03.05.,147
19318,자유게시판,크리스 목사님과 함께하는 치유 물결들 생방송 치유예배 25.3.14(금)-16(일) 밤10시,빛돌,2025.03.06.,24
19319,정보 공유,이버맥틴 효능을 실는 뉴스기사,자연회복,2025.03.06.,186
19320,질문과 대답(QnA),안녕하세요 이버멕틴 복용량 및 비타민c 복용시 주의사항이 궁금합니다,머피,2025.03.06.,268
19321,자유게시판,"이트라코나졸, 메벤다졸, 이버멕틴 구합니다..",승리쥬,2025.03.06.,154
19322,암 호전사례 정보,[해외호전사례] 미국 Kim의 엄마 (약 65세 후반) 림프절로 전이된 3기 질암- 8개월만에 관해 - 고용량 펜벤다졸 복용법,꿈많은사람2,2025.03.07.,195
19323,가입 인사,가입인사입니다.,시각의락,2025.03.07.,74
19324,자유게시판,강원도 정선군 여량면 달뜬골 해발700 폭설로 정중동 즐깁니다.,건강장수1,2025.03.07.,59
19326,자유게시판,지난 10월 초순에 핀 꽃,rabbitskin2,2025.03.08.,23
19329,가입 인사,안녕하세요 (유방암),민고삼삼,2025.03.10.,229
19330,질문과 대답(QnA),펜벤 이버 이트라코나졸 복용법 질문드립니다.,일단 살고보자,2025.03.11.,198
19331,질문과 대답(QnA),낭종(cyst)를 제거하는데 가장 효과적인 구충제나 진균제가 있을까요?,일단 살고보자,2025.03.11.,208
19332,자유게시판,"암, 퇴행성뇌질환, 만성신부전 등 난치병 치료법에 대한 고언",건강장수1,2025.03.11.,87
19333,자유게시판,안부,헤라,2025.03.12.,59
19334,질문과 대답(QnA),안녕하세요~ 이버맥틴을 쭉 먹어보고싶은데 다들어디서 구입하시는지 정보줌주시면 정말감사하겠습니다,와우와우 쩝,2025.03.12.,275
19335,유투브방송 링크나눔,말기 암 환자 3명 모두 완치! 그들이 알려주지 않는 암 치료인가..멜 깁슨 발언 충격!!!,대각성,2025.03.13.,512
19336,자유게시판,비타민 b3제품 비교,꿈꾸는 냐냐,2025.03.14.,163
19337,자유게시판,10월 초순에 핀 꽃,rabbitskin2,2025.03.15.,22
19338,자유게시판,정원의 봄소식,rabbitskin2,2025.03.16.,38
19339,자유게시판,봄맞이 연례행사 폭설,건강장수1,2025.03.17.,22
19340,자유게시판,소아뇌간교종 식은땀 문의…,쏘쏘채채,2025.03.17.,344
19341,질문과 대답(QnA),구충제가 혈소판수치에 영향을 줄까요??,승리쥬,2025.03.17.,165
19342,자유게시판,구충제복용방법문의요~,쩡쩡,2025.03.18.,259
19344,설금홍,"폴 마릭의 책 [암 치료] 2판 : 서문에서 보는 암 치료의 핵심사항, 추가된 용도 변경 약물 : 프로프라놀올, 이버멕틴",설금홍,2025.03.18.,82
19345,자유게시판,이버맥틴먹고 두통있으셨나요?,이공,2025.03.19.,63
19346,질문과 대답(QnA),폐암 말기 구충제,도리밍,2025.03.19.,268
19347,자유게시판,"각종암, 퇴행성뇌질환, 만성신부전 등 난치병 치유와 완치가 가능한 심신전체의 면역력 정상화 및 강화 위주의 치료법과 투병방법에 대한 최종결론과 실천방법에 대한  고찰 1회",건강장수1,2025.03.19.,34
19348,자유게시판,"각종암, 퇴행성뇌질환, 만성신부전 등 난치병 치유와 완치가 가능한 심신전체의 면역력 정상화 및 강화 위주의 치료법과 투병방법에 대한 최종결론과 실천방법에 대한  고찰 2회",건강장수1,2025.03.19.,30
19349,자유게시판,"각종암, 퇴행성뇌질환, 만성신부전 등 난치병 치유와 완치가 가능한 심신전체의 면역력 정상화 및 강화 위주의 치료법과 투병방법에 대한 최종결론과 실천방법에 대한  고찰 3회",건강장수1,2025.03.19.,51
19350,질문과 대답(QnA),이버멕틴 복용법 알고 싶어요,블즈,2025.03.20.,226
19351,자유게시판,안부,헤라,2025.03.20.,49
19352,질문과 대답(QnA),알벤다졸 먹은 날부터 단 음식이 안 먹고 싶네요,지구방위본부,2025.03.21.,122
19353,자유게시판,안부,헤라,2025.03.21.,50
19354,질문과 대답(QnA),인도 이버멕틴이 가장 저렴해보이는데 어디서 구매하시나요?,지구방위본부,2025.03.21.,403
19355,자유게시판,태국 이버멕틴은 정말 비싸네요... ㅠㅠ,지구방위본부,2025.03.21.,284
19356,설금홍,"폴 마릭의 책 [암 치료] 2판에 추가된 핵심 용도 변경 약물 : 프로프라놀올(인데놀), 이버멕틴",설금홍,2025.03.21.,85
19357,가입 인사,안녕하세요,메르시에욧,2025.03.21.,25
19358,자유게시판,피르비늄은 구할수 없는건가요,메르시에욧,2025.03.21.,174
19359,질문과 대답(QnA),알벤다졸 복용후 간수치 상승 어떡해야할까요,사랑하는우리엄마S2,2025.03.21.,334
19360,질문과 대답(QnA),이버멕틴 포함 모든 구충제는 다 씹어서 삼켜야 하나요?,지구방위본부,2025.03.21.,307
19361,자유게시판,암세포만 제거하는 비타민B3 처방 (나이아신아미드),상대원,2025.03.22.,158
19362,자유게시판,신장청소 간청소,승리쥬,2025.03.22.,94
19363,자유게시판,"각종암, 퇴행성뇌질환, 만성신부전 등 난치병 치유와 완치가 가능한 심신전체의 면역력 정상화 및 강화 위주의 치료법과 투병방법에 대한 최종결론과 실천방법에 대한  고찰 4회",건강장수1,2025.03.22.,37
19364,자유게시판,비타민B3 임상결과와 궁금증,상대원,2025.03.22.,130
19365,자유게시판,신경정신과약이랑 이버멕틴 복용해도 되나요~?,쩡쩡,2025.03.22.,90
19366,자유게시판,구충제 초보자 자가임상 중입니다.,지구방위본부,2025.03.23.,183
19368,질문과 대답(QnA),알벤다졸과 이버멕틴 같이 먹어도 되나요~?,지구방위본부,2025.03.23.,339
19369,자유게시판,죽음에 이르는 백신 사기 (다큐멘터리 영상),빛돌,2025.03.23.,104
19370,자유게시판,[공유] 비타민b3 배석철의 아미나 나이아신마이드 부모님 영양제 추천,상대원,2025.03.24.,93
19371,자유게시판,[공유] 의술 50년 김인권 “‘나만 옳다’는 오만 버려야 환자도 나라도 살릴 수 있다”,건강장수1,2025.03.24.,38
19372,가입 인사,안녕하세요 자궁육종암 진단받았습니다,이리나,2025.03.24.,332
19373,자유게시판,알벤다졸 먹고 일어난 신기한 변화.. 설사 방귀 없어짐..,지구방위본부,2025.03.24.,434
19375,자유게시판,"강원도 정선군 여량면 달뜬골 해발700 건강한 먹거리, 된장과 간장 담금완료",건강장수1,2025.03.24.,44
19378,질문과 대답(QnA),디스토시드 복용해보신 분 계시나요?,지구방위본부,2025.03.25.,182
19380,설금홍,"폴 마릭의 책 [암 치료] 2판에 추가된 핵심 용도 변경 약물 : 이버멕틴, 다양한 항암 효과",설금홍,2025.03.25.,181
19382,가입 인사,안녕하세요,팜므파탈,2025.03.26.,35
19383,자유게시판,언젠가 사카린이 안 들어간 인도 알벤다졸을,지구방위본부,2025.03.26.,177
19384,자유게시판,오늘 서울검진하구왔네요,헤라,2025.03.26.,665
19386,자유게시판,알벤다졸 5일 정도 먹고 이틀 쉬고 있는데,지구방위본부,2025.03.28.,236
19387,암 호전사례 정보,[해외호전사례] 고용량 펜벤다졸 페북 그룹에 어떤 분이 '장기 생존자 있으면 댓글 달아주세요!' 라고 질문,꿈많은사람2,2025.03.28.,367
19389,정보 공유,[기록] 이버멕틴의 일반의약품 사용에 대한 건의서 - 미국의 상황을 교훈 삼아서 - 실행계획까지 첨부,꿈많은사람2,2025.03.29.,180
19390,자유게시판,산하님  ! 잘 지내시고계신가요?,분홍앵초,2025.03.30.,200
19391,정보 공유,"[기록] 뉴욕타임즈 기사, 2025.3.20일- 오래된 약물들 중에서 새로운 치료법을 찾음 - 조셉 코츠의 POEMS 증후군 치료",꿈많은사람2,2025.03.30.,229
19392,질문과 대답(QnA),안녕하세요 구충제 관련 다들3일드시고4일 휴무하시는지 궁궁 하네요~,와우와우 쩝,2025.03.30.,140
19393,자유게시판,지난 10월 중순에 핀 꽃들,rabbitskin2,2025.03.30.,17
19394,가입 인사,안녕하세요.,미루나무,2025.03.31.,41
19395,자유게시판,"메벤다졸 c, 이버맥틴 구합니다",도리밍,2025.03.31.,290
19396,자유게시판,반려견(리트리버)이 골육종같다고 해서요..ㅠㅠ,히체,2025.03.31.,236
19397,정보 공유,[실전편] 종합정리 목록 - 2023년부터 2025년 상반기까지 '실전편'들을 카테고리별로 정리- 보너스: 보충제 효과 극대화 섭취 타이밍 요약,꿈많은사람2,2025.04.02.,234
19398,자유게시판,수백년 이상 수령의 황장목,건강장수1,2025.04.02.,21
19399,가입 인사,가입했어요,아주심기,2025.04.03.,34
19401,자유게시판,지난 10월 중순에 핀 꽃,rabbitskin2,2025.04.03.,22
19402,정보 공유,[실전편] 미국 래리(Larry)의 비소세포폐암 4기 치료과정 중에 질문 - 조티펜스 복용법 - 441개 댓글 분석 [1편],꿈많은사람2,2025.04.03.,288
19403,자유게시판,"해발 1000 청정자연 수백년 이상 수령의 주목나무, 중국 운남성 바오산 야생 자연산 원두커피분말, 해발700 청정자연 수백년 이상 수령의 가래나무 수액으로 천연발효효소식초를 담금",건강장수1,2025.04.03.,23
19404,정보 공유,[실전편] 미국 래리(Larry)의 비소세포폐암 4기 치료과정 중에 질문 - 조티펜스 복용법 - 441개 댓글 분석 [2편],꿈많은사람2,2025.04.04.,166
19405,가입 인사,안녕하세요~,시냇가나무,2025.04.04.,27
19406,질문과 대답(QnA),발톱무좀 이트라코나졸 복용법,행복하게,2025.04.05.,435
19407,정보 공유,[실전편] 미국 래리(Larry)의 비소세포폐암 4기 치료과정 중에 질문 - 조티펜스 복용법 - 441개 댓글 분석 [3편],꿈많은사람2,2025.04.05.,134
19408,질문과 대답(QnA),어머니가 유방암 말기 입니다,힘내자힘,2025.04.05.,272
19409,자유게시판,청명절기에 성묘 및 식목,건강장수1,2025.04.05.,15
19410,정보 공유,[실전편] 미국 래리(Larry)의 NSCLC 4기 치료 중에 질문 - 조티펜스 복용법 - 441개 댓글 분석 [4편],꿈많은사람2,2025.04.05.,393
19411,자유게시판,안부,헤라,2025.04.06.,154
19412,정보 공유,"[해외논문] 유잉 육종 Ewing Sarcoma 치료의 새로운 가능성 - 이트라코나졸(Itraconazole, ITZ)이라는 약물이 C1GALT1 효소의 활동을 억제 - Nature에 2025년 2월 출간",꿈많은사람2,2025.04.06.,163
19413,자유게시판,항암면역영양제 핵산 판매합니다.,얌생로랭,2025.04.06.,62
19415,질문과 대답(QnA),담관 췌장 위맘 수술 후 3일째 이온 음료 마셔도 되나요?,달홍복,2025.04.07.,85
19417,설금홍,"전이를 줄이는법, 암 재발 방지를 위한 방안, 폴 마릭 책 암 치료 2판에서 강조하는 항암 용도변경약물들",설금홍,2025.04.08.,293
19418,자유게시판,안녕하세요~,봉봉,2025.04.08.,133
19419,가입 인사,반갑습니다.,sjb4406,2025.04.09.,82
19420,가입 인사,안녕하세요,송백목,2025.04.09.,70
19421,자유게시판,도파민·엔돌핀의 질병 치료 효과와 저용량 날트렉손(LDN)복용시 미치는 영향,세꼬시,2025.04.10.,355
19423,자유게시판,지독한 기침감기,세꼬시,2025.04.10.,210
19424,자유게시판,저를  고발하신분!,분홍앵초,2025.04.11.,737
19425,자유게시판,감사드립니자나눔좀,stanmaquay,2025.04.11.,154
19426,자유게시판,서대문구에 있는 안산을 다녀왔어요,분홍앵초,2025.04.12.,208
19428,자유게시판,영양효모 뉴트리셔널이스트후레이크,배다별,2025.04.13.,154
19429,자유게시판,산중 정중동,건강장수1,2025.04.13.,45
19430,자유게시판,마이신구매 가능한가요??,너는내것,2025.04.14.,112
19431,자유게시판,2025년 4월 중순 정원,rabbitskin2,2025.04.14.,35
19432,자유게시판,마감)티벳버섯 두분 반택으로 보내드려요 필요한분은 나중에 버섯 늘어나면 연락 드릴께여 쪽지주세여,냥냥냥네,2025.04.15.,217
19433,가입 인사,반갑습니다,은빛,2025.04.15.,32
19434,자유게시판,청정 대자연에 순응하는 삶,건강장수1,2025.04.15.,54
19435,가입 인사,가입했어요,달그림,2025.04.15.,37
19436,가입 인사,안녕하세요 가입했습니다,우오아아아아,2025.04.16.,45
19437,자유게시판,안녕하세요 이버멕틴 조금 몇알이라도 나눔  가능하신분 계실까요?,우오아아아아,2025.04.16.,152
19438,자유게시판,감사드립니다,stanmaquay,2025.04.16.,67
19439,가입 인사,안녕하세요,감자전,2025.04.16.,47
19440,자유게시판,감사급구합니다,stanmaquay,2025.04.17.,73
19441,자유게시판,급구,stanmaquay,2025.04.17.,72
19442,정보 공유,[조티펜스영상] 어제 2025년 4월 16일 Q&A Session With Joe Tippens 을 온라인으로 했슴. (영어) 🎈,꿈많은사람2,2025.04.17.,303
19443,자유게시판,고맙습니다,stanmaquay,2025.04.17.,44
19444,질문과 대답(QnA),꼭점,stanmaquay,2025.04.17.,63
19445,정보 공유,"[제인 맥클랜드] 때마침, 제인도 메트포르민 metformin 뉴스 기사를 소개하면서 글을 썼네요.",꿈많은사람2,2025.04.18.,283
19446,자유게시판,4월 19일 정원사진,rabbitskin2,2025.04.19.,57
19447,자유게시판,"[공유] “3세 아이 뱃속, 기생충 바글바글” 처음엔 변비인 줄… ‘이것’ 마시고 감염됐다!?",건강장수1,2025.04.20.,248
19448,자유게시판,신장암 구충제 추천해주세요,이공,2025.04.20.,242
19449,자연치유정보 나눔,감사합니다,stanmaquay,2025.04.21.,38
19451,자유게시판,감사드립니다,stanmaquay,2025.04.22.,60
19452,폐암,폐암 환우 1촌 가족의 흉부 저선량 CT 검사권 증정 안내합니다ㅣ.,의암호,2025.04.22.,81
19453,자연치유정보 나눔,항상건강하십시요,stanmaquay,2025.04.23.,59
19454,자유게시판,니클로사마이드. 이버멕틴.  구할수있나요?,llsskk,2025.04.23.,296
19455,질문과 대답(QnA),네이버에서 구입한 이제품 CBD 오일 인가요 햄프시드 오일인가요??,음악사랑,2025.04.24.,156
19456,자유게시판,자녀가 소아뇌간교종으로 이버맥틴 구합니다,쏘쏘채채,2025.04.25.,353
19457,자유게시판,구충제 먹고 있는데 종양수치가 올랐어요,고니10,2025.04.25.,474
19458,자유게시판,메벤다졸 판매 하실분,llsskk,2025.04.26.,152
19460,정보 공유,"[해외커뮤니티] 고용량 펜벤다졸 12만 회원 페이스북 그룹이 4월 19일 Meta에 의해서 삭제됨 , 4월 20일 다시 만듬",꿈많은사람2,2025.04.26.,294
19462,자유게시판,급구,stanmaquay,2025.04.28.,89
19463,벤지미다졸정보나누기,급구 올한해도 모두들 건강하시길,stanmaquay,2025.04.28.,98
19464,자유게시판,4월 중순 정원,rabbitskin2,2025.04.29.,44
19465,가입 인사,늦은 가입인사 드립니다.,승리쥬,2025.04.30.,80
19466,정보 공유,[조티펜스] 오늘 조티펜스님께서 올린 게시글이 참 부럽습니다. 대학에서 심층적 연구를 하고 싶다고 하네요,꿈많은사람2,2025.04.30.,225
19467,자유게시판,"[공유] “배에 멍울 생겨 병원 갔더니, ‘기생충’ 박혀있어”… 40대 男, 대체 무슨 사연?",건강장수1,2025.05.01.,173
19468,자유게시판,벌써 5월이네요,새삭,2025.05.02.,36
19469,자유게시판,산중 대자연의 베품,건강장수1,2025.05.02.,41
19470,정보 공유,[해외논문] 미생물들의 비밀 대화: 세포외 소포(EV)와 감염병의 숨겨진 세계 🦠✉️ 2025.4.29 https://journals.asm.org/,꿈많은사람2,2025.05.02.,123
19471,정보 공유,[지식습득도구] 구글 노트북 LM의 최신 기능 한국어 음성 생성 ( 대화형태 )을 100% 활용해 보세요.,꿈많은사람2,2025.05.02.,399
19473,가입 인사,안녕하세요,재발극복,2025.05.03.,83
19474,자유게시판,4월의 정원,rabbitskin2,2025.05.03.,17
19475,정보 공유,[Justus R. Hope] 약 30년 동안 숨겨져 있었다고 주장되는 이버멕틴의 역할을 강조 https://justusrhope.substack.com 2025년 5월 4일 게시글,꿈많은사람2,2025.05.04.,361
19476,질문과 대답(QnA),니클로사마이드를 구매했는데요. 제품상태  좀 봐주세요.,심스짱,2025.05.04.,670
19477,자유게시판,4월의 정원,rabbitskin2,2025.05.05.,39
19478,자유게시판,노각무침레시피,rabbitskin2,2025.05.06.,129
19479,자유게시판,다이소 분무기  고르는 법,덤앤더머,2025.05.07.,250
19480,암 호전사례 정보,"[해외호전사례] 캐나다 karen 의 남편 벤(55세, 21년 4기 췌장암 6개월에서 1년 정도의 시한부 선고) , 현재 관해 상태 - 고용량 펜벤다졸 복용법",꿈많은사람2,2025.05.07.,413
19481,정보 공유,내가 선택한 결과,임당,2025.05.09.,"1,418"
19483,자유게시판,4월 말의 정원,rabbitskin2,2025.05.09.,39
19484,자유게시판,펜벤다졸 대 기생충 죽는 영상,시그널,2025.05.10.,246
19485,가입 인사,직장암 4기 구충제 선택,제니퍼르치카,2025.05.10.,389
19486,가입 인사,구충제 추천부탁합니다.,건강한삶을위해,2025.05.10.,306
19487,자유게시판,강원도 정선군 해발 800-900 청정자연 야생 산닭의 계란과 암완치 선장님 정나눔,건강장수1,2025.05.10.,79
19489,질문과 대답(QnA),플라이패치,제니퍼르치카,2025.05.11.,270
19490,가입 인사,안녕하세요,뉴질랜드쿤,2025.05.12.,58
19492,자유게시판,항암중인데 염증수치 crp가 4 mg/dl 정도면 안좋은걸까요..?,엄마완치,2025.05.12.,232
19493,질문과 대답(QnA),현재 아빠가 폐암말기고 기관절개상태로 중환자실에계시는데요,뉴질랜드쿤,2025.05.12.,155
19494,자유게시판,췌장 항암 예정인데요..,꽃민트맘,2025.05.12.,183
19495,자유게시판,니클로사마이드 치매 예방 및 치료,미루나무,2025.05.12.,187
19496,자유게시판,피르비늄 여유분 있으면 파실래요?,해님,2025.05.13.,75
19497,자유게시판,안녕하세요 카페 가입하고 처음 글 작성해봅니다,들꽂천사 서울,2025.05.13.,128
19498,가입 인사,안녕하세요,루닝,2025.05.14.,49
19499,질문과 대답(QnA),얼리다 복용 중인데 구충제 같이 먹어도 될까요?,루닝,2025.05.14.,129
19500,자유게시판,치매,작은할배,2025.05.15.,120
19501,자유게시판,세꼬시님~ 저좀 불러주세요,이지선,2025.05.15.,171
19502,가입 인사,안녕하세요 가입인사드립니다,용쎄오,2025.05.15.,66
19503,가입 인사,안녕하세요,하늘사랑2,2025.05.16.,64
19504,자유게시판,안녕하세요~ 초대 링크 좀 받을 수 있을까요?,하늘사랑2,2025.05.16.,113
19505,가입 인사,안녕하세요.,으라차바,2025.05.16.,39
19506,암 호전사례 정보,"[해외호전사례] 미국 51세 남자 Rob, B세포 림프종 4기, 희망은 있다! 4기 B세포 림프종 진단 후 NED을 얻은 생생 후기 - 조티펜스 복용법",꿈많은사람2,2025.05.17.,552
19508,자유게시판,집에서 대장암 검사 할수 있는 자가 진단 키트 라고 합니다..,수수꽃다리,2025.05.19.,295
19509,질문과 대답(QnA),CT찍은날 관장 가능할까요?? (타카페 중복질문입니다),승리쥬,2025.05.19.,57
19510,자유게시판,안녕하세요! (세꼬시님~ 저좀 불러주세요),하늘사랑2,2025.05.19.,138
19511,가입 인사,안녕하세요  가입인사 드립니다,이도고수,2025.05.20.,130
19513,자유게시판,비타민 D제품 고르기...,승리쥬,2025.05.20.,149
19514,자유게시판,줴장암 4기 폴피리녹스 4차 시행했습니다,음악사랑,2025.05.21.,169
19515,질문과 대답(QnA),난소암... 복막재발이라고 한다면...?!,승리쥬,2025.05.22.,248
19516,설금홍,이버멕틴의 약물학과 항암 효과 총 정리(요약편),설금홍,2025.05.23.,338
19517,가입 인사,안녕하세요,망망망망이,2025.05.23.,59
19518,자유게시판,안녕하세요 구입문의드립니다.,망망망망이,2025.05.23.,98
19519,자유게시판,시한부 말기암 선장 내외분들의 베품,건강장수1,2025.05.23.,104
19520,기생충사진공유,생식기부분의 기생충인거죠ㅠ,배다별,2025.05.24.,"1,949"
19521,자유게시판,찰지고 맛있는 수수 판매 합니다,산하,2025.05.24.,136
19522,자유게시판,수천년전 형성된 청정 천연지하 호수염 천일염 저장,건강장수1,2025.05.25.,46
19523,자유게시판,이버멕틴과 MFG-E8 단백질의 기능,낙우,2025.05.26.,210
19524,COC프로토콜기타,독시싸이클린,온리유I환lBR3기,2025.05.26.,155
19525,자유게시판,아산병원시한부 선고,청풍3,2025.05.26.,271
19527,암 호전사례 정보,"[해외호전사례] 미국 여성 31세 유방암 3기, T3N2M0 , ER+ 100%, PR+ 95%  화학요법, 수술, 방사선 거부 - 제인 대사 +펜벤다졸 복용법",꿈많은사람2,2025.05.27.,627
19528,자유게시판,(구했어요)니클로사마이드 500mg 구합니다.,심스짱,2025.05.28.,126
19529,가입 인사,안녕하세요~,실버짱,2025.05.28.,53
19530,가입 인사,도움을 요청합니다,이도고수,2025.05.29.,91
19531,자유게시판,저용량 날 트랙 손 구매할 수 있는 곳,이도고수,2025.05.29.,103
19532,자유게시판,인도 의약품구매. 문의,이도고수,2025.05.29.,137
19533,정보 공유,"[해외인물] 영국의 Noel 췌장암 4기 , 마크 린턴 페이스북 그룹에 남긴 글 (주옥 같은 글), Noel의 복용법과 AI활용",꿈많은사람2,2025.05.29.,595
19534,자유게시판,4월 말일 정원,rabbitskin2,2025.05.29.,36
19535,자유게시판,산하님!,분홍앵초,2025.05.30.,144
19536,자유게시판,포레스텔라,분홍앵초,2025.05.30.,116
19537,자유게시판,단순히 든 생각 ..,하나님나라,2025.05.30.,83
19538,자유게시판,오레가노오일 허리통 근육통에,치유와건강,2025.05.30.,145
19539,자유게시판,배아플때.생리통에는,치유와건강,2025.05.30.,56
19540,자유게시판,mms와 천일염,치유와건강,2025.05.30.,127
19541,정보 공유,대사약물 관련 문의드립니다.,밤바다,2025.05.31.,196
19542,자유게시판,'산하'님께서 수수와 함께 보내신 꽃,초생달,2025.05.31.,68
19543,질문과 대답(QnA),구충제 복용 호전반응일까요?,사랑하는우리엄마S2,2025.05.31.,343
19545,정보 공유,"[AI도구활용] 환자주도형임상시험 할때, 용도변경된약들의 가능성과 부작용 연구에 균형은 어떻게? feat. 이명 Tinnitus 耳鳴",꿈많은사람2,2025.05.31.,143
19546,자유게시판,이버맥틴,또디기,2025.06.01.,233
19547,자유게시판,요즘 나온 알벤다졸 성분이 바뀐 건 아닌지요?,늘벗소리,2025.06.02.,643
19548,자유게시판,5월 초순에 핀 꽃,rabbitskin2,2025.06.04.,38
19549,질문과 대답(QnA),국내에 펜벤다졸+이버멕틴으로 관해된 케이스가 있나요?,아자자,2025.06.04.,474
19552,자유게시판,5월 초순의 정원,rabbitskin2,2025.06.06.,39
19553,자유게시판,적치커리김치,rabbitskin2,2025.06.07.,40
19554,암 호전사례 정보,"[해외호전사례] 영국 dale 남자 40대 중반, 의사도 포기한 말기암 (시한부 11개월), 기적처럼 암세포 녹인 '비밀 프로토콜' 공개 - 제인 복용법 + 펜벤다졸",꿈많은사람2,2025.06.07.,791
19555,자유게시판,난소암 환우님들은 한번 봐주세요.,하늘별섬,2025.06.08.,351
19556,질문과 대답(QnA),이트라코나졸 구입처,행복하게,2025.06.08.,133
19557,자유게시판,전립선암 말기,ginkgo76,2025.06.09.,791
19558,정보 공유,다시 시작하는 구충제(임당님 감사합니다),건강희망,2025.06.09.,243
19560,자유게시판,말기암다리부종 빠질수도 있나요?,청풍3,2025.06.10.,250
19561,자유게시판,날 트릭손 25밀리그램 필요하신 분,이도고수,2025.06.11.,92
19562,정보 공유,[해외논문] 연구 보고: 이버멕틴과 메트포르민 복합 치료가 유방암 성장과 전이를 억제하다  (2025년 5월 발표),꿈많은사람2,2025.06.11.,279
19563,자유게시판,안녕하세요 많은도움부탁드려여,마코찌,2025.06.11.,164
19564,자유게시판,황석어 젓갈 담금,건강장수1,2025.06.11.,69
19565,자유게시판,신장 복막투석하는 사람한테서 투석시에 나온건데요,시골향기,2025.06.12.,173
19568,자유게시판,5월 초순의'정원,rabbitskin2,2025.06.13.,22
19569,자유게시판,안녕하세요 아버지가 위암3기 입니다 도와주세요,영지버섯,2025.06.13.,203
19570,정보 공유,[해외논문] 자궁경부암 치료에 대한 펜벤다졸(FBZ)의 효능을 조사 - molecules 2025년 5월 29일 발표 - ✨충격: cisplatin 시스플라틴보다 독성 부작용 없음. 거기다 줄기세포까지 표적으로!,꿈많은사람2,2025.06.14.,349
19571,가입 인사,안녕하세요 ~,신텍스,2025.06.14.,51
19572,가입 인사,안녕하세요,겨울비야,2025.06.14.,44
19573,가입 인사,안녕하세요,암 이기자,2025.06.14.,83
19574,질문과 대답(QnA),갑상선암엔 뭐가 좋을까요?,코코넛밀크,2025.06.14.,183
19575,질문과 대답(QnA),눈앞이 붉거나 노랗게 보일때가 있으셨어요?,건강희망,2025.06.15.,139
19577,설금홍,"노화를 막으면? 암의 진행도 막을수 있다? mTOR억제제, 메트포르민, 라파마이신과 그 유도체...",설금홍,2025.06.16.,201
19578,가입 인사,안녕하세요 가입인사드립니다,농주맘,2025.06.16.,84
19579,질문과 대답(QnA),이버맥틴은 어느정도까지 장복 가능한가요??,승리쥬,2025.06.17.,383
19580,정보 공유,[해외논문] 고용량 멜라토닌은 어느 정도를 말하는가? Doris Loh의 어제 페이스북 게시글,꿈많은사람2,2025.06.17.,294
19581,자유게시판,이버맥틴 한달 가량 복용중 입니다,또또리,2025.06.17.,570
19582,자유게시판,국회 청원 올렸습니다 (간병비 건강보험 급여화),우리엄마사랑해요,2025.06.18.,125
19583,자유게시판,[공유] 손에 생긴 물집 속에서 무언가 '꿈틀'..허벅지·혀·엉덩이에도 생길 수 있다? [헬스톡],건강장수1,2025.06.19.,120
19584,가입 인사,안녕하세요,문정이,2025.06.19.,42
19586,자유게시판,5월 초순의 정원,rabbitskin2,2025.06.20.,42
19587,자유게시판,토마토쥬스 진공포장,rabbitskin2,2025.06.21.,"1,070"
19588,정보 공유,[Doris Loh 글] 의사들이 절대 말해주지 않던 고용량 멜라토닌의 진짜 비밀! 지금 여기서 전부 공개합니다,꿈많은사람2,2025.06.21.,793
19591,자유게시판,5월 초순의 정원,rabbitskin2,2025.06.22.,33
19592,자유게시판,정기검진 .,승리쥬,2025.06.24.,188
19593,자유게시판,"강원도 정선군 해발 900-1000  청정자연 야생 서리태 된장과 간장, 시한부 간암 완치 선장님 내외분의 그치지 않는 정나눔",건강장수1,2025.06.24.,96
19596,자유게시판,산비둘기의 죽음,rabbitskin2,2025.06.26.,296
19598,자유게시판,5월 초순의 정원,rabbitskin2,2025.06.27.,24
19599,자유게시판,오월의  정원,rabbitskin2,2025.06.28.,36
19600,자유게시판,여름배추김치레시피,rabbitskin2,2025.06.30.,443
19602,암 호전사례 정보,[해외호전사례] 미국 Ken 와! PSA 수치가 3년째 미검출이라고? 4기 전립선암 켄은 어떻게 기적을 만들었을까?   암과의 싸움에서 승리하는 켄의 놀라운 비법 대공개! - 조티펜스복용법,꿈많은사람2,2025.07.01.,395
19603,정보 공유,[실전편] 네이버 블로그 김약사 Siem Reap - 파나큐어(펜벤다졸) 알약과 원료로 부형제 비교 - 글을 구글 gemini deep research로 비교분석했봤어요,꿈많은사람2,2025.07.01.,226
19604,자유게시판,한달살이 집 추천 드립니다.,산하,2025.07.01.,162
19605,자유게시판,건강한 먹거리,건강장수1,2025.07.01.,44
19606,자유게시판,커큐민,또또리,2025.07.02.,159
19607,가입 인사,안녕하세요!,블루베리스무디,2025.07.02.,44
19608,자유게시판,오월의 정원,rabbitskin2,2025.07.03.,25
19609,자유게시판,6월의 정원,rabbitskin2,2025.07.04.,33
19610,자유게시판,토마토쥬스,rabbitskin2,2025.07.05.,138
19611,자유게시판,복용법 알수있을까요??,freejet,2025.07.06.,202
19612,가입 인사,인사 글 올립니다,행복한 나귀,2025.07.07.,64
19613,암 호전사례 정보,"[해외호전사례] 독일 여성 Maike 세 번째(2024년 10월) 4기 유방암 진단(ER+, HER2-low, Ki-67: 35%) - 제인의 대사치료법 + 순환 종양 세포(CTC) 검사 그리고",꿈많은사람2,2025.07.07.,278
19614,자유게시판,간병비 급여화 국회 청원 올렸습니다.,우리엄마사랑해요,2025.07.08.,48
19615,가입 인사,"안녕하세요, 가입한지는 시간이 됐는데 이제야  인사 드립니다.",longevity,2025.07.09.,41
19616,암 호전사례 정보,"[해외호전사례] 미국 Tammy의 아버지 전립선암 4기, 림프절과 간전이 (2024년8월진단) - 조티펜스 복용법- 계속 줄어듬",꿈많은사람2,2025.07.09.,169
19618,자유게시판,간흡충? 간질충?,세꼬시,2025.07.11.,263
19619,가입 인사,안녕하세요.,뮤뮤,2025.07.11.,26
19620,유방암,유방암 수술을 앞두고 있는데요 도움의말씀부탁드려요,주인공,2025.07.11.,238
19621,자유게시판,"항산화성분, 유익한 약성과 성분 그리고 난치병 완치",건강장수1,2025.07.11.,85
19622,자유게시판,피루비늄 구합니다,빙그르르르르르르,2025.07.12.,61
19623,질문과 대답(QnA),항암중 열나는데 이트라코나졸 먹어도 될까요,화이트l췌장,2025.07.13.,220
19624,자유게시판,78세 부친 폐암에 대한 선배님들의 고견을 요청드립니다!,고풍지인,2025.07.14.,583
19625,정보 공유,[호주 다큐] 한국의 PD 수첩 같은 - 📌 젊은층에서 암 발병률이 증가하는 이유는 무엇인가? Four Corners Documentary,꿈많은사람2,2025.07.15.,391
19626,가입 인사,안녕하세요~,아마테라스,2025.07.16.,45
19627,자유게시판,한반도인의 기생충 감염 역사 사례 분석,고풍지인,2025.07.16.,192
19628,자유게시판,니클로사마이드 (tablet) 구합니다.,wunjeong,2025.07.17.,125
19629,질문과 대답(QnA),도움말씀  부탁드려요,또또리,2025.07.17.,105
19631,질문과 대답(QnA),항암쉬는기간동안 구충제를 어떻게 쓸까요? 폐와뼈전이 전립선암,건강희망,2025.07.18.,271
19632,질문과 대답(QnA),항암과 구충제를 병용하면 효과가 더딜까요..? 도와주세요,사랑하는우리엄마S2,2025.07.18.,422
19633,자유게시판,구 .안. 와. 사,분홍앵초,2025.07.18.,328
19637,자유게시판,장마속의 백합,rabbitskin2,2025.07.20.,50
19638,자유게시판,방울토마토터널,rabbitskin2,2025.07.21.,89
19639,가입 인사,안녕하세요,다윗처럼,2025.07.22.,52
19640,자유게시판,건강한 먹거리들과 건강장수,건강장수1,2025.07.22.,66
19642,암 호전사례 정보,"[해외호전사례] 논문 보고서 - 펜벤다졸의 항암 효과: 3개 환자 사례 보고, 2025년 5월 출판",꿈많은사람2,2025.07.23.,319
19643,자유게시판,우째서 펜벤다졸 수입금지된 것인지!,고구려,2025.07.23.,283
19645,가입 인사,안녕하세요.,밀크,2025.07.24.,32
19646,암 호전사례 정보,[해외호전사례] 미국 Sandy의 남편 (약 60대후반 )의 전이성 전립선암 4기 극복 사례 - 자세한 복용법 - 조티펜스 복용법,꿈많은사람2,2025.07.24.,538
19648,자유게시판,오늘 핀 꽃들,rabbitskin2,2025.07.27.,27
19649,자유게시판,김대석쉐프 고구마순 볶음레시피,rabbitskin2,2025.07.28.,58
19650,자유게시판,세계 최고 I T 강국 대한민국,분홍앵초,2025.07.28.,112
19651,가입 인사,"안녕하세요,,,",동행2,2025.07.28.,65
19652,자유게시판,더운 여름 힘내시라고 수수 할인 판매합니다.,산하,2025.07.29.,95
19653,정보 공유,"미국 메이저리그 라인 샌드버그 65세, 전립선암 재발에 관해서 Curt가 페이스북에 쓴 글",꿈많은사람2,2025.07.29.,172
19654,암 호전사례 정보,"[해외호전사례] 캐나다 Johanna의 남편 NSCLC 4기 폐암 ""5개월 시한부"" 사망 선고, 충격적인 '암 흔적 없음(NED)' 대반전! (의사도 놀란 기적) - 제인의 복용법",꿈많은사람2,2025.07.31.,294
19655,자유게시판,전이전립선암 ㅡ이트라코나졸 휴지기,건강희망,2025.08.01.,306
19656,정보 공유,[해외논문] 네이쳐 2025.07.30 암 생존자 필독! 당신의 잠든 암세포를 깨우는 일상 속 바이러스의 정체는?,꿈많은사람2,2025.08.01.,196
19657,정보 공유,"[해외논문] 암만 골라 공격한다?! 살아있는 치료제 대장균 Nissle 1917 ( EcN ) 네이쳐 2024.01.20 , 김응빈의 응생물학, 유튜브에 소개됨",꿈많은사람2,2025.08.01.,250
19659,질문과 대답(QnA),니클로사마이드 인도산이나 혹시 있으신분있으실까요~,와우와우 쩝,2025.08.01.,78
19661,정보 공유,[딴짓거리] 암을 바라보는 관점의 변천사와 커뮤니티 복용법의 현재 위치와 앞으로 나갈 방향 - 기록 목적,꿈많은사람2,2025.08.03.,178
19662,자유게시판,선량하신 마을분들과 정나눔,건강장수1,2025.08.04.,69
19664,자유게시판,중국 신장(트루판)지역의  건강한 먹거리들,건강장수1,2025.08.05.,63
19665,정보 공유,[딴짓거리] 2022년 CELL 범암(모든암) 분석을 통해 암 유형별 진균 생태 논문을 인용한 390개 논문들 분석 (초벌구이),꿈많은사람2,2025.08.05.,80
19666,자유게시판,구충제 종류별 복용방법좀 알려주셔요,이공,2025.08.06.,198
19667,자유게시판,무지해서 기사사례 통해 조심스레 여쭈어봅니다!,고풍지인,2025.08.06.,136
19668,정보 공유,[이버멕틴 특허] 한국 국립암센터 2024년 11월 28일 - 이버멕틴과 하나 이상의 항암제를 포함하는 암 예방 또는 치료용 조성물에 대한 것 - 그들은 알고 있었다!,꿈많은사람2,2025.08.06.,642
19669,자유게시판,니클로사마이드는 누구 말이 맞는건가요?,이공,2025.08.07.,226
19670,자유게시판,강원도 정선읍 건강제빵 달인의 먹거리,건강장수1,2025.08.07.,77
19672,자유게시판,여름 옥수수 판매 합니다.      ( 판매중지),산하,2025.08.07.,125
19673,설금홍,암 치료에 관한 세계인들의 항암 프로토콜과 중요 약물 요약 정리,설금홍,2025.08.07.,301
19674,설금홍,암 치료에 관한 세계인들의 항암 프로토콜과 중요 약물 요약 정리 - 을 기반으로 '가상의 책'을 만들어 헌사 해봅니다.,꿈많은사람2,2025.08.07.,109
19675,정보 공유,"[유튜브영상] 오늘 아침, 암 #15: 암치료의 옳바른 선택!! 닥터덕 Dr Duk을 보고 느낀 점 (질문들) - 역사적 맥락을 보자",꿈많은사람2,2025.08.09.,185
19676,정보 공유,"[인공지능도구사용법] 호르몬 관련 유방암에 비타민 B3 형태 (나이아신(Niacin), 나이아신아마이드(Niacinamide), 니코틴아마이드 리보사이드)를 복용 할 것인가 말것인가 ? feat 배석철 교수",꿈많은사람2,2025.08.10.,515
19678,정보 공유,[해외인물] 호주 애비 미첼 abbey mitchell 의 또 다른 프로젝트 - 재사용된 약물과 보조제에 대한 한 페이지 분량의 자료를 제작- 이트라코나졸,꿈많은사람2,2025.08.10.,93
19680,정보 공유,"[마크린턴] 그의 세포 억세설 Cell Suppression Theory가 영국 올해의 생명과학 혁신가 최종 후보 5 선정 됨, 그리고 이것의 역사적 의미 분석.",꿈많은사람2,2025.08.11.,92
19681,가입 인사,안녕하세요,Jjh,2025.08.12.,56
19682,자유게시판,이트라코나졸 구할수 있을까요?,캡틴웅,2025.08.13.,167
19683,자유게시판,복숭아를 잘못 샀나봐요,시골향기,2025.08.13.,585
19684,자유게시판,유방암4기 이트라코나졸 복용법,해님,2025.08.14.,303
19685,정보 공유,[유튜브영상]지인의 발부종 문제로 <'근력 저하'를 막고 노화를 거스르는 법> 유튜브 영상을 보고 알게 된 암 관련 또 다른 해법,늘푸른행복나무,2025.08.15.,67
19686,자유게시판,췌장암 환자는 어떤구충제를 먹어야 하나요?,오벨,2025.08.15.,319
19687,암 호전사례 정보,"[해외호전사례] 캐나다 Nguyen (전 하노이 의과대학 교수) 아내, 유방암 2B ER+, PR+, HER2 (+/-), 2024년 1월 진단, 지금은 관해(NED), 병원치료법 + 조티펜스 복용법",꿈많은사람2,2025.08.16.,196
19689,자유게시판,폐암 말기 보호자 입니다,땅콩미진,2025.08.16.,161
19690,정보 공유,"[특별기고] 광복 80년을 맞이 하여, 근대 한국 과학의 역사적 맥락을 살펴보고 용도변경된 약들을 활용한 환자 중심의 암 임상시험 운동의 의미를 살피다.",꿈많은사람2,2025.08.16.,146
19691,가입 인사,방구와용~~,열정님,2025.08.17.,55
19692,정보 공유,"[특별기고] 환자 주도형 암 임상시험 및 치료 혁신 공동체를 위한 전략 보고서 - 용도변경 약물, AI, 그리고 집단지성의 힘 - 초벌구이 - 기록 목적",꿈많은사람2,2025.08.17.,101
19693,자유게시판,항암대신 대체약 진행 중(선생님들 덕분입니다),건강희망,2025.08.18.,408
19694,가입 인사,안녕하세요,데이즈,2025.08.18.,76
19695,질문과 대답(QnA),당 대사와 심각한 통증,타마요,2025.08.18.,130
19696,자유게시판,아들의 식사로의 초대,분홍앵초,2025.08.18.,226
19698,암 관해사례 정보,[해외완전관해사례] 미국 frank 75세 완전관해 비소세포폐암 (Stage 4 NSCLC - 2018) - 조티펜스 복용법,꿈많은사람2,2025.08.19.,243
19699,정보 공유,[해외의사단체] Independent Medical Alliance (예전의 FLCCC)에서 암 치료에 사용되는 용도변경된 약물들 요약본 최신 갱신 (2025.08.18),꿈많은사람2,2025.08.20.,168
19700,질문과 대답(QnA),DAV할때 비타민C 고용량 얼마만큼하시나요?,건강희망,2025.08.20.,136
19701,자유게시판,"해발800-900 청정자연 야생 자연산 돌복숭아, 나무진액 천연발효효소식초 담금",건강장수1,2025.08.21.,36
19702,정보 공유,"[의료인공지능챗봇] 미국의사면허시험 100점 받은 오픈에비던스 openevidence, 일반인도 무제한사용 가능(유료구독 가능) 현재는 제한된 몇개 국가들만.",꿈많은사람2,2025.08.21.,192
19703,정보 공유,"[해외논문] 펜벤다졸, 유방암에서 ‘파이롭토시스’ 유도 신호경로 발견, 2025 7월 출간 - 암세포를 선택적으로 사멸시킴을 실험으로 밝힘",꿈많은사람2,2025.08.22.,322
19704,자유게시판,고추가루 예약 주문 받습니다.,산하,2025.08.22.,78
19705,암 호전사례 정보,"[해외호전사례] 캐나다 Karen의 남편 ben 췌장암 4기 , 4년째 관해 - 고용량 펜벤다졸 복용법",꿈많은사람2,2025.08.22.,586
19706,정보 공유,[해외논문] 이버멕틴에 대한 2025년 2개의 논문들을 짧게 소개해요. 리뷰 논문들입니다.,꿈많은사람2,2025.08.22.,235
19707,자유게시판,🌺 그동안 안녕 하셨어요 ~ 🌺,바라크 마르페,2025.08.23.,253
19708,정보 공유,[실전편] 무엇을 기록할 것인가? 기록하기 전에 '환자 주도형 암 임상시험' 개념적 이해하기 - 초벌구이,꿈많은사람2,2025.08.23.,78
19711,자유게시판,나이야가라 님 께서 오늘 소천 하셨습니다,분홍앵초,2025.08.24.,507
19712,자유게시판,강원도 정선군 여량면 달뜬골 해발800-900 청정자연 야생 아로니아 천연발효효소식초 담금,건강장수1,2025.08.24.,36
19713,자유게시판,[공유] “설마 나도?” ‘○○ 검사’가 부른 충격 대가…美 전역 10만건 ‘암’ 공포,건강장수1,2025.08.24.,114
19715,자유게시판,"제발 Never, Ever, Give, Up! 당신의 생명은 포기하기에는 너무 소중합니다. 딱 두가지 부탁!",꿈많은사람2,2025.08.24.,294
19716,정보 공유,[특별기고] 결국 우리들이 목소리를 모아서 물결의 흐름을 바꿔야 함 - 이버멕틴으로 보는 세계의 흐름.,꿈많은사람2,2025.08.25.,129
19717,자유게시판,독시사이클린 추천좀 해주세요?,오벨,2025.08.25.,136
19720,자유게시판,"[노래제작] Flame of Hope 희망의 불꽃 vs Never, Ever, Give Up 끝까지 포기하지 않아",꿈많은사람2,2025.08.25.,71
19721,자유게시판,이버멕틴 다른 영양제들과 같이 먹어도 되나요?,이공,2025.08.26.,186
19722,자유게시판,배꼽 잘 붙잡으세요.,분홍앵초,2025.08.26.,165
19723,질문과 대답(QnA),안녕하세요 난소암 전이 구충제 해보려고합니다,illllliiiii,2025.08.26.,197
19724,자유게시판,가끔 생각해봅니다. 치료의 밸런스.,늘푸른행복나무,2025.08.26.,155
19725,질문과 대답(QnA),아버님 암 회복 병원 알아보고 있어요,이슬먹고,2025.08.27.,266
19726,설금홍,커트 그레이든 마이클의 아르테미시닌 암 치료 프로토콜,설금홍,2025.08.27.,152
19727,정보 공유,"[실전편] 인공지능 도구들 활용법 - 설금홍님 블로그글들 이렇게 해보셔요. 예시, 아르테미시닌 암 치료 프로토콜 관련 글들",꿈많은사람2,2025.08.27.,148
19728,자유게시판,리포좀 vt c 가 암에  안좋은 건가요?,헬렌,2025.08.27.,112
19729,자유게시판,현대의학 암치료/과학이 아닌 종교로 변질되고 있어,고구려,2025.08.28.,121
19730,질문과 대답(QnA),hpv 때문에 복용하려는데 어떤 구충제를 먹어야 할까요?,건강하게살자,2025.08.28.,146
19731,자유게시판,시 하나 올립니다,지구별 여행자,2025.08.28.,43
19732,자유게시판,암과 하이에나의 유사성,고구려,2025.08.29.,65
19733,정보 공유,"[이버멕틴] 미국 텍사스 주, 어제 텍사스 상원의 하원 법안 25호 통과에 대한 댄 패트릭 부지사 성명",꿈많은사람2,2025.08.29.,188
19734,자유게시판,사망 위기에 처한 대왕버팔로,고구려,2025.08.29.,57
19735,암 호전사례 정보,[해외호전사례] 캐나다 Karen의 남편 ben 췌장암 4기 - 아마존에 어제 책을 출판했어요. 너무 부러워요.,꿈많은사람2,2025.08.29.,159
19736,정보 공유,[기록목적] 해외 논문 - 온라인 커뮤니티를 활용한 암 극복: 생존자와 가족 경험에 대한 근거 이론 2017년 5월 출판,꿈많은사람2,2025.08.29.,85
19737,정보 공유,[실전편] 핸드폰에서 여러 이미지/그림/특히 프리젠테이션 이미지 보는 방법. 그리고 저장,꿈많은사람2,2025.08.30.,71
19738,자유게시판,말이 늦은 손주 이야기,분홍앵초,2025.08.30.,177
19739,가입 인사,가입인사 드립니다,별똥,2025.08.30.,30
19740,질문과 대답(QnA),폐암환자 약 복용,잉나잉,2025.08.30.,374
19742,가입 인사,안녕하세요~,아빠짱짱,2025.08.31.,65
19743,가입 인사,안녕하세요!!,인생하드함,2025.08.31.,29
19744,정보 공유,"[해외상황] 캐나다 닥터 윌리엄 마키스 MD, shopbplife 의 제품 펜벤다졸을 소개하는 글과 이것은 현재 어떤 현상을 반영하는가 분석",꿈많은사람2,2025.08.31.,148
19745,자유게시판,국민들이 깨달으면...,고구려,2025.08.31.,155
19746,가입 인사,안녕하세요~,곰곰이엄마,2025.08.31.,44
19747,자유게시판,파라캅에스정 복용후,무민녀,2025.09.01.,181
19748,가입 인사,안녕하세요!,기억속으로,2025.09.01.,37
19749,정보 공유,수술 후 체력 회복 위한 재활 병원 추천 부탁드려요,기억속으로,2025.09.01.,351
19751,자유게시판,수술 전이 예방(시메티딘),잉나잉,2025.09.02.,133
19752,자유게시판,다른나라 이야기,분홍앵초,2025.09.02.,190
19753,정보 공유,[해외인물] 마크 린턴의 9월 1일 최신 게시글 - 현재 접할 수 있는 다양한 대체 이론 및 치료법들 정리 📢feat. 원더걸스 유빈 큰언니 투키사 tukysa 청원에 대한 의견,꿈많은사람2,2025.09.03.,131
19754,질문과 대답(QnA),페리틴 높게 나오고 간수치 1 초과시 펜벤다졸 이버멕틴 괜찮을까요?,울엄마딸,2025.09.03.,242
19755,자유게시판,암환자는 절대 안정 취해야 합니다,고구려,2025.09.04.,207
19756,자유게시판,항암으로 암 줄이고 수술/증폭되는 의문들,고구려,2025.09.04.,176
19757,자유게시판,"[공유] 정기 검진 CT 찍었는데...24시간 후 사망한 브라질 22세 女, 무슨 일?",고구려,2025.09.05.,109
19758,자유게시판,1년간 노력의 결실입니다.,지성무식,2025.09.05.,563
19759,정보 공유,[사례분석] 울엄마딸님 2개 글들을 기반으로 인공지능도구들 활용 방법과 '환자 주도형 암 임상 시험' 중 무엇을 측정 할 것인가? 어떻게 수정할 것인가? 질문들.,꿈많은사람2,2025.09.05.,258
19760,자유게시판,암환자의 신체 활동에 대해서,고구려,2025.09.06.,124
19761,질문과 대답(QnA),분홍 앵초님 간장 보호제 투드카 질문 있습니다,야콘,2025.09.06.,223
19762,자유게시판,어머님이 신장이 안좋아,세종ㅣ뚱이공주아부지,2025.09.06.,134
19763,암 호전사례 정보,[해외호전사례] 영국의 Noel 췌장암 4기 - 5년 극복- '이버멕틴 암 토론 그룹'에 올린 글들 그리고 해외 커뮤니티 상황,꿈많은사람2,2025.09.06.,420
19764,질문과 대답(QnA),안녕하세요.이버맥틴 복용에대해.,곰곰이엄마,2025.09.06.,296
19767,암 호전사례 정보,"[해외호전사례] 의료진도 놀란 결과! 4기 폐암, 주 종양 1/3 축소+ 전이 종양 소멸! 미국 여성 terri 60대 후반, 4월 비소세포 = 타그리소 + 조티펜스 복용법",꿈많은사람2,2025.09.07.,648
19768,자유게시판,9.5일에 어머님 영면하셨습니다~(긴글),푸른 숲,2025.09.08.,724
19769,자유게시판,푸틴 때문에 믿을수가 없네,새벽빛이었던 그는,2025.09.08.,136
19770,자유게시판,강원도 정선군 해발700 야생 복숭아 최초 시식 및 폐암에 대한 소고,건강장수1,2025.09.08.,72
19771,질문과 대답(QnA),항암3차 하고 왔습니다 병명은 상세 불명의 악성신생물 유방,또또리,2025.09.09.,261
19772,정보 공유,"[해외소식] 암과의 싸움, 판을 바꾸다: 대사 모델과 CSC 표적화로 생존율 4배 높인 비결! - 재발/전이 막는 Root Detox 프로토콜의 충격 효과!",꿈많은사람2,2025.09.09.,371
19773,정보 공유,"[해외논문] 암세포 화학내성, 이제 끝? 멜라토닌이 밝혀낸 놀라운 반전의 열쇠!Biocell 2025년 9월9일 출판",꿈많은사람2,2025.09.10.,191
19774,정보 공유,"[폴 마릭 박사] 수술 전후 약물 재활용: 암 전이를 줄이기 위한 간과된 단계 - Modified Citrus Pectin , Propranolol and COX-2 Inhibitors, Cimetidine",꿈많은사람2,2025.09.10.,125
19775,가입 인사,안녕하세요,아름이,2025.09.11.,46
19776,자유게시판,펜벤다졸,심층수,2025.09.11.,192
19777,자유게시판,이버멕틴이버민트/날트렉손 급히 구합니다ㅠㅠ,아빠짱짱,2025.09.11.,153
19778,가입 인사,안녕하세요~,새로,2025.09.12.,39
19779,설금홍,폴 마릭 [Cancer Care] 각 암종별 용도변경 약물 활용 요약(25년 8월 업데이트) 실전편,설금홍,2025.09.12.,323
19781,자유게시판,오늘 핀 꽃,rabbitskin2,2025.09.13.,33
19782,자유게시판,안녕하세요 방광암환자의 가족입니다,지켜내고싶은마음,2025.09.14.,171
19783,가입 인사,안녕하세요,단비3318,2025.09.14.,55
19784,질문과 대답(QnA),알테 사용후 간지러움,건강하게살자,2025.09.14.,168
19785,암 호전사례 정보,"[해외호전사례] 미국 Sandy의 남편 Fred의 암 여정 비하인드: 항암 거부, 그리고 조 티펜스 프로토콜 선택의 모든 것 - 펜벤다졸로 암을 이겨낸 감동적인 여정 (2)",꿈많은사람2,2025.09.14.,206
19786,질문과 대답(QnA),아끼는 후배의 유방암 치료 간절히 여쭙니다.,스피넬,2025.09.15.,289
19787,가입 인사,안녕하세요,어지러운세상33,2025.09.16.,68
19788,정보 공유,"[해외논문] 충격! 스트레스 단 2번 만에 유방암 위험 24% 급증! (1만 명, 36년 추적 결과) [핀란드 연구] 2025년 9월 13일 출간",꿈많은사람2,2025.09.17.,193
19789,질문과 대답(QnA),안녕하세요 혹시 옴니쿠어 파시는분 계실까요~,와우와우 쩝,2025.09.17.,60
19790,자유게시판,"첫물고추, 김장용으로 할인합니다.",산하,2025.09.18.,70
19791,자유게시판,갑상선 협부에 7.7미리  혹이 있었는데  오늘,세종ㅣ뚱이공주아부지,2025.09.18.,156
19792,질문과 대답(QnA),펜벤다졸 첫복용 후 두드러기,지켜내고싶은마음,2025.09.19.,245
19793,정보 공유,"[이론편] 지속 가능한 환자 주도형 암 임상 시험에 필수 조건은 조력자 / 동행자 / 협력자 입니다. 심층분석 보고서 - 치료, 더 이상 의지만의 문제가 아닙니다",꿈많은사람2,2025.09.19.,106
19794,자유게시판,이버맥틴 구입처문의,민도르,2025.09.19.,132
19795,가입 인사,신이 아니라서~~,암극복 하려면 오송,2025.09.19.,88
19797,자유게시판,"당뇨약 '메트포르민', 항암 보조제로서 시험대 오르다",niclosam,2025.09.20.,107
19798,가입 인사,안녕하세요 잘 부탁드립니다.,궁금해요,2025.09.21.,104
19799,자유게시판,[공유] 췌장암 환자 입에서 '이것' 나왔다…연구결과 충격,건강장수1,2025.09.21.,191
19800,자유게시판,꿈이 뭐예요?,분홍앵초,2025.09.21.,149
19802,가입 인사,안녕하세요,은혜Yah,2025.09.21.,38
19803,질문과 대답(QnA),어미니가 삼중음성유방암입니다,궁금해요,2025.09.21.,183
19804,질문과 대답(QnA),이트라코나졸 복용시,궁금해요,2025.09.21.,302
19805,가입 인사,가입합니다.,꿈신,2025.09.22.,35
19806,자유게시판,구충제 시작하려하는데,궁금해요,2025.09.22.,315
19807,질문과 대답(QnA),편도암 남편 고쳐주고 싶어요,Aelee,2025.09.22.,170
19808,가입 인사,안녕하세요,카피바랏,2025.09.23.,50
19809,질문과 대답(QnA),항생제 투여시 펜벤 이버 복용해도 되나요,단비3318,2025.09.23.,145
19810,자유게시판,백신때문에 이버맥틴 복용하려는데요!,민도르,2025.09.23.,99
19812,자유게시판,피르비늄 구합니다,빙그르르르르르르,2025.09.23.,64
19813,자유게시판,강원도 정선군 아우라지 해발700 황도의 자생력,건강장수1,2025.09.23.,39
19814,질문과 대답(QnA),구충제 고용량 복용하셨던분들 질문좀 드립니다,사랑하는우리엄마S2,2025.09.23.,467
19815,자유게시판,모하는게좋을까요.?,카피바랏,2025.09.24.,98
19816,가입 인사,반갑습니다,박멸,2025.09.25.,25
19817,자유게시판,독시사이클린 아지트로마이신 구해요(구매완료),단비3318,2025.09.25.,122
19818,자유게시판,이상한건지,카피바랏,2025.09.25.,120
19819,정보 공유,[해외논문] 세계 최고령 117세 여성의 몸속에서 발견된 5가지 놀라운 비밀,꿈많은사람2,2025.09.26.,229
19820,자유게시판,수술은수욜인데 감기가ㅜㅜ,카피바랏,2025.09.26.,90
19821,질문과 대답(QnA),노자임 처방 병원,울엄마딸,2025.09.27.,196
19822,자유게시판,오랜만에. 다시인사해요,헤라,2025.09.27.,345
19823,질문과 대답(QnA),구충제 복용 후 통증 관련 해서 질문드립니다,사랑하는우리엄마S2,2025.09.28.,313
19824,자유게시판,꿈많은사람 저를위한노래. 감동입니다,헤라,2025.09.29.,121
19825,자유게시판,이버멕틴 장기간 매일 복용하신분 얼마나 복용하셨나요?,경가연연,2025.09.29.,290
19826,자유게시판,[공유] 항암제는 독극물?,건강장수1,2025.09.30.,149
19827,정보 공유,[해외인물] Noel Watson (췌장암 4기)께서 올린 글 - 조 티펜스의 진짜 이야기: 펜벤다졸이 중요했던 이유,꿈많은사람2,2025.09.30.,284
19828,정보 공유,"[이론편] 최신 일본 논문(2025년 1월 22일)을 읽고, 펜벤다졸의 항암 효과의 가설을 세워 봅니다.",꿈많은사람2,2025.09.30.,183
19829,질문과 대답(QnA),"[실전편] 사랑하는우리엄마S2 님, 몇가지 질문들이 있습니다.",꿈많은사람2,2025.09.30.,181
19830,자유게시판,오늘입원,카피바랏,2025.10.01.,77
19831,정보 공유,"[실전편] 환자 주도 암 치료 필독! '명현 현상'과 '질병 악화' 구별 가이드 A to Z - 지금 겪는 이 고통, '명현 현상'일까? 암 '악화' 신호일까?",꿈많은사람2,2025.10.01.,135
19832,질문과 대답(QnA),항암치료 중단 후 추적관찰,Wayout,2025.10.01.,255
19833,자유게시판,낼 수술인데 잠이안올것 같아요,카피바랏,2025.10.02.,122
19835,자유게시판,요즘 핀 꽃들,rabbitskin2,2025.10.03.,40
19836,정보 공유,[딴짓거리] $T_{max}$ (2시간)에 속지 마라! AI의 조급증이 치료를 망친다 - 느린 생명의 속도를 존중하는 3단계 전략,꿈많은사람2,2025.10.04.,75
19837,질문과 대답(QnA),이스트라코나졸 부작용 있나요,또또리,2025.10.05.,152
19838,암 호전사례 정보,"[해외호전사례] 미국 Alyssa 남편(39), 원발 부위 불명암(CUP) 및 BRAF V600e 돌연변이 - NED - 제인의 대사치료법 + Care Oncology + 표적치료제",꿈많은사람2,2025.10.05.,268
19841,자유게시판,자연산 항암제,고구려,2025.10.07.,143
19842,정보 공유,[미국약국] William Makis이 All Family Pharma 공장 (창고라고 해야겠죠) 방문 소식을 페북에 올림. 어떤 의미인가요?,꿈많은사람2,2025.10.08.,122
19843,정보 공유,"[오지랖3] 캐나다 Jen 가족이야기 (누구는 살고, 누구는 소풍감) - 고용량 펜벤다졸 페북 그리고 어떤 한국 유튜버",꿈많은사람2,2025.10.09.,149
19845,질문과 대답(QnA),니클로사미드 성분의 구충제 타녹스나 타에니아 구매처 아시는 분(급구),까비비,2025.10.10.,93
19846,질문과 대답(QnA),비타민c,위기,2025.10.11.,142
19847,정보 공유,"[딴짓거리] 제목 《병원 밖의 실험 – 잊힌 약, 환자의 손에서 다시 깨어나다》 - 소설가를 꿈꾸면서",꿈많은사람2,2025.10.11.,113
19849,가입 인사,안녕하세요,yuiuytt65487,2025.10.12.,29
19852,질문과 대답(QnA),펜벤다졸 용량,위기,2025.10.13.,256
19853,자유게시판,"강원도 정선군 아우라지 해발700 야생 청차조, 서리태 소량 판매",건강장수1,2025.10.13.,42
19854,가입 인사,잘부탁드려요,키토싸랑2023,2025.10.13.,45
19855,자유게시판,설금홍 님 도움을 청합니다,시슬라,2025.10.14.,100
19856,암 호전사례 정보,"[해외호전사례] 호주 wendy남편 77세 (2기 식도 선암) 위식도 접합부 2기, 선암종, 조티펜스 복용법 + 화학 요법",꿈많은사람2,2025.10.14.,288
19857,정보 공유,항기생충제(구충제)는 기생충 사멸보다 면역의 활성화로 접근함이 바람직 합니다.,말콥,2025.10.14.,241
19858,자유게시판,반절제수술,카피바랏,2025.10.14.,63
19859,가입 인사,오늘 처음 들어왔습니다.,자유 산장,2025.10.14.,54
19861,자유게시판,안부,헤라,2025.10.15.,95
19862,자유게시판,이트라코나졸 알테슈네이트 아지트로마이신 세트로 구입희망합니다,오벨,2025.10.15.,108
19863,폐암,종양크기,바다보라매,2025.10.15.,130
19864,자유게시판,제발 좀 도와주세요!!,건강하게해주세요,2025.10.15.,263
19865,가입 인사,가입인사드립니다,yeone2045,2025.10.15.,34
19866,자유게시판,메트 ㅍ르민 여유 있으신분,아빠힘내요,2025.10.15.,64
19867,질문과 대답(QnA),조언요청. 부탁드립니다.(psa수치가올랐습니다),건강희망,2025.10.16.,197
19868,자유게시판,수술후,카피바랏,2025.10.16.,76
19869,자유게시판,세꼬시님 연락 부탁드립니다,창소리차,2025.10.16.,212
19871,자유게시판,퇴원,카피바랏,2025.10.17.,46
19872,가입 인사,가입합니다~,tod,2025.10.17.,43
19874,질문과 대답(QnA),구충제 재조정,건강희망,2025.10.17.,355
19876,질문과 대답(QnA),cbd 오일,위기,2025.10.18.,189
19877,질문과 대답(QnA),담도스텐트관 삽입했는데요~,오벨,2025.10.18.,113
19878,자유게시판,담도스탠트관 시술후 수액 맞고 있습니다~,오벨,2025.10.20.,66
19879,자유게시판,강원도 정선군 여량면 달뜬골 청정자연 해발800 토종벌 야생 꿀 행운과 남은 산배추 소량 판매,건강장수1,2025.10.21.,44
19880,자유게시판,방광암 고등급 이뮤코텔?,하늘같은,2025.10.22.,300
19881,자유게시판,수술후진료,카피바랏,2025.10.22.,52
19882,자유게시판,항암 방사선치료후 7개월만에 재발된것 같아요,백일홍,2025.10.22.,216
19883,자유게시판,펜벤다졸 (옴니구어)강아지 구충제,백일홍,2025.10.22.,395
19884,질문과 대답(QnA),이버멕틴 찾다가 가입했습니다,은앤성,2025.10.23.,202
19885,정보 공유,[2025 노벨 생리의학상] T 조절세포,말콥,2025.10.24.,73
19886,정보 공유,T조절세포와 기생충 바이러스 진균 박테리아 감염,말콥,2025.10.24.,106
19887,정보 공유,T조절세포와 구충제,말콥,2025.10.24.,284
19889,가입 인사,반갑습니다,햇님이1234,2025.10.24.,36
19890,질문과 대답(QnA),위암전절제 유방암전절제 환자입니다,햇님이1234,2025.10.24.,290
19891,자유게시판,오랜만에 소식 전합니다,똥진이,2025.10.25.,276
19892,가입 인사,가입인사드립니다,두부남편,2025.10.25.,51
19893,질문과 대답(QnA),이트나코나졸 진통제(서방정 오코돈정)와 병행금지 인가요?,오벨,2025.10.26.,127
19895,자유게시판,시한부 암환우분과 가족분들의 래방 및 건강한 먹거리들,건강장수1,2025.10.27.,98
19897,자유게시판,cbd오일,헤라,2025.10.29.,442
19898,정보 공유,cbd오일사례,헤라,2025.10.29.,262
19899,자유게시판,긍정적 방향,비소편평상피폐암,2025.10.30.,126
19901,정보 공유,프로바이오틱스: 대체 항기생충 요법(논문 AI요약),말콥,2025.10.31.,148
19902,자유게시판,그간 소식좀 공유하겠습니다,사랑하는우리엄마S2,2025.11.01.,433
19903,정보 공유,비소세포암 도움 원합니다,yeone2045,2025.11.01.,231
19904,가입 인사,반갑습니다,아빠건강챙기자,2025.11.02.,33
19905,질문과 대답(QnA),낭종(CYST)을 줄이는 가장 효과적인 약물은 무엇일까요?,일단 살고보자,2025.11.02.,152
19906,자유게시판,"시한부 재발,전이 말기암 완치 환우분과 가족분들 래방 및 잣열매 산행, 토굴작업",건강장수1,2025.11.02.,92
19907,자유게시판,"강원도 정선군 여량면 아우라지 해발800-900 청정자연 산당근, 산무우, 원두커피분말 소량판매",건강장수1,2025.11.03.,47
19908,자유게시판,"강원도 정선군 청정자연 1급수 조양강 옆 우렁이농법 볏짚, 해발700 우리집 야생 알프스오토매와 산대추",건강장수1,2025.11.05.,31
19909,자유게시판,오늘의 정원,rabbitskin2,2025.11.05.,37
19910,자유게시판,11월 정원,rabbitskin2,2025.11.06.,17
19911,자유게시판,"[공유] “허리 아프더니, 웬 포도알이 한가득”… 알고 보니 ‘기생충’이었다",건강장수1,2025.11.07.,157
19912,질문과 대답(QnA),일반인이 컨디션 조절이나 예방 차원에서 구충제 알벤다졸 3복(2알씩) 4휴 하면 될까요?,바로생각언릉,2025.11.07.,182
19913,질문과 대답(QnA),구충제끼리 병용금지 약물이 있나요?,jemsf,2025.11.07.,210
19914,가입 인사,안녕하세요.,심포니04,2025.11.07.,55
19915,자유게시판,10월의 정원,rabbitskin2,2025.11.08.,53
19916,자유게시판,요즘 정원,rabbitskin2,2025.11.10.,36
19921,가입 인사,안녕하세요,희망100,2025.11.12.,39
19922,자유게시판,'호흡' - 산소로 기생충과 암세포 박멸하는 법,빙그르르르르르르,2025.11.13.,123
19923,자유게시판,"'맨발걷기' 24시간 하는법 - 어싱, 접지, 박동창, 김의신박사",빙그르르르르르르,2025.11.13.,94
19924,자유게시판,'강황' - 기생충부터 항암 치매까지,빙그르르르르르르,2025.11.13.,139
19925,자유게시판,'개똥쑥' - 피라맥스부터 개똥쑥효소까지,빙그르르르르르르,2025.11.13.,177
19926,자유게시판,단독 복용 병용 가능 구충제 목록,말콥,2025.11.13.,289
19927,자유게시판,"강원도 정선군 해발 900-1000 청정자연 은행나무의 베품, 천연발효효소식초 담금 완료",건강장수1,2025.11.13.,41
19928,자유게시판,[공유] 인도약국구매대행,천천히00,2025.11.14.,292
19931,자유게시판,맨발걷기ㅋ,코라이무,2025.11.17.,92
19932,자유게시판,맨발걷기 아무치료없이 좋아지신분사례ㅋ,코라이무,2025.11.17.,150
19933,자유게시판,비타민c로완치.?.,코라이무,2025.11.17.,183
19934,질문과 대답(QnA),멜깁슨,위기,2025.11.18.,296
19935,자유게시판,알카리성 곡류인 수수로 밥 지어 보세요,산하,2025.11.19.,128
19936,질문과 대답(QnA),이버멕틴 부작용,위기,2025.11.20.,335
19937,가입 인사,안녕하세요,차가운가게,2025.11.20.,31
19939,가입 인사,안녕하세요!,원앙꼬,2025.11.21.,40
19940,자유게시판,세상에 이런일이,분홍앵초,2025.11.22.,355
19942,자유게시판,식도암 수술후 면역항암중이고요,환다롱이 엄마80,2025.11.23.,156
19943,가입 인사,안녕하세요,초보워치,2025.11.23.,38
19944,질문과 대답(QnA),재퍼 관련 질문입니다,블루마린스,2025.11.24.,87
19945,자유게시판,"힐링툴 재퍼기(골드, 실버플러스) 구매 합니다",블루마린스,2025.11.24.,58
19946,자유게시판,"항산화성분, 유익한 약성과 성분 그리고 난치병 완치",건강장수1,2025.11.25.,99
19948,설금홍,"이버멕틴이 뇌종양(교모세포종, 신경교종 등)에 효과가 있다는 연구가 늘어납니다. 새로운 제형의 이버멕틴",설금홍,2025.11.25.,246
19949,자유게시판,이버멕틴과 펜벤다졸 구하고 싶으면,인천병아리2,2025.11.25.,389
19950,가입 인사,안녕하세요.,장승배기,2025.11.25.,58
19951,자유게시판,첫글입니다...60넘어 사는게 행복이란건 별거 없네요,장승배기,2025.11.26.,169
19952,기생충정보,[배출추정기생충]맘모가누스 Mammomonogamus laryngeus,말콥,2025.11.26.,87
19953,정보 공유,[배출추정이물]점액 원반/점액 주형 mucus cast,말콥,2025.11.26.,102
19955,자유게시판,"오,남용의약품과 통관에 대하여",천천히00,2025.11.27.,231
19956,자유게시판,"강원도 정선군 여량면 달뜬골 해발800-900 청정자연 수령 100년이상의 벌나무, 지경리 가을여행",건강장수1,2025.11.29.,48
19958,자유게시판,"강원도 강릉시 해발 900 야생 자연산 토종감 채취 및 청정자연 야생 무우 소량판매, 야생 서리태 소량판매",건강장수1,2025.12.01.,35
19959,질문과 대답(QnA),옴니쿠어 어렵게 구했는데 필요하신분,와우와우 쩝,2025.12.02.,103
19960,자유게시판,"각종 말기암 및 파킨슨,사경 등 난치병 자연치유의 실상과 대안",건강장수1,2025.12.02.,117
19961,자유게시판,이빨이 시리길래..,덤앤더머,2025.12.04.,124
19962,자유게시판,오늘같은 날씨는 집에 있는게 최선인거 같네요,장승배기,2025.12.04.,66
19963,자유게시판,검정콩 서리태 필요하시면 주문주세요,산하,2025.12.05.,75
19964,벤지미다졸정보나누기,"[공유] 구충제 펜벤다졸, 메벤다졸, 알벤다졸 제대로 알기",브레이크쓰루우,2025.12.06.,161
19965,자유게시판,현직 국내 전문의의 현대의학의 암치료법에 대한 고견,건강장수1,2025.12.06.,106
19967,정보 공유,베이킹소다와 암치료,브레이크쓰루우,2025.12.07.,275
19968,자유게시판,췌장암 4기,음악사랑,2025.12.08.,203
19970,자유게시판,"9회 자죽염 - 항암, 칸디다균, 항염증 작용 대장암 연구",빙그르르르르르르,2025.12.08.,139
19972,정보 공유,암은 대사질환이다,브레이크쓰루우,2025.12.08.,123
19973,가입 인사,안녕하세요 아버지말기암으로 가입합니다ㅠ,요셉82,2025.12.09.,194
19974,질문과 대답(QnA),표준치료항암제와 구충제,위기,2025.12.09.,239
19975,자유게시판,제발 도와주세요..,성재맘,2025.12.11.,179
19976,가입 인사,형부가 시한부3개월 입니다..,성재맘,2025.12.11.,232
19977,자유게시판,"구충필수템 - 방짜유기, 놋그릇, 구리",빙그르르르르르르,2025.12.11.,151
19979,질문과 대답(QnA),이버멕틴,위기,2025.12.12.,216
19980,가입 인사,안녕하새요,탄이사랑,2025.12.13.,87
19981,자유게시판,저용량 날트렉손 구합니다!,인천병아리2,2025.12.13.,79
19982,자유게시판,생선회 ㅡ초밥 기생충  장면,투게더투,2025.12.13.,240
19983,가입 인사,가입인사,감자강냉이,2025.12.13.,50
19984,정보 공유,"신장암 발원, 말기암 자연 치료로 극복한 주마니아",브레이크쓰루우,2025.12.14.,235
19985,정보 공유,"국립암쎈타,암세포 먹이는 포도당(탄수화물)이 아니라 지방이다",브레이크쓰루우,2025.12.14.,251
19986,자유게시판,멜라토닌 20~60mg 급하게 구합니다ㅠㅠ,인천병아리2,2025.12.15.,113
19987,정보 공유,"킴스 이펙트 논문,암세포의 먹이는 지방산",브레이크쓰루우,2025.12.16.,154
19991,위암,위암 자가치료기,브레이크쓰루우,2025.12.17.,240
19992,정보 공유,의사가 말하는 암을 대하는 현실,대전나비,2025.12.18.,148
19993,정보 공유,암세포가 지방을 먹고 자란다에 대한 반론,브레이크쓰루우,2025.12.18.,115
19996,정보 공유,중금속이 암세포 자멸을 유도(특히 위암),브레이크쓰루우,2025.12.20.,96
19997,정보 공유,"아이넥스 ENAD CAD-Gx, 조기·진행성 위암 실시간 판별 AI로 의료기기 3등급 획득",브레이크쓰루우,2025.12.20.,13
19998,정보 공유,홍콩연구팀. 위암세포는 지방산을 먹이로 쓴다는것을 입증하여 킴스 이펙트를 증명,브레이크쓰루우,2025.12.20.,53
19999,위암,위암 환자의 영양 및 체중 감량 문제. 고칼로리식단이 중요,브레이크쓰루우,2025.12.20.,64
20000,자연치유.민간요법,운동이 중요한 이유는 암의 진행속도를 늦추거나 감소시키기 때문,브레이크쓰루우,2025.12.20.,85
20001,정보 공유,[해외논문] 레스베라트롤과 구리의 산화촉진제 조합을 단기간 투여한 후 교모세포종의 악성 표현형이 약화됨- 배우 윤석화님이 봤어야 했는데 ...,꿈많은사람2,2025.12.20.,131
20002,정보 공유,꽃양귀비잎의 칼레도닌성분 암세포사멸 시킨다,브레이크쓰루우,2025.12.20.,94
20003,자유게시판,소아 암 병동의 크리스마스 이브 풍경,브레이크쓰루우,2025.12.23.,44
20004,정보 공유,"[국내논문] 서울대 분당병원, 제주대 - 암 환자에게 더 빠른 치료를 제공하기 위해, 미국 식품의약국(FDA) 승인 약물의 다른 적응증을 찾는 약물 재활용(drug repurposing)이 효과적인 대안",꿈많은사람2,2025.12.24.,120
20005,자유게시판,암전문의들의 항암제 치료법의 한계와 결과 그리고 시한부선고등 무책임하고 인간이라면 해서는 안되는 행태들...의사들만 믿고 의지하는 환우분들과 그 가족구성원들의 참담한 현실,건강장수1,2025.12.24.,57
20006,자유게시판,"간만에 다시 돌아본 조 티펜스의 블로그, Stephan Stahl의 다큐영화 <Marine Medicine Healing Adventure>",늘푸른행복나무,2025.12.24.,65
20007,정보 공유,"민들레 뿌리 ,암세포의 신생혈관 억제 밝혀져",브레이크쓰루우,2025.12.25.,126
20008,질문과 대답(QnA),폐암4기 입니다.객혈  어쩌죠,벌꿀사랑,2025.12.25.,342
20009,정보 공유,동의보감의 강황과 민들레의 효능,브레이크쓰루우,2025.12.26.,64
20010,자유게시판,동영상 내용들을 시청후 안타깝고 참담한 심경,건강장수1,2025.12.26.,124
20011,질문과 대답(QnA),조 티펜스 프로토콜,위기,2025.12.26.,205
20012,자연치유정보 나눔,암환자에 있어 채식과 운동보다 더 중요한  것,브레이크쓰루우,2025.12.26.,113
20013,자연치유정보 나눔,암세포 줄어드는지 확인하는 법,브레이크쓰루우,2025.12.26.,154
20014,자유게시판,말기암 투병의 현실,건강장수1,2025.12.26.,178
20015,정보 공유,암진단후 전이 막는 핵심인자(암세포의 신생혈관 억제),브레이크쓰루우,2025.12.28.,179
20016,자유게시판,40대 가장의  눈물,분홍앵초,2025.12.28.,199
20017,정보 공유,논문 제목 : 삼차 림프 구조의 대식세포는 IL-18을 통해 ATF4 양성 위암 세포의 세포사멸을 촉진한다,브레이크쓰루우,2025.12.29.,35
20018,정보 공유,수술없이 암세포 파쇄하는 초음파 치료기 개발.FDA 승인,브레이크쓰루우,2025.12.29.,113
20019,자유게시판,성인 아데노바이러스 도와주세요,초록초록,2025.12.29.,101
20020,질문과 대답(QnA),방광암 보조치료 중 이뮤코텔,요정라랑,2025.12.30.,236
20021,자유게시판,"세계에서 가장 비싼 꿀은 얼마일까, 그 효능은?",건강장수1,2025.12.30.,47
20022,자유게시판,"황장목 천연발효효소식초의 세포재생력과 항염,항균성 체험",건강장수1,2025.12.30.,36
20023,암 호전사례 정보,[해외호전사례] 미국 Jody 님 당뇨병 환자 + 3b기 편평상피세포 비소세포폐암 (2021년) - 병원치료들 + 조티펜스 복용법,꿈많은사람2,2025.12.30.,144
20025,정보 공유,"암 재발의 원인과 제거법,항염증제 사용",브레이크쓰루우,2025.12.31.,78
20026,자유게시판,난소암 환자 구충제좀 알려주세요,메달이,2025.12.31.,119
20027,자유게시판,강황을 복용해도 문제가 없을까요?,메달이,2025.12.31.,86
20028,자유게시판,강황 영양제 추천좀해주세요,메달이,2025.12.31.,134
20029,자유게시판,2026년 새해복 많이 받으세요,헤라,2025.12.31.,93
20031,기타 자가임상 후기,어제 내시경 다시 해보니,브레이크쓰루우,2026.01.01.,154
20033,정보 공유,구충제로 각종암을 치료한 사례 모음집(주로 해외사례),브레이크쓰루우,2026.01.01.,147
20034,자유게시판,CBD 오일=RSO 오일,브레이크쓰루우,2026.01.01.,274
20035,자유게시판,의도치 않은 현직 암전문의의 항암제 성분의 유독성 및 정상세포 괴사 등 설명,건강장수1,2026.01.01.,125
20036,정보 공유,"[해외소식] 췌장암, 사망 원인 2위로 부상: 새로운 ROOT9+™ 프로토콜, 위험도 89% 감소 효과 달성",꿈많은사람2,2026.01.02.,165
20037,정보 공유,"이버멕틴,펜벤다졸의 암 치료기전",브레이크쓰루우,2026.01.02.,269
20038,자유게시판,이버맥틴과 펜벤다졸 있읍니다,찾아가는 min,2026.01.03.,155
20039,정보 공유,항암작용한다는 백화사설초 이야기,브레이크쓰루우,2026.01.03.,64
20040,이버맥틴자가임상후기,이버멕틴 펜벤다졸 구했습니다,브레이크쓰루우,2026.01.04.,243
20041,정보 공유,펜벤다졸 연구물(동물 사람) 2024년 7월 발표,브레이크쓰루우,2026.01.04.,136
20043,질문과 대답(QnA),벤지미다졸 3가지 약 각각 최고 특성,위기,2026.01.05.,132
20044,정보 공유,금식의 항암작용 역할과 같은  대체약물 개발,브레이크쓰루우,2026.01.06.,104
20045,자유게시판,강원도 정선군 해발800-900 청정자연 야생 서리태 메주작업 완료,건강장수1,2026.01.06.,57
20046,자유게시판,박성호한의사와 각종암 및 난치병 의견나눔,건강장수1,2026.01.07.,80
20047,가입 인사,안녕하세요,정대칭,2026.01.07.,33
20050,정보 공유,암의 원인이 기생충과 진균류라는 클락박사(구충제후기 카페에서 퍼옴),브레이크쓰루우,2026.01.07.,123
20052,정보 공유,암 치료에서 마트린의 역할: 항종양 메커니즘 및 나노 전달 전략(괴화나무 꽃봉오리 성분),브레이크쓰루우,2026.01.08.,47
20053,자유게시판,연예인 안성기씨 영면과 나는자연인이다 690회 권길현씨 심신상태,건강장수1,2026.01.08.,134
20054,자유게시판,암치료시 정말 이런 것은 조심해야 할 듯 합니다.,늘푸른행복나무,2026.01.08.,212
20055,정보 공유,면역치료 단독요법으로 수술 항암없이 치료 대성공.,브레이크쓰루우,2026.01.08.,250
20056,정보 공유,고령자가 사망 약 1년전부터 나타나는 징후 10가지,브레이크쓰루우,2026.01.09.,143
20057,자유게시판,"도전과 응전(=방어)의 생존원리 관점에서 ChatGPT에게 기생충과 암에 대해 물어보니, 흥미로운 답변을 하네요.",늘푸른행복나무,2026.01.09.,104
20058,정보 공유,DMSO=Dimethyl Sulfoxide 통증완화제는 암치료에 성공적인 약물이 될수 있을까,브레이크쓰루우,2026.01.10.,81
20059,자유게시판,필요할 것 같아서 올려보았어요,분홍앵초,2026.01.10.,264
20060,정보 공유,"요드(포비돈 요드), 살균제의 왕",브레이크쓰루우,2026.01.11.,311
20061,자유게시판,설중 회고와 고언,건강장수1,2026.01.11.,93
20062,플라이패치_자가임상,감사드립니다.플라이패치,rabbitskin2,2026.01.11.,169
20064,자유게시판,55년 경력의 암전문의 김의신 의학박사님의 암치료법에 대한 견해와 대안,건강장수1,2026.01.14.,118
20065,자유게시판,"각종암 및 파킨슨등 퇴행성뇌질환, 만성신부전, 자폐증, 크론병, 부정맥 등 다양한 난치병 환우분들의 치유와 완치 투병방법의 세미나 참석의견",건강장수1,2026.01.14.,91
20066,가입 인사,안녕하세요!,딩가둥가딩가,2026.01.15.,50
20067,질문과 대답(QnA),멈췄던 각혈과 페벤다졸의 상관관계?,벌꿀사랑,2026.01.16.,195
20068,자유게시판,자궁선근증 도와주십시오 3화 그 이후( to 말콥 ),냥꼬센세,2026.01.16.,117
20069,가입 인사,안녕하세요,시리엄마,2026.01.17.,54
20070,암 관해사례 정보,복식호흡과 맨발걷기로 4기위암 완치한 한국여성,브레이크쓰루우,2026.01.17.,177
20071,정보 공유,"면역학자의 암예방및 치료법.손,발톱 주위 맛사지",브레이크쓰루우,2026.01.17.,93
20072,가입 인사,안녕하세요,생명력,2026.01.18.,44
20073,자유게시판,"'암의 원인은 기생충'이라는 전제하에, 입자가속기 치료의 기생충에 대한 작용기전을 살펴보니....",늘푸른행복나무,2026.01.18.,220
20074,자유게시판,암세포 굶겨 죽이는 법,낙우,2026.01.18.,164
20075,암 관해사례 정보,이철우 경북지사 4개월 암투병 95%관해,브레이크쓰루우,2026.01.18.,458
20076,자유게시판,암의 원인.치료 관련 자료들을 보다가 기억에 남는 다큐가 생각나 오래 묵은 창고를 다시 뒤져보았습니다.,늘푸른행복나무,2026.01.19.,128
20078,정보 공유,최첨단 기능의학을 접목시켜 암치료를 하는  독특한  의사,브레이크쓰루우,2026.01.19.,84
20079,자유게시판,"암세포 전멸, 다른 세포는...",건강장수1,2026.01.20.,71
20080,질문과 대답(QnA),메벤다졸,위기,2026.01.20.,120
20081,기타 자가임상 후기,이버멕틴 고용량 부작용?,브레이크쓰루우,2026.01.20.,201
20082,기타 자가임상 후기,생채소 과다복용이 변비의 원인,브레이크쓰루우,2026.01.20.,55
20083,자유게시판,복식호흡 요령,브레이크쓰루우,2026.01.20.,68
20084,가입 인사,간절해서 가입했습니다.,블루스카이1609,2026.01.20.,121
20085,정보 공유,유방암 폭증은 요드 부족이다,브레이크쓰루우,2026.01.20.,116
20086,정보 공유,[해외소식] 공식 조티펜스 유튜브 채널 개설 - 여기 빼고는 나머지는 조티펜스의 원본이 아니다 생각하시면 됩니다.,꿈많은사람2,2026.01.20.,121
20087,자유게시판,궁금해서 ChatGPT에게 인체내에도 이버멕틴처럼 기생충의 신경을 마비시켜 사멸시킬 수 있는 물질이 생성되거나 배출되는지 물어보았습니다.,늘푸른행복나무,2026.01.21.,108
20088,정보 공유,[해외 논문] 깜짝 놀랄 만한 2026년 논문 - 위장된 암: 몸속 기생충 Cancer in disguise: a parasite within,꿈많은사람2,2026.01.21.,381
20090,가입 인사,가입인사,성장했다,2026.01.21.,24
20091,정보 공유,이버멕틴과  펜벤다졸 복용량,브레이크쓰루우,2026.01.21.,343
20092,기타 자가임상 후기,혈액검사 결과,브레이크쓰루우,2026.01.21.,110
20093,정보 공유,요오드 한박스 얻어왔습니다,브레이크쓰루우,2026.01.21.,106
20094,정보 공유,CBD 오일과 햄프시드 오일과 THC와의 관계,브레이크쓰루우,2026.01.22.,116
20095,구매정보게시판(물건배송확인후),이트리나코나졸 구입 방법 좀 알려 주세요..,냥가,2026.01.22.,77
20096,정보 공유,서양의사가 권유하는 암진단 받으면 즉시 해야 할 일(식품섭취),브레이크쓰루우,2026.01.22.,126
20097,자유게시판,각종암 및 다양한 난치병 환우분들의 현실과 선택,건강장수1,2026.01.22.,89
20098,자유게시판,건강생활에 영향력을 크게 미친 사람들은 얼마나 오래 살았을까,브레이크쓰루우,2026.01.23.,41
20099,정보 공유,"항암의 베이스캠프,발아현미 새싹채소",브레이크쓰루우,2026.01.23.,85
20100,정보 공유,주마니아의 자연치유기,브레이크쓰루우,2026.01.23.,99
20101,자유게시판,산골 서리태 검정콩 판매합니다.,산하,2026.01.23.,39
20102,가입 인사,가입후 첫글 입니다,동대구2,2026.01.24.,57
20103,정보 공유,암은 돌연변이가 아닌 감염일 수 있다는 이론,브레이크쓰루우,2026.01.24.,147
20105,정보 공유,[해외영상] 조티펜스님께서 직접 - Joe Tippens가 설명하는 ONCO-Adjunct Pathway 4는 무엇인가요? 2026.01.23,꿈많은사람2,2026.01.24.,165
20106,정보 공유,"현대바이오 ""경구용 니클로사마이드 항암제, 전임상 성공""",브레이크쓰루우,2026.01.24.,159
20107,자유게시판,"""한 번만 먹어도 수명 10년 깎이는 음식"" 3위 돈가스, 2위 제육, 뜻밖의 1위는 갈비찜",브레이크쓰루우,2026.01.24.,124
20108,정보 공유,"지구상에서 가장 노화가 느린사람,왜?",브레이크쓰루우,2026.01.25.,84
20109,정보 공유,[토론정리] 브레이크쓰루우님과 위기님의 댓글들 정리 그리고 현대 종양학 이론들,꿈많은사람2,2026.01.25.,163
20110,자유게시판,건강한 100세노인과 하루 일과 동행기,브레이크쓰루우,2026.01.25.,43
20111,정보 공유,풀빅산도 천연 항암제?,브레이크쓰루우,2026.01.26.,60
20112,자유게시판,식품첨가물의 유해성과 대응방안 등,건강장수1,2026.01.26.,38
20113,정보 공유,"잡초 쇠비름은 만병통치약,항암효과 월등",브레이크쓰루우,2026.01.26.,137
20114,자유게시판,저의 이야기를 영상으로 만들었습니다.,빙그르르르르르르,2026.01.26.,244
20115,자유게시판,암환우분들의 원두커피 섭생시 임상사례 및 결과,건강장수1,2026.01.27.,109
20116,자유게시판,소 생간 먹으면 생기는일,빙그르르르르르르,2026.01.28.,317
20117,자유게시판,"봉사,헌신,이타심과 이타행,긍정심 말기암 완치",건강장수1,2026.01.28.,85
20118,자유게시판,중금속 해독하기,빙그르르르르르르,2026.01.29.,139
20120,정보 공유,"비타민D 부족,면역활성화 못해",브레이크쓰루우,2026.01.30.,95
20121,정보 공유,[해외정보] 마크 린턴과 Dr. Peavler 2026년 1월 27일 인터뷰 영상 (part 1)을 한글로 분석과 다양한 형태로 변환 ( 이론편 ),꿈많은사람2,2026.01.30.,72
20122,정보 공유,암은 병이 아니다.면역력 높이는 쉬운방법,브레이크쓰루우,2026.01.30.,124
20123,자유게시판,기생충과 소포체 스트레스의 연관성,낙우,2026.01.30.,62
20124,정보 공유,"[해외논문] 멕시코 23세 버킷림프종 환자, 15cm 회충 토해낸 뒤 벌어진 참혹한 결말 - January 19, 2026, cureus",꿈많은사람2,2026.01.30.,128
20125,정보 공유,"[해외논문] 포르투갈 55세 건강하던 남자, 허리통증으로 왔다가 ‘초고속 진행’ 버킷림프종으로 하루 만에 세상 떠났습니다 - August 14, 2025, cureus",꿈많은사람2,2026.01.30.,149
20126,정보 공유,"곰팡이와 암의 상관관계 발견(이스라엘연구진등),2022년 네이쳐지",브레이크쓰루우,2026.01.31.,103
20127,암 호전사례 정보,4기 암에서의 펜벤다졸,낙우,2026.01.31.,496
20128,정보 공유,"[공유] 인도서 ‘치명률 75%’ 니파바이러스 확진…질병청 “입국자 검역 강화""",브레이크쓰루우,2026.01.31.,86
20130,정보 공유,[딴짓거리] 2022년 CELL 범암(모든암) 분석을 통해 암 유형별 진균 생태 논문을 인용한 479개 논문들 메타분석과 시민과학자들을 모집합니다.,꿈많은사람2,2026.02.01.,116
20131,자유게시판,벌에 쏘이면 암이 사라진다.60분만에 전멸한 유방암 세포,천천히00,2026.02.01.,295
20132,정보 공유,노벨상받은 항암치료법 요오드,브레이크쓰루우,2026.02.02.,129
20133,질문과 대답(QnA),"저속노화 물질 NMN 광풍, 암치료에 도움이 될까",브레이크쓰루우,2026.02.02.,119
20134,정보 공유,"[해외커뮤니티복용법] 드디어 나왔네요, anti-fungal protocol 항진균 프로토콜 - by abbey mitchell - 설금홍님 해설 부탁드려요.",꿈많은사람2,2026.02.02.,193
20135,정보 공유,피라맥스(개똥쑥) 코로나19치료제로 유럽특허,브레이크쓰루우,2026.02.03.,161
20136,자유게시판,TCBIO 티씨바이오 치료 받으신분,빅토고,2026.02.03.,67
20137,정보 공유,마늘섭취시 후추를 첨가해야,브레이크쓰루우,2026.02.04.,90
20138,자유게시판,안녕하세요 항암 앞두고 조언 좀 구합니다.,시리엄마,2026.02.05.,175
20139,정보 공유,풀빅산 연구논문. 암세포 자살유도,브레이크쓰루우,2026.02.06.,174
20140,자유게시판,펜벤다졸 부작용 어떻게 하나요?,동대구2,2026.02.06.,229
20141,자유게시판,세계 암의날 매년 2월 4일,브레이크쓰루우,2026.02.06.,13
20142,정보 공유,"[해외논문] 네이쳐, 2026년 2월 2일 - 암에서의 미생물군: 현재의 이해와 미래 전망 - 정독 강추.",꿈많은사람2,2026.02.06.,89
20143,정보 공유,노화세포 청소법이 암의 진행을 막는다,브레이크쓰루우,2026.02.07.,97
20144,질문과 대답(QnA),구충제로 암이 나은 동양인 케이스도 있나요?,나는이겨낸다,2026.02.07.,220
20145,정보 공유,달리기를 계속하니 수술불가 4기암의 크기 줄어들어,브레이크쓰루우,2026.02.07.,143
20146,정보 공유,항암구충제 구입정보,세꼬시,2026.02.07.,288
20147,정보 공유,자리에 누워서 하는 운동 20분,브레이크쓰루우,2026.02.08.,52
20148,정보 공유,"항노화물질, 녹차",브레이크쓰루우,2026.02.08.,51
20149,정보 공유,"2026 노화역전 연구 발표회,핵심  5가지 분야",브레이크쓰루우,2026.02.08.,53
20150,정보 공유,[기록목적] 네이쳐 최신 논문 - 암에서 미생물군(microbiota)을 우리들은 어떻게 보면 좋을까요?,꿈많은사람2,2026.02.08.,99
20151,정보 공유,새로운 미토콘드리아 만드는 핵심 4가지 채소과일,브레이크쓰루우,2026.02.08.,132
20153,자유게시판,참깨 여유분 있습니다.,산하,2026.02.09.,48
20154,자유게시판,녹즙추천해주세요,핔크리,2026.02.09.,117
20156,질문과 대답(QnA),전기장판이 암환자에게 해로울까요,브레이크쓰루우,2026.02.11.,217
20157,정보 공유,"[해외커뮤니티] 페이스북 그룹에서 이버멕틴과 펜벤다졸 단어가 들어간 그룹들 모아보니, 해외에서는 아주 왕성한 활동",꿈많은사람2,2026.02.13.,187
20158,자유게시판,청정자연 18년 자연숙성중인 천연꿀과 고로쇠 수액,건강장수1,2026.02.13.,56
20159,정보 공유,"[커트 마이클 그레이든] 당신의 수명을 결정짓는 세포 속 엔진, 미토콘드리아를 깨우는 4가지 혁신적 전략",꿈많은사람2,2026.02.14.,152
20160,기타 자가임상 후기,구충제와 변비,브레이크쓰루우,2026.02.14.,86
20161,암 호전사례 정보,"[해외호전사례] 미국, Michael 진행성 4기, 치료 불가능한 소장 선암 진단 (2023년 7월), 현재 관해 - 제인의 대사치료법, 정리가 아주 잘 되어 있음.",꿈많은사람2,2026.02.14.,125
20162,정보 공유,"[공유] ""너무 좋아요"" 시민들 호평…안양 '비닐하우스 맨발길' 걸어 보니",브레이크쓰루우,2026.02.15.,48
20163,정보 공유,암세포 40°c 넘으면 사멸이용한 HIPEC 치료,브레이크쓰루우,2026.02.15.,99
20164,자유게시판,2026년 새해복 많이 받으세요,헤라,2026.02.15.,68
20165,자유게시판,뇌유래신경영양인자의 폭발적 분비(단식과정에서 AI와의 대화),천천히00,2026.02.15.,32
20166,정보 공유,[해외논문] 난소암 무진행 생존율 26% → 70%로 점프! 이트라코나졸 병용 요법의 위력 - Current Oncology 2026 에 출판 - 임상시험 결과 심층 분석,꿈많은사람2,2026.02.15.,196
20167,정보 공유,오존치료법,브레이크쓰루우,2026.02.15.,83
20168,정보 공유,"[해외논문] 내 몸속 미생물이 위암 치료를 결정한다? 면역-미생물 아형 분석이 가져온 정밀 의료의 혁명 - Computational Biology,",꿈많은사람2,2026.02.15.,121
20169,정보 공유,역노화 임상시작,브레이크쓰루우,2026.02.16.,111
20170,정보 공유,걷기는 숨찰 정도로 걸어야 효과,브레이크쓰루우,2026.02.17.,43
20171,정보 공유,화타식 숭늉,브레이크쓰루우,2026.02.17.,67
20172,정보 공유,65세 이상의 사람들이 피해야 할 가장 위험한 5가지 수술,브레이크쓰루우,2026.02.17.,77
20173,정보 공유,미 국립 암연구소 이버멕틴 암세포 사멸연구중 발표에 의료계 공방 치열,브레이크쓰루우,2026.02.17.,116
20174,정보 공유,야채스프 vs 녹즙,브레이크쓰루우,2026.02.17.,92
20175,정보 공유,"러시아 생화학자,암은 대사병이니  탄수화물 적절히 먹고 지방은 줄여라",브레이크쓰루우,2026.02.17.,81
20176,자유게시판,구충제 가격정보 (인도),천천히00,2026.02.17.,307
20177,정보 공유,설탕은 암을 일으키지 않는다?,브레이크쓰루우,2026.02.18.,110
20178,정보 공유,"KAIST , 킴스 이펙트,러시아 딘코프 공통점",브레이크쓰루우,2026.02.18.,69
20179,정보 공유,러시아 딘코프.암제거위해 어떻게 비정상적인 대사 장애물을 해제하느냐가 관건,브레이크쓰루우,2026.02.18.,66
20180,자유게시판,1. 면역력과 건강장수에 관한  연재에 앞서 드리는 말씀,건강장수1,2026.02.18.,47
20181,자유게시판,2. 암세포란,건강장수1,2026.02.18.,73
20182,자유게시판,3. 현대의학의 암 치료법에대한 고찰,건강장수1,2026.02.19.,39
20183,자유게시판,4. 자연치유법 중 거슨요법에 대한 고찰,건강장수1,2026.02.19.,42
20184,자유게시판,유기농채소 ㅡ기생충?,투게더투,2026.02.19.,64
20185,자유게시판,5. 자연치유법 중 브루스 요법에 대한 고찰,건강장수1,2026.02.20.,32
20186,자유게시판,6. 자연치유법에 관한 총평과 장단점 및 건강장수  실천방안 등 고찰,건강장수1,2026.02.20.,55
20187,자유게시판,7. 건강한 먹거리의 항산화성분에 대한 오해와 고찰,건강장수1,2026.02.20.,25
20188,자유게시판,"8-1. 파킨슨, 치매, 3개월 시한부선고 간경변 완치 투병기 - 생명터 인연을 맺다.",건강장수1,2026.02.20.,55
20189,정보 공유,암의 미토콘드리아가 병든상태,브레이크쓰루우,2026.02.21.,96
20190,정보 공유,"[해외논문] 방금 출간 2026- 암 치료의 미래 전망. 암의 특징을 통해 본 치료 발전 분석, 저자: 로냐 슈타들러, 오스트리아 (167페이지 pdf) Master Thesis 석사 논문, 강추!",꿈많은사람2,2026.02.21.,199
20191,정보 공유,흰머리는 노화가 아니라 멜라닌 부족이다?,브레이크쓰루우,2026.02.21.,98
20192,정보 공유,[충격] 펜벤다졸 화학 계열과 암: 50년 동안 30건의 특허 목록들 - 그들은 다 알고 있었다.,꿈많은사람2,2026.02.21.,440
20193,기타 자가임상 후기,한달만에 다시한 혈액검사,브레이크쓰루우,2026.02.21.,201
20194,자유게시판,"8-2. 파킨슨, 치매, 3개월 시한부선고 간경변 완치 투병기 - 건강장수 주거지 신축 재료 및 공법",건강장수1,2026.02.21.,21
20195,자유게시판,"8-3. 파킨슨병, 치매, 3개월 시한부선고 간경변 완치 투병기 - 치료법 선택, 기본식사",건강장수1,2026.02.21.,34
20196,정보 공유,"닥터 캠벨,코로나19 백신에 의한 혈관속 하얀 점성물질의 위험성",브레이크쓰루우,2026.02.22.,24
20197,정보 공유,(미국)독감환자로 응급실 포화상태.어린이들 사망급증,브레이크쓰루우,2026.02.22.,58
20198,정보 공유,"부산대,바이러스를 암세포에 주입 암세포 사멸시켜 치료 성공(2013년,단지 참고만)",브레이크쓰루우,2026.02.22.,41
20199,정보 공유,비소세포암 ㅡ 세균 ?미생물?,투게더투,2026.02.22.,56
20200,정보 공유,"토마스 세이프리드,구충제 효과 있어",브레이크쓰루우,2026.02.22.,53
20201,자유게시판,소설과 진실,비소편평상피폐암,2026.02.22.,58
20202,자유게시판,담낭암 간전이 현직 내과전문의 고백과 현실,건강장수1,2026.02.22.,96
20203,질문과 대답(QnA),나노커큐민시럽(수용액) 복용경험자분 계신가요?,천천히00,2026.02.22.,46
20204,정보 공유,식이습관과 체중관리는  어떻게?,브레이크쓰루우,2026.02.22.,58
20205,정보 공유,(캐나다 캘거리 대학)비타민 B3 뇌종양 교모세포종 치료에 효과,브레이크쓰루우,2026.02.22.,84
20206,자유게시판,"8-4. 파킨슨병, 치매, 3개월 시한부선고 간경변 완치 투병기 - 황장목 천연발효효소식초 1-1",건강장수1,2026.02.22.,38
20207,자유게시판,"8-5. 파킨슨병, 치매, 3개월 시한부선고 간경변 완치 투병기 - 황장목 천연발효효소식초 1-2",건강장수1,2026.02.22.,53
20208,정보 공유,"(닥터캠벨)흰색 고무같은 혈전 염습자가 발견,터보 암의 원인이 코로나19백신?",브레이크쓰루우,2026.02.23.,88
20209,정보 공유,생선회 ㅡ먹어야하나? 말아야하나요?,투게더투,2026.02.23.,68
20210,자유게시판,"8-6. 파킨슨병, 치매, 3개월 시한부선고 간경변 완치 투병기 - 황장목 천연발효효소식초 1-3",건강장수1,2026.02.23.,33
20211,자유게시판,"8-7. 각종암의 부작용, 재발, 전이 우려 없는 완전한 치유 및 완치에 대한 소고 (건강한 먹거리)",건강장수1,2026.02.23.,54
20212,질문과 대답(QnA),종양주변 환경은 산성? 알카리성?,브레이크쓰루우,2026.02.24.,93
20213,정보 공유,60세 이상의 노년층이 강황섭취시 주의할점,브레이크쓰루우,2026.02.24.,65
20214,자유게시판,다양한 뇌질환 치유 및 건강장수 시리즈 연재에 앞서서,건강장수1,2026.02.24.,16
20215,자유게시판,뇌질환 치유 및 건강장수 시리즈1,건강장수1,2026.02.24.,28
20216,정보 공유,Kaist 연구딈의 암세포를 정상세포로 되돌리는 원천기술 개발,브레이크쓰루우,2026.02.24.,49
20217,위암,위암 환자 수술과  항암 1년 포함 3년 10개월의 투병기,브레이크쓰루우,2026.02.25.,75
20218,정보 공유,"영지, 상황, 동충하초등 버섯류 30% 수명연장(동물실험)",브레이크쓰루우,2026.02.25.,26
20219,정보 공유,개똥쑥의 암세포 사멸원리,브레이크쓰루우,2026.02.25.,184
20220,자유게시판,"천연항암물질 멜라토닌, 송과체 회복하기",빙그르르르르르르,2026.02.25.,99
20222,질문과 대답(QnA),이빨이 시릴때 구충제 머금다가 버리는 방법,천천히00,2026.02.25.,130
20224,자유게시판,뇌질환 치유 및 건강장수 시리즈 2,건강장수1,2026.02.25.,19
20225,자유게시판,뇌질환 치유 및 건강장수 시리즈3,건강장수1,2026.02.25.,52
20226,정보 공유,75세 이상의 노년에게 근육감소 방지하는 다섯가지 과일,브레이크쓰루우,2026.02.26.,100
20227,정보 공유,감귤류 항암효과 탁월,브레이크쓰루우,2026.02.26.,103
20228,정보 공유,암치료의 핵심 Key 비타민 B3,브레이크쓰루우,2026.02.26.,277
20229,자유게시판,뇌질환 치유 및 건강장수 시리즈4,건강장수1,2026.02.26.,18
20230,자유게시판,뇌질환 치유 및 건강장수 시리즈5,건강장수1,2026.02.26.,23
20231,자유게시판,거대 제약사의 구충제에 대한 진실은 ?,투게더투,2026.02.27.,100
20232,췌장암,종양속의 새균 ? - 암은세균이 일으키는 균들의 집합체인가 ?,투게더투,2026.02.27.,71
20233,정보 공유,캐나다 캘거리대학 뇌종양 교모세포종 임상1상결과 비타민 B3가 암치료에 성과 있다는 논문발표,브레이크쓰루우,2026.02.27.,62
20234,자유게시판,뇌질환 치유 및 건강장수 시리즈 6,건강장수1,2026.02.28.,17
20235,자유게시판,"각종암, 퇴행성뇌질환, 만성신부전 등 난치병 치유와 완치가 가능한 심신전체의 면역력 정상화 및 강화 위주의 치료법과 투병방법에 대한 최종결론과 실천방법에 대한  고찰 1회",건강장수1,2026.02.28.,25
20236,위암,제미니에 비타민 B3 의 암치료 효과와 특히 위암에 대해 구충제 병용에 대해  계속 물어봤더니,브레이크쓰루우,2026.02.28.,200
20237,질문과 대답(QnA),오존발생기,가재골,2026.02.28.,87
20238,정보 공유,들깻잎의 다양한 항암작용,브레이크쓰루우,2026.02.28.,88
20239,정보 공유,게오르기 딘코프와 토마스 세이프리드 초청 대담,브레이크쓰루우,2026.02.28.,82
20240,전립선암,(영국)전립선암에 획기적인 면역 치료법 초기임상 대 성공,브레이크쓰루우,2026.02.28.,65
20241,자유게시판,이분을 기억하시나요?,분홍앵초,2026.02.28.,203
20242,자유게시판,니클로사마이드 구합니다,llsskk,2026.02.28.,68
20243,정보 공유,"[해외소식] 제인 맥클랜드, 조티펜스, 크리스 님들이 한자리에 모였다는 사진 공개 - 너무 부럽습니다.",꿈많은사람2,2026.03.01.,106
20244,정보 공유,PUFA(다가 불포화지방산)이 암의 먹이,브레이크쓰루우,2026.03.01.,94
20245,정보 공유,[기본편] 필독! 유산균 또는 프로바이오틱스 바로 알기 - 송무호 부산동의의료원 의사 - 쉽게 정리되어 있어요.,꿈많은사람2,2026.03.01.,138
20246,자유게시판,꿈많은 사람님의 게시글 현직의사 견해에 대한 답글,건강장수1,2026.03.01.,104
20247,자유게시판,"각종암, 퇴행성뇌질환, 만성신부전 등 난치병 치유와 완치가 가능한 심신전체의 면역력 정상화 및 강화 위주의 치료법과 투병방법에 대한 최종결론과 실천방법에 대한  고찰 2회",건강장수1,2026.03.01.,41
20248,정보 공유,Randle cycle(랜들사이클) :포도당과 지방산 둘중의 하나만 먹는 대사과정,브레이크쓰루우,2026.03.01.,54
20249,암 호전사례 정보,"[해외호전사례] 미국 남성 ""남은 시간 2개월""… 절망을 뚫고 생존한 찰스 왓슨(가명)의 전립선암 4기 극복 - fenbendazole, DCA 페북 그룹",꿈많은사람2,2026.03.01.,230
20250,자유게시판,뇌와 장 그리고 건강장수,건강장수1,2026.03.02.,49
20251,정보 공유,멜라토닌은 암세포를 정상세포로 재 프로그래밍한다. 필히 보충해야 하는 이유,브레이크쓰루우,2026.03.02.,265
20252,정보 공유,"케이시와 마크린턴의 세포억제이론에 관한 토론 1,2부(구충제의 효과)",브레이크쓰루우,2026.03.02.,65
20253,정보 공유,초강력 항산화제 아스타잔틴을 발명해서 자신의 불치의 암을 치료한 생화학 엔지니어,브레이크쓰루우,2026.03.02.,153
20254,정보 공유,개인적결론:단식하면서 메벤다졸 복용하라.,천천히00,2026.03.02.,75
20255,정보 공유,과도한 항산화제 섭취는 암의 진행을 가속화 할수 있으니 조심해야 한다고? 특히 아스타잔틴?,브레이크쓰루우,2026.03.03.,210
20256,정보 공유,실내 맨발걷기 접지하는 방법(한의사설명),브레이크쓰루우,2026.03.03.,188
20257,정보 공유,위의 견해를 참고만 하세요.지방산이 암의 먹이다는 근거논문(AI와의 대화),천천히00,2026.03.03.,64
20258,질문과 대답(QnA),베트남당뇨인아이디아는분요?,럭키공주,2026.03.04.,65
20259,췌장암,TTX(복어독)사용 후기 1,이간장췌장,2026.03.04.,254
20260,자유게시판,'코알라의 고향'님 요즘 활동 안하시나요?,늘푸른행복나무,2026.03.06.,100
20261,정보 공유,개인소비목적의 전문의약품 수입규제의 법적근거가 있나?(세관통관시 진단서 요청근거있나?),천천히00,2026.03.06.,105
20262,자유게시판,서해 시한부 말기암 선장님 첫조업 정나눔,건강장수1,2026.03.06.,115
20263,정보 공유,[해외커뮤니티] Denise가 올린 질문에 800개 댓글이 달렸어요. Ivermectin and Cancer Discussion Group 이라는 페이스북 그룹,꿈많은사람2,2026.03.08.,248
20264,위암,암세포의 에너지원(당분 지방)과 위암의 경우에 대해 제미나이에게 물었더니,브레이크쓰루우,2026.03.08.,253
20266,정보 공유,비타민 B3 (니코틴산 아마이드) 복용량과 복용법,브레이크쓰루우,2026.03.09.,158
20267,정보 공유,미세먼지 많거나 비올때 집에서 춤이라도 춰서 운동합시다,브레이크쓰루우,2026.03.09.,66
20268,정보 공유,위해의약품지정되어 통관못하는 것은 과정이 좀 복잡합니다.,천천히00,2026.03.10.,59
20269,정보 공유,비타민 K2 메가도스 폭탄으로  암세포 3일만에 사멸,브레이크쓰루우,2026.03.11.,262
20270,정보 공유,비타민 k2 암세포 사멸 기전과 용량에 대한 제미나이의 답변,브레이크쓰루우,2026.03.11.,116
20272,정보 공유,비타민 k2 45mg  쿠평 에서 신속 구매가능,브레이크쓰루우,2026.03.12.,88
20273,정보 공유,새우젓(추젓만)에도 항암효능이?,브레이크쓰루우,2026.03.12.,89
20274,정보 공유,[마크 린턴] 너무 부럽습니다. 멋진 사진 한장 보셔요. 이들은 모여서 긍정의 에너지를 더 높이고 있어요. 우리는?,꿈많은사람2,2026.03.12.,99
20275,가입 인사,"안녕하세요, 가입 인사 드리며 , 고민도 올려봅니다. (육종암 재발 부위 크게 절제 수술 고민)",건강한 햇살,2026.03.13.,98
20276,암 호전사례 정보,"[해외호전사례] 미국 여성 Trina (약 60대후반) 위암 말기 2023년 2월, 지금은 관해 cancer free for 3 years - 조티펜스 복용법",꿈많은사람2,2026.03.13.,155
20277,정보 공유,연근의 항암효능과 작용기전,브레이크쓰루우,2026.03.14.,80
20278,정보 공유,전세계 1% 완전치유의 비밀.20년 추적기,브레이크쓰루우,2026.03.14.,125
20279,자유게시판,오랫만에 글쓰네요!,핔크리,2026.03.15.,38
20280,자유게시판,특이한 기사: CIA가 수년간 숨겨왔던 잠재적 암 치료 약물에 대한 새로운 특허가 공개되면서 분노가 거세지고 있다.,늘푸른행복나무,2026.03.15.,124
20281,정보 공유,대변에 따른 위험신호,브레이크쓰루우,2026.03.15.,73
20282,정보 공유,[해외속보] 캐나다 윌리암 마키스 William Makis 실체 폭로 - 고용량 펜벤다졸 페북 그룹의 Zahrah Sita의 게시글,꿈많은사람2,2026.03.15.,233
20283,자유게시판,장내 유익균 관리법 면역력!,빙그르르르르르르,2026.03.15.,70
20284,자유게시판,구충제 -> 운모 -> 개똥쑥,빙그르르르르르르,2026.03.15.,184
20285,자유게시판,AI전문가가 반려견의 암치료를 위해 AI활용,매일조금씩,2026.03.15.,35
20286,자유게시판,좋은 물 1탄 규소편,빙그르르르르르르,2026.03.15.,45
20287,정보 공유,[해외논문] 대장암에서 진균과 박테리아 관계와 상호 작용 - 2개 논문들 - 실천적 방안들도 있어요.,꿈많은사람2,2026.03.15.,109
20288,가입 인사,안녕하세요 동생이 뇌종양이라 제가 도와주려해요,또로링,2026.03.16.,177
20289,정보 공유,작가가 바라 보는 암의 원인과 치료법,브레이크쓰루우,2026.03.16.,129
20290,정보 공유,구충제 가격정보(인도) 입니다.,천천히00,2026.03.17.,236
20292,자유게시판,참담한 현대의학의 암치료법 현실,건강장수1,2026.03.17.,84
20293,정보 공유,개똥쑥(아르테수네이트) 장복시 빈혈주의,브레이크쓰루우,2026.03.18.,135
20294,자유게시판,재발 걱정 때문에 이뮤코텔 알아보고 있어요,봄도라지차,2026.03.18.,305
20295,자유게시판,좋은 물 2탄 수소수,빙그르르르르르르,2026.03.18.,63
20296,자유게시판,수소수와 항암제 생각,낙우,2026.03.18.,112
20297,기타 자가임상 후기,암세포에 3일간 비타민 K2 폭탄 투입,브레이크쓰루우,2026.03.18.,179
20298,자유게시판,공유합니다,또또리,2026.03.19.,84
20299,정보 공유,[실전편] 똑같은 용량을 경구 복용시 사람마다 다르게 나타나는 이유 - 해외 논문 보다가 급하게 올림,꿈많은사람2,2026.03.19.,130
20300,정보 공유,1시간46분짜리 한글더빙 wim hof 인터뷰입니다.,천천히00,2026.03.20.,74
20302,정보 공유,암 보충제의 90%가 효과 없는 이유와 환자들의 올바른 행동지침,브레이크쓰루우,2026.03.20.,122
20303,정보 공유,"[축하] 똥진이 회원님께서 책을 출판했어요 - 음파음파 생존법- 통증에 갇힌 사람들을 구출하는, 최초의 생존 지침서 - 예스 24에서 실시간 1위를 꿈꿔봅니다.",꿈많은사람2,2026.03.20.,121
20304,자유게시판,방사능 오염물질 제거에 특효인 천연식초,건강장수1,2026.03.21.,69
20305,정보 공유,항산화제가 종양전이 촉진 가능성 있다?,브레이크쓰루우,2026.03.21.,126
20306,정보 공유,"아스타잔틴 ,간암에 효과",브레이크쓰루우,2026.03.21.,112
20307,정보 공유,두얼굴의 물질 활성산소,브레이크쓰루우,2026.03.22.,148
20309,질문과 대답(QnA),유방암 메벤 단독투여시 용량 얼마 정도면 좋을까요?,베라ad첼룸,2026.03.23.,86
20310,정보 공유,유로리틴A (석류에 있는 물질)라는것도 있네요,브레이크쓰루우,2026.03.23.,32
20311,정보 공유,"[공유] 자연치유노력의 주요목적인 ""인슐린저항성 개선, 대사의 정상화""라는 측면에서 이를 돕는 가장 효과적인 보조요법들과 그 조합에 대하여...",브레이크쓰루우,2026.03.23.,58
20312,전립선암,긴여행의 마무리. 아버지의 별세,건강희망,2026.03.23.,238
20313,정보 공유,이버멕틴의 암세포 사멸 대사 기전,브레이크쓰루우,2026.03.24.,214
20314,자유게시판,* 암 이야기- 본인 암 철학인 통합의학적 암치료 개요,생명력,2026.03.24.,73
20315,설금홍,"시메티딘, 데스로라티딘, 로라티딘과 같은 항히스타민제가 암 치료에 어떤 역할을 할까?",설금홍,2026.03.24.,113
20316,가입 인사,안녕하세요.,향남초코보,2026.03.24.,67
20318,정보 공유,췌장암 4기 환자 종양 사라졌다… 외면받던 치료법이 희망된 까닭,브레이크쓰루우,2026.03.25.,233
20319,자유게시판,야채스프 - 폐암 말기를 이겨낸 신사분의 레시피,빙그르르르르르르,2026.03.26.,150
20320,전립선암,"지아이 이노베이션, 존슨앤존슨과 면역항암제 병용요법 개발위한 임상협력",브레이크쓰루우,2026.03.26.,45
20321,자유게시판,"이규황 한의사 래방,암등 난치병 식견 나눔",건강장수1,2026.03.26.,63
20322,정보 공유,(6박스20달러:배송비) 어제 주문넣은 구충제목록과 가격입니다.,천천히00,2026.03.27.,236
20323,정보 공유,"노화의 원인은 염증증가로 밝혀져,염증수치 체크와 감소시킬 방법 강구할 필요",브레이크쓰루우,2026.03.29.,99
20324,정보 공유,소화기 암에 AI 접목하여 판단 정확도 높인 강남세브란스,브레이크쓰루우,2026.03.29.,22
20326,자유게시판,현직의사로 재직시 잘 하시지 현직 은퇴후 양심고백...,건강장수1,2026.03.29.,140
20327,정보 공유,브로콜리 새싹에 들어 있는 설포라판의 암세포 살상능력과 가정재배하기,브레이크쓰루우,2026.03.29.,195
20328,정보 공유,[이론편] 용도변경된 약들 활용한 환자 중심형 암 임상시험 백서 - 사례연구 - 건강희망님 - 전립선암,꿈많은사람2,2026.03.29.,119
20329,자유게시판,암과 체중감소,낙우,2026.03.29.,135
20331,자유게시판,유료나눔 합니다,Wayout,2026.03.30.,195
20332,가입 인사,안녕하세요,운수 좋은 인생,2026.03.30.,68
20333,자유게시판,"에센셜오일 항암, 항염, 구충, 항진균까지",빙그르르르르르르,2026.03.31.,106
20334,위암,위 CT 판독결과 (제미나이 해석),브레이크쓰루우,2026.03.31.,79
20335,자유게시판,미세 플라스틱 해독법,빙그르르르르르르,2026.03.31.,78
20336,정보 공유,"[공유] ""약이 있는 것만으론 부족하다"" - 환자가 주도하는 약물 재창출의 미래, IDR26 컨퍼런스 소개 - 부럽다",꿈많은사람2,2026.03.31.,59
20337,정보 공유,[해외사이트] cancerpatientlab에서 소개된 https://opencancer.ai/  환자와 보호자가 복잡한 투병 과정을 더 쉽게 헤쳐 나갈 수 있도록 돕는 인공지능 기반 도구를 제공,꿈많은사람2,2026.04.01.,65
20338,정보 공유,이버멕틴의 항암치료 용량,세꼬시,2026.04.01.,259
20339,정보 공유,"지씨셀,차세대 CAR-NK 특허 출원",브레이크쓰루우,2026.04.01.,50
20340,정보 공유,"염증이 노화를 가속,오메가3 지방산이 염증제거 효과",브레이크쓰루우,2026.04.02.,89
20341,가입 인사,안녕하세요,봄날햇살같은,2026.04.02.,83
20342,자유게시판,유방암말기 개똥쑥 완치사례,빙그르르르르르르,2026.04.02.,179
20343,가입 인사,안녕하세요. 분홍앵초입니다.,앵초이모,2026.04.03.,187
20344,자유게시판,김자영 원장의 산성환경 설명,낙우,2026.04.03.,85
20345,자유게시판,췌장암 간전이 운모+열치료+항암제 사례,빙그르르르르르르,2026.04.03.,440
20346,정보 공유,짧은 고강도 운동이 암 사망율 대폭 낮춰(운동종양학),브레이크쓰루우,2026.04.04.,86
20347,정보 공유,항산화제의 산화 방지를 하려면 환원 역할을 하는 비타민C 가 필수다?(이왕재 박사),브레이크쓰루우,2026.04.05.,120
20348,자유게시판,"침, 뜸 항암효과 그리고 인체와 전기",빙그르르르르르르,2026.04.06.,93
20349,자유게시판,"암,퇴행성뇌질환,사경,투석 신부전 등 난치병 환우분들의 통증에 대한 대응방안",건강장수1,2026.04.06.,29
20350,가입 인사,"편도암 환자 김일영, 인사올립니다.",오하나2,2026.04.06.,64
20351,정보 공유,[초안] 항암 약리학 교과서 v1.1 - 암 환자와 보호자를 위한 약리학 자가학습 교과서 (가칭),꿈많은사람2,2026.04.06.,77
20352,자유게시판,"뇌암, 치매, 파킨슨 뇌질환 해결법",빙그르르르르르르,2026.04.06.,155
20354,자유게시판,공부는 이제 시작.....,운수 좋은 인생,2026.04.07.,72
20355,암 호전사례 정보,암 호전사례,봄날햇살같은,2026.04.07.,131
20356,자유게시판,이버멕틴 국립암센터 2024 특허 각 암종별 억제율,빙그르르르르르르,2026.04.08.,173
20357,암 호전사례 정보,nac 효능,봄날햇살같은,2026.04.08.,80
20358,자유게시판,강원도 정선군 달뜬골 청정자연 해발700 야생 서리태 메주 장담금,건강장수1,2026.04.08.,21
20359,자유게시판,당뇨,승이엄마,2026.04.08.,27
20360,정보 공유,[해외논문] 암 환자에서 이버멕틴과 메벤다졸의 실제 임상 결과: 전향적 관찰 코호트 연구 결과 - 2026년 4월 7일 발행 | 버전 v1,꿈많은사람2,2026.04.08.,191
20361,기생충정보,"해외논문] 구충제로 암 치료? 84%가 효과 봤다는 연구, 솔직히 믿어도 될까요?",지구별 여행자,2026.04.08.,130
20362,자유게시판,구충제카페에 개똥쑥 할인 혜택,빙그르르르르르르,2026.04.09.,126
20363,자유게시판,개똥쑥 33탄,빙그르르르르르르,2026.04.09.,113
20364,자유게시판,수면제 100배 효과 라는데..,봄날햇살같은,2026.04.09.,166
20365,가입 인사,가입인사,분홍앵초,2026.04.09.,95
20366,자유게시판,꽃 소식을 자주 전해주시던 bearskin2님 건강하신가요?,늘푸른행복나무,2026.04.09.,43
20367,신장암,신장암 0기 항암치료,자기수용,2026.04.09.,52
20368,정보 공유,"한방병원 종양내과 의사의 쑥,인진쑥,개똥쑥 설명",브레이크쓰루우,2026.04.09.,64
20369,자유게시판,암의 원인 무선전자파 순지트 1탄,빙그르르르르르르,2026.04.10.,55
20370,자유게시판,암을 치료하는 돌가루 운모,빙그르르르르르르,2026.04.10.,183
20371,가입 인사,안녕하세요,수원짜장이,2026.04.10.,34
20372,질문과 대답(QnA),제발 도움 부탁드립니다 ㅠㅠ,바닐라벤더,2026.04.10.,265
20373,자유게시판,개똥쑥환 15알과 이버맥틴,빙그르르르르르르,2026.04.10.,135
20374,자유게시판,개똥쑥 프로토콜 비타민C와 철분 영양제,빙그르르르르르르,2026.04.10.,108
20375,정보 공유,[조티펜스영상] 역시나 이번에도 2026년 상반기 Q&A를 직접 진행하셨습니다. 4월9일자 영상을 빠르게 올려드려요.,꿈많은사람2,2026.04.10.,95
20376,자유게시판,"솔잎 항암, 구충 연구논문 그리고 금강 소나무",빙그르르르르르르,2026.04.11.,62
20377,정보 공유,흔히 접할 수 있는 영양소가 암 치료 효과를 극대화할 수 있다,브레이크쓰루우,2026.04.11.,89
20378,질문과 대답(QnA),이버멕틴 복용,봄날햇살같은,2026.04.11.,139
20379,자유게시판,표고버섯의 관점과 기준에 따른 약성과 성분,건강장수1,2026.04.11.,56
20380,정보 공유,운모에 관한 한의서에 나온내용,브레이크쓰루우,2026.04.11.,103
20381,정보 공유,약인줄알고 먹었더니 독을 먹는다?,브레이크쓰루우,2026.04.11.,158
20382,자유게시판,베어스킨님께서 바쁘셔서 우리집 꽃을  올려봅니다,분홍앵초,2026.04.11.,88
20383,자유게시판,오늘도 힘든하루 한번 크게 웃어보고 주무세요.,rabbitskin2,2026.04.11.,43
20384,자유게시판,충주 3월의 정원,rabbitskin2,2026.04.11.,52
20385,질문과 대답(QnA),교모세포종 가족 계신가요,라이드,2026.04.12.,94
20386,자유게시판,이버멕틴과 개똥쑥 (타 까페 6년 전에 올린 글),낙우,2026.04.12.,199
20387,자유게시판,무료 뜸자리 잡기 행사를 진행하려합니다.,빙그르르르르르르,2026.04.12.,71
20388,자유게시판,무료 뜸자리 행사 모집 단톡방,빙그르르르르르르,2026.04.13.,68
20389,자유게시판,췌장암 환자 복막전이... 아로마오일 마사지 (빙그르르님 감사합니다.),울엄마딸,2026.04.13.,116
20391,자유게시판,유산균 영양제 주의,빙그르르르르르르,2026.04.14.,85
20392,질문과 대답(QnA),종양수치 증가,봄날햇살같은,2026.04.14.,100
20394,가입 인사,안녕하세요,하얀독수리,2026.04.14.,37
20395,자유게시판,내일 이 제 칠순 입니다ㅡㅎ,양준,2026.04.14.,79
20396,정보 공유,"[공유] GC지놈, 산전·암 진단 투트랙으로 글로벌 공략…연평균 14% 성장",브레이크쓰루우,2026.04.15.,29
20397,정보 공유,마늘한쪽항문에넣고30분후 기생충쏟아진다는 틱톡의사..,천천히00,2026.04.15.,141
20398,정보 공유,(공유) 암 이야기- 4기라도 실망하지 마라~,생명력,2026.04.15.,93
20399,자유게시판,개똥쑥 프로토콜 Upgrade ver 0.333,빙그르르르르르르,2026.04.15.,126
20400,자유게시판,카테고리2에서 해제한 의약품 12개,신풍,2026.04.16.,123
20401,자유게시판,각종암 및 퇴행성뇌질환 등 난치병 투병방식,건강장수1,2026.04.17.,56
20402,자유게시판,축하합니다! 가지3단계로 상승했습니다,분홍앵초,2026.04.17.,71
20403,가입 인사,안녕하세요.,꾸꾸00,2026.04.17.,19
20404,벤지미다졸정보나누기,메벤다졸 유료나눔,봄날햇살같은,2026.04.17.,42
20406,정보 공유,닥터 캠벨)이버멕틴과 메벤다졸 병용 실사용 임상결과,브레이크쓰루우,2026.04.17.,89
20407,자유게시판,백신으로 인한 터보암 무섭네요.  ㅠㅠ,봄날햇살같은,2026.04.17.,94
20408,정보 공유,[공유] 매트릭스(세포외기질) 관점에서 바라보는 암을 비롯한 현대병의 원인과 자연치유노력이 필수인 이유! 1.,브레이크쓰루우,2026.04.17.,36
20409,정보 공유,암치료 성공과 실패의 차이는 딱 2가지,브레이크쓰루우,2026.04.17.,121
20410,기타 자가임상 후기,갑상선 결절(악성의심) 구충제 요법 시도 중,베라ad첼룸,2026.04.18.,114
20411,자유게시판,한약과 양약 무엇을 선택할것인가?,빙그르르르르르르,2026.04.18.,63
20412,자유게시판,콩이 췌장암을 만든다.,빙그르르르르르르,2026.04.18.,137
20413,정보 공유,개똥쑥 항암효과 국내 연구 논문,브레이크쓰루우,2026.04.18.,88
20414,자유게시판,말기암 투병,건강장수1,2026.04.18.,89
20415,자유게시판,빙그르르님께서 또 다녀가셨습니다. 직구뜸과 아로마오일 마사지,울엄마딸,2026.04.18.,79
20416,정보 공유,암치료의 새 기법-William Makis 와 정분자 의학,세꼬시,2026.04.19.,89
20417,정보 공유,월간암의 개똥쑥기사,브레이크쓰루우,2026.04.19.,106
20418,자유게시판,미국이 좀더 환자중심으로 바뀌는것 같습니다.,신풍,2026.04.19.,90
20419,자유게시판,우리의학 지키고 내 건강 지키고 대한민국 지키자🇰🇷,빙그르르르르르르,2026.04.19.,44
20420,자유게시판,🍀개똥쑥 vs 구충제  아하 이거였구나?💡,빙그르르르르르르,2026.04.19.,137
20421,질문과 대답(QnA),구충제복용 시간차두어야 하나요,봄날햇살같은,2026.04.20.,94
20422,정보 공유,하루 한번 먹는 획기적인 암치료제 등장예정 2026년중,브레이크쓰루우,2026.04.20.,133
20423,정보 공유,기력없는 환우들이 집안에서 할수 있는 각종 근력운동,브레이크쓰루우,2026.04.20.,76
20424,자유게시판,간흡충 수백마리 배출후기,빙그르르르르르르,2026.04.20.,127
20425,자유게시판,파킨슨 어머님 개똥쑥 후기,빙그르르르르르르,2026.04.21.,83
20426,자유게시판,1m 기생충 배출 후기 상크스님,빙그르르르르르르,2026.04.21.,61
20427,자유게시판,간질충 배출후기 - 구충카페 티파니님,빙그르르르르르르,2026.04.21.,57
20428,자유게시판,무료 뜸자리 잡기 ★ 5월 16일 토요일,빙그르르르르르르,2026.04.21.,64
20429,자유게시판,곰팡이 백신 해독 슈퍼 박테리아 청소법,빙그르르르르르르,2026.04.21.,101
20430,자유게시판,항노화 체험단 모집,빙그르르르르르르,2026.04.21.,62
20431,자유게시판,정선군 여량면 달뜬골 청정자연 해발700 첫 참두릅,건강장수1,2026.04.21.,34
20432,자유게시판,백회에 뜸뜨는 방법 문의드립니다.,천천히00,2026.04.22.,19
20433,위암,4기 위암도 완치가능하다는 병원에서의 치료방식은?,브레이크쓰루우,2026.04.22.,166
20434,질문과 대답(QnA),위가 안좋은것같은데,봄날햇살같은,2026.04.22.,81
20435,질문과 대답(QnA),"스타틴, 메트포르민, 아스피린, 아지트로마이신",위기,2026.04.22.,103
20436,자유게시판,강원도 정선군 여량면 달뜬골 산행과 건강한 먹거리 베품,건강장수1,2026.04.22.,29
20437,자유게시판,나는이겨낸다님 감사한 후기,빙그르르르르르르,2026.04.22.,101
20438,가입 인사,안녕하세요,바흐,2026.04.23.,20
20439,질문과 대답(QnA),조직검사하려던 곳을 취소하고 다른병원에서 했는데...다시 취소한 병원 가도 되려나요?,바흐,2026.04.23.,47
20440,정보 공유,세계 유명 제약사 Car-T 치료제 개발에 수십조 투자,브레이크쓰루우,2026.04.23.,27
20441,자유게시판,치매 재산 관리 부모님 지킵시다,빙그르르르르르르,2026.04.23.,59
20442,자유게시판,1년만에 피검사,빙그르르르르르르,2026.04.23.,89
20443,자유게시판,코로나 백신 접종후 무서운 부작용,봄날햇살같은,2026.04.23.,91
20444,질문과 대답(QnA),니클로 사마이드,위기,2026.04.23.,94
20445,자유게시판,도와 주세요.  클릭좀 부탁드려요,분홍앵초,2026.04.23.,128
20446,자유게시판,하이드록시클로로퀸과 메벤다졸의 효능,낙우,2026.04.23.,128
20447,자유게시판,전신뼈와 간전이 등 시한부선고 췌장암 환우분의 건강식사,건강장수1,2026.04.23.,86
20448,자유게시판,고용량 비타민C 정맥주사와 개똥쑥,빙그르르르르르르,2026.04.24.,114
20449,자유게시판,미국의 제약업체가 정상으로 돌아가고 있는듯 합니다.. 기적의 약들도 쉽게 판매될 것 같습니다.,신풍,2026.04.24.,151
20450,자유게시판,‼️ 영양제 제약회사가 얼마나 뱀 같은지 🐍,빙그르르르르르르,2026.04.24.,116
20451,정보 공유,멜라토닌 보나 낫다는 수면유도 식물,브레이크쓰루우,2026.04.24.,149
20452,가입 인사,안녕하세요,둥치,2026.04.24.,38
20453,정보 공유,50일짜리 구충항암_프로토콜 문서(본인동의후 올립니다),천천히00,2026.04.25.,330
20454,자유게시판,멜라토닌 유료나눔 신청,봄날햇살같은,2026.04.26.,94
20455,자유게시판,유료나눔 신청,봄날햇살같은,2026.04.27.,55
20456,자유게시판,요즘 AI 가 사람을 헷갈리게 하네요 엉터리가 사람잡네요,분홍앵초,2026.04.27.,87
20457,자유게시판,요즘 우리집 옥상에 말벌이 집을 짓어요,분홍앵초,2026.04.27.,81
20458,질문과 대답(QnA),통관검사후 일반수입신고하라는데,봄날햇살같은,2026.04.27.,134
20459,정보 공유,유명 프로그램 지미도어 쇼에서 코로나백신 암유발과 cia 항기생충제가 암치료제임을 50년간 감추었다 폭로,브레이크쓰루우,2026.04.28.,126
20460,질문과 대답(QnA),안녕하세요 폐암말기 환우 인지력저하 도와주세요,건강기원함,2026.04.28.,117
20461,정보 공유,"트럼프, 발암물질인 제초제 사용권고와 제조기업에  면책특권부여하는 행정명령에 반발시위 확산",브레이크쓰루우,2026.04.29.,43
20462,자유게시판,"중국산 매실, 수크랄로스, 아세설팜 칼륨  암과  마이크로바이옴",빙그르르르르르르,2026.04.29.,36
20463,자유게시판,운모 한의원 안내,빙그르르르르르르,2026.04.29.,100
20465,질문과 대답(QnA),트리클라벤다졸은 뭘까요?,베라ad첼룸,2026.04.29.,64
20466,정보 공유,암세포의  페롭토시스를 일으키는 개똥쑥과 그외 다른 천연물질들,브레이크쓰루우,2026.04.30.,156
20467,정보 공유,식품의약품안전처는 큐로셀(372320)이 개발한 CAR-T 치료제 ‘림카토주’를 29일 허가했다,브레이크쓰루우,2026.04.30.,52
20468,자유게시판,각종암 및 뇌질환등 다양한 난치병 완치,건강장수1,2026.04.30.,98
20469,자유게시판,개똥쑥 (아르테미시닌)과 클로로퀸,낙우,2026.05.01.,170
20470,정보 공유,페롭토시스에서 불포화지방산 대사의 중요성(한국 생명공학 연구원 논문),브레이크쓰루우,2026.05.02.,36
20471,자유게시판,"CBD 오일의 역할이 ""혈관 이완 → 혈행 개선 → 약물/면역세포 전달 향상""이라면, 타다라필로 대체 가능한가?(ai답변)",천천히00,2026.05.02.,49
20472,자유게시판,기생충 + 중금속 + 미네랄보충,빙그르르르르르르,2026.05.02.,37
20473,자유게시판,"암의 원인 균감염 ""요오드""",빙그르르르르르르,2026.05.02.,96
20474,정보 공유,맨발걷기 어싱으로 2개월만에 말기 전립선 암을 고친 박교수의 올바른 접지법,브레이크쓰루우,2026.05.03.,126
20475,자유게시판,요오드 적용 용량,빙그르르르르르르,2026.05.03.,51
20477,자유게시판,"구매처 모음 - 개똥쑥, 요오드, 운모",빙그르르르르르르,2026.05.03.,102
20478,자유게시판,어제 Ct 검사 폐우상엽 3.8센치종괴 소견,해피키티,2026.05.03.,123
20479,정보 공유,[특별기고] 현재 쓰고 있는 인공지능 도구들은 또 다른 구글 검색이 아닙니다. 용도변경된 약들과 인공지능 도구들은 우리들에게 어떤 의미인가?,꿈많은사람2,2026.05.03.,75
20480,정보 공유,불치병을 이겨내는 새로운 패러다임 건강법(한의사 김영길),브레이크쓰루우,2026.05.03.,91
20481,자유게시판,브로콜리 새싹 재배 결과,브레이크쓰루우,2026.05.04.,55
20482,자유게시판,개똥쑥이 치료약,빙그르르르르르르,2026.05.04.,126
20483,정보 공유,"퓨쳐켐, 전립선암 진단 방사성의약품 ‘프로스타뷰주사액’ 허가…국산 신약 43호",브레이크쓰루우,2026.05.04.,32
20484,자유게시판,☕️ 해독차 누룽지 화타식숭늉 보리차,빙그르르르르르르,2026.05.04.,78
20485,자유게시판,🌪️ 터보암,빙그르르르르르르,2026.05.05.,43
20486,자유게시판,"[공유] 생존기간 연장, 생존율 상승이 정말 의미가 있을까",건강장수1,2026.05.05.,49
20487,자유게시판,가다실 주사 ㅂ신 작업,빙그르르르르르르,2026.05.05.,67
20488,자유게시판,여러분들의 지혜를 간절히 구합니다.,해피키티,2026.05.05.,62
20489,자유게시판,유료나눔 원합니다.,해피키티,2026.05.05.,39
20490,자유게시판,"긴급 유료 나눔 바랍니다. (날트렌손 4mg, 메트포민 1000mg, 멜라토닌 60mg)",happynorthtiger,2026.05.05.,68
20491,자유게시판,피부암 제거 외국사례 미르오일(Myrrh),빙그르르르르르르,2026.05.06.,44
20492,자유게시판,목초액 - 이미완치님의 유방암 사용 후기,빙그르르르르르르,2026.05.06.,73
20493,자유게시판,* 암 이야기- 어떤 암 치료법을 택할때 참고할 3가지~,생명력,2026.05.06.,57
20494,구매정보게시판(물건배송확인후),독시사이클린 구매원해요,로즈자스민,2026.05.06.,46
20495,자유게시판,철 스트레스를 이용한 첨단 항암연구 동향,낙우,2026.05.06.,47
20496,정보 공유,마늘 섭취법(매운자극 없애고 많이 먹는법),브레이크쓰루우,2026.05.07.,59
20497,자유게시판,친한 동생이 림프종 말기입니다,강무지,2026.05.07.,139
20498,자유게시판,"폐암환자     루테인 , 빌베리건조엑기스 복용  괜찮은가요?",해피키티,2026.05.07.,68
20499,자유게시판,해외 유방암 완치사례 꿈많은사람2님,빙그르르르르르르,2026.05.08.,145
20500,정보 공유,"(닥터캠벨)크루즈선 한타 바이러스 ,팬데믹 가능성 극히 낮아",브레이크쓰루우,2026.05.09.,43
20501,가입 인사,안녕하세요,선셋,2026.05.09.,17
20502,정보 공유,구충제 복용법 - 의사가 올린 유투브,선셋,2026.05.09.,76
20503,자유게시판,칸디다 제거 에센셜오일,빙그르르르르르르,2026.05.09.,65
20504,자유게시판,암환자 필수운동 척추 살리는 법 2탄  발,태비쌤333,2026.05.09.,77
20505,정보 공유,매일 밤 피부에 오일 바르면 어떤효과?,브레이크쓰루우,2026.05.09.,83
20506,자유게시판,꽃 키우기 정말 힘들어요,분홍앵초,2026.05.09.,59
20507,자유게시판,각종 꽃 감상,브레이크쓰루우,2026.05.09.,32
20508,자유게시판,긴급 구충 프로토콜 시행 중 입니다. 많은 조언 바랍니다.,해피키티,2026.05.09.,108
20509,자유게시판,수정본 다시 올립니다. 고수님들 많은 조언 바랍니다.,해피키티,2026.05.10.,172
20512,자유게시판,장미를 키우는 재미,분홍앵초,2026.05.11.,53
20513,자유게시판,프로토콜을 중단합니다.,해피키티,2026.05.12.,160
20514,가입 인사,안녕하세요,피오레버,2026.05.12.,29
20515,자유게시판,청정자연 성장환경에서 야생 자연산으로 성장한 건강한 먹거리 섭생하여야만 유익합니다.,건강장수1,2026.05.13.,22
20516,자유게시판,민들레 뿌리와 레몬그라스,하얀독수리,2026.05.13.,55
20517,자유게시판,잠시만 중단이구요.,해피키티,2026.05.13.,71
20518,정보 공유,[6년간의 흔적들] 그동안 올린 게시글들을 3개의 페르소나들로 나눠서 정리(분류)했어요 - (917개글들 중에서),꿈많은사람2,2026.05.13.,146
20519,정보 공유,"[실전편] 설금홍님 전체글 활용법 3탄 그리고 671개 글들도 3개의 페르소나들로 나눠서 아카이브 해봤어요 (제목들만), 이번것 확실히 대박임!",꿈많은사람2,2026.05.14.,83
20520,질문과 대답(QnA),항암 그만해야 할까요?,봄날햇살같은,2026.05.14.,80
20521,자유게시판,산행 수확의 베품과 말기암 환우분 래방,건강장수1,2026.05.14.,36
20522,자유게시판,고랭지 고추가루 할인판매 합니다.,산하,2026.05.14.,24
20523,자유게시판,이버맥틴 vs 에센셜오일 vs 메트로니다졸 승자는?,태비쌤333,2026.05.15.,44
20524,정보 공유,[실전편] 용도변경된 약들의 항암 가능성 -약리학·약동학으로 이해하는 5단계 - 설금홍님 글 정리 - 초보자는 필독 💥🥕⭕,꿈많은사람2,2026.05.15.,49
20525,가입 인사,안녕하세요,기쁨,2026.05.15.,15
20526,자유게시판,카페 게시글에 대한 효율적인 제안,건강장수1,2026.05.15.,38
20527,자유게시판,현대의학의 항암제 가성비 및 현실적 단편들,건강장수1,2026.05.15.,36
20528,가입 인사,안녕하세요 가입 인사드립니다,아이캔두잇,2026.05.16.,9
20529,자유게시판,"파라캅이 좀 남았는데, 유료나눔 올려도 되나요???",베라ad첼룸,2026.05.16.,23
20530,자유게시판,애는 뭘까요?,분홍앵초,2026.05.16.,28
20531,자유게시판,과잉검사의 부작용과 의료현실,건강장수1,2026.05.16.,18
20532,암 호전사례 정보,말기암 진단 후 민들레즙 복용후 10개월 만에 완치된 60대男…(미국),브레이크쓰루우,2026.05.16.,58
20533,정보 공유,"[기록목적] 검색하던 커뮤니티에서, 생각하는 커뮤니티로 - 환자주도형 암 임상시험 커뮤니티의 패러다임 전환 선언",꿈많은사람2,2026.05.16.,30
